DEBUG: init_ggml starting, device=NULL
DEBUG: ggml_backend_load_all done
DEBUG: backend init done, backend=0x600df68118d0
DEBUG: backend init done, backend=0x600df68118d0
DEBUG: backend is not null
DEBUG: ggml_backend_get_device done, dev=0x600df68100b0
DEBUG: ggml_backend_dev_backend_reg done, reg=0x74ea1a3934c0
DEBUG: ggml_backend_reg_get_proc_address done, set_n_threads=(nil)
DEBUG: dev_type check
DEBUG: dev_type is not CPU, initializing CPU backend
DEBUG: backend_cpu init done, backend_cpu=0x600df60d7f90
DEBUG: device_memory_free start
DEBUG: device_memory_free done, memory_free=64884834304
DEBUG: calling ggml_backend_dev_name
DEBUG: ggml_backend_dev_name returned pointer=0x600df67c39f8
using device: "CUDA0"
DEBUG: init_ggml returned successfully, free memory: 61879 MiB
DEBUG: memory limits defined
DEBUG: memory check done, context=256
DEBUG: input file check done
DEBUG: model_path is abs or rel: ../../models/qat_heavy_int2_dir/
found model path: ../../models/qat_heavy_int2_dir/
DEBUG: config_filepath = ../../models/qat_heavy_int2_dir/personaplex-config.json
DEBUG: reading config from ../../models/qat_heavy_int2_dir/personaplex-config.json
DEBUG: config loaded successfully
DEBUG: checking moshi file: ../../models/qat_heavy_int2_dir/qat_heavy_int2.gguf
DEBUG: moshi file exists
DEBUG: checking mimi file: ../../models/qat_heavy_int2_dir/../moshi-common/mimi-e351c8d8-125.gguf
DEBUG: mimi file path verified: ../../models/qat_heavy_int2_dir/../moshi-common/mimi-e351c8d8-125.gguf
DEBUG: tokenizer file path verified: ../../models/qat_heavy_int2_dir/../moshi-common/tokenizer_spm_32k_3.model
DEBUG: seed set, seed=1783708826
DEBUG: calling moshi_alloc
DEBUG: moshi_alloc starting
DEBUG: dev_cpu=0x74ea48b7b060
DEBUG: dev_cpu type check passed
DEBUG: allocating scratch_cpu
DEBUG: allocating scratch
DEBUG: moshi_alloc ending
DEBUG: moshi_alloc returned=0x600df74aa080
loading...
DEBUG: moshi_lm_from_files starting, filepath=../../models/qat_heavy_int2_dir/qat_heavy_int2.gguf
DEBUG: loading gguf weights
DEBUG: weights loaded successfully
DEBUG: calling moshi_lmmodel_alloc_default
DEBUG: moshi_lmmodel_alloc_default returned successfully
DEBUG: moshi_lm_from_files ending
DEBUG: calling moshi_lm_generator
DEBUG: moshi_lm_generator returned successfully
DEBUG: calling tokenizer_alloc
DEBUG: tokenizer_alloc returned successfully
DEBUG: calling mimi_alloc
DEBUG: get_tensor(upsample_convtr_convtr_convtr_bias) -> NULL (original requested name: mimi.upsample.convtr.convtr.convtr.bias)
DEBUG: get_tensor(decoder_transformer_transformer_layers_0_linear1_bias) -> NULL (original requested name: mimi.decoder_transformer.transformer.layers.0.linear1.bias)
DEBUG: get_tensor(decoder_transformer_transformer_layers_0_linear2_bias) -> NULL (original requested name: mimi.decoder_transformer.transformer.layers.0.linear2.bias)
DEBUG: get_tensor(decoder_transformer_transformer_layers_1_linear1_bias) -> NULL (original requested name: mimi.decoder_transformer.transformer.layers.1.linear1.bias)
DEBUG: get_tensor(decoder_transformer_transformer_layers_1_linear2_bias) -> NULL (original requested name: mimi.decoder_transformer.transformer.layers.1.linear2.bias)
DEBUG: get_tensor(decoder_transformer_transformer_layers_2_linear1_bias) -> NULL (original requested name: mimi.decoder_transformer.transformer.layers.2.linear1.bias)
DEBUG: get_tensor(decoder_transformer_transformer_layers_2_linear2_bias) -> NULL (original requested name: mimi.decoder_transformer.transformer.layers.2.linear2.bias)
DEBUG: get_tensor(decoder_transformer_transformer_layers_3_linear1_bias) -> NULL (original requested name: mimi.decoder_transformer.transformer.layers.3.linear1.bias)
DEBUG: get_tensor(decoder_transformer_transformer_layers_3_linear2_bias) -> NULL (original requested name: mimi.decoder_transformer.transformer.layers.3.linear2.bias)
DEBUG: get_tensor(decoder_transformer_transformer_layers_4_linear1_bias) -> NULL (original requested name: mimi.decoder_transformer.transformer.layers.4.linear1.bias)
DEBUG: get_tensor(decoder_transformer_transformer_layers_4_linear2_bias) -> NULL (original requested name: mimi.decoder_transformer.transformer.layers.4.linear2.bias)
DEBUG: get_tensor(decoder_transformer_transformer_layers_5_linear1_bias) -> NULL (original requested name: mimi.decoder_transformer.transformer.layers.5.linear1.bias)
DEBUG: get_tensor(decoder_transformer_transformer_layers_5_linear2_bias) -> NULL (original requested name: mimi.decoder_transformer.transformer.layers.5.linear2.bias)
DEBUG: get_tensor(decoder_transformer_transformer_layers_6_linear1_bias) -> NULL (original requested name: mimi.decoder_transformer.transformer.layers.6.linear1.bias)
DEBUG: get_tensor(decoder_transformer_transformer_layers_6_linear2_bias) -> NULL (original requested name: mimi.decoder_transformer.transformer.layers.6.linear2.bias)
DEBUG: get_tensor(decoder_transformer_transformer_layers_7_linear1_bias) -> NULL (original requested name: mimi.decoder_transformer.transformer.layers.7.linear1.bias)
DEBUG: get_tensor(decoder_transformer_transformer_layers_7_linear2_bias) -> NULL (original requested name: mimi.decoder_transformer.transformer.layers.7.linear2.bias)
DEBUG: get_tensor(downsample_conv_conv_conv_bias) -> NULL (original requested name: mimi.downsample.conv.conv.conv.bias)
DEBUG: get_tensor(encoder_transformer_transformer_layers_0_linear1_bias) -> NULL (original requested name: mimi.encoder_transformer.transformer.layers.0.linear1.bias)
DEBUG: get_tensor(encoder_transformer_transformer_layers_0_linear2_bias) -> NULL (original requested name: mimi.encoder_transformer.transformer.layers.0.linear2.bias)
DEBUG: get_tensor(encoder_transformer_transformer_layers_1_linear1_bias) -> NULL (original requested name: mimi.encoder_transformer.transformer.layers.1.linear1.bias)
DEBUG: get_tensor(encoder_transformer_transformer_layers_1_linear2_bias) -> NULL (original requested name: mimi.encoder_transformer.transformer.layers.1.linear2.bias)
DEBUG: get_tensor(encoder_transformer_transformer_layers_2_linear1_bias) -> NULL (original requested name: mimi.encoder_transformer.transformer.layers.2.linear1.bias)
DEBUG: get_tensor(encoder_transformer_transformer_layers_2_linear2_bias) -> NULL (original requested name: mimi.encoder_transformer.transformer.layers.2.linear2.bias)
DEBUG: get_tensor(encoder_transformer_transformer_layers_3_linear1_bias) -> NULL (original requested name: mimi.encoder_transformer.transformer.layers.3.linear1.bias)
DEBUG: get_tensor(encoder_transformer_transformer_layers_3_linear2_bias) -> NULL (original requested name: mimi.encoder_transformer.transformer.layers.3.linear2.bias)
DEBUG: get_tensor(encoder_transformer_transformer_layers_4_linear1_bias) -> NULL (original requested name: mimi.encoder_transformer.transformer.layers.4.linear1.bias)
DEBUG: get_tensor(encoder_transformer_transformer_layers_4_linear2_bias) -> NULL (original requested name: mimi.encoder_transformer.transformer.layers.4.linear2.bias)
DEBUG: get_tensor(encoder_transformer_transformer_layers_5_linear1_bias) -> NULL (original requested name: mimi.encoder_transformer.transformer.layers.5.linear1.bias)
DEBUG: get_tensor(encoder_transformer_transformer_layers_5_linear2_bias) -> NULL (original requested name: mimi.encoder_transformer.transformer.layers.5.linear2.bias)
DEBUG: get_tensor(encoder_transformer_transformer_layers_6_linear1_bias) -> NULL (original requested name: mimi.encoder_transformer.transformer.layers.6.linear1.bias)
DEBUG: get_tensor(encoder_transformer_transformer_layers_6_linear2_bias) -> NULL (original requested name: mimi.encoder_transformer.transformer.layers.6.linear2.bias)
DEBUG: get_tensor(encoder_transformer_transformer_layers_7_linear1_bias) -> NULL (original requested name: mimi.encoder_transformer.transformer.layers.7.linear1.bias)
DEBUG: get_tensor(encoder_transformer_transformer_layers_7_linear2_bias) -> NULL (original requested name: mimi.encoder_transformer.transformer.layers.7.linear2.bias)
DEBUG: mimi_alloc returned successfully
DEBUG: frame_rate=12.500000, frame_size=1920
DEBUG: calling moshi_lm_load
DEBUG: get_tensor(depformer_in_0_bias) -> NULL (original requested name: lm.depformer_in.0.bias)
DEBUG: get_tensor(depformer_in_1_bias) -> NULL (original requested name: lm.depformer_in.1.bias)
DEBUG: get_tensor(depformer_in_2_bias) -> NULL (original requested name: lm.depformer_in.2.bias)
DEBUG: get_tensor(depformer_in_3_bias) -> NULL (original requested name: lm.depformer_in.3.bias)
DEBUG: get_tensor(depformer_in_4_bias) -> NULL (original requested name: lm.depformer_in.4.bias)
DEBUG: get_tensor(depformer_in_5_bias) -> NULL (original requested name: lm.depformer_in.5.bias)
DEBUG: get_tensor(depformer_in_6_bias) -> NULL (original requested name: lm.depformer_in.6.bias)
DEBUG: get_tensor(depformer_in_7_bias) -> NULL (original requested name: lm.depformer_in.7.bias)
DEBUG: get_tensor(depformer_in_8_bias) -> NULL (original requested name: lm.depformer_in.8.bias)
DEBUG: get_tensor(depformer_in_9_bias) -> NULL (original requested name: lm.depformer_in.9.bias)
DEBUG: get_tensor(depformer_in_10_bias) -> NULL (original requested name: lm.depformer_in.10.bias)
DEBUG: get_tensor(depformer_in_11_bias) -> NULL (original requested name: lm.depformer_in.11.bias)
DEBUG: get_tensor(depformer_in_12_bias) -> NULL (original requested name: lm.depformer_in.12.bias)
DEBUG: get_tensor(depformer_in_13_bias) -> NULL (original requested name: lm.depformer_in.13.bias)
DEBUG: get_tensor(depformer_in_14_bias) -> NULL (original requested name: lm.depformer_in.14.bias)
DEBUG: get_tensor(depformer_in_15_bias) -> NULL (original requested name: lm.depformer_in.15.bias)
DEBUG: get_tensor(depformer_layers_0_gating_0_linear_in_bias) -> NULL (original requested name: lm.depformer.layers.0.gating.0.linear_in.bias)
DEBUG: get_tensor(depformer_layers_0_gating_0_linear_out_bias) -> NULL (original requested name: lm.depformer.layers.0.gating.0.linear_out.bias)
DEBUG: get_tensor(depformer_layers_0_gating_1_linear_in_bias) -> NULL (original requested name: lm.depformer.layers.0.gating.1.linear_in.bias)
DEBUG: get_tensor(depformer_layers_0_gating_1_linear_out_bias) -> NULL (original requested name: lm.depformer.layers.0.gating.1.linear_out.bias)
DEBUG: get_tensor(depformer_layers_0_gating_2_linear_in_bias) -> NULL (original requested name: lm.depformer.layers.0.gating.2.linear_in.bias)
DEBUG: get_tensor(depformer_layers_0_gating_2_linear_out_bias) -> NULL (original requested name: lm.depformer.layers.0.gating.2.linear_out.bias)
DEBUG: get_tensor(depformer_layers_0_gating_3_linear_in_bias) -> NULL (original requested name: lm.depformer.layers.0.gating.3.linear_in.bias)
DEBUG: get_tensor(depformer_layers_0_gating_3_linear_out_bias) -> NULL (original requested name: lm.depformer.layers.0.gating.3.linear_out.bias)
DEBUG: get_tensor(depformer_layers_0_gating_4_linear_in_bias) -> NULL (original requested name: lm.depformer.layers.0.gating.4.linear_in.bias)
DEBUG: get_tensor(depformer_layers_0_gating_4_linear_out_bias) -> NULL (original requested name: lm.depformer.layers.0.gating.4.linear_out.bias)
DEBUG: get_tensor(depformer_layers_0_gating_5_linear_in_bias) -> NULL (original requested name: lm.depformer.layers.0.gating.5.linear_in.bias)
DEBUG: get_tensor(depformer_layers_0_gating_5_linear_out_bias) -> NULL (original requested name: lm.depformer.layers.0.gating.5.linear_out.bias)
DEBUG: get_tensor(depformer_layers_0_gating_6_linear_in_bias) -> NULL (original requested name: lm.depformer.layers.0.gating.6.linear_in.bias)
DEBUG: get_tensor(depformer_layers_0_gating_6_linear_out_bias) -> NULL (original requested name: lm.depformer.layers.0.gating.6.linear_out.bias)
DEBUG: get_tensor(depformer_layers_0_gating_7_linear_in_bias) -> NULL (original requested name: lm.depformer.layers.0.gating.7.linear_in.bias)
DEBUG: get_tensor(depformer_layers_0_gating_7_linear_out_bias) -> NULL (original requested name: lm.depformer.layers.0.gating.7.linear_out.bias)
DEBUG: get_tensor(depformer_layers_0_gating_8_linear_in_bias) -> NULL (original requested name: lm.depformer.layers.0.gating.8.linear_in.bias)
DEBUG: get_tensor(depformer_layers_0_gating_8_linear_out_bias) -> NULL (original requested name: lm.depformer.layers.0.gating.8.linear_out.bias)
DEBUG: get_tensor(depformer_layers_0_gating_9_linear_in_bias) -> NULL (original requested name: lm.depformer.layers.0.gating.9.linear_in.bias)
DEBUG: get_tensor(depformer_layers_0_gating_9_linear_out_bias) -> NULL (original requested name: lm.depformer.layers.0.gating.9.linear_out.bias)
DEBUG: get_tensor(depformer_layers_0_gating_10_linear_in_bias) -> NULL (original requested name: lm.depformer.layers.0.gating.10.linear_in.bias)
DEBUG: get_tensor(depformer_layers_0_gating_10_linear_out_bias) -> NULL (original requested name: lm.depformer.layers.0.gating.10.linear_out.bias)
DEBUG: get_tensor(depformer_layers_0_gating_11_linear_in_bias) -> NULL (original requested name: lm.depformer.layers.0.gating.11.linear_in.bias)
DEBUG: get_tensor(depformer_layers_0_gating_11_linear_out_bias) -> NULL (original requested name: lm.depformer.layers.0.gating.11.linear_out.bias)
DEBUG: get_tensor(depformer_layers_0_gating_12_linear_in_bias) -> NULL (original requested name: lm.depformer.layers.0.gating.12.linear_in.bias)
DEBUG: get_tensor(depformer_layers_0_gating_12_linear_out_bias) -> NULL (original requested name: lm.depformer.layers.0.gating.12.linear_out.bias)
DEBUG: get_tensor(depformer_layers_0_gating_13_linear_in_bias) -> NULL (original requested name: lm.depformer.layers.0.gating.13.linear_in.bias)
DEBUG: get_tensor(depformer_layers_0_gating_13_linear_out_bias) -> NULL (original requested name: lm.depformer.layers.0.gating.13.linear_out.bias)
DEBUG: get_tensor(depformer_layers_0_gating_14_linear_in_bias) -> NULL (original requested name: lm.depformer.layers.0.gating.14.linear_in.bias)
DEBUG: get_tensor(depformer_layers_0_gating_14_linear_out_bias) -> NULL (original requested name: lm.depformer.layers.0.gating.14.linear_out.bias)
DEBUG: get_tensor(depformer_layers_0_gating_15_linear_in_bias) -> NULL (original requested name: lm.depformer.layers.0.gating.15.linear_in.bias)
DEBUG: get_tensor(depformer_layers_0_gating_15_linear_out_bias) -> NULL (original requested name: lm.depformer.layers.0.gating.15.linear_out.bias)
DEBUG: get_tensor(depformer_layers_1_gating_0_linear_in_bias) -> NULL (original requested name: lm.depformer.layers.1.gating.0.linear_in.bias)
DEBUG: get_tensor(depformer_layers_1_gating_0_linear_out_bias) -> NULL (original requested name: lm.depformer.layers.1.gating.0.linear_out.bias)
DEBUG: get_tensor(depformer_layers_1_gating_1_linear_in_bias) -> NULL (original requested name: lm.depformer.layers.1.gating.1.linear_in.bias)
DEBUG: get_tensor(depformer_layers_1_gating_1_linear_out_bias) -> NULL (original requested name: lm.depformer.layers.1.gating.1.linear_out.bias)
DEBUG: get_tensor(depformer_layers_1_gating_2_linear_in_bias) -> NULL (original requested name: lm.depformer.layers.1.gating.2.linear_in.bias)
DEBUG: get_tensor(depformer_layers_1_gating_2_linear_out_bias) -> NULL (original requested name: lm.depformer.layers.1.gating.2.linear_out.bias)
DEBUG: get_tensor(depformer_layers_1_gating_3_linear_in_bias) -> NULL (original requested name: lm.depformer.layers.1.gating.3.linear_in.bias)
DEBUG: get_tensor(depformer_layers_1_gating_3_linear_out_bias) -> NULL (original requested name: lm.depformer.layers.1.gating.3.linear_out.bias)
DEBUG: get_tensor(depformer_layers_1_gating_4_linear_in_bias) -> NULL (original requested name: lm.depformer.layers.1.gating.4.linear_in.bias)
DEBUG: get_tensor(depformer_layers_1_gating_4_linear_out_bias) -> NULL (original requested name: lm.depformer.layers.1.gating.4.linear_out.bias)
DEBUG: get_tensor(depformer_layers_1_gating_5_linear_in_bias) -> NULL (original requested name: lm.depformer.layers.1.gating.5.linear_in.bias)
DEBUG: get_tensor(depformer_layers_1_gating_5_linear_out_bias) -> NULL (original requested name: lm.depformer.layers.1.gating.5.linear_out.bias)
DEBUG: get_tensor(depformer_layers_1_gating_6_linear_in_bias) -> NULL (original requested name: lm.depformer.layers.1.gating.6.linear_in.bias)
DEBUG: get_tensor(depformer_layers_1_gating_6_linear_out_bias) -> NULL (original requested name: lm.depformer.layers.1.gating.6.linear_out.bias)
DEBUG: get_tensor(depformer_layers_1_gating_7_linear_in_bias) -> NULL (original requested name: lm.depformer.layers.1.gating.7.linear_in.bias)
DEBUG: get_tensor(depformer_layers_1_gating_7_linear_out_bias) -> NULL (original requested name: lm.depformer.layers.1.gating.7.linear_out.bias)
DEBUG: get_tensor(depformer_layers_1_gating_8_linear_in_bias) -> NULL (original requested name: lm.depformer.layers.1.gating.8.linear_in.bias)
DEBUG: get_tensor(depformer_layers_1_gating_8_linear_out_bias) -> NULL (original requested name: lm.depformer.layers.1.gating.8.linear_out.bias)
DEBUG: get_tensor(depformer_layers_1_gating_9_linear_in_bias) -> NULL (original requested name: lm.depformer.layers.1.gating.9.linear_in.bias)
DEBUG: get_tensor(depformer_layers_1_gating_9_linear_out_bias) -> NULL (original requested name: lm.depformer.layers.1.gating.9.linear_out.bias)
DEBUG: get_tensor(depformer_layers_1_gating_10_linear_in_bias) -> NULL (original requested name: lm.depformer.layers.1.gating.10.linear_in.bias)
DEBUG: get_tensor(depformer_layers_1_gating_10_linear_out_bias) -> NULL (original requested name: lm.depformer.layers.1.gating.10.linear_out.bias)
DEBUG: get_tensor(depformer_layers_1_gating_11_linear_in_bias) -> NULL (original requested name: lm.depformer.layers.1.gating.11.linear_in.bias)
DEBUG: get_tensor(depformer_layers_1_gating_11_linear_out_bias) -> NULL (original requested name: lm.depformer.layers.1.gating.11.linear_out.bias)
DEBUG: get_tensor(depformer_layers_1_gating_12_linear_in_bias) -> NULL (original requested name: lm.depformer.layers.1.gating.12.linear_in.bias)
DEBUG: get_tensor(depformer_layers_1_gating_12_linear_out_bias) -> NULL (original requested name: lm.depformer.layers.1.gating.12.linear_out.bias)
DEBUG: get_tensor(depformer_layers_1_gating_13_linear_in_bias) -> NULL (original requested name: lm.depformer.layers.1.gating.13.linear_in.bias)
DEBUG: get_tensor(depformer_layers_1_gating_13_linear_out_bias) -> NULL (original requested name: lm.depformer.layers.1.gating.13.linear_out.bias)
DEBUG: get_tensor(depformer_layers_1_gating_14_linear_in_bias) -> NULL (original requested name: lm.depformer.layers.1.gating.14.linear_in.bias)
DEBUG: get_tensor(depformer_layers_1_gating_14_linear_out_bias) -> NULL (original requested name: lm.depformer.layers.1.gating.14.linear_out.bias)
DEBUG: get_tensor(depformer_layers_1_gating_15_linear_in_bias) -> NULL (original requested name: lm.depformer.layers.1.gating.15.linear_in.bias)
DEBUG: get_tensor(depformer_layers_1_gating_15_linear_out_bias) -> NULL (original requested name: lm.depformer.layers.1.gating.15.linear_out.bias)
DEBUG: get_tensor(depformer_layers_2_gating_0_linear_in_bias) -> NULL (original requested name: lm.depformer.layers.2.gating.0.linear_in.bias)
DEBUG: get_tensor(depformer_layers_2_gating_0_linear_out_bias) -> NULL (original requested name: lm.depformer.layers.2.gating.0.linear_out.bias)
DEBUG: get_tensor(depformer_layers_2_gating_1_linear_in_bias) -> NULL (original requested name: lm.depformer.layers.2.gating.1.linear_in.bias)
DEBUG: get_tensor(depformer_layers_2_gating_1_linear_out_bias) -> NULL (original requested name: lm.depformer.layers.2.gating.1.linear_out.bias)
DEBUG: get_tensor(depformer_layers_2_gating_2_linear_in_bias) -> NULL (original requested name: lm.depformer.layers.2.gating.2.linear_in.bias)
DEBUG: get_tensor(depformer_layers_2_gating_2_linear_out_bias) -> NULL (original requested name: lm.depformer.layers.2.gating.2.linear_out.bias)
DEBUG: get_tensor(depformer_layers_2_gating_3_linear_in_bias) -> NULL (original requested name: lm.depformer.layers.2.gating.3.linear_in.bias)
DEBUG: get_tensor(depformer_layers_2_gating_3_linear_out_bias) -> NULL (original requested name: lm.depformer.layers.2.gating.3.linear_out.bias)
DEBUG: get_tensor(depformer_layers_2_gating_4_linear_in_bias) -> NULL (original requested name: lm.depformer.layers.2.gating.4.linear_in.bias)
DEBUG: get_tensor(depformer_layers_2_gating_4_linear_out_bias) -> NULL (original requested name: lm.depformer.layers.2.gating.4.linear_out.bias)
DEBUG: get_tensor(depformer_layers_2_gating_5_linear_in_bias) -> NULL (original requested name: lm.depformer.layers.2.gating.5.linear_in.bias)
DEBUG: get_tensor(depformer_layers_2_gating_5_linear_out_bias) -> NULL (original requested name: lm.depformer.layers.2.gating.5.linear_out.bias)
DEBUG: get_tensor(depformer_layers_2_gating_6_linear_in_bias) -> NULL (original requested name: lm.depformer.layers.2.gating.6.linear_in.bias)
DEBUG: get_tensor(depformer_layers_2_gating_6_linear_out_bias) -> NULL (original requested name: lm.depformer.layers.2.gating.6.linear_out.bias)
DEBUG: get_tensor(depformer_layers_2_gating_7_linear_in_bias) -> NULL (original requested name: lm.depformer.layers.2.gating.7.linear_in.bias)
DEBUG: get_tensor(depformer_layers_2_gating_7_linear_out_bias) -> NULL (original requested name: lm.depformer.layers.2.gating.7.linear_out.bias)
DEBUG: get_tensor(depformer_layers_2_gating_8_linear_in_bias) -> NULL (original requested name: lm.depformer.layers.2.gating.8.linear_in.bias)
DEBUG: get_tensor(depformer_layers_2_gating_8_linear_out_bias) -> NULL (original requested name: lm.depformer.layers.2.gating.8.linear_out.bias)
DEBUG: get_tensor(depformer_layers_2_gating_9_linear_in_bias) -> NULL (original requested name: lm.depformer.layers.2.gating.9.linear_in.bias)
DEBUG: get_tensor(depformer_layers_2_gating_9_linear_out_bias) -> NULL (original requested name: lm.depformer.layers.2.gating.9.linear_out.bias)
DEBUG: get_tensor(depformer_layers_2_gating_10_linear_in_bias) -> NULL (original requested name: lm.depformer.layers.2.gating.10.linear_in.bias)
DEBUG: get_tensor(depformer_layers_2_gating_10_linear_out_bias) -> NULL (original requested name: lm.depformer.layers.2.gating.10.linear_out.bias)
DEBUG: get_tensor(depformer_layers_2_gating_11_linear_in_bias) -> NULL (original requested name: lm.depformer.layers.2.gating.11.linear_in.bias)
DEBUG: get_tensor(depformer_layers_2_gating_11_linear_out_bias) -> NULL (original requested name: lm.depformer.layers.2.gating.11.linear_out.bias)
DEBUG: get_tensor(depformer_layers_2_gating_12_linear_in_bias) -> NULL (original requested name: lm.depformer.layers.2.gating.12.linear_in.bias)
DEBUG: get_tensor(depformer_layers_2_gating_12_linear_out_bias) -> NULL (original requested name: lm.depformer.layers.2.gating.12.linear_out.bias)
DEBUG: get_tensor(depformer_layers_2_gating_13_linear_in_bias) -> NULL (original requested name: lm.depformer.layers.2.gating.13.linear_in.bias)
DEBUG: get_tensor(depformer_layers_2_gating_13_linear_out_bias) -> NULL (original requested name: lm.depformer.layers.2.gating.13.linear_out.bias)
DEBUG: get_tensor(depformer_layers_2_gating_14_linear_in_bias) -> NULL (original requested name: lm.depformer.layers.2.gating.14.linear_in.bias)
DEBUG: get_tensor(depformer_layers_2_gating_14_linear_out_bias) -> NULL (original requested name: lm.depformer.layers.2.gating.14.linear_out.bias)
DEBUG: get_tensor(depformer_layers_2_gating_15_linear_in_bias) -> NULL (original requested name: lm.depformer.layers.2.gating.15.linear_in.bias)
DEBUG: get_tensor(depformer_layers_2_gating_15_linear_out_bias) -> NULL (original requested name: lm.depformer.layers.2.gating.15.linear_out.bias)
DEBUG: get_tensor(depformer_layers_3_gating_0_linear_in_bias) -> NULL (original requested name: lm.depformer.layers.3.gating.0.linear_in.bias)
DEBUG: get_tensor(depformer_layers_3_gating_0_linear_out_bias) -> NULL (original requested name: lm.depformer.layers.3.gating.0.linear_out.bias)
DEBUG: get_tensor(depformer_layers_3_gating_1_linear_in_bias) -> NULL (original requested name: lm.depformer.layers.3.gating.1.linear_in.bias)
DEBUG: get_tensor(depformer_layers_3_gating_1_linear_out_bias) -> NULL (original requested name: lm.depformer.layers.3.gating.1.linear_out.bias)
DEBUG: get_tensor(depformer_layers_3_gating_2_linear_in_bias) -> NULL (original requested name: lm.depformer.layers.3.gating.2.linear_in.bias)
DEBUG: get_tensor(depformer_layers_3_gating_2_linear_out_bias) -> NULL (original requested name: lm.depformer.layers.3.gating.2.linear_out.bias)
DEBUG: get_tensor(depformer_layers_3_gating_3_linear_in_bias) -> NULL (original requested name: lm.depformer.layers.3.gating.3.linear_in.bias)
DEBUG: get_tensor(depformer_layers_3_gating_3_linear_out_bias) -> NULL (original requested name: lm.depformer.layers.3.gating.3.linear_out.bias)
DEBUG: get_tensor(depformer_layers_3_gating_4_linear_in_bias) -> NULL (original requested name: lm.depformer.layers.3.gating.4.linear_in.bias)
DEBUG: get_tensor(depformer_layers_3_gating_4_linear_out_bias) -> NULL (original requested name: lm.depformer.layers.3.gating.4.linear_out.bias)
DEBUG: get_tensor(depformer_layers_3_gating_5_linear_in_bias) -> NULL (original requested name: lm.depformer.layers.3.gating.5.linear_in.bias)
DEBUG: get_tensor(depformer_layers_3_gating_5_linear_out_bias) -> NULL (original requested name: lm.depformer.layers.3.gating.5.linear_out.bias)
DEBUG: get_tensor(depformer_layers_3_gating_6_linear_in_bias) -> NULL (original requested name: lm.depformer.layers.3.gating.6.linear_in.bias)
DEBUG: get_tensor(depformer_layers_3_gating_6_linear_out_bias) -> NULL (original requested name: lm.depformer.layers.3.gating.6.linear_out.bias)
DEBUG: get_tensor(depformer_layers_3_gating_7_linear_in_bias) -> NULL (original requested name: lm.depformer.layers.3.gating.7.linear_in.bias)
DEBUG: get_tensor(depformer_layers_3_gating_7_linear_out_bias) -> NULL (original requested name: lm.depformer.layers.3.gating.7.linear_out.bias)
DEBUG: get_tensor(depformer_layers_3_gating_8_linear_in_bias) -> NULL (original requested name: lm.depformer.layers.3.gating.8.linear_in.bias)
DEBUG: get_tensor(depformer_layers_3_gating_8_linear_out_bias) -> NULL (original requested name: lm.depformer.layers.3.gating.8.linear_out.bias)
DEBUG: get_tensor(depformer_layers_3_gating_9_linear_in_bias) -> NULL (original requested name: lm.depformer.layers.3.gating.9.linear_in.bias)
DEBUG: get_tensor(depformer_layers_3_gating_9_linear_out_bias) -> NULL (original requested name: lm.depformer.layers.3.gating.9.linear_out.bias)
DEBUG: get_tensor(depformer_layers_3_gating_10_linear_in_bias) -> NULL (original requested name: lm.depformer.layers.3.gating.10.linear_in.bias)
DEBUG: get_tensor(depformer_layers_3_gating_10_linear_out_bias) -> NULL (original requested name: lm.depformer.layers.3.gating.10.linear_out.bias)
DEBUG: get_tensor(depformer_layers_3_gating_11_linear_in_bias) -> NULL (original requested name: lm.depformer.layers.3.gating.11.linear_in.bias)
DEBUG: get_tensor(depformer_layers_3_gating_11_linear_out_bias) -> NULL (original requested name: lm.depformer.layers.3.gating.11.linear_out.bias)
DEBUG: get_tensor(depformer_layers_3_gating_12_linear_in_bias) -> NULL (original requested name: lm.depformer.layers.3.gating.12.linear_in.bias)
DEBUG: get_tensor(depformer_layers_3_gating_12_linear_out_bias) -> NULL (original requested name: lm.depformer.layers.3.gating.12.linear_out.bias)
DEBUG: get_tensor(depformer_layers_3_gating_13_linear_in_bias) -> NULL (original requested name: lm.depformer.layers.3.gating.13.linear_in.bias)
DEBUG: get_tensor(depformer_layers_3_gating_13_linear_out_bias) -> NULL (original requested name: lm.depformer.layers.3.gating.13.linear_out.bias)
DEBUG: get_tensor(depformer_layers_3_gating_14_linear_in_bias) -> NULL (original requested name: lm.depformer.layers.3.gating.14.linear_in.bias)
DEBUG: get_tensor(depformer_layers_3_gating_14_linear_out_bias) -> NULL (original requested name: lm.depformer.layers.3.gating.14.linear_out.bias)
DEBUG: get_tensor(depformer_layers_3_gating_15_linear_in_bias) -> NULL (original requested name: lm.depformer.layers.3.gating.15.linear_in.bias)
DEBUG: get_tensor(depformer_layers_3_gating_15_linear_out_bias) -> NULL (original requested name: lm.depformer.layers.3.gating.15.linear_out.bias)
DEBUG: get_tensor(depformer_layers_4_gating_0_linear_in_bias) -> NULL (original requested name: lm.depformer.layers.4.gating.0.linear_in.bias)
DEBUG: get_tensor(depformer_layers_4_gating_0_linear_out_bias) -> NULL (original requested name: lm.depformer.layers.4.gating.0.linear_out.bias)
DEBUG: get_tensor(depformer_layers_4_gating_1_linear_in_bias) -> NULL (original requested name: lm.depformer.layers.4.gating.1.linear_in.bias)
DEBUG: get_tensor(depformer_layers_4_gating_1_linear_out_bias) -> NULL (original requested name: lm.depformer.layers.4.gating.1.linear_out.bias)
DEBUG: get_tensor(depformer_layers_4_gating_2_linear_in_bias) -> NULL (original requested name: lm.depformer.layers.4.gating.2.linear_in.bias)
DEBUG: get_tensor(depformer_layers_4_gating_2_linear_out_bias) -> NULL (original requested name: lm.depformer.layers.4.gating.2.linear_out.bias)
DEBUG: get_tensor(depformer_layers_4_gating_3_linear_in_bias) -> NULL (original requested name: lm.depformer.layers.4.gating.3.linear_in.bias)
DEBUG: get_tensor(depformer_layers_4_gating_3_linear_out_bias) -> NULL (original requested name: lm.depformer.layers.4.gating.3.linear_out.bias)
DEBUG: get_tensor(depformer_layers_4_gating_4_linear_in_bias) -> NULL (original requested name: lm.depformer.layers.4.gating.4.linear_in.bias)
DEBUG: get_tensor(depformer_layers_4_gating_4_linear_out_bias) -> NULL (original requested name: lm.depformer.layers.4.gating.4.linear_out.bias)
DEBUG: get_tensor(depformer_layers_4_gating_5_linear_in_bias) -> NULL (original requested name: lm.depformer.layers.4.gating.5.linear_in.bias)
DEBUG: get_tensor(depformer_layers_4_gating_5_linear_out_bias) -> NULL (original requested name: lm.depformer.layers.4.gating.5.linear_out.bias)
DEBUG: get_tensor(depformer_layers_4_gating_6_linear_in_bias) -> NULL (original requested name: lm.depformer.layers.4.gating.6.linear_in.bias)
DEBUG: get_tensor(depformer_layers_4_gating_6_linear_out_bias) -> NULL (original requested name: lm.depformer.layers.4.gating.6.linear_out.bias)
DEBUG: get_tensor(depformer_layers_4_gating_7_linear_in_bias) -> NULL (original requested name: lm.depformer.layers.4.gating.7.linear_in.bias)
DEBUG: get_tensor(depformer_layers_4_gating_7_linear_out_bias) -> NULL (original requested name: lm.depformer.layers.4.gating.7.linear_out.bias)
DEBUG: get_tensor(depformer_layers_4_gating_8_linear_in_bias) -> NULL (original requested name: lm.depformer.layers.4.gating.8.linear_in.bias)
DEBUG: get_tensor(depformer_layers_4_gating_8_linear_out_bias) -> NULL (original requested name: lm.depformer.layers.4.gating.8.linear_out.bias)
DEBUG: get_tensor(depformer_layers_4_gating_9_linear_in_bias) -> NULL (original requested name: lm.depformer.layers.4.gating.9.linear_in.bias)
DEBUG: get_tensor(depformer_layers_4_gating_9_linear_out_bias) -> NULL (original requested name: lm.depformer.layers.4.gating.9.linear_out.bias)
DEBUG: get_tensor(depformer_layers_4_gating_10_linear_in_bias) -> NULL (original requested name: lm.depformer.layers.4.gating.10.linear_in.bias)
DEBUG: get_tensor(depformer_layers_4_gating_10_linear_out_bias) -> NULL (original requested name: lm.depformer.layers.4.gating.10.linear_out.bias)
DEBUG: get_tensor(depformer_layers_4_gating_11_linear_in_bias) -> NULL (original requested name: lm.depformer.layers.4.gating.11.linear_in.bias)
DEBUG: get_tensor(depformer_layers_4_gating_11_linear_out_bias) -> NULL (original requested name: lm.depformer.layers.4.gating.11.linear_out.bias)
DEBUG: get_tensor(depformer_layers_4_gating_12_linear_in_bias) -> NULL (original requested name: lm.depformer.layers.4.gating.12.linear_in.bias)
DEBUG: get_tensor(depformer_layers_4_gating_12_linear_out_bias) -> NULL (original requested name: lm.depformer.layers.4.gating.12.linear_out.bias)
DEBUG: get_tensor(depformer_layers_4_gating_13_linear_in_bias) -> NULL (original requested name: lm.depformer.layers.4.gating.13.linear_in.bias)
DEBUG: get_tensor(depformer_layers_4_gating_13_linear_out_bias) -> NULL (original requested name: lm.depformer.layers.4.gating.13.linear_out.bias)
DEBUG: get_tensor(depformer_layers_4_gating_14_linear_in_bias) -> NULL (original requested name: lm.depformer.layers.4.gating.14.linear_in.bias)
DEBUG: get_tensor(depformer_layers_4_gating_14_linear_out_bias) -> NULL (original requested name: lm.depformer.layers.4.gating.14.linear_out.bias)
DEBUG: get_tensor(depformer_layers_4_gating_15_linear_in_bias) -> NULL (original requested name: lm.depformer.layers.4.gating.15.linear_in.bias)
DEBUG: get_tensor(depformer_layers_4_gating_15_linear_out_bias) -> NULL (original requested name: lm.depformer.layers.4.gating.15.linear_out.bias)
DEBUG: get_tensor(depformer_layers_5_gating_0_linear_in_bias) -> NULL (original requested name: lm.depformer.layers.5.gating.0.linear_in.bias)
DEBUG: get_tensor(depformer_layers_5_gating_0_linear_out_bias) -> NULL (original requested name: lm.depformer.layers.5.gating.0.linear_out.bias)
DEBUG: get_tensor(depformer_layers_5_gating_1_linear_in_bias) -> NULL (original requested name: lm.depformer.layers.5.gating.1.linear_in.bias)
DEBUG: get_tensor(depformer_layers_5_gating_1_linear_out_bias) -> NULL (original requested name: lm.depformer.layers.5.gating.1.linear_out.bias)
DEBUG: get_tensor(depformer_layers_5_gating_2_linear_in_bias) -> NULL (original requested name: lm.depformer.layers.5.gating.2.linear_in.bias)
DEBUG: get_tensor(depformer_layers_5_gating_2_linear_out_bias) -> NULL (original requested name: lm.depformer.layers.5.gating.2.linear_out.bias)
DEBUG: get_tensor(depformer_layers_5_gating_3_linear_in_bias) -> NULL (original requested name: lm.depformer.layers.5.gating.3.linear_in.bias)
DEBUG: get_tensor(depformer_layers_5_gating_3_linear_out_bias) -> NULL (original requested name: lm.depformer.layers.5.gating.3.linear_out.bias)
DEBUG: get_tensor(depformer_layers_5_gating_4_linear_in_bias) -> NULL (original requested name: lm.depformer.layers.5.gating.4.linear_in.bias)
DEBUG: get_tensor(depformer_layers_5_gating_4_linear_out_bias) -> NULL (original requested name: lm.depformer.layers.5.gating.4.linear_out.bias)
DEBUG: get_tensor(depformer_layers_5_gating_5_linear_in_bias) -> NULL (original requested name: lm.depformer.layers.5.gating.5.linear_in.bias)
DEBUG: get_tensor(depformer_layers_5_gating_5_linear_out_bias) -> NULL (original requested name: lm.depformer.layers.5.gating.5.linear_out.bias)
DEBUG: get_tensor(depformer_layers_5_gating_6_linear_in_bias) -> NULL (original requested name: lm.depformer.layers.5.gating.6.linear_in.bias)
DEBUG: get_tensor(depformer_layers_5_gating_6_linear_out_bias) -> NULL (original requested name: lm.depformer.layers.5.gating.6.linear_out.bias)
DEBUG: get_tensor(depformer_layers_5_gating_7_linear_in_bias) -> NULL (original requested name: lm.depformer.layers.5.gating.7.linear_in.bias)
DEBUG: get_tensor(depformer_layers_5_gating_7_linear_out_bias) -> NULL (original requested name: lm.depformer.layers.5.gating.7.linear_out.bias)
DEBUG: get_tensor(depformer_layers_5_gating_8_linear_in_bias) -> NULL (original requested name: lm.depformer.layers.5.gating.8.linear_in.bias)
DEBUG: get_tensor(depformer_layers_5_gating_8_linear_out_bias) -> NULL (original requested name: lm.depformer.layers.5.gating.8.linear_out.bias)
DEBUG: get_tensor(depformer_layers_5_gating_9_linear_in_bias) -> NULL (original requested name: lm.depformer.layers.5.gating.9.linear_in.bias)
DEBUG: get_tensor(depformer_layers_5_gating_9_linear_out_bias) -> NULL (original requested name: lm.depformer.layers.5.gating.9.linear_out.bias)
DEBUG: get_tensor(depformer_layers_5_gating_10_linear_in_bias) -> NULL (original requested name: lm.depformer.layers.5.gating.10.linear_in.bias)
DEBUG: get_tensor(depformer_layers_5_gating_10_linear_out_bias) -> NULL (original requested name: lm.depformer.layers.5.gating.10.linear_out.bias)
DEBUG: get_tensor(depformer_layers_5_gating_11_linear_in_bias) -> NULL (original requested name: lm.depformer.layers.5.gating.11.linear_in.bias)
DEBUG: get_tensor(depformer_layers_5_gating_11_linear_out_bias) -> NULL (original requested name: lm.depformer.layers.5.gating.11.linear_out.bias)
DEBUG: get_tensor(depformer_layers_5_gating_12_linear_in_bias) -> NULL (original requested name: lm.depformer.layers.5.gating.12.linear_in.bias)
DEBUG: get_tensor(depformer_layers_5_gating_12_linear_out_bias) -> NULL (original requested name: lm.depformer.layers.5.gating.12.linear_out.bias)
DEBUG: get_tensor(depformer_layers_5_gating_13_linear_in_bias) -> NULL (original requested name: lm.depformer.layers.5.gating.13.linear_in.bias)
DEBUG: get_tensor(depformer_layers_5_gating_13_linear_out_bias) -> NULL (original requested name: lm.depformer.layers.5.gating.13.linear_out.bias)
DEBUG: get_tensor(depformer_layers_5_gating_14_linear_in_bias) -> NULL (original requested name: lm.depformer.layers.5.gating.14.linear_in.bias)
DEBUG: get_tensor(depformer_layers_5_gating_14_linear_out_bias) -> NULL (original requested name: lm.depformer.layers.5.gating.14.linear_out.bias)
DEBUG: get_tensor(depformer_layers_5_gating_15_linear_in_bias) -> NULL (original requested name: lm.depformer.layers.5.gating.15.linear_in.bias)
DEBUG: get_tensor(depformer_layers_5_gating_15_linear_out_bias) -> NULL (original requested name: lm.depformer.layers.5.gating.15.linear_out.bias)
DEBUG: get_tensor(linears_0_bias) -> NULL (original requested name: lm.linears.0.bias)
DEBUG: get_tensor(linears_1_bias) -> NULL (original requested name: lm.linears.1.bias)
DEBUG: get_tensor(linears_2_bias) -> NULL (original requested name: lm.linears.2.bias)
DEBUG: get_tensor(linears_3_bias) -> NULL (original requested name: lm.linears.3.bias)
DEBUG: get_tensor(linears_4_bias) -> NULL (original requested name: lm.linears.4.bias)
DEBUG: get_tensor(linears_5_bias) -> NULL (original requested name: lm.linears.5.bias)
DEBUG: get_tensor(linears_6_bias) -> NULL (original requested name: lm.linears.6.bias)
DEBUG: get_tensor(linears_7_bias) -> NULL (original requested name: lm.linears.7.bias)
DEBUG: get_tensor(linears_8_bias) -> NULL (original requested name: lm.linears.8.bias)
DEBUG: get_tensor(linears_9_bias) -> NULL (original requested name: lm.linears.9.bias)
DEBUG: get_tensor(linears_10_bias) -> NULL (original requested name: lm.linears.10.bias)
DEBUG: get_tensor(linears_11_bias) -> NULL (original requested name: lm.linears.11.bias)
DEBUG: get_tensor(linears_12_bias) -> NULL (original requested name: lm.linears.12.bias)
DEBUG: get_tensor(linears_13_bias) -> NULL (original requested name: lm.linears.13.bias)
DEBUG: get_tensor(linears_14_bias) -> NULL (original requested name: lm.linears.14.bias)
DEBUG: get_tensor(linears_15_bias) -> NULL (original requested name: lm.linears.15.bias)
DEBUG: get_tensor(transformer_layers_0_gating_linear_in_bias) -> NULL (original requested name: lm.transformer.layers.0.gating.linear_in.bias)
DEBUG: get_tensor(transformer_layers_0_gating_linear_out_bias) -> NULL (original requested name: lm.transformer.layers.0.gating.linear_out.bias)
DEBUG: get_tensor(transformer_layers_1_gating_linear_in_bias) -> NULL (original requested name: lm.transformer.layers.1.gating.linear_in.bias)
DEBUG: get_tensor(transformer_layers_1_gating_linear_out_bias) -> NULL (original requested name: lm.transformer.layers.1.gating.linear_out.bias)
DEBUG: get_tensor(transformer_layers_2_gating_linear_in_bias) -> NULL (original requested name: lm.transformer.layers.2.gating.linear_in.bias)
DEBUG: get_tensor(transformer_layers_2_gating_linear_out_bias) -> NULL (original requested name: lm.transformer.layers.2.gating.linear_out.bias)
DEBUG: get_tensor(transformer_layers_3_gating_linear_in_bias) -> NULL (original requested name: lm.transformer.layers.3.gating.linear_in.bias)
DEBUG: get_tensor(transformer_layers_3_gating_linear_out_bias) -> NULL (original requested name: lm.transformer.layers.3.gating.linear_out.bias)
DEBUG: get_tensor(transformer_layers_4_gating_linear_in_bias) -> NULL (original requested name: lm.transformer.layers.4.gating.linear_in.bias)
DEBUG: get_tensor(transformer_layers_4_gating_linear_out_bias) -> NULL (original requested name: lm.transformer.layers.4.gating.linear_out.bias)
DEBUG: get_tensor(transformer_layers_5_gating_linear_in_bias) -> NULL (original requested name: lm.transformer.layers.5.gating.linear_in.bias)
DEBUG: get_tensor(transformer_layers_5_gating_linear_out_bias) -> NULL (original requested name: lm.transformer.layers.5.gating.linear_out.bias)
DEBUG: get_tensor(transformer_layers_6_gating_linear_in_bias) -> NULL (original requested name: lm.transformer.layers.6.gating.linear_in.bias)
DEBUG: get_tensor(transformer_layers_6_gating_linear_out_bias) -> NULL (original requested name: lm.transformer.layers.6.gating.linear_out.bias)
DEBUG: get_tensor(transformer_layers_7_gating_linear_in_bias) -> NULL (original requested name: lm.transformer.layers.7.gating.linear_in.bias)
DEBUG: get_tensor(transformer_layers_7_gating_linear_out_bias) -> NULL (original requested name: lm.transformer.layers.7.gating.linear_out.bias)
DEBUG: get_tensor(transformer_layers_8_gating_linear_in_bias) -> NULL (original requested name: lm.transformer.layers.8.gating.linear_in.bias)
DEBUG: get_tensor(transformer_layers_8_gating_linear_out_bias) -> NULL (original requested name: lm.transformer.layers.8.gating.linear_out.bias)
DEBUG: get_tensor(transformer_layers_9_gating_linear_in_bias) -> NULL (original requested name: lm.transformer.layers.9.gating.linear_in.bias)
DEBUG: get_tensor(transformer_layers_9_gating_linear_out_bias) -> NULL (original requested name: lm.transformer.layers.9.gating.linear_out.bias)
DEBUG: get_tensor(transformer_layers_10_gating_linear_in_bias) -> NULL (original requested name: lm.transformer.layers.10.gating.linear_in.bias)
DEBUG: get_tensor(transformer_layers_10_gating_linear_out_bias) -> NULL (original requested name: lm.transformer.layers.10.gating.linear_out.bias)
DEBUG: get_tensor(transformer_layers_11_gating_linear_in_bias) -> NULL (original requested name: lm.transformer.layers.11.gating.linear_in.bias)
DEBUG: get_tensor(transformer_layers_11_gating_linear_out_bias) -> NULL (original requested name: lm.transformer.layers.11.gating.linear_out.bias)
DEBUG: get_tensor(transformer_layers_12_gating_linear_in_bias) -> NULL (original requested name: lm.transformer.layers.12.gating.linear_in.bias)
DEBUG: get_tensor(transformer_layers_12_gating_linear_out_bias) -> NULL (original requested name: lm.transformer.layers.12.gating.linear_out.bias)
DEBUG: get_tensor(transformer_layers_13_gating_linear_in_bias) -> NULL (original requested name: lm.transformer.layers.13.gating.linear_in.bias)
DEBUG: get_tensor(transformer_layers_13_gating_linear_out_bias) -> NULL (original requested name: lm.transformer.layers.13.gating.linear_out.bias)
DEBUG: get_tensor(transformer_layers_14_gating_linear_in_bias) -> NULL (original requested name: lm.transformer.layers.14.gating.linear_in.bias)
DEBUG: get_tensor(transformer_layers_14_gating_linear_out_bias) -> NULL (original requested name: lm.transformer.layers.14.gating.linear_out.bias)
DEBUG: get_tensor(transformer_layers_15_gating_linear_in_bias) -> NULL (original requested name: lm.transformer.layers.15.gating.linear_in.bias)
DEBUG: get_tensor(transformer_layers_15_gating_linear_out_bias) -> NULL (original requested name: lm.transformer.layers.15.gating.linear_out.bias)
DEBUG: get_tensor(transformer_layers_16_gating_linear_in_bias) -> NULL (original requested name: lm.transformer.layers.16.gating.linear_in.bias)
DEBUG: get_tensor(transformer_layers_16_gating_linear_out_bias) -> NULL (original requested name: lm.transformer.layers.16.gating.linear_out.bias)
DEBUG: get_tensor(transformer_layers_17_gating_linear_in_bias) -> NULL (original requested name: lm.transformer.layers.17.gating.linear_in.bias)
DEBUG: get_tensor(transformer_layers_17_gating_linear_out_bias) -> NULL (original requested name: lm.transformer.layers.17.gating.linear_out.bias)
DEBUG: get_tensor(transformer_layers_18_gating_linear_in_bias) -> NULL (original requested name: lm.transformer.layers.18.gating.linear_in.bias)
DEBUG: get_tensor(transformer_layers_18_gating_linear_out_bias) -> NULL (original requested name: lm.transformer.layers.18.gating.linear_out.bias)
DEBUG: get_tensor(transformer_layers_19_gating_linear_in_bias) -> NULL (original requested name: lm.transformer.layers.19.gating.linear_in.bias)
DEBUG: get_tensor(transformer_layers_19_gating_linear_out_bias) -> NULL (original requested name: lm.transformer.layers.19.gating.linear_out.bias)
DEBUG: get_tensor(transformer_layers_20_gating_linear_in_bias) -> NULL (original requested name: lm.transformer.layers.20.gating.linear_in.bias)
DEBUG: get_tensor(transformer_layers_20_gating_linear_out_bias) -> NULL (original requested name: lm.transformer.layers.20.gating.linear_out.bias)
DEBUG: get_tensor(transformer_layers_21_gating_linear_in_bias) -> NULL (original requested name: lm.transformer.layers.21.gating.linear_in.bias)
DEBUG: get_tensor(transformer_layers_21_gating_linear_out_bias) -> NULL (original requested name: lm.transformer.layers.21.gating.linear_out.bias)
DEBUG: get_tensor(transformer_layers_22_gating_linear_in_bias) -> NULL (original requested name: lm.transformer.layers.22.gating.linear_in.bias)
DEBUG: get_tensor(transformer_layers_22_gating_linear_out_bias) -> NULL (original requested name: lm.transformer.layers.22.gating.linear_out.bias)
DEBUG: get_tensor(transformer_layers_23_gating_linear_in_bias) -> NULL (original requested name: lm.transformer.layers.23.gating.linear_in.bias)
DEBUG: get_tensor(transformer_layers_23_gating_linear_out_bias) -> NULL (original requested name: lm.transformer.layers.23.gating.linear_out.bias)
DEBUG: get_tensor(transformer_layers_24_gating_linear_in_bias) -> NULL (original requested name: lm.transformer.layers.24.gating.linear_in.bias)
DEBUG: get_tensor(transformer_layers_24_gating_linear_out_bias) -> NULL (original requested name: lm.transformer.layers.24.gating.linear_out.bias)
DEBUG: get_tensor(transformer_layers_25_gating_linear_in_bias) -> NULL (original requested name: lm.transformer.layers.25.gating.linear_in.bias)
DEBUG: get_tensor(transformer_layers_25_gating_linear_out_bias) -> NULL (original requested name: lm.transformer.layers.25.gating.linear_out.bias)
DEBUG: get_tensor(transformer_layers_26_gating_linear_in_bias) -> NULL (original requested name: lm.transformer.layers.26.gating.linear_in.bias)
DEBUG: get_tensor(transformer_layers_26_gating_linear_out_bias) -> NULL (original requested name: lm.transformer.layers.26.gating.linear_out.bias)
DEBUG: get_tensor(transformer_layers_27_gating_linear_in_bias) -> NULL (original requested name: lm.transformer.layers.27.gating.linear_in.bias)
DEBUG: get_tensor(transformer_layers_27_gating_linear_out_bias) -> NULL (original requested name: lm.transformer.layers.27.gating.linear_out.bias)
DEBUG: get_tensor(transformer_layers_28_gating_linear_in_bias) -> NULL (original requested name: lm.transformer.layers.28.gating.linear_in.bias)
DEBUG: get_tensor(transformer_layers_28_gating_linear_out_bias) -> NULL (original requested name: lm.transformer.layers.28.gating.linear_out.bias)
DEBUG: get_tensor(transformer_layers_29_gating_linear_in_bias) -> NULL (original requested name: lm.transformer.layers.29.gating.linear_in.bias)
DEBUG: get_tensor(transformer_layers_29_gating_linear_out_bias) -> NULL (original requested name: lm.transformer.layers.29.gating.linear_out.bias)
DEBUG: get_tensor(transformer_layers_30_gating_linear_in_bias) -> NULL (original requested name: lm.transformer.layers.30.gating.linear_in.bias)
DEBUG: get_tensor(transformer_layers_30_gating_linear_out_bias) -> NULL (original requested name: lm.transformer.layers.30.gating.linear_out.bias)
DEBUG: get_tensor(transformer_layers_31_gating_linear_in_bias) -> NULL (original requested name: lm.transformer.layers.31.gating.linear_in.bias)
DEBUG: get_tensor(transformer_layers_31_gating_linear_out_bias) -> NULL (original requested name: lm.transformer.layers.31.gating.linear_out.bias)
DEBUG: get_tensor(text_linear_bias) -> NULL (original requested name: lm.text_linear.bias)
DEBUG: moshi_lm_load returned successfully
DEBUG: calling mimi_encode_alloc_context
DEBUG: mimi_encode_alloc_context returned successfully
DEBUG: calling mimi_decode_alloc_context
DEBUG: mimi_decode_alloc_context returned successfully
done loading. 135.522995
VRAM_M1_driver_delta_MiB: 5836  (pre_load_free=61879 MiB minus post_load_free=56043 MiB)
VRAM_M2_phys_alloc_MiB:  2857  (ggml_backend_buffer_get_size sum)
DEBUG: calling moshi_lm_start
DEBUG: moshi_lm_start starting
DEBUG: creating StateContext, backend=0x600df68118d0
DEBUG: state_ctx created
DEBUG: kv_cache_type set to 2
DEBUG: calling moshi_lmmodel_states (default path)
DEBUG: moshi_lmmodel_states returned successfully
DEBUG: calling state_ctx->alloc()
DEBUG: calling state_ctx->init()
DEBUG: calling init (scratch)
DEBUG: creating gen->ctx ScratchContext
DEBUG: ScratchContext created
DEBUG: processing system prompts
DEBUG: before forward_text_build
DEBUG: inside forward_text_build - calling embed_build
DEBUG: inside forward_text_build - calling streaming_transformer_graph_build
DEBUG: moshi_streaming_transformer building layer 0 (second loop)
DEBUG:   - norm1
DEBUG:   - self_attn
DEBUG: torch_nn_linear: linear=0x600df74a01b0, x=0x74e5e0006610
DEBUG:   - weight=0x74e7b0c0d460 (transformer_layers_0_self_attn_in_proj_weight, type=12), bias=(nil) (NULL)
DEBUG:   - ggml_mul_mat returned y=0x74e5e0006780
DEBUG: torch_nn_linear: linear=0x600df74aaa20, x=0x74e5e000bf30
DEBUG:   - weight=0x74e7b0c0d5d0 (transformer_layers_0_self_attn_out_proj_weight, type=12), bias=(nil) (NULL)
DEBUG:   - ggml_mul_mat returned y=0x74e5e000c0a0
DEBUG:   - layer_scale_1
DEBUG:   - norm2
DEBUG:   - gating/ff
DEBUG: torch_nn_linear: linear=0x600df74aaaa0, x=0x74e5e000c4f0
DEBUG:   - weight=0x74e7b0c0d740 (transformer_layers_0_gating_linear_in_weight, type=40), bias=(nil) (NULL)
DEBUG:   - ggml_mul_mat returned y=0x74e5e000c660
DEBUG: torch_nn_linear: linear=0x600df74aaac0, x=0x74e5e000cc20
DEBUG:   - weight=0x74e7b0c0d8b0 (transformer_layers_0_gating_linear_out_weight, type=40), bias=(nil) (NULL)
DEBUG:   - ggml_mul_mat returned y=0x74e5e000cd90
DEBUG:   - layer done
DEBUG: moshi_streaming_transformer building layer 1 (second loop)
DEBUG:   - norm1
DEBUG:   - self_attn
DEBUG: torch_nn_linear: linear=0x600df74aabb0, x=0x74e5e000d1e0
DEBUG:   - weight=0x74e7b0c0da20 (transformer_layers_1_self_attn_in_proj_weight, type=12), bias=(nil) (NULL)
DEBUG:   - ggml_mul_mat returned y=0x74e5e000d350
DEBUG: torch_nn_linear: linear=0x600df74aabf0, x=0x74e5e0012b00
DEBUG:   - weight=0x74e7b0c0db90 (transformer_layers_1_self_attn_out_proj_weight, type=12), bias=(nil) (NULL)
DEBUG:   - ggml_mul_mat returned y=0x74e5e0012c70
DEBUG:   - layer_scale_1
DEBUG:   - norm2
DEBUG:   - gating/ff
DEBUG: torch_nn_linear: linear=0x600df74aac70, x=0x74e5e00130c0
DEBUG:   - weight=0x74e7b0c0dd00 (transformer_layers_1_gating_linear_in_weight, type=40), bias=(nil) (NULL)
DEBUG:   - ggml_mul_mat returned y=0x74e5e0013230
DEBUG: torch_nn_linear: linear=0x600df74aac90, x=0x74e5e00137f0
DEBUG:   - weight=0x74e7b0c0de70 (transformer_layers_1_gating_linear_out_weight, type=40), bias=(nil) (NULL)
DEBUG:   - ggml_mul_mat returned y=0x74e5e0013960
DEBUG:   - layer done
DEBUG: moshi_streaming_transformer building layer 2 (second loop)
DEBUG:   - norm1
DEBUG:   - self_attn
DEBUG: torch_nn_linear: linear=0x600df74aad80, x=0x74e5e0013db0
DEBUG:   - weight=0x74e7b0c0dfe0 (transformer_layers_2_self_attn_in_proj_weight, type=12), bias=(nil) (NULL)
DEBUG:   - ggml_mul_mat returned y=0x74e5e0013f20
DEBUG: torch_nn_linear: linear=0x600df74aadc0, x=0x74e5e00196d0
DEBUG:   - weight=0x74e7b0c0e150 (transformer_layers_2_self_attn_out_proj_weight, type=12), bias=(nil) (NULL)
DEBUG:   - ggml_mul_mat returned y=0x74e5e0019840
DEBUG:   - layer_scale_1
DEBUG:   - norm2
DEBUG:   - gating/ff
DEBUG: torch_nn_linear: linear=0x600df74aae40, x=0x74e5e0019c90
DEBUG:   - weight=0x74e7b0c0e2c0 (transformer_layers_2_gating_linear_in_weight, type=40), bias=(nil) (NULL)
DEBUG:   - ggml_mul_mat returned y=0x74e5e0019e00
DEBUG: torch_nn_linear: linear=0x600df74aae60, x=0x74e5e001a3c0
DEBUG:   - weight=0x74e7b0c0e430 (transformer_layers_2_gating_linear_out_weight, type=40), bias=(nil) (NULL)
DEBUG:   - ggml_mul_mat returned y=0x74e5e001a530
DEBUG:   - layer done
DEBUG: moshi_streaming_transformer building layer 3 (second loop)
DEBUG:   - norm1
DEBUG:   - self_attn
DEBUG: torch_nn_linear: linear=0x600df74ab320, x=0x74e5e001a980
DEBUG:   - weight=0x74e7b0c0e5a0 (transformer_layers_3_self_attn_in_proj_weight, type=12), bias=(nil) (NULL)
DEBUG:   - ggml_mul_mat returned y=0x74e5e001aaf0
DEBUG: torch_nn_linear: linear=0x600df74ab360, x=0x74e5e00202a0
DEBUG:   - weight=0x74e7b0c0e710 (transformer_layers_3_self_attn_out_proj_weight, type=12), bias=(nil) (NULL)
DEBUG:   - ggml_mul_mat returned y=0x74e5e0020410
DEBUG:   - layer_scale_1
DEBUG:   - norm2
DEBUG:   - gating/ff
DEBUG: torch_nn_linear: linear=0x600df74ab3e0, x=0x74e5e0020860
DEBUG:   - weight=0x74e7b0c0e880 (transformer_layers_3_gating_linear_in_weight, type=40), bias=(nil) (NULL)
DEBUG:   - ggml_mul_mat returned y=0x74e5e00209d0
DEBUG: torch_nn_linear: linear=0x600df74ab400, x=0x74e5e0020f90
DEBUG:   - weight=0x74e7b0c0e9f0 (transformer_layers_3_gating_linear_out_weight, type=40), bias=(nil) (NULL)
DEBUG:   - ggml_mul_mat returned y=0x74e5e0021100
DEBUG:   - layer done
DEBUG: moshi_streaming_transformer building layer 4 (second loop)
DEBUG:   - norm1
DEBUG:   - self_attn
DEBUG: torch_nn_linear: linear=0x600df74ab4f0, x=0x74e5e0021550
DEBUG:   - weight=0x74e7b0c0eb60 (transformer_layers_4_self_attn_in_proj_weight, type=12), bias=(nil) (NULL)
DEBUG:   - ggml_mul_mat returned y=0x74e5e00216c0
DEBUG: torch_nn_linear: linear=0x600df74ab530, x=0x74e5e0026e70
DEBUG:   - weight=0x74e7b0c0ecd0 (transformer_layers_4_self_attn_out_proj_weight, type=12), bias=(nil) (NULL)
DEBUG:   - ggml_mul_mat returned y=0x74e5e0026fe0
DEBUG:   - layer_scale_1
DEBUG:   - norm2
DEBUG:   - gating/ff
DEBUG: torch_nn_linear: linear=0x600df74ab5b0, x=0x74e5e0027430
DEBUG:   - weight=0x74e7b0c0ee40 (transformer_layers_4_gating_linear_in_weight, type=40), bias=(nil) (NULL)
DEBUG:   - ggml_mul_mat returned y=0x74e5e00275a0
DEBUG: torch_nn_linear: linear=0x600df74ab5d0, x=0x74e5e0027b60
DEBUG:   - weight=0x74e7b0c0efb0 (transformer_layers_4_gating_linear_out_weight, type=40), bias=(nil) (NULL)
DEBUG:   - ggml_mul_mat returned y=0x74e5e0027cd0
DEBUG:   - layer done
DEBUG: moshi_streaming_transformer building layer 5 (second loop)
DEBUG:   - norm1
DEBUG:   - self_attn
DEBUG: torch_nn_linear: linear=0x600df74ab6c0, x=0x74e5e0028120
DEBUG:   - weight=0x74e7b0c0f120 (transformer_layers_5_self_attn_in_proj_weight, type=12), bias=(nil) (NULL)
DEBUG:   - ggml_mul_mat returned y=0x74e5e0028290
DEBUG: torch_nn_linear: linear=0x600df74ab700, x=0x74e5e002da40
DEBUG:   - weight=0x74e7b0c0f290 (transformer_layers_5_self_attn_out_proj_weight, type=12), bias=(nil) (NULL)
DEBUG:   - ggml_mul_mat returned y=0x74e5e002dbb0
DEBUG:   - layer_scale_1
DEBUG:   - norm2
DEBUG:   - gating/ff
DEBUG: torch_nn_linear: linear=0x600df74ab780, x=0x74e5e002e000
DEBUG:   - weight=0x74e7b0c0f400 (transformer_layers_5_gating_linear_in_weight, type=40), bias=(nil) (NULL)
DEBUG:   - ggml_mul_mat returned y=0x74e5e002e170
DEBUG: torch_nn_linear: linear=0x600df74ab7a0, x=0x74e5e002e730
DEBUG:   - weight=0x74e7b0c0f570 (transformer_layers_5_gating_linear_out_weight, type=40), bias=(nil) (NULL)
DEBUG:   - ggml_mul_mat returned y=0x74e5e002e8a0
DEBUG:   - layer done
DEBUG: moshi_streaming_transformer building layer 6 (second loop)
DEBUG:   - norm1
DEBUG:   - self_attn
DEBUG: torch_nn_linear: linear=0x600df74ab890, x=0x74e5e002ecf0
DEBUG:   - weight=0x74e7b0c0f6e0 (transformer_layers_6_self_attn_in_proj_weight, type=12), bias=(nil) (NULL)
DEBUG:   - ggml_mul_mat returned y=0x74e5e002ee60
DEBUG: torch_nn_linear: linear=0x600df74ab8d0, x=0x74e5e0034610
DEBUG:   - weight=0x74e7b0c0f850 (transformer_layers_6_self_attn_out_proj_weight, type=12), bias=(nil) (NULL)
DEBUG:   - ggml_mul_mat returned y=0x74e5e0034780
DEBUG:   - layer_scale_1
DEBUG:   - norm2
DEBUG:   - gating/ff
DEBUG: torch_nn_linear: linear=0x600df74ab950, x=0x74e5e0034bd0
DEBUG:   - weight=0x74e7b0c0f9c0 (transformer_layers_6_gating_linear_in_weight, type=40), bias=(nil) (NULL)
DEBUG:   - ggml_mul_mat returned y=0x74e5e0034d40
DEBUG: torch_nn_linear: linear=0x600df74ab970, x=0x74e5e0035300
DEBUG:   - weight=0x74e7b0c0fb30 (transformer_layers_6_gating_linear_out_weight, type=40), bias=(nil) (NULL)
DEBUG:   - ggml_mul_mat returned y=0x74e5e0035470
DEBUG:   - layer done
DEBUG: moshi_streaming_transformer building layer 7 (second loop)
DEBUG:   - norm1
DEBUG:   - self_attn
DEBUG: torch_nn_linear: linear=0x600df74abad0, x=0x74e5e00358c0
DEBUG:   - weight=0x74e7b0c0fca0 (transformer_layers_7_self_attn_in_proj_weight, type=12), bias=(nil) (NULL)
DEBUG:   - ggml_mul_mat returned y=0x74e5e0035a30
DEBUG: torch_nn_linear: linear=0x600df74abb10, x=0x74e5e003b1e0
DEBUG:   - weight=0x74e7b0c0fe10 (transformer_layers_7_self_attn_out_proj_weight, type=12), bias=(nil) (NULL)
DEBUG:   - ggml_mul_mat returned y=0x74e5e003b350
DEBUG:   - layer_scale_1
DEBUG:   - norm2
DEBUG:   - gating/ff
DEBUG: torch_nn_linear: linear=0x600df74abb90, x=0x74e5e003b7a0
DEBUG:   - weight=0x74e7b0c0ff80 (transformer_layers_7_gating_linear_in_weight, type=40), bias=(nil) (NULL)
DEBUG:   - ggml_mul_mat returned y=0x74e5e003b910
DEBUG: torch_nn_linear: linear=0x600df74abbb0, x=0x74e5e003bed0
DEBUG:   - weight=0x74e7b0c100f0 (transformer_layers_7_gating_linear_out_weight, type=40), bias=(nil) (NULL)
DEBUG:   - ggml_mul_mat returned y=0x74e5e003c040
DEBUG:   - layer done
DEBUG: moshi_streaming_transformer building layer 8 (second loop)
DEBUG:   - norm1
DEBUG:   - self_attn
DEBUG: torch_nn_linear: linear=0x600df74abd10, x=0x74e5e003c490
DEBUG:   - weight=0x74e7b0c10260 (transformer_layers_8_self_attn_in_proj_weight, type=12), bias=(nil) (NULL)
DEBUG:   - ggml_mul_mat returned y=0x74e5e003c600
DEBUG: torch_nn_linear: linear=0x600df74abd50, x=0x74e5e0041db0
DEBUG:   - weight=0x74e7b0c103d0 (transformer_layers_8_self_attn_out_proj_weight, type=12), bias=(nil) (NULL)
DEBUG:   - ggml_mul_mat returned y=0x74e5e0041f20
DEBUG:   - layer_scale_1
DEBUG:   - norm2
DEBUG:   - gating/ff
DEBUG: torch_nn_linear: linear=0x600df74abdd0, x=0x74e5e0042370
DEBUG:   - weight=0x74e7b0c10540 (transformer_layers_8_gating_linear_in_weight, type=40), bias=(nil) (NULL)
DEBUG:   - ggml_mul_mat returned y=0x74e5e00424e0
DEBUG: torch_nn_linear: linear=0x600df74abdf0, x=0x74e5e0042aa0
DEBUG:   - weight=0x74e7b0c106b0 (transformer_layers_8_gating_linear_out_weight, type=40), bias=(nil) (NULL)
DEBUG:   - ggml_mul_mat returned y=0x74e5e0042c10
DEBUG:   - layer done
DEBUG: moshi_streaming_transformer building layer 9 (second loop)
DEBUG:   - norm1
DEBUG:   - self_attn
DEBUG: torch_nn_linear: linear=0x600df74abf50, x=0x74e5e0043060
DEBUG:   - weight=0x74e7b0c10820 (transformer_layers_9_self_attn_in_proj_weight, type=12), bias=(nil) (NULL)
DEBUG:   - ggml_mul_mat returned y=0x74e5e00431d0
DEBUG: torch_nn_linear: linear=0x600df74abf90, x=0x74e5e0048980
DEBUG:   - weight=0x74e7b0c10990 (transformer_layers_9_self_attn_out_proj_weight, type=12), bias=(nil) (NULL)
DEBUG:   - ggml_mul_mat returned y=0x74e5e0048af0
DEBUG:   - layer_scale_1
DEBUG:   - norm2
DEBUG:   - gating/ff
DEBUG: torch_nn_linear: linear=0x600df74ac010, x=0x74e5e0048f40
DEBUG:   - weight=0x74e7b0c10b00 (transformer_layers_9_gating_linear_in_weight, type=40), bias=(nil) (NULL)
DEBUG:   - ggml_mul_mat returned y=0x74e5e00490b0
DEBUG: torch_nn_linear: linear=0x600df74ac030, x=0x74e5e0049670
DEBUG:   - weight=0x74e7b0c10c70 (transformer_layers_9_gating_linear_out_weight, type=40), bias=(nil) (NULL)
DEBUG:   - ggml_mul_mat returned y=0x74e5e00497e0
DEBUG:   - layer done
DEBUG: moshi_streaming_transformer building layer 10 (second loop)
DEBUG:   - norm1
DEBUG:   - self_attn
DEBUG: torch_nn_linear: linear=0x600df74ac190, x=0x74e5e0049c30
DEBUG:   - weight=0x74e7b0c10de0 (transformer_layers_10_self_attn_in_proj_weight, type=12), bias=(nil) (NULL)
DEBUG:   - ggml_mul_mat returned y=0x74e5e0049da0
DEBUG: torch_nn_linear: linear=0x600df74ac1d0, x=0x74e5e004f550
DEBUG:   - weight=0x74e7b0c10f50 (transformer_layers_10_self_attn_out_proj_weight, type=12), bias=(nil) (NULL)
DEBUG:   - ggml_mul_mat returned y=0x74e5e004f6c0
DEBUG:   - layer_scale_1
DEBUG:   - norm2
DEBUG:   - gating/ff
DEBUG: torch_nn_linear: linear=0x600df7551670, x=0x74e5e004fb10
DEBUG:   - weight=0x74e7b0c110c0 (transformer_layers_10_gating_linear_in_weight, type=40), bias=(nil) (NULL)
DEBUG:   - ggml_mul_mat returned y=0x74e5e004fc80
DEBUG: torch_nn_linear: linear=0x600df7551690, x=0x74e5e0050240
DEBUG:   - weight=0x74e7b0c11230 (transformer_layers_10_gating_linear_out_weight, type=40), bias=(nil) (NULL)
DEBUG:   - ggml_mul_mat returned y=0x74e5e00503b0
DEBUG:   - layer done
DEBUG: moshi_streaming_transformer building layer 11 (second loop)
DEBUG:   - norm1
DEBUG:   - self_attn
DEBUG: torch_nn_linear: linear=0x600df75517f0, x=0x74e5e0050800
DEBUG:   - weight=0x74e7b0c113a0 (transformer_layers_11_self_attn_in_proj_weight, type=12), bias=(nil) (NULL)
DEBUG:   - ggml_mul_mat returned y=0x74e5e0050970
DEBUG: torch_nn_linear: linear=0x600df7551830, x=0x74e5e0056120
DEBUG:   - weight=0x74e7b0c11510 (transformer_layers_11_self_attn_out_proj_weight, type=12), bias=(nil) (NULL)
DEBUG:   - ggml_mul_mat returned y=0x74e5e0056290
DEBUG:   - layer_scale_1
DEBUG:   - norm2
DEBUG:   - gating/ff
DEBUG: torch_nn_linear: linear=0x600df75518b0, x=0x74e5e00566e0
DEBUG:   - weight=0x74e7b0c11680 (transformer_layers_11_gating_linear_in_weight, type=40), bias=(nil) (NULL)
DEBUG:   - ggml_mul_mat returned y=0x74e5e0056850
DEBUG: torch_nn_linear: linear=0x600df75518d0, x=0x74e5e0056e10
DEBUG:   - weight=0x74e7b0c117f0 (transformer_layers_11_gating_linear_out_weight, type=40), bias=(nil) (NULL)
DEBUG:   - ggml_mul_mat returned y=0x74e5e0056f80
DEBUG:   - layer done
DEBUG: moshi_streaming_transformer building layer 12 (second loop)
DEBUG:   - norm1
DEBUG:   - self_attn
DEBUG: torch_nn_linear: linear=0x600df7551a30, x=0x74e5e00573d0
DEBUG:   - weight=0x74e7b0c11960 (transformer_layers_12_self_attn_in_proj_weight, type=12), bias=(nil) (NULL)
DEBUG:   - ggml_mul_mat returned y=0x74e5e0057540
DEBUG: torch_nn_linear: linear=0x600df7551a70, x=0x74e5e005ccf0
DEBUG:   - weight=0x74e7b0c11ad0 (transformer_layers_12_self_attn_out_proj_weight, type=12), bias=(nil) (NULL)
DEBUG:   - ggml_mul_mat returned y=0x74e5e005ce60
DEBUG:   - layer_scale_1
DEBUG:   - norm2
DEBUG:   - gating/ff
DEBUG: torch_nn_linear: linear=0x600df7551af0, x=0x74e5e005d2b0
DEBUG:   - weight=0x74e7b0c11c40 (transformer_layers_12_gating_linear_in_weight, type=40), bias=(nil) (NULL)
DEBUG:   - ggml_mul_mat returned y=0x74e5e005d420
DEBUG: torch_nn_linear: linear=0x600df7551b10, x=0x74e5e005d9e0
DEBUG:   - weight=0x74e7b0c11db0 (transformer_layers_12_gating_linear_out_weight, type=40), bias=(nil) (NULL)
DEBUG:   - ggml_mul_mat returned y=0x74e5e005db50
DEBUG:   - layer done
DEBUG: moshi_streaming_transformer building layer 13 (second loop)
DEBUG:   - norm1
DEBUG:   - self_attn
DEBUG: torch_nn_linear: linear=0x600df7551c70, x=0x74e5e005dfa0
DEBUG:   - weight=0x74e7b0c11f20 (transformer_layers_13_self_attn_in_proj_weight, type=12), bias=(nil) (NULL)
DEBUG:   - ggml_mul_mat returned y=0x74e5e005e110
DEBUG: torch_nn_linear: linear=0x600df7551cb0, x=0x74e5e00638c0
DEBUG:   - weight=0x74e7b0c12090 (transformer_layers_13_self_attn_out_proj_weight, type=12), bias=(nil) (NULL)
DEBUG:   - ggml_mul_mat returned y=0x74e5e0063a30
DEBUG:   - layer_scale_1
DEBUG:   - norm2
DEBUG:   - gating/ff
DEBUG: torch_nn_linear: linear=0x600df7551d30, x=0x74e5e0063e80
DEBUG:   - weight=0x74e7b0c12200 (transformer_layers_13_gating_linear_in_weight, type=40), bias=(nil) (NULL)
DEBUG:   - ggml_mul_mat returned y=0x74e5e0063ff0
DEBUG: torch_nn_linear: linear=0x600df7551d50, x=0x74e5e00645b0
DEBUG:   - weight=0x74e7b0c12370 (transformer_layers_13_gating_linear_out_weight, type=40), bias=(nil) (NULL)
DEBUG:   - ggml_mul_mat returned y=0x74e5e0064720
DEBUG:   - layer done
DEBUG: moshi_streaming_transformer building layer 14 (second loop)
DEBUG:   - norm1
DEBUG:   - self_attn
DEBUG: torch_nn_linear: linear=0x600df7551eb0, x=0x74e5e0064b70
DEBUG:   - weight=0x74e7b0c124e0 (transformer_layers_14_self_attn_in_proj_weight, type=12), bias=(nil) (NULL)
DEBUG:   - ggml_mul_mat returned y=0x74e5e0064ce0
DEBUG: torch_nn_linear: linear=0x600df7551ef0, x=0x74e5e006a490
DEBUG:   - weight=0x74e7b0c12650 (transformer_layers_14_self_attn_out_proj_weight, type=12), bias=(nil) (NULL)
DEBUG:   - ggml_mul_mat returned y=0x74e5e006a600
DEBUG:   - layer_scale_1
DEBUG:   - norm2
DEBUG:   - gating/ff
DEBUG: torch_nn_linear: linear=0x600df7551f70, x=0x74e5e006aa50
DEBUG:   - weight=0x74e7b0c127c0 (transformer_layers_14_gating_linear_in_weight, type=40), bias=(nil) (NULL)
DEBUG:   - ggml_mul_mat returned y=0x74e5e006abc0
DEBUG: torch_nn_linear: linear=0x600df7551f90, x=0x74e5e006b180
DEBUG:   - weight=0x74e7b0c12930 (transformer_layers_14_gating_linear_out_weight, type=40), bias=(nil) (NULL)
DEBUG:   - ggml_mul_mat returned y=0x74e5e006b2f0
DEBUG:   - layer done
DEBUG: moshi_streaming_transformer building layer 15 (second loop)
DEBUG:   - norm1
DEBUG:   - self_attn
DEBUG: torch_nn_linear: linear=0x600df75520f0, x=0x74e5e006b740
DEBUG:   - weight=0x74e7b0c12aa0 (transformer_layers_15_self_attn_in_proj_weight, type=12), bias=(nil) (NULL)
DEBUG:   - ggml_mul_mat returned y=0x74e5e006b8b0
DEBUG: torch_nn_linear: linear=0x600df7552130, x=0x74e5e0071060
DEBUG:   - weight=0x74e7b0c12c10 (transformer_layers_15_self_attn_out_proj_weight, type=12), bias=(nil) (NULL)
DEBUG:   - ggml_mul_mat returned y=0x74e5e00711d0
DEBUG:   - layer_scale_1
DEBUG:   - norm2
DEBUG:   - gating/ff
DEBUG: torch_nn_linear: linear=0x600df75521b0, x=0x74e5e0071620
DEBUG:   - weight=0x74e7b0c12d80 (transformer_layers_15_gating_linear_in_weight, type=40), bias=(nil) (NULL)
DEBUG:   - ggml_mul_mat returned y=0x74e5e0071790
DEBUG: torch_nn_linear: linear=0x600df75521d0, x=0x74e5e0071d50
DEBUG:   - weight=0x74e7b0c12ef0 (transformer_layers_15_gating_linear_out_weight, type=40), bias=(nil) (NULL)
DEBUG:   - ggml_mul_mat returned y=0x74e5e0071ec0
DEBUG:   - layer done
DEBUG: moshi_streaming_transformer building layer 16 (second loop)
DEBUG:   - norm1
DEBUG:   - self_attn
DEBUG: torch_nn_linear: linear=0x600df7552330, x=0x74e5e0072310
DEBUG:   - weight=0x74e7b0c13060 (transformer_layers_16_self_attn_in_proj_weight, type=12), bias=(nil) (NULL)
DEBUG:   - ggml_mul_mat returned y=0x74e5e0072480
DEBUG: torch_nn_linear: linear=0x600df7552370, x=0x74e5e0077c30
DEBUG:   - weight=0x74e7b0c131d0 (transformer_layers_16_self_attn_out_proj_weight, type=12), bias=(nil) (NULL)
DEBUG:   - ggml_mul_mat returned y=0x74e5e0077da0
DEBUG:   - layer_scale_1
DEBUG:   - norm2
DEBUG:   - gating/ff
DEBUG: torch_nn_linear: linear=0x600df75523f0, x=0x74e5e00781f0
DEBUG:   - weight=0x74e7b0c13340 (transformer_layers_16_gating_linear_in_weight, type=40), bias=(nil) (NULL)
DEBUG:   - ggml_mul_mat returned y=0x74e5e0078360
DEBUG: torch_nn_linear: linear=0x600df7552410, x=0x74e5e0078920
DEBUG:   - weight=0x74e7b0c134b0 (transformer_layers_16_gating_linear_out_weight, type=40), bias=(nil) (NULL)
DEBUG:   - ggml_mul_mat returned y=0x74e5e0078a90
DEBUG:   - layer done
DEBUG: moshi_streaming_transformer building layer 17 (second loop)
DEBUG:   - norm1
DEBUG:   - self_attn
DEBUG: torch_nn_linear: linear=0x600df7552570, x=0x74e5e0078ee0
DEBUG:   - weight=0x74e7b0c13620 (transformer_layers_17_self_attn_in_proj_weight, type=12), bias=(nil) (NULL)
DEBUG:   - ggml_mul_mat returned y=0x74e5e0079050
DEBUG: torch_nn_linear: linear=0x600df75525b0, x=0x74e5e007e800
DEBUG:   - weight=0x74e7b0c13790 (transformer_layers_17_self_attn_out_proj_weight, type=12), bias=(nil) (NULL)
DEBUG:   - ggml_mul_mat returned y=0x74e5e007e970
DEBUG:   - layer_scale_1
DEBUG:   - norm2
DEBUG:   - gating/ff
DEBUG: torch_nn_linear: linear=0x600df7552630, x=0x74e5e007edc0
DEBUG:   - weight=0x74e7b0c13900 (transformer_layers_17_gating_linear_in_weight, type=40), bias=(nil) (NULL)
DEBUG:   - ggml_mul_mat returned y=0x74e5e007ef30
DEBUG: torch_nn_linear: linear=0x600df7552650, x=0x74e5e007f4f0
DEBUG:   - weight=0x74e7b0c13a70 (transformer_layers_17_gating_linear_out_weight, type=40), bias=(nil) (NULL)
DEBUG:   - ggml_mul_mat returned y=0x74e5e007f660
DEBUG:   - layer done
DEBUG: moshi_streaming_transformer building layer 18 (second loop)
DEBUG:   - norm1
DEBUG:   - self_attn
DEBUG: torch_nn_linear: linear=0x600df75527b0, x=0x74e5e007fab0
DEBUG:   - weight=0x74e7b0c13be0 (transformer_layers_18_self_attn_in_proj_weight, type=12), bias=(nil) (NULL)
DEBUG:   - ggml_mul_mat returned y=0x74e5e007fc20
DEBUG: torch_nn_linear: linear=0x600df75527f0, x=0x74e5e00853d0
DEBUG:   - weight=0x74e7b0c13d50 (transformer_layers_18_self_attn_out_proj_weight, type=12), bias=(nil) (NULL)
DEBUG:   - ggml_mul_mat returned y=0x74e5e0085540
DEBUG:   - layer_scale_1
DEBUG:   - norm2
DEBUG:   - gating/ff
DEBUG: torch_nn_linear: linear=0x600df7552870, x=0x74e5e0085990
DEBUG:   - weight=0x74e7b0c13ec0 (transformer_layers_18_gating_linear_in_weight, type=40), bias=(nil) (NULL)
DEBUG:   - ggml_mul_mat returned y=0x74e5e0085b00
DEBUG: torch_nn_linear: linear=0x600df7552890, x=0x74e5e00860c0
DEBUG:   - weight=0x74e7b0c14030 (transformer_layers_18_gating_linear_out_weight, type=40), bias=(nil) (NULL)
DEBUG:   - ggml_mul_mat returned y=0x74e5e0086230
DEBUG:   - layer done
DEBUG: moshi_streaming_transformer building layer 19 (second loop)
DEBUG:   - norm1
DEBUG:   - self_attn
DEBUG: torch_nn_linear: linear=0x600df75529f0, x=0x74e5e0086680
DEBUG:   - weight=0x74e7b0c141a0 (transformer_layers_19_self_attn_in_proj_weight, type=12), bias=(nil) (NULL)
DEBUG:   - ggml_mul_mat returned y=0x74e5e00867f0
DEBUG: torch_nn_linear: linear=0x600df7552a30, x=0x74e5e008bfa0
DEBUG:   - weight=0x74e7b0c14310 (transformer_layers_19_self_attn_out_proj_weight, type=12), bias=(nil) (NULL)
DEBUG:   - ggml_mul_mat returned y=0x74e5e008c110
DEBUG:   - layer_scale_1
DEBUG:   - norm2
DEBUG:   - gating/ff
DEBUG: torch_nn_linear: linear=0x600df7552ab0, x=0x74e5e008c560
DEBUG:   - weight=0x74e7b0c14480 (transformer_layers_19_gating_linear_in_weight, type=40), bias=(nil) (NULL)
DEBUG:   - ggml_mul_mat returned y=0x74e5e008c6d0
DEBUG: torch_nn_linear: linear=0x600df7552ad0, x=0x74e5e008cc90
DEBUG:   - weight=0x74e7b0c145f0 (transformer_layers_19_gating_linear_out_weight, type=40), bias=(nil) (NULL)
DEBUG:   - ggml_mul_mat returned y=0x74e5e008ce00
DEBUG:   - layer done
DEBUG: moshi_streaming_transformer building layer 20 (second loop)
DEBUG:   - norm1
DEBUG:   - self_attn
DEBUG: torch_nn_linear: linear=0x600df7552c30, x=0x74e5e008d250
DEBUG:   - weight=0x74e7b0c14760 (transformer_layers_20_self_attn_in_proj_weight, type=12), bias=(nil) (NULL)
DEBUG:   - ggml_mul_mat returned y=0x74e5e008d3c0
DEBUG: torch_nn_linear: linear=0x600df7552c70, x=0x74e5e0092b70
DEBUG:   - weight=0x74e7b0c148d0 (transformer_layers_20_self_attn_out_proj_weight, type=12), bias=(nil) (NULL)
DEBUG:   - ggml_mul_mat returned y=0x74e5e0092ce0
DEBUG:   - layer_scale_1
DEBUG:   - norm2
DEBUG:   - gating/ff
DEBUG: torch_nn_linear: linear=0x600df7552cf0, x=0x74e5e0093130
DEBUG:   - weight=0x74e7b0c14a40 (transformer_layers_20_gating_linear_in_weight, type=40), bias=(nil) (NULL)
DEBUG:   - ggml_mul_mat returned y=0x74e5e00932a0
DEBUG: torch_nn_linear: linear=0x600df7552d10, x=0x74e5e0093860
DEBUG:   - weight=0x74e7b0c14bb0 (transformer_layers_20_gating_linear_out_weight, type=40), bias=(nil) (NULL)
DEBUG:   - ggml_mul_mat returned y=0x74e5e00939d0
DEBUG:   - layer done
DEBUG: moshi_streaming_transformer building layer 21 (second loop)
DEBUG:   - norm1
DEBUG:   - self_attn
DEBUG: torch_nn_linear: linear=0x600df7552e70, x=0x74e5e0093e20
DEBUG:   - weight=0x74e7b0c14d20 (transformer_layers_21_self_attn_in_proj_weight, type=12), bias=(nil) (NULL)
DEBUG:   - ggml_mul_mat returned y=0x74e5e0093f90
DEBUG: torch_nn_linear: linear=0x600df7552eb0, x=0x74e5e0099740
DEBUG:   - weight=0x74e7b0c14e90 (transformer_layers_21_self_attn_out_proj_weight, type=12), bias=(nil) (NULL)
DEBUG:   - ggml_mul_mat returned y=0x74e5e00998b0
DEBUG:   - layer_scale_1
DEBUG:   - norm2
DEBUG:   - gating/ff
DEBUG: torch_nn_linear: linear=0x600df7552f30, x=0x74e5e0099d00
DEBUG:   - weight=0x74e7b0c15000 (transformer_layers_21_gating_linear_in_weight, type=40), bias=(nil) (NULL)
DEBUG:   - ggml_mul_mat returned y=0x74e5e0099e70
DEBUG: torch_nn_linear: linear=0x600df7552f50, x=0x74e5e009a430
DEBUG:   - weight=0x74e7b0c15170 (transformer_layers_21_gating_linear_out_weight, type=40), bias=(nil) (NULL)
DEBUG:   - ggml_mul_mat returned y=0x74e5e009a5a0
DEBUG:   - layer done
DEBUG: moshi_streaming_transformer building layer 22 (second loop)
DEBUG:   - norm1
DEBUG:   - self_attn
DEBUG: torch_nn_linear: linear=0x600df75530b0, x=0x74e5e009a9f0
DEBUG:   - weight=0x74e7b0c152e0 (transformer_layers_22_self_attn_in_proj_weight, type=12), bias=(nil) (NULL)
DEBUG:   - ggml_mul_mat returned y=0x74e5e009ab60
DEBUG: torch_nn_linear: linear=0x600df75530f0, x=0x74e5e00a0310
DEBUG:   - weight=0x74e7b0c15450 (transformer_layers_22_self_attn_out_proj_weight, type=12), bias=(nil) (NULL)
DEBUG:   - ggml_mul_mat returned y=0x74e5e00a0480
DEBUG:   - layer_scale_1
DEBUG:   - norm2
DEBUG:   - gating/ff
DEBUG: torch_nn_linear: linear=0x600df7553170, x=0x74e5e00a08d0
DEBUG:   - weight=0x74e7b0c155c0 (transformer_layers_22_gating_linear_in_weight, type=40), bias=(nil) (NULL)
DEBUG:   - ggml_mul_mat returned y=0x74e5e00a0a40
DEBUG: torch_nn_linear: linear=0x600df7553190, x=0x74e5e00a1000
DEBUG:   - weight=0x74e7b0c15730 (transformer_layers_22_gating_linear_out_weight, type=40), bias=(nil) (NULL)
DEBUG:   - ggml_mul_mat returned y=0x74e5e00a1170
DEBUG:   - layer done
DEBUG: moshi_streaming_transformer building layer 23 (second loop)
DEBUG:   - norm1
DEBUG:   - self_attn
DEBUG: torch_nn_linear: linear=0x600df75532f0, x=0x74e5e00a15c0
DEBUG:   - weight=0x74e7b0c158a0 (transformer_layers_23_self_attn_in_proj_weight, type=12), bias=(nil) (NULL)
DEBUG:   - ggml_mul_mat returned y=0x74e5e00a1730
DEBUG: torch_nn_linear: linear=0x600df7553330, x=0x74e5e00a6ee0
DEBUG:   - weight=0x74e7b0c15a10 (transformer_layers_23_self_attn_out_proj_weight, type=12), bias=(nil) (NULL)
DEBUG:   - ggml_mul_mat returned y=0x74e5e00a7050
DEBUG:   - layer_scale_1
DEBUG:   - norm2
DEBUG:   - gating/ff
DEBUG: torch_nn_linear: linear=0x600df75533b0, x=0x74e5e00a74a0
DEBUG:   - weight=0x74e7b0c15b80 (transformer_layers_23_gating_linear_in_weight, type=40), bias=(nil) (NULL)
DEBUG:   - ggml_mul_mat returned y=0x74e5e00a7610
DEBUG: torch_nn_linear: linear=0x600df75533d0, x=0x74e5e00a7bd0
DEBUG:   - weight=0x74e7b0c15cf0 (transformer_layers_23_gating_linear_out_weight, type=40), bias=(nil) (NULL)
DEBUG:   - ggml_mul_mat returned y=0x74e5e00a7d40
DEBUG:   - layer done
DEBUG: moshi_streaming_transformer building layer 24 (second loop)
DEBUG:   - norm1
DEBUG:   - self_attn
DEBUG: torch_nn_linear: linear=0x600df7553530, x=0x74e5e00a8190
DEBUG:   - weight=0x74e7b0c15e60 (transformer_layers_24_self_attn_in_proj_weight, type=12), bias=(nil) (NULL)
DEBUG:   - ggml_mul_mat returned y=0x74e5e00a8300
DEBUG: torch_nn_linear: linear=0x600df7553570, x=0x74e5e00adab0
DEBUG:   - weight=0x74e7b0c15fd0 (transformer_layers_24_self_attn_out_proj_weight, type=12), bias=(nil) (NULL)
DEBUG:   - ggml_mul_mat returned y=0x74e5e00adc20
DEBUG:   - layer_scale_1
DEBUG:   - norm2
DEBUG:   - gating/ff
DEBUG: torch_nn_linear: linear=0x600df75535f0, x=0x74e5e00ae070
DEBUG:   - weight=0x74e7b0c16140 (transformer_layers_24_gating_linear_in_weight, type=40), bias=(nil) (NULL)
DEBUG:   - ggml_mul_mat returned y=0x74e5e00ae1e0
DEBUG: torch_nn_linear: linear=0x600df7553610, x=0x74e5e00ae7a0
DEBUG:   - weight=0x74e7b0c162b0 (transformer_layers_24_gating_linear_out_weight, type=40), bias=(nil) (NULL)
DEBUG:   - ggml_mul_mat returned y=0x74e5e00ae910
DEBUG:   - layer done
DEBUG: moshi_streaming_transformer building layer 25 (second loop)
DEBUG:   - norm1
DEBUG:   - self_attn
DEBUG: torch_nn_linear: linear=0x600df7553770, x=0x74e5e00aed60
DEBUG:   - weight=0x74e7b0c16420 (transformer_layers_25_self_attn_in_proj_weight, type=12), bias=(nil) (NULL)
DEBUG:   - ggml_mul_mat returned y=0x74e5e00aeed0
DEBUG: torch_nn_linear: linear=0x600df75537b0, x=0x74e5e00b4680
DEBUG:   - weight=0x74e7b0c16590 (transformer_layers_25_self_attn_out_proj_weight, type=12), bias=(nil) (NULL)
DEBUG:   - ggml_mul_mat returned y=0x74e5e00b47f0
DEBUG:   - layer_scale_1
DEBUG:   - norm2
DEBUG:   - gating/ff
DEBUG: torch_nn_linear: linear=0x600df7553830, x=0x74e5e00b4c40
DEBUG:   - weight=0x74e7b0c16700 (transformer_layers_25_gating_linear_in_weight, type=40), bias=(nil) (NULL)
DEBUG:   - ggml_mul_mat returned y=0x74e5e00b4db0
DEBUG: torch_nn_linear: linear=0x600df7553850, x=0x74e5e00b5370
DEBUG:   - weight=0x74e7b0c16870 (transformer_layers_25_gating_linear_out_weight, type=40), bias=(nil) (NULL)
DEBUG:   - ggml_mul_mat returned y=0x74e5e00b54e0
DEBUG:   - layer done
DEBUG: moshi_streaming_transformer building layer 26 (second loop)
DEBUG:   - norm1
DEBUG:   - self_attn
DEBUG: torch_nn_linear: linear=0x600df75539b0, x=0x74e5e00b5930
DEBUG:   - weight=0x74e7b0c169e0 (transformer_layers_26_self_attn_in_proj_weight, type=12), bias=(nil) (NULL)
DEBUG:   - ggml_mul_mat returned y=0x74e5e00b5aa0
DEBUG: torch_nn_linear: linear=0x600df75539f0, x=0x74e5e00bb250
DEBUG:   - weight=0x74e7b0c16b50 (transformer_layers_26_self_attn_out_proj_weight, type=12), bias=(nil) (NULL)
DEBUG:   - ggml_mul_mat returned y=0x74e5e00bb3c0
DEBUG:   - layer_scale_1
DEBUG:   - norm2
DEBUG:   - gating/ff
DEBUG: torch_nn_linear: linear=0x600df7553a70, x=0x74e5e00bb810
DEBUG:   - weight=0x74e7b0c16cc0 (transformer_layers_26_gating_linear_in_weight, type=40), bias=(nil) (NULL)
DEBUG:   - ggml_mul_mat returned y=0x74e5e00bb980
DEBUG: torch_nn_linear: linear=0x600df7553a90, x=0x74e5e00bbf40
DEBUG:   - weight=0x74e7b0c16e30 (transformer_layers_26_gating_linear_out_weight, type=40), bias=(nil) (NULL)
DEBUG:   - ggml_mul_mat returned y=0x74e5e00bc0b0
DEBUG:   - layer done
DEBUG: moshi_streaming_transformer building layer 27 (second loop)
DEBUG:   - norm1
DEBUG:   - self_attn
DEBUG: torch_nn_linear: linear=0x600df7553bf0, x=0x74e5e00bc500
DEBUG:   - weight=0x74e7b0c16fa0 (transformer_layers_27_self_attn_in_proj_weight, type=12), bias=(nil) (NULL)
DEBUG:   - ggml_mul_mat returned y=0x74e5e00bc670
DEBUG: torch_nn_linear: linear=0x600df7553c30, x=0x74e5e00c1e20
DEBUG:   - weight=0x74e7b0c17110 (transformer_layers_27_self_attn_out_proj_weight, type=12), bias=(nil) (NULL)
DEBUG:   - ggml_mul_mat returned y=0x74e5e00c1f90
DEBUG:   - layer_scale_1
DEBUG:   - norm2
DEBUG:   - gating/ff
DEBUG: torch_nn_linear: linear=0x600df7553cb0, x=0x74e5e00c23e0
DEBUG:   - weight=0x74e7b0c17280 (transformer_layers_27_gating_linear_in_weight, type=40), bias=(nil) (NULL)
DEBUG:   - ggml_mul_mat returned y=0x74e5e00c2550
DEBUG: torch_nn_linear: linear=0x600df7553cd0, x=0x74e5e00c2b10
DEBUG:   - weight=0x74e7b0c173f0 (transformer_layers_27_gating_linear_out_weight, type=40), bias=(nil) (NULL)
DEBUG:   - ggml_mul_mat returned y=0x74e5e00c2c80
DEBUG:   - layer done
DEBUG: moshi_streaming_transformer building layer 28 (second loop)
DEBUG:   - norm1
DEBUG:   - self_attn
DEBUG: torch_nn_linear: linear=0x600df7553e30, x=0x74e5e00c30d0
DEBUG:   - weight=0x74e7b0c17560 (transformer_layers_28_self_attn_in_proj_weight, type=12), bias=(nil) (NULL)
DEBUG:   - ggml_mul_mat returned y=0x74e5e00c3240
DEBUG: torch_nn_linear: linear=0x600df7553e70, x=0x74e5e00c89f0
DEBUG:   - weight=0x74e7b0c176d0 (transformer_layers_28_self_attn_out_proj_weight, type=12), bias=(nil) (NULL)
DEBUG:   - ggml_mul_mat returned y=0x74e5e00c8b60
DEBUG:   - layer_scale_1
DEBUG:   - norm2
DEBUG:   - gating/ff
DEBUG: torch_nn_linear: linear=0x600df7553ef0, x=0x74e5e00c8fb0
DEBUG:   - weight=0x74e7b0c17840 (transformer_layers_28_gating_linear_in_weight, type=40), bias=(nil) (NULL)
DEBUG:   - ggml_mul_mat returned y=0x74e5e00c9120
DEBUG: torch_nn_linear: linear=0x600df7553f10, x=0x74e5e00c96e0
DEBUG:   - weight=0x74e7b0c179b0 (transformer_layers_28_gating_linear_out_weight, type=40), bias=(nil) (NULL)
DEBUG:   - ggml_mul_mat returned y=0x74e5e00c9850
DEBUG:   - layer done
DEBUG: moshi_streaming_transformer building layer 29 (second loop)
DEBUG:   - norm1
DEBUG:   - self_attn
DEBUG: torch_nn_linear: linear=0x600df7554070, x=0x74e5e00c9ca0
DEBUG:   - weight=0x74e7b0c17b20 (transformer_layers_29_self_attn_in_proj_weight, type=12), bias=(nil) (NULL)
DEBUG:   - ggml_mul_mat returned y=0x74e5e00c9e10
DEBUG: torch_nn_linear: linear=0x600df75540b0, x=0x74e5e00cf5c0
DEBUG:   - weight=0x74e7b0c17c90 (transformer_layers_29_self_attn_out_proj_weight, type=12), bias=(nil) (NULL)
DEBUG:   - ggml_mul_mat returned y=0x74e5e00cf730
DEBUG:   - layer_scale_1
DEBUG:   - norm2
DEBUG:   - gating/ff
DEBUG: torch_nn_linear: linear=0x600df7554130, x=0x74e5e00cfb80
DEBUG:   - weight=0x74e7b0c17e00 (transformer_layers_29_gating_linear_in_weight, type=40), bias=(nil) (NULL)
DEBUG:   - ggml_mul_mat returned y=0x74e5e00cfcf0
DEBUG: torch_nn_linear: linear=0x600df7554150, x=0x74e5e00d02b0
DEBUG:   - weight=0x74e7b0c17f70 (transformer_layers_29_gating_linear_out_weight, type=40), bias=(nil) (NULL)
DEBUG:   - ggml_mul_mat returned y=0x74e5e00d0420
DEBUG:   - layer done
DEBUG: moshi_streaming_transformer building layer 30 (second loop)
DEBUG:   - norm1
DEBUG:   - self_attn
DEBUG: torch_nn_linear: linear=0x600df75542b0, x=0x74e5e00d0870
DEBUG:   - weight=0x74e7b0c180e0 (transformer_layers_30_self_attn_in_proj_weight, type=12), bias=(nil) (NULL)
DEBUG:   - ggml_mul_mat returned y=0x74e5e00d09e0
DEBUG: torch_nn_linear: linear=0x600df75542f0, x=0x74e5e00d6190
DEBUG:   - weight=0x74e7b0c18250 (transformer_layers_30_self_attn_out_proj_weight, type=12), bias=(nil) (NULL)
DEBUG:   - ggml_mul_mat returned y=0x74e5e00d6300
DEBUG:   - layer_scale_1
DEBUG:   - norm2
DEBUG:   - gating/ff
DEBUG: torch_nn_linear: linear=0x600df7554370, x=0x74e5e00d6750
DEBUG:   - weight=0x74e7b0c183c0 (transformer_layers_30_gating_linear_in_weight, type=40), bias=(nil) (NULL)
DEBUG:   - ggml_mul_mat returned y=0x74e5e00d68c0
DEBUG: torch_nn_linear: linear=0x600df7554390, x=0x74e5e00d6e80
DEBUG:   - weight=0x74e7b0c18530 (transformer_layers_30_gating_linear_out_weight, type=40), bias=(nil) (NULL)
DEBUG:   - ggml_mul_mat returned y=0x74e5e00d6ff0
DEBUG:   - layer done
DEBUG: moshi_streaming_transformer building layer 31 (second loop)
DEBUG:   - norm1
DEBUG:   - self_attn
DEBUG: torch_nn_linear: linear=0x600df75544f0, x=0x74e5e00d7440
DEBUG:   - weight=0x600df7537b10 (transformer_layers_31_self_attn_in_proj_weight, type=1), bias=(nil) (NULL)
DEBUG:   - ggml_mul_mat returned y=0x74e5e00d75b0
DEBUG: torch_nn_linear: linear=0x600df7554530, x=0x74e5e00dcd60
DEBUG:   - weight=0x600df74c8320 (transformer_layers_31_self_attn_out_proj_weight, type=1), bias=(nil) (NULL)
DEBUG:   - ggml_mul_mat returned y=0x74e5e00dced0
DEBUG:   - layer_scale_1
DEBUG:   - norm2
DEBUG:   - gating/ff
DEBUG: torch_nn_linear: linear=0x600df75545b0, x=0x74e5e00dd320
DEBUG:   - weight=0x600df7537c80 (transformer_layers_31_gating_linear_in_weight, type=1), bias=(nil) (NULL)
DEBUG:   - ggml_mul_mat returned y=0x74e5e00dd490
DEBUG: torch_nn_linear: linear=0x600df75545d0, x=0x74e5e00dda50
DEBUG:   - weight=0x600df7537df0 (transformer_layers_31_gating_linear_out_weight, type=1), bias=(nil) (NULL)
DEBUG:   - ggml_mul_mat returned y=0x74e5e00ddbc0
DEBUG:   - layer done
DEBUG: inside forward_text_build - calling torch_nn_linear
DEBUG: torch_nn_linear: linear=0x600df7605860, x=0x74e5e00de010
DEBUG:   - weight=0x600df7551350 (text_linear.weight, type=2), bias=(nil) (NULL)
DEBUG:   - ggml_mul_mat returned y=0x74e5e00de180
DEBUG: after forward_text_build
DEBUG: before graph.alloc()
DEBUG: after graph.alloc()
DEBUG: before forward_text_step
DEBUG: after forward_text_step
DEBUG: before scratch.compute()
DEBUG: after scratch.compute()
DEBUG: before graph.compute()
DEBUG: after graph.compute()
BMO_DUMP: wrote 32 layer tensors (n_elements[0]=4096) to /home/jovyan/work/BMO-Project-Repo/BMO-Project/outputs/single_pass_dumps_OLD_8dfd1ba
DEBUG: torch_nn_linear: linear=0x600df7605930, x=0x600dfaaf6780
DEBUG:   - weight=0x600df754b750 (depformer_in.0.weight, type=2), bias=(nil) (NULL)
DEBUG:   - ggml_mul_mat returned y=0x74e5a1fff790
DEBUG: moshi_streaming_transformer building layer 0 (first loop)
DEBUG:   - norm1
DEBUG:   - self_attn
DEBUG: torch_nn_linear: linear=0x600df75549a0, x=0x74e5a2000310
DEBUG:   - weight=0x74e7b0bfc060 (depformer_layers_0_self_attn_in_proj_weight (view), type=2), bias=(nil) (NULL)
DEBUG:   - ggml_mul_mat returned y=0x74e5a2000480
DEBUG: torch_nn_linear: linear=0x600df75549c0, x=0x74e5a2003280
DEBUG:   - weight=0x74e7b0bfd760 (depformer_layers_0_self_attn_out_proj_weight (view), type=2), bias=(nil) (NULL)
DEBUG:   - ggml_mul_mat returned y=0x74e5a20033f0
DEBUG:   - layer_scale_1
DEBUG:   - norm2
DEBUG:   - gating/ff
DEBUG: torch_nn_linear: linear=0x600df7554a00, x=0x74e5a20039b0
DEBUG:   - weight=0x600df7538520 (depformer_layers_0_gating_0_linear_in_weight, type=2), bias=(nil) (NULL)
DEBUG:   - ggml_mul_mat returned y=0x74e5a2003b20
DEBUG: torch_nn_linear: linear=0x600df7554a20, x=0x74e5a20040e0
DEBUG:   - weight=0x600df7538690 (depformer_layers_0_gating_0_linear_out_weight, type=2), bias=(nil) (NULL)
DEBUG:   - ggml_mul_mat returned y=0x74e5a2004250
DEBUG:   - layer done
DEBUG: moshi_streaming_transformer building layer 1 (first loop)
DEBUG:   - norm1
DEBUG:   - self_attn
DEBUG: torch_nn_linear: linear=0x600df7555690, x=0x74e5a2004810
DEBUG:   - weight=0x74e7b0bfee60 (depformer_layers_1_self_attn_in_proj_weight (view), type=2), bias=(nil) (NULL)
DEBUG:   - ggml_mul_mat returned y=0x74e5a2004980
DEBUG: torch_nn_linear: linear=0x600df75556b0, x=0x74e5a2007780
DEBUG:   - weight=0x74e7b0c00560 (depformer_layers_1_self_attn_out_proj_weight (view), type=2), bias=(nil) (NULL)
DEBUG:   - ggml_mul_mat returned y=0x74e5a20078f0
DEBUG:   - layer_scale_1
DEBUG:   - norm2
DEBUG:   - gating/ff
DEBUG: torch_nn_linear: linear=0x600df75556f0, x=0x74e5a2007eb0
DEBUG:   - weight=0x600df753b8e0 (depformer_layers_1_gating_0_linear_in_weight, type=2), bias=(nil) (NULL)
DEBUG:   - ggml_mul_mat returned y=0x74e5a2008020
DEBUG: torch_nn_linear: linear=0x600df7555710, x=0x74e5a20085e0
DEBUG:   - weight=0x600df753ba50 (depformer_layers_1_gating_0_linear_out_weight, type=2), bias=(nil) (NULL)
DEBUG:   - ggml_mul_mat returned y=0x74e5a2008750
DEBUG:   - layer done
DEBUG: moshi_streaming_transformer building layer 2 (first loop)
DEBUG:   - norm1
DEBUG:   - self_attn
DEBUG: torch_nn_linear: linear=0x600df7556380, x=0x74e5a2008d10
DEBUG:   - weight=0x74e7b0c01c60 (depformer_layers_2_self_attn_in_proj_weight (view), type=2), bias=(nil) (NULL)
DEBUG:   - ggml_mul_mat returned y=0x74e5a2008e80
DEBUG: torch_nn_linear: linear=0x600df75563a0, x=0x74e5a200bc80
DEBUG:   - weight=0x74e7b0c03360 (depformer_layers_2_self_attn_out_proj_weight (view), type=2), bias=(nil) (NULL)
DEBUG:   - ggml_mul_mat returned y=0x74e5a200bdf0
DEBUG:   - layer_scale_1
DEBUG:   - norm2
DEBUG:   - gating/ff
DEBUG: torch_nn_linear: linear=0x600df75563e0, x=0x74e5a200c3b0
DEBUG:   - weight=0x600df753eca0 (depformer_layers_2_gating_0_linear_in_weight, type=2), bias=(nil) (NULL)
DEBUG:   - ggml_mul_mat returned y=0x74e5a200c520
DEBUG: torch_nn_linear: linear=0x600df7556400, x=0x74e5a200cae0
DEBUG:   - weight=0x600df753ee10 (depformer_layers_2_gating_0_linear_out_weight, type=2), bias=(nil) (NULL)
DEBUG:   - ggml_mul_mat returned y=0x74e5a200cc50
DEBUG:   - layer done
DEBUG: moshi_streaming_transformer building layer 3 (first loop)
DEBUG:   - norm1
DEBUG:   - self_attn
DEBUG: torch_nn_linear: linear=0x600df7557070, x=0x74e5a200d210
DEBUG:   - weight=0x74e7b0c04a60 (depformer_layers_3_self_attn_in_proj_weight (view), type=2), bias=(nil) (NULL)
DEBUG:   - ggml_mul_mat returned y=0x74e5a200d380
DEBUG: torch_nn_linear: linear=0x600df7557090, x=0x74e5a2010180
DEBUG:   - weight=0x74e7b0c06160 (depformer_layers_3_self_attn_out_proj_weight (view), type=2), bias=(nil) (NULL)
DEBUG:   - ggml_mul_mat returned y=0x74e5a20102f0
DEBUG:   - layer_scale_1
DEBUG:   - norm2
DEBUG:   - gating/ff
DEBUG: torch_nn_linear: linear=0x600df75570d0, x=0x74e5a20108b0
DEBUG:   - weight=0x600df7542060 (depformer_layers_3_gating_0_linear_in_weight, type=2), bias=(nil) (NULL)
DEBUG:   - ggml_mul_mat returned y=0x74e5a2010a20
DEBUG: torch_nn_linear: linear=0x600df75570f0, x=0x74e5a2010fe0
DEBUG:   - weight=0x600df75421d0 (depformer_layers_3_gating_0_linear_out_weight, type=2), bias=(nil) (NULL)
DEBUG:   - ggml_mul_mat returned y=0x74e5a2011150
DEBUG:   - layer done
DEBUG: moshi_streaming_transformer building layer 4 (first loop)
DEBUG:   - norm1
DEBUG:   - self_attn
DEBUG: torch_nn_linear: linear=0x600df7603d80, x=0x74e5a2011710
DEBUG:   - weight=0x74e7b0c07860 (depformer_layers_4_self_attn_in_proj_weight (view), type=2), bias=(nil) (NULL)
DEBUG:   - ggml_mul_mat returned y=0x74e5a2011880
DEBUG: torch_nn_linear: linear=0x600df7603da0, x=0x74e5a2014680
DEBUG:   - weight=0x74e7b0c08f60 (depformer_layers_4_self_attn_out_proj_weight (view), type=2), bias=(nil) (NULL)
DEBUG:   - ggml_mul_mat returned y=0x74e5a20147f0
DEBUG:   - layer_scale_1
DEBUG:   - norm2
DEBUG:   - gating/ff
DEBUG: torch_nn_linear: linear=0x600df7603de0, x=0x74e5a2014db0
DEBUG:   - weight=0x600df7545420 (depformer_layers_4_gating_0_linear_in_weight, type=2), bias=(nil) (NULL)
DEBUG:   - ggml_mul_mat returned y=0x74e5a2014f20
DEBUG: torch_nn_linear: linear=0x600df7603e00, x=0x74e5a20154e0
DEBUG:   - weight=0x600df7545590 (depformer_layers_4_gating_0_linear_out_weight, type=2), bias=(nil) (NULL)
DEBUG:   - ggml_mul_mat returned y=0x74e5a2015650
DEBUG:   - layer done
DEBUG: moshi_streaming_transformer building layer 5 (first loop)
DEBUG:   - norm1
DEBUG:   - self_attn
DEBUG: torch_nn_linear: linear=0x600df7604a70, x=0x74e5a2015c10
DEBUG:   - weight=0x74e7b0c0a660 (depformer_layers_5_self_attn_in_proj_weight (view), type=2), bias=(nil) (NULL)
DEBUG:   - ggml_mul_mat returned y=0x74e5a2015d80
DEBUG: torch_nn_linear: linear=0x600df7604a90, x=0x74e5a2018b80
DEBUG:   - weight=0x74e7b0c0bd60 (depformer_layers_5_self_attn_out_proj_weight (view), type=2), bias=(nil) (NULL)
DEBUG:   - ggml_mul_mat returned y=0x74e5a2018cf0
DEBUG:   - layer_scale_1
DEBUG:   - norm2
DEBUG:   - gating/ff
DEBUG: torch_nn_linear: linear=0x600df7604ad0, x=0x74e5a20192b0
DEBUG:   - weight=0x600df75487e0 (depformer_layers_5_gating_0_linear_in_weight, type=2), bias=(nil) (NULL)
DEBUG:   - ggml_mul_mat returned y=0x74e5a2019420
DEBUG: torch_nn_linear: linear=0x600df7604af0, x=0x74e5a20199e0
DEBUG:   - weight=0x600df7548950 (depformer_layers_5_gating_0_linear_out_weight, type=2), bias=(nil) (NULL)
DEBUG:   - ggml_mul_mat returned y=0x74e5a2019b50
DEBUG:   - layer done
DEBUG: torch_nn_linear: linear=0x600df7605dc0, x=0x74e5a2019cc0
DEBUG:   - weight=0x600df754ba30 (linears.0.weight, type=1), bias=(nil) (NULL)
DEBUG:   - ggml_mul_mat returned y=0x74e5a2019e30
DEBUG: torch_nn_linear: linear=0x600df7605950, x=0x600dfaaf6780
DEBUG:   - weight=0x600df754bd10 (depformer_in.1.weight, type=2), bias=(nil) (NULL)
DEBUG:   - ggml_mul_mat returned y=0x74e5a206c4c0
DEBUG: moshi_streaming_transformer building layer 0 (first loop)
DEBUG:   - norm1
DEBUG:   - self_attn
DEBUG: torch_nn_linear: linear=0x600df7554a40, x=0x74e5a206d040
DEBUG:   - weight=0x74e7b0bfc1d0 (depformer_layers_0_self_attn_in_proj_weight (view), type=2), bias=(nil) (NULL)
DEBUG:   - ggml_mul_mat returned y=0x74e5a206d1b0
DEBUG: torch_nn_linear: linear=0x600df7554a60, x=0x74e5a206ffb0
DEBUG:   - weight=0x74e7b0bfd8d0 (depformer_layers_0_self_attn_out_proj_weight (view), type=2), bias=(nil) (NULL)
DEBUG:   - ggml_mul_mat returned y=0x74e5a2070120
DEBUG:   - layer_scale_1
DEBUG:   - norm2
DEBUG:   - gating/ff
DEBUG: torch_nn_linear: linear=0x600df7554aa0, x=0x74e5a20706e0
DEBUG:   - weight=0x600df7538800 (depformer_layers_0_gating_1_linear_in_weight, type=2), bias=(nil) (NULL)
DEBUG:   - ggml_mul_mat returned y=0x74e5a2070850
DEBUG: torch_nn_linear: linear=0x600df7554ac0, x=0x74e5a2070e10
DEBUG:   - weight=0x600df7538970 (depformer_layers_0_gating_1_linear_out_weight, type=2), bias=(nil) (NULL)
DEBUG:   - ggml_mul_mat returned y=0x74e5a2070f80
DEBUG:   - layer done
DEBUG: moshi_streaming_transformer building layer 1 (first loop)
DEBUG:   - norm1
DEBUG:   - self_attn
DEBUG: torch_nn_linear: linear=0x600df7555730, x=0x74e5a2071540
DEBUG:   - weight=0x74e7b0bfefd0 (depformer_layers_1_self_attn_in_proj_weight (view), type=2), bias=(nil) (NULL)
DEBUG:   - ggml_mul_mat returned y=0x74e5a20716b0
DEBUG: torch_nn_linear: linear=0x600df7555750, x=0x74e5a20744b0
DEBUG:   - weight=0x74e7b0c006d0 (depformer_layers_1_self_attn_out_proj_weight (view), type=2), bias=(nil) (NULL)
DEBUG:   - ggml_mul_mat returned y=0x74e5a2074620
DEBUG:   - layer_scale_1
DEBUG:   - norm2
DEBUG:   - gating/ff
DEBUG: torch_nn_linear: linear=0x600df7555790, x=0x74e5a2074be0
DEBUG:   - weight=0x600df753bbc0 (depformer_layers_1_gating_1_linear_in_weight, type=2), bias=(nil) (NULL)
DEBUG:   - ggml_mul_mat returned y=0x74e5a2074d50
DEBUG: torch_nn_linear: linear=0x600df75557b0, x=0x74e5a2075310
DEBUG:   - weight=0x600df753bd30 (depformer_layers_1_gating_1_linear_out_weight, type=2), bias=(nil) (NULL)
DEBUG:   - ggml_mul_mat returned y=0x74e5a2075480
DEBUG:   - layer done
DEBUG: moshi_streaming_transformer building layer 2 (first loop)
DEBUG:   - norm1
DEBUG:   - self_attn
DEBUG: torch_nn_linear: linear=0x600df7556420, x=0x74e5a2075a40
DEBUG:   - weight=0x74e7b0c01dd0 (depformer_layers_2_self_attn_in_proj_weight (view), type=2), bias=(nil) (NULL)
DEBUG:   - ggml_mul_mat returned y=0x74e5a2075bb0
DEBUG: torch_nn_linear: linear=0x600df7556440, x=0x74e5a20789b0
DEBUG:   - weight=0x74e7b0c034d0 (depformer_layers_2_self_attn_out_proj_weight (view), type=2), bias=(nil) (NULL)
DEBUG:   - ggml_mul_mat returned y=0x74e5a2078b20
DEBUG:   - layer_scale_1
DEBUG:   - norm2
DEBUG:   - gating/ff
DEBUG: torch_nn_linear: linear=0x600df7556480, x=0x74e5a20790e0
DEBUG:   - weight=0x600df753ef80 (depformer_layers_2_gating_1_linear_in_weight, type=2), bias=(nil) (NULL)
DEBUG:   - ggml_mul_mat returned y=0x74e5a2079250
DEBUG: torch_nn_linear: linear=0x600df75564a0, x=0x74e5a2079810
DEBUG:   - weight=0x600df753f0f0 (depformer_layers_2_gating_1_linear_out_weight, type=2), bias=(nil) (NULL)
DEBUG:   - ggml_mul_mat returned y=0x74e5a2079980
DEBUG:   - layer done
DEBUG: moshi_streaming_transformer building layer 3 (first loop)
DEBUG:   - norm1
DEBUG:   - self_attn
DEBUG: torch_nn_linear: linear=0x600df7557110, x=0x74e5a2079f40
DEBUG:   - weight=0x74e7b0c04bd0 (depformer_layers_3_self_attn_in_proj_weight (view), type=2), bias=(nil) (NULL)
DEBUG:   - ggml_mul_mat returned y=0x74e5a207a0b0
DEBUG: torch_nn_linear: linear=0x600df7557130, x=0x74e5a207ceb0
DEBUG:   - weight=0x74e7b0c062d0 (depformer_layers_3_self_attn_out_proj_weight (view), type=2), bias=(nil) (NULL)
DEBUG:   - ggml_mul_mat returned y=0x74e5a207d020
DEBUG:   - layer_scale_1
DEBUG:   - norm2
DEBUG:   - gating/ff
DEBUG: torch_nn_linear: linear=0x600df7557170, x=0x74e5a207d5e0
DEBUG:   - weight=0x600df7542340 (depformer_layers_3_gating_1_linear_in_weight, type=2), bias=(nil) (NULL)
DEBUG:   - ggml_mul_mat returned y=0x74e5a207d750
DEBUG: torch_nn_linear: linear=0x600df7557190, x=0x74e5a207dd10
DEBUG:   - weight=0x600df75424b0 (depformer_layers_3_gating_1_linear_out_weight, type=2), bias=(nil) (NULL)
DEBUG:   - ggml_mul_mat returned y=0x74e5a207de80
DEBUG:   - layer done
DEBUG: moshi_streaming_transformer building layer 4 (first loop)
DEBUG:   - norm1
DEBUG:   - self_attn
DEBUG: torch_nn_linear: linear=0x600df7603e20, x=0x74e5a207e440
DEBUG:   - weight=0x74e7b0c079d0 (depformer_layers_4_self_attn_in_proj_weight (view), type=2), bias=(nil) (NULL)
DEBUG:   - ggml_mul_mat returned y=0x74e5a207e5b0
DEBUG: torch_nn_linear: linear=0x600df7603e40, x=0x74e5a20813b0
DEBUG:   - weight=0x74e7b0c090d0 (depformer_layers_4_self_attn_out_proj_weight (view), type=2), bias=(nil) (NULL)
DEBUG:   - ggml_mul_mat returned y=0x74e5a2081520
DEBUG:   - layer_scale_1
DEBUG:   - norm2
DEBUG:   - gating/ff
DEBUG: torch_nn_linear: linear=0x600df7603e80, x=0x74e5a2081ae0
DEBUG:   - weight=0x600df7545700 (depformer_layers_4_gating_1_linear_in_weight, type=2), bias=(nil) (NULL)
DEBUG:   - ggml_mul_mat returned y=0x74e5a2081c50
DEBUG: torch_nn_linear: linear=0x600df7603ea0, x=0x74e5a2082210
DEBUG:   - weight=0x600df7545870 (depformer_layers_4_gating_1_linear_out_weight, type=2), bias=(nil) (NULL)
DEBUG:   - ggml_mul_mat returned y=0x74e5a2082380
DEBUG:   - layer done
DEBUG: moshi_streaming_transformer building layer 5 (first loop)
DEBUG:   - norm1
DEBUG:   - self_attn
DEBUG: torch_nn_linear: linear=0x600df7604b10, x=0x74e5a2082940
DEBUG:   - weight=0x74e7b0c0a7d0 (depformer_layers_5_self_attn_in_proj_weight (view), type=2), bias=(nil) (NULL)
DEBUG:   - ggml_mul_mat returned y=0x74e5a2082ab0
DEBUG: torch_nn_linear: linear=0x600df7604b30, x=0x74e5a20858b0
DEBUG:   - weight=0x74e7b0c0bed0 (depformer_layers_5_self_attn_out_proj_weight (view), type=2), bias=(nil) (NULL)
DEBUG:   - ggml_mul_mat returned y=0x74e5a2085a20
DEBUG:   - layer_scale_1
DEBUG:   - norm2
DEBUG:   - gating/ff
DEBUG: torch_nn_linear: linear=0x600df7604b70, x=0x74e5a2085fe0
DEBUG:   - weight=0x600df7548ac0 (depformer_layers_5_gating_1_linear_in_weight, type=2), bias=(nil) (NULL)
DEBUG:   - ggml_mul_mat returned y=0x74e5a2086150
DEBUG: torch_nn_linear: linear=0x600df7604b90, x=0x74e5a2086710
DEBUG:   - weight=0x600df7548c30 (depformer_layers_5_gating_1_linear_out_weight, type=2), bias=(nil) (NULL)
DEBUG:   - ggml_mul_mat returned y=0x74e5a2086880
DEBUG:   - layer done
DEBUG: torch_nn_linear: linear=0x600df7605de0, x=0x74e5a20869f0
DEBUG:   - weight=0x600df754bff0 (linears.1.weight, type=1), bias=(nil) (NULL)
DEBUG:   - ggml_mul_mat returned y=0x74e5a2086b60
DEBUG: torch_nn_linear: linear=0x600df7605970, x=0x600dfaaf6780
DEBUG:   - weight=0x600df754c2d0 (depformer_in.2.weight, type=2), bias=(nil) (NULL)
DEBUG:   - ggml_mul_mat returned y=0x74e5a2088820
DEBUG: moshi_streaming_transformer building layer 0 (first loop)
DEBUG:   - norm1
DEBUG:   - self_attn
DEBUG: torch_nn_linear: linear=0x600df7554ae0, x=0x74e5a20893a0
DEBUG:   - weight=0x74e7b0bfc340 (depformer_layers_0_self_attn_in_proj_weight (view), type=2), bias=(nil) (NULL)
DEBUG:   - ggml_mul_mat returned y=0x74e5a2089510
DEBUG: torch_nn_linear: linear=0x600df7554b00, x=0x74e5a208c310
DEBUG:   - weight=0x74e7b0bfda40 (depformer_layers_0_self_attn_out_proj_weight (view), type=2), bias=(nil) (NULL)
DEBUG:   - ggml_mul_mat returned y=0x74e5a208c480
DEBUG:   - layer_scale_1
DEBUG:   - norm2
DEBUG:   - gating/ff
DEBUG: torch_nn_linear: linear=0x600df7554b40, x=0x74e5a208ca40
DEBUG:   - weight=0x600df7538ae0 (depformer_layers_0_gating_2_linear_in_weight, type=2), bias=(nil) (NULL)
DEBUG:   - ggml_mul_mat returned y=0x74e5a208cbb0
DEBUG: torch_nn_linear: linear=0x600df7554b60, x=0x74e5a208d170
DEBUG:   - weight=0x600df7538c50 (depformer_layers_0_gating_2_linear_out_weight, type=2), bias=(nil) (NULL)
DEBUG:   - ggml_mul_mat returned y=0x74e5a208d2e0
DEBUG:   - layer done
DEBUG: moshi_streaming_transformer building layer 1 (first loop)
DEBUG:   - norm1
DEBUG:   - self_attn
DEBUG: torch_nn_linear: linear=0x600df75557d0, x=0x74e5a208d8a0
DEBUG:   - weight=0x74e7b0bff140 (depformer_layers_1_self_attn_in_proj_weight (view), type=2), bias=(nil) (NULL)
DEBUG:   - ggml_mul_mat returned y=0x74e5a208da10
DEBUG: torch_nn_linear: linear=0x600df75557f0, x=0x74e5a2090810
DEBUG:   - weight=0x74e7b0c00840 (depformer_layers_1_self_attn_out_proj_weight (view), type=2), bias=(nil) (NULL)
DEBUG:   - ggml_mul_mat returned y=0x74e5a2090980
DEBUG:   - layer_scale_1
DEBUG:   - norm2
DEBUG:   - gating/ff
DEBUG: torch_nn_linear: linear=0x600df7555830, x=0x74e5a2090f40
DEBUG:   - weight=0x600df753bea0 (depformer_layers_1_gating_2_linear_in_weight, type=2), bias=(nil) (NULL)
DEBUG:   - ggml_mul_mat returned y=0x74e5a20910b0
DEBUG: torch_nn_linear: linear=0x600df7555850, x=0x74e5a2091670
DEBUG:   - weight=0x600df753c010 (depformer_layers_1_gating_2_linear_out_weight, type=2), bias=(nil) (NULL)
DEBUG:   - ggml_mul_mat returned y=0x74e5a20917e0
DEBUG:   - layer done
DEBUG: moshi_streaming_transformer building layer 2 (first loop)
DEBUG:   - norm1
DEBUG:   - self_attn
DEBUG: torch_nn_linear: linear=0x600df75564c0, x=0x74e5a2091da0
DEBUG:   - weight=0x74e7b0c01f40 (depformer_layers_2_self_attn_in_proj_weight (view), type=2), bias=(nil) (NULL)
DEBUG:   - ggml_mul_mat returned y=0x74e5a2091f10
DEBUG: torch_nn_linear: linear=0x600df75564e0, x=0x74e5a2094d10
DEBUG:   - weight=0x74e7b0c03640 (depformer_layers_2_self_attn_out_proj_weight (view), type=2), bias=(nil) (NULL)
DEBUG:   - ggml_mul_mat returned y=0x74e5a2094e80
DEBUG:   - layer_scale_1
DEBUG:   - norm2
DEBUG:   - gating/ff
DEBUG: torch_nn_linear: linear=0x600df7556520, x=0x74e5a2095440
DEBUG:   - weight=0x600df753f260 (depformer_layers_2_gating_2_linear_in_weight, type=2), bias=(nil) (NULL)
DEBUG:   - ggml_mul_mat returned y=0x74e5a20955b0
DEBUG: torch_nn_linear: linear=0x600df7556540, x=0x74e5a2095b70
DEBUG:   - weight=0x600df753f3d0 (depformer_layers_2_gating_2_linear_out_weight, type=2), bias=(nil) (NULL)
DEBUG:   - ggml_mul_mat returned y=0x74e5a2095ce0
DEBUG:   - layer done
DEBUG: moshi_streaming_transformer building layer 3 (first loop)
DEBUG:   - norm1
DEBUG:   - self_attn
DEBUG: torch_nn_linear: linear=0x600df75571b0, x=0x74e5a20962a0
DEBUG:   - weight=0x74e7b0c04d40 (depformer_layers_3_self_attn_in_proj_weight (view), type=2), bias=(nil) (NULL)
DEBUG:   - ggml_mul_mat returned y=0x74e5a2096410
DEBUG: torch_nn_linear: linear=0x600df75571d0, x=0x74e5a2099210
DEBUG:   - weight=0x74e7b0c06440 (depformer_layers_3_self_attn_out_proj_weight (view), type=2), bias=(nil) (NULL)
DEBUG:   - ggml_mul_mat returned y=0x74e5a2099380
DEBUG:   - layer_scale_1
DEBUG:   - norm2
DEBUG:   - gating/ff
DEBUG: torch_nn_linear: linear=0x600df7557210, x=0x74e5a2099940
DEBUG:   - weight=0x600df7542620 (depformer_layers_3_gating_2_linear_in_weight, type=2), bias=(nil) (NULL)
DEBUG:   - ggml_mul_mat returned y=0x74e5a2099ab0
DEBUG: torch_nn_linear: linear=0x600df7557230, x=0x74e5a209a070
DEBUG:   - weight=0x600df7542790 (depformer_layers_3_gating_2_linear_out_weight, type=2), bias=(nil) (NULL)
DEBUG:   - ggml_mul_mat returned y=0x74e5a209a1e0
DEBUG:   - layer done
DEBUG: moshi_streaming_transformer building layer 4 (first loop)
DEBUG:   - norm1
DEBUG:   - self_attn
DEBUG: torch_nn_linear: linear=0x600df7603ec0, x=0x74e5a209a7a0
DEBUG:   - weight=0x74e7b0c07b40 (depformer_layers_4_self_attn_in_proj_weight (view), type=2), bias=(nil) (NULL)
DEBUG:   - ggml_mul_mat returned y=0x74e5a209a910
DEBUG: torch_nn_linear: linear=0x600df7603ee0, x=0x74e5a209d710
DEBUG:   - weight=0x74e7b0c09240 (depformer_layers_4_self_attn_out_proj_weight (view), type=2), bias=(nil) (NULL)
DEBUG:   - ggml_mul_mat returned y=0x74e5a209d880
DEBUG:   - layer_scale_1
DEBUG:   - norm2
DEBUG:   - gating/ff
DEBUG: torch_nn_linear: linear=0x600df7603f20, x=0x74e5a209de40
DEBUG:   - weight=0x600df75459e0 (depformer_layers_4_gating_2_linear_in_weight, type=2), bias=(nil) (NULL)
DEBUG:   - ggml_mul_mat returned y=0x74e5a209dfb0
DEBUG: torch_nn_linear: linear=0x600df7603f40, x=0x74e5a209e570
DEBUG:   - weight=0x600df7545b50 (depformer_layers_4_gating_2_linear_out_weight, type=2), bias=(nil) (NULL)
DEBUG:   - ggml_mul_mat returned y=0x74e5a209e6e0
DEBUG:   - layer done
DEBUG: moshi_streaming_transformer building layer 5 (first loop)
DEBUG:   - norm1
DEBUG:   - self_attn
DEBUG: torch_nn_linear: linear=0x600df7604bb0, x=0x74e5a209eca0
DEBUG:   - weight=0x74e7b0c0a940 (depformer_layers_5_self_attn_in_proj_weight (view), type=2), bias=(nil) (NULL)
DEBUG:   - ggml_mul_mat returned y=0x74e5a209ee10
DEBUG: torch_nn_linear: linear=0x600df7604bd0, x=0x74e5a20a1c10
DEBUG:   - weight=0x74e7b0c0c040 (depformer_layers_5_self_attn_out_proj_weight (view), type=2), bias=(nil) (NULL)
DEBUG:   - ggml_mul_mat returned y=0x74e5a20a1d80
DEBUG:   - layer_scale_1
DEBUG:   - norm2
DEBUG:   - gating/ff
DEBUG: torch_nn_linear: linear=0x600df7604c10, x=0x74e5a20a2340
DEBUG:   - weight=0x600df7548da0 (depformer_layers_5_gating_2_linear_in_weight, type=2), bias=(nil) (NULL)
DEBUG:   - ggml_mul_mat returned y=0x74e5a20a24b0
DEBUG: torch_nn_linear: linear=0x600df7604c30, x=0x74e5a20a2a70
DEBUG:   - weight=0x600df7548f10 (depformer_layers_5_gating_2_linear_out_weight, type=2), bias=(nil) (NULL)
DEBUG:   - ggml_mul_mat returned y=0x74e5a20a2be0
DEBUG:   - layer done
DEBUG: torch_nn_linear: linear=0x600df7605e00, x=0x74e5a20a2d50
DEBUG:   - weight=0x600df754c5b0 (linears.2.weight, type=1), bias=(nil) (NULL)
DEBUG:   - ggml_mul_mat returned y=0x74e5a20a2ec0
DEBUG: torch_nn_linear: linear=0x600df7605990, x=0x600dfaaf6780
DEBUG:   - weight=0x600df754c890 (depformer_in.3.weight, type=2), bias=(nil) (NULL)
DEBUG:   - ggml_mul_mat returned y=0x74e5a20a4b80
DEBUG: moshi_streaming_transformer building layer 0 (first loop)
DEBUG:   - norm1
DEBUG:   - self_attn
DEBUG: torch_nn_linear: linear=0x600df7554b80, x=0x74e5a20a5700
DEBUG:   - weight=0x74e7b0bfc4b0 (depformer_layers_0_self_attn_in_proj_weight (view), type=2), bias=(nil) (NULL)
DEBUG:   - ggml_mul_mat returned y=0x74e5a20a5870
DEBUG: torch_nn_linear: linear=0x600df7554ba0, x=0x74e5a20a8670
DEBUG:   - weight=0x74e7b0bfdbb0 (depformer_layers_0_self_attn_out_proj_weight (view), type=2), bias=(nil) (NULL)
DEBUG:   - ggml_mul_mat returned y=0x74e5a20a87e0
DEBUG:   - layer_scale_1
DEBUG:   - norm2
DEBUG:   - gating/ff
DEBUG: torch_nn_linear: linear=0x600df7554be0, x=0x74e5a20a8da0
DEBUG:   - weight=0x600df7538dc0 (depformer_layers_0_gating_3_linear_in_weight, type=2), bias=(nil) (NULL)
DEBUG:   - ggml_mul_mat returned y=0x74e5a20a8f10
DEBUG: torch_nn_linear: linear=0x600df7554c00, x=0x74e5a20a94d0
DEBUG:   - weight=0x600df7538f30 (depformer_layers_0_gating_3_linear_out_weight, type=2), bias=(nil) (NULL)
DEBUG:   - ggml_mul_mat returned y=0x74e5a20a9640
DEBUG:   - layer done
DEBUG: moshi_streaming_transformer building layer 1 (first loop)
DEBUG:   - norm1
DEBUG:   - self_attn
DEBUG: torch_nn_linear: linear=0x600df7555870, x=0x74e5a20a9c00
DEBUG:   - weight=0x74e7b0bff2b0 (depformer_layers_1_self_attn_in_proj_weight (view), type=2), bias=(nil) (NULL)
DEBUG:   - ggml_mul_mat returned y=0x74e5a20a9d70
DEBUG: torch_nn_linear: linear=0x600df7555890, x=0x74e5a20acb70
DEBUG:   - weight=0x74e7b0c009b0 (depformer_layers_1_self_attn_out_proj_weight (view), type=2), bias=(nil) (NULL)
DEBUG:   - ggml_mul_mat returned y=0x74e5a20acce0
DEBUG:   - layer_scale_1
DEBUG:   - norm2
DEBUG:   - gating/ff
DEBUG: torch_nn_linear: linear=0x600df75558d0, x=0x74e5a20ad2a0
DEBUG:   - weight=0x600df753c180 (depformer_layers_1_gating_3_linear_in_weight, type=2), bias=(nil) (NULL)
DEBUG:   - ggml_mul_mat returned y=0x74e5a20ad410
DEBUG: torch_nn_linear: linear=0x600df75558f0, x=0x74e5a20ad9d0
DEBUG:   - weight=0x600df753c2f0 (depformer_layers_1_gating_3_linear_out_weight, type=2), bias=(nil) (NULL)
DEBUG:   - ggml_mul_mat returned y=0x74e5a20adb40
DEBUG:   - layer done
DEBUG: moshi_streaming_transformer building layer 2 (first loop)
DEBUG:   - norm1
DEBUG:   - self_attn
DEBUG: torch_nn_linear: linear=0x600df7556560, x=0x74e5a20ae100
DEBUG:   - weight=0x74e7b0c020b0 (depformer_layers_2_self_attn_in_proj_weight (view), type=2), bias=(nil) (NULL)
DEBUG:   - ggml_mul_mat returned y=0x74e5a20ae270
DEBUG: torch_nn_linear: linear=0x600df7556580, x=0x74e5a20b1070
DEBUG:   - weight=0x74e7b0c037b0 (depformer_layers_2_self_attn_out_proj_weight (view), type=2), bias=(nil) (NULL)
DEBUG:   - ggml_mul_mat returned y=0x74e5a20b11e0
DEBUG:   - layer_scale_1
DEBUG:   - norm2
DEBUG:   - gating/ff
DEBUG: torch_nn_linear: linear=0x600df75565c0, x=0x74e5a20b17a0
DEBUG:   - weight=0x600df753f540 (depformer_layers_2_gating_3_linear_in_weight, type=2), bias=(nil) (NULL)
DEBUG:   - ggml_mul_mat returned y=0x74e5a20b1910
DEBUG: torch_nn_linear: linear=0x600df75565e0, x=0x74e5a20b1ed0
DEBUG:   - weight=0x600df753f6b0 (depformer_layers_2_gating_3_linear_out_weight, type=2), bias=(nil) (NULL)
DEBUG:   - ggml_mul_mat returned y=0x74e5a20b2040
DEBUG:   - layer done
DEBUG: moshi_streaming_transformer building layer 3 (first loop)
DEBUG:   - norm1
DEBUG:   - self_attn
DEBUG: torch_nn_linear: linear=0x600df7557250, x=0x74e5a20b2600
DEBUG:   - weight=0x74e7b0c04eb0 (depformer_layers_3_self_attn_in_proj_weight (view), type=2), bias=(nil) (NULL)
DEBUG:   - ggml_mul_mat returned y=0x74e5a20b2770
DEBUG: torch_nn_linear: linear=0x600df7557270, x=0x74e5a20b5570
DEBUG:   - weight=0x74e7b0c065b0 (depformer_layers_3_self_attn_out_proj_weight (view), type=2), bias=(nil) (NULL)
DEBUG:   - ggml_mul_mat returned y=0x74e5a20b56e0
DEBUG:   - layer_scale_1
DEBUG:   - norm2
DEBUG:   - gating/ff
DEBUG: torch_nn_linear: linear=0x600df75572b0, x=0x74e5a20b5ca0
DEBUG:   - weight=0x600df7542900 (depformer_layers_3_gating_3_linear_in_weight, type=2), bias=(nil) (NULL)
DEBUG:   - ggml_mul_mat returned y=0x74e5a20b5e10
DEBUG: torch_nn_linear: linear=0x600df75572d0, x=0x74e5a20b63d0
DEBUG:   - weight=0x600df7542a70 (depformer_layers_3_gating_3_linear_out_weight, type=2), bias=(nil) (NULL)
DEBUG:   - ggml_mul_mat returned y=0x74e5a20b6540
DEBUG:   - layer done
DEBUG: moshi_streaming_transformer building layer 4 (first loop)
DEBUG:   - norm1
DEBUG:   - self_attn
DEBUG: torch_nn_linear: linear=0x600df7603f60, x=0x74e5a20b6b00
DEBUG:   - weight=0x74e7b0c07cb0 (depformer_layers_4_self_attn_in_proj_weight (view), type=2), bias=(nil) (NULL)
DEBUG:   - ggml_mul_mat returned y=0x74e5a20b6c70
DEBUG: torch_nn_linear: linear=0x600df7603f80, x=0x74e5a20b9a70
DEBUG:   - weight=0x74e7b0c093b0 (depformer_layers_4_self_attn_out_proj_weight (view), type=2), bias=(nil) (NULL)
DEBUG:   - ggml_mul_mat returned y=0x74e5a20b9be0
DEBUG:   - layer_scale_1
DEBUG:   - norm2
DEBUG:   - gating/ff
DEBUG: torch_nn_linear: linear=0x600df7603fc0, x=0x74e5a20ba1a0
DEBUG:   - weight=0x600df7545cc0 (depformer_layers_4_gating_3_linear_in_weight, type=2), bias=(nil) (NULL)
DEBUG:   - ggml_mul_mat returned y=0x74e5a20ba310
DEBUG: torch_nn_linear: linear=0x600df7603fe0, x=0x74e5a20ba8d0
DEBUG:   - weight=0x600df7545e30 (depformer_layers_4_gating_3_linear_out_weight, type=2), bias=(nil) (NULL)
DEBUG:   - ggml_mul_mat returned y=0x74e5a20baa40
DEBUG:   - layer done
DEBUG: moshi_streaming_transformer building layer 5 (first loop)
DEBUG:   - norm1
DEBUG:   - self_attn
DEBUG: torch_nn_linear: linear=0x600df7604c50, x=0x74e5a20bb000
DEBUG:   - weight=0x74e7b0c0aab0 (depformer_layers_5_self_attn_in_proj_weight (view), type=2), bias=(nil) (NULL)
DEBUG:   - ggml_mul_mat returned y=0x74e5a20bb170
DEBUG: torch_nn_linear: linear=0x600df7604c70, x=0x74e5a20bdf70
DEBUG:   - weight=0x74e7b0c0c1b0 (depformer_layers_5_self_attn_out_proj_weight (view), type=2), bias=(nil) (NULL)
DEBUG:   - ggml_mul_mat returned y=0x74e5a20be0e0
DEBUG:   - layer_scale_1
DEBUG:   - norm2
DEBUG:   - gating/ff
DEBUG: torch_nn_linear: linear=0x600df7604cb0, x=0x74e5a20be6a0
DEBUG:   - weight=0x600df7549080 (depformer_layers_5_gating_3_linear_in_weight, type=2), bias=(nil) (NULL)
DEBUG:   - ggml_mul_mat returned y=0x74e5a20be810
DEBUG: torch_nn_linear: linear=0x600df7604cd0, x=0x74e5a20bedd0
DEBUG:   - weight=0x600df75491f0 (depformer_layers_5_gating_3_linear_out_weight, type=2), bias=(nil) (NULL)
DEBUG:   - ggml_mul_mat returned y=0x74e5a20bef40
DEBUG:   - layer done
DEBUG: torch_nn_linear: linear=0x600df7605e20, x=0x74e5a20bf0b0
DEBUG:   - weight=0x600df754cb70 (linears.3.weight, type=1), bias=(nil) (NULL)
DEBUG:   - ggml_mul_mat returned y=0x74e5a20bf220
DEBUG: torch_nn_linear: linear=0x600df76059b0, x=0x600dfaaf6780
DEBUG:   - weight=0x600df754ce50 (depformer_in.4.weight, type=2), bias=(nil) (NULL)
DEBUG:   - ggml_mul_mat returned y=0x74e5a20c0ee0
DEBUG: moshi_streaming_transformer building layer 0 (first loop)
DEBUG:   - norm1
DEBUG:   - self_attn
DEBUG: torch_nn_linear: linear=0x600df7554c20, x=0x74e5a20c1a60
DEBUG:   - weight=0x74e7b0bfc620 (depformer_layers_0_self_attn_in_proj_weight (view), type=2), bias=(nil) (NULL)
DEBUG:   - ggml_mul_mat returned y=0x74e5a20c1bd0
DEBUG: torch_nn_linear: linear=0x600df7554c40, x=0x74e5a20c49d0
DEBUG:   - weight=0x74e7b0bfdd20 (depformer_layers_0_self_attn_out_proj_weight (view), type=2), bias=(nil) (NULL)
DEBUG:   - ggml_mul_mat returned y=0x74e5a20c4b40
DEBUG:   - layer_scale_1
DEBUG:   - norm2
DEBUG:   - gating/ff
DEBUG: torch_nn_linear: linear=0x600df7554c80, x=0x74e5a20c5100
DEBUG:   - weight=0x600df75390a0 (depformer_layers_0_gating_4_linear_in_weight, type=2), bias=(nil) (NULL)
DEBUG:   - ggml_mul_mat returned y=0x74e5a20c5270
DEBUG: torch_nn_linear: linear=0x600df7554ca0, x=0x74e5a20c5830
DEBUG:   - weight=0x600df7539210 (depformer_layers_0_gating_4_linear_out_weight, type=2), bias=(nil) (NULL)
DEBUG:   - ggml_mul_mat returned y=0x74e5a20c59a0
DEBUG:   - layer done
DEBUG: moshi_streaming_transformer building layer 1 (first loop)
DEBUG:   - norm1
DEBUG:   - self_attn
DEBUG: torch_nn_linear: linear=0x600df7555910, x=0x74e5a20c5f60
DEBUG:   - weight=0x74e7b0bff420 (depformer_layers_1_self_attn_in_proj_weight (view), type=2), bias=(nil) (NULL)
DEBUG:   - ggml_mul_mat returned y=0x74e5a20c60d0
DEBUG: torch_nn_linear: linear=0x600df7555930, x=0x74e5a20c8ed0
DEBUG:   - weight=0x74e7b0c00b20 (depformer_layers_1_self_attn_out_proj_weight (view), type=2), bias=(nil) (NULL)
DEBUG:   - ggml_mul_mat returned y=0x74e5a20c9040
DEBUG:   - layer_scale_1
DEBUG:   - norm2
DEBUG:   - gating/ff
DEBUG: torch_nn_linear: linear=0x600df7555970, x=0x74e5a20c9600
DEBUG:   - weight=0x600df753c460 (depformer_layers_1_gating_4_linear_in_weight, type=2), bias=(nil) (NULL)
DEBUG:   - ggml_mul_mat returned y=0x74e5a20c9770
DEBUG: torch_nn_linear: linear=0x600df7555990, x=0x74e5a20c9d30
DEBUG:   - weight=0x600df753c5d0 (depformer_layers_1_gating_4_linear_out_weight, type=2), bias=(nil) (NULL)
DEBUG:   - ggml_mul_mat returned y=0x74e5a20c9ea0
DEBUG:   - layer done
DEBUG: moshi_streaming_transformer building layer 2 (first loop)
DEBUG:   - norm1
DEBUG:   - self_attn
DEBUG: torch_nn_linear: linear=0x600df7556600, x=0x74e5a20ca460
DEBUG:   - weight=0x74e7b0c02220 (depformer_layers_2_self_attn_in_proj_weight (view), type=2), bias=(nil) (NULL)
DEBUG:   - ggml_mul_mat returned y=0x74e5a20ca5d0
DEBUG: torch_nn_linear: linear=0x600df7556620, x=0x74e5a20cd3d0
DEBUG:   - weight=0x74e7b0c03920 (depformer_layers_2_self_attn_out_proj_weight (view), type=2), bias=(nil) (NULL)
DEBUG:   - ggml_mul_mat returned y=0x74e5a20cd540
DEBUG:   - layer_scale_1
DEBUG:   - norm2
DEBUG:   - gating/ff
DEBUG: torch_nn_linear: linear=0x600df7556660, x=0x74e5a20cdb00
DEBUG:   - weight=0x600df753f820 (depformer_layers_2_gating_4_linear_in_weight, type=2), bias=(nil) (NULL)
DEBUG:   - ggml_mul_mat returned y=0x74e5a20cdc70
DEBUG: torch_nn_linear: linear=0x600df7556680, x=0x74e5a20ce230
DEBUG:   - weight=0x600df753f990 (depformer_layers_2_gating_4_linear_out_weight, type=2), bias=(nil) (NULL)
DEBUG:   - ggml_mul_mat returned y=0x74e5a20ce3a0
DEBUG:   - layer done
DEBUG: moshi_streaming_transformer building layer 3 (first loop)
DEBUG:   - norm1
DEBUG:   - self_attn
DEBUG: torch_nn_linear: linear=0x600df75572f0, x=0x74e5a20ce960
DEBUG:   - weight=0x74e7b0c05020 (depformer_layers_3_self_attn_in_proj_weight (view), type=2), bias=(nil) (NULL)
DEBUG:   - ggml_mul_mat returned y=0x74e5a20cead0
DEBUG: torch_nn_linear: linear=0x600df7557310, x=0x74e5a20d18d0
DEBUG:   - weight=0x74e7b0c06720 (depformer_layers_3_self_attn_out_proj_weight (view), type=2), bias=(nil) (NULL)
DEBUG:   - ggml_mul_mat returned y=0x74e5a20d1a40
DEBUG:   - layer_scale_1
DEBUG:   - norm2
DEBUG:   - gating/ff
DEBUG: torch_nn_linear: linear=0x600df7557350, x=0x74e5a20d2000
DEBUG:   - weight=0x600df7542be0 (depformer_layers_3_gating_4_linear_in_weight, type=2), bias=(nil) (NULL)
DEBUG:   - ggml_mul_mat returned y=0x74e5a20d2170
DEBUG: torch_nn_linear: linear=0x600df7557370, x=0x74e5a20d2730
DEBUG:   - weight=0x600df7542d50 (depformer_layers_3_gating_4_linear_out_weight, type=2), bias=(nil) (NULL)
DEBUG:   - ggml_mul_mat returned y=0x74e5a20d28a0
DEBUG:   - layer done
DEBUG: moshi_streaming_transformer building layer 4 (first loop)
DEBUG:   - norm1
DEBUG:   - self_attn
DEBUG: torch_nn_linear: linear=0x600df7604000, x=0x74e5a20d2e60
DEBUG:   - weight=0x74e7b0c07e20 (depformer_layers_4_self_attn_in_proj_weight (view), type=2), bias=(nil) (NULL)
DEBUG:   - ggml_mul_mat returned y=0x74e5a20d2fd0
DEBUG: torch_nn_linear: linear=0x600df7604020, x=0x74e5a20d5dd0
DEBUG:   - weight=0x74e7b0c09520 (depformer_layers_4_self_attn_out_proj_weight (view), type=2), bias=(nil) (NULL)
DEBUG:   - ggml_mul_mat returned y=0x74e5a20d5f40
DEBUG:   - layer_scale_1
DEBUG:   - norm2
DEBUG:   - gating/ff
DEBUG: torch_nn_linear: linear=0x600df7604060, x=0x74e5a20d6500
DEBUG:   - weight=0x600df7545fa0 (depformer_layers_4_gating_4_linear_in_weight, type=2), bias=(nil) (NULL)
DEBUG:   - ggml_mul_mat returned y=0x74e5a20d6670
DEBUG: torch_nn_linear: linear=0x600df7604080, x=0x74e5a20d6c30
DEBUG:   - weight=0x600df7546110 (depformer_layers_4_gating_4_linear_out_weight, type=2), bias=(nil) (NULL)
DEBUG:   - ggml_mul_mat returned y=0x74e5a20d6da0
DEBUG:   - layer done
DEBUG: moshi_streaming_transformer building layer 5 (first loop)
DEBUG:   - norm1
DEBUG:   - self_attn
DEBUG: torch_nn_linear: linear=0x600df7604cf0, x=0x74e5a20d7360
DEBUG:   - weight=0x74e7b0c0ac20 (depformer_layers_5_self_attn_in_proj_weight (view), type=2), bias=(nil) (NULL)
DEBUG:   - ggml_mul_mat returned y=0x74e5a20d74d0
DEBUG: torch_nn_linear: linear=0x600df7604d10, x=0x74e5a20da2d0
DEBUG:   - weight=0x74e7b0c0c320 (depformer_layers_5_self_attn_out_proj_weight (view), type=2), bias=(nil) (NULL)
DEBUG:   - ggml_mul_mat returned y=0x74e5a20da440
DEBUG:   - layer_scale_1
DEBUG:   - norm2
DEBUG:   - gating/ff
DEBUG: torch_nn_linear: linear=0x600df7604d50, x=0x74e5a20daa00
DEBUG:   - weight=0x600df7549360 (depformer_layers_5_gating_4_linear_in_weight, type=2), bias=(nil) (NULL)
DEBUG:   - ggml_mul_mat returned y=0x74e5a20dab70
DEBUG: torch_nn_linear: linear=0x600df7604d70, x=0x74e5a20db130
DEBUG:   - weight=0x600df75494d0 (depformer_layers_5_gating_4_linear_out_weight, type=2), bias=(nil) (NULL)
DEBUG:   - ggml_mul_mat returned y=0x74e5a20db2a0
DEBUG:   - layer done
DEBUG: torch_nn_linear: linear=0x600df7605e40, x=0x74e5a20db410
DEBUG:   - weight=0x600df754d130 (linears.4.weight, type=1), bias=(nil) (NULL)
DEBUG:   - ggml_mul_mat returned y=0x74e5a20db580
DEBUG: torch_nn_linear: linear=0x600df76059d0, x=0x600dfaaf6780
DEBUG:   - weight=0x600df754d410 (depformer_in.5.weight, type=2), bias=(nil) (NULL)
DEBUG:   - ggml_mul_mat returned y=0x74e5a20dd240
DEBUG: moshi_streaming_transformer building layer 0 (first loop)
DEBUG:   - norm1
DEBUG:   - self_attn
DEBUG: torch_nn_linear: linear=0x600df7554cc0, x=0x74e5a20dddc0
DEBUG:   - weight=0x74e7b0bfc790 (depformer_layers_0_self_attn_in_proj_weight (view), type=2), bias=(nil) (NULL)
DEBUG:   - ggml_mul_mat returned y=0x74e5a20ddf30
DEBUG: torch_nn_linear: linear=0x600df7554ce0, x=0x74e5a20e0d30
DEBUG:   - weight=0x74e7b0bfde90 (depformer_layers_0_self_attn_out_proj_weight (view), type=2), bias=(nil) (NULL)
DEBUG:   - ggml_mul_mat returned y=0x74e5a20e0ea0
DEBUG:   - layer_scale_1
DEBUG:   - norm2
DEBUG:   - gating/ff
DEBUG: torch_nn_linear: linear=0x600df7554d20, x=0x74e5a20e1460
DEBUG:   - weight=0x600df7539380 (depformer_layers_0_gating_5_linear_in_weight, type=2), bias=(nil) (NULL)
DEBUG:   - ggml_mul_mat returned y=0x74e5a20e15d0
DEBUG: torch_nn_linear: linear=0x600df7554d40, x=0x74e5a20e1b90
DEBUG:   - weight=0x600df75394f0 (depformer_layers_0_gating_5_linear_out_weight, type=2), bias=(nil) (NULL)
DEBUG:   - ggml_mul_mat returned y=0x74e5a20e1d00
DEBUG:   - layer done
DEBUG: moshi_streaming_transformer building layer 1 (first loop)
DEBUG:   - norm1
DEBUG:   - self_attn
DEBUG: torch_nn_linear: linear=0x600df75559b0, x=0x74e5a20e22c0
DEBUG:   - weight=0x74e7b0bff590 (depformer_layers_1_self_attn_in_proj_weight (view), type=2), bias=(nil) (NULL)
DEBUG:   - ggml_mul_mat returned y=0x74e5a20e2430
DEBUG: torch_nn_linear: linear=0x600df75559d0, x=0x74e5a20e5230
DEBUG:   - weight=0x74e7b0c00c90 (depformer_layers_1_self_attn_out_proj_weight (view), type=2), bias=(nil) (NULL)
DEBUG:   - ggml_mul_mat returned y=0x74e5a20e53a0
DEBUG:   - layer_scale_1
DEBUG:   - norm2
DEBUG:   - gating/ff
DEBUG: torch_nn_linear: linear=0x600df7555a10, x=0x74e5a20e5960
DEBUG:   - weight=0x600df753c740 (depformer_layers_1_gating_5_linear_in_weight, type=2), bias=(nil) (NULL)
DEBUG:   - ggml_mul_mat returned y=0x74e5a20e5ad0
DEBUG: torch_nn_linear: linear=0x600df7555a30, x=0x74e5a20e6090
DEBUG:   - weight=0x600df753c8b0 (depformer_layers_1_gating_5_linear_out_weight, type=2), bias=(nil) (NULL)
DEBUG:   - ggml_mul_mat returned y=0x74e5a20e6200
DEBUG:   - layer done
DEBUG: moshi_streaming_transformer building layer 2 (first loop)
DEBUG:   - norm1
DEBUG:   - self_attn
DEBUG: torch_nn_linear: linear=0x600df75566a0, x=0x74e5a20e67c0
DEBUG:   - weight=0x74e7b0c02390 (depformer_layers_2_self_attn_in_proj_weight (view), type=2), bias=(nil) (NULL)
DEBUG:   - ggml_mul_mat returned y=0x74e5a20e6930
DEBUG: torch_nn_linear: linear=0x600df75566c0, x=0x74e5a20e9730
DEBUG:   - weight=0x74e7b0c03a90 (depformer_layers_2_self_attn_out_proj_weight (view), type=2), bias=(nil) (NULL)
DEBUG:   - ggml_mul_mat returned y=0x74e5a20e98a0
DEBUG:   - layer_scale_1
DEBUG:   - norm2
DEBUG:   - gating/ff
DEBUG: torch_nn_linear: linear=0x600df7556700, x=0x74e5a20e9e60
DEBUG:   - weight=0x600df753fb00 (depformer_layers_2_gating_5_linear_in_weight, type=2), bias=(nil) (NULL)
DEBUG:   - ggml_mul_mat returned y=0x74e5a20e9fd0
DEBUG: torch_nn_linear: linear=0x600df7556720, x=0x74e5a20ea590
DEBUG:   - weight=0x600df753fc70 (depformer_layers_2_gating_5_linear_out_weight, type=2), bias=(nil) (NULL)
DEBUG:   - ggml_mul_mat returned y=0x74e5a20ea700
DEBUG:   - layer done
DEBUG: moshi_streaming_transformer building layer 3 (first loop)
DEBUG:   - norm1
DEBUG:   - self_attn
DEBUG: torch_nn_linear: linear=0x600df7557390, x=0x74e5a20eacc0
DEBUG:   - weight=0x74e7b0c05190 (depformer_layers_3_self_attn_in_proj_weight (view), type=2), bias=(nil) (NULL)
DEBUG:   - ggml_mul_mat returned y=0x74e5a20eae30
DEBUG: torch_nn_linear: linear=0x600df75573b0, x=0x74e5a20edc30
DEBUG:   - weight=0x74e7b0c06890 (depformer_layers_3_self_attn_out_proj_weight (view), type=2), bias=(nil) (NULL)
DEBUG:   - ggml_mul_mat returned y=0x74e5a20edda0
DEBUG:   - layer_scale_1
DEBUG:   - norm2
DEBUG:   - gating/ff
DEBUG: torch_nn_linear: linear=0x600df75573f0, x=0x74e5a20ee360
DEBUG:   - weight=0x600df7542ec0 (depformer_layers_3_gating_5_linear_in_weight, type=2), bias=(nil) (NULL)
DEBUG:   - ggml_mul_mat returned y=0x74e5a20ee4d0
DEBUG: torch_nn_linear: linear=0x600df7557410, x=0x74e5a20eea90
DEBUG:   - weight=0x600df7543030 (depformer_layers_3_gating_5_linear_out_weight, type=2), bias=(nil) (NULL)
DEBUG:   - ggml_mul_mat returned y=0x74e5a20eec00
DEBUG:   - layer done
DEBUG: moshi_streaming_transformer building layer 4 (first loop)
DEBUG:   - norm1
DEBUG:   - self_attn
DEBUG: torch_nn_linear: linear=0x600df76040a0, x=0x74e5a20ef1c0
DEBUG:   - weight=0x74e7b0c07f90 (depformer_layers_4_self_attn_in_proj_weight (view), type=2), bias=(nil) (NULL)
DEBUG:   - ggml_mul_mat returned y=0x74e5a20ef330
DEBUG: torch_nn_linear: linear=0x600df76040c0, x=0x74e5a20f2130
DEBUG:   - weight=0x74e7b0c09690 (depformer_layers_4_self_attn_out_proj_weight (view), type=2), bias=(nil) (NULL)
DEBUG:   - ggml_mul_mat returned y=0x74e5a20f22a0
DEBUG:   - layer_scale_1
DEBUG:   - norm2
DEBUG:   - gating/ff
DEBUG: torch_nn_linear: linear=0x600df7604100, x=0x74e5a20f2860
DEBUG:   - weight=0x600df7546280 (depformer_layers_4_gating_5_linear_in_weight, type=2), bias=(nil) (NULL)
DEBUG:   - ggml_mul_mat returned y=0x74e5a20f29d0
DEBUG: torch_nn_linear: linear=0x600df7604120, x=0x74e5a20f2f90
DEBUG:   - weight=0x600df75463f0 (depformer_layers_4_gating_5_linear_out_weight, type=2), bias=(nil) (NULL)
DEBUG:   - ggml_mul_mat returned y=0x74e5a20f3100
DEBUG:   - layer done
DEBUG: moshi_streaming_transformer building layer 5 (first loop)
DEBUG:   - norm1
DEBUG:   - self_attn
DEBUG: torch_nn_linear: linear=0x600df7604d90, x=0x74e5a20f36c0
DEBUG:   - weight=0x74e7b0c0ad90 (depformer_layers_5_self_attn_in_proj_weight (view), type=2), bias=(nil) (NULL)
DEBUG:   - ggml_mul_mat returned y=0x74e5a20f3830
DEBUG: torch_nn_linear: linear=0x600df7604db0, x=0x74e5a20f6630
DEBUG:   - weight=0x74e7b0c0c490 (depformer_layers_5_self_attn_out_proj_weight (view), type=2), bias=(nil) (NULL)
DEBUG:   - ggml_mul_mat returned y=0x74e5a20f67a0
DEBUG:   - layer_scale_1
DEBUG:   - norm2
DEBUG:   - gating/ff
DEBUG: torch_nn_linear: linear=0x600df7604df0, x=0x74e5a20f6d60
DEBUG:   - weight=0x600df7549640 (depformer_layers_5_gating_5_linear_in_weight, type=2), bias=(nil) (NULL)
DEBUG:   - ggml_mul_mat returned y=0x74e5a20f6ed0
DEBUG: torch_nn_linear: linear=0x600df7604e10, x=0x74e5a20f7490
DEBUG:   - weight=0x600df75497b0 (depformer_layers_5_gating_5_linear_out_weight, type=2), bias=(nil) (NULL)
DEBUG:   - ggml_mul_mat returned y=0x74e5a20f7600
DEBUG:   - layer done
DEBUG: torch_nn_linear: linear=0x600df7605e60, x=0x74e5a20f7770
DEBUG:   - weight=0x600df754d6f0 (linears.5.weight, type=1), bias=(nil) (NULL)
DEBUG:   - ggml_mul_mat returned y=0x74e5a20f78e0
DEBUG: torch_nn_linear: linear=0x600df76059f0, x=0x600dfaaf6780
DEBUG:   - weight=0x600df754d9d0 (depformer_in.6.weight, type=2), bias=(nil) (NULL)
DEBUG:   - ggml_mul_mat returned y=0x74e5a20f95a0
DEBUG: moshi_streaming_transformer building layer 0 (first loop)
DEBUG:   - norm1
DEBUG:   - self_attn
DEBUG: torch_nn_linear: linear=0x600df7554d60, x=0x74e5a20fa120
DEBUG:   - weight=0x74e7b0bfc900 (depformer_layers_0_self_attn_in_proj_weight (view), type=2), bias=(nil) (NULL)
DEBUG:   - ggml_mul_mat returned y=0x74e5a20fa290
DEBUG: torch_nn_linear: linear=0x600df7554d80, x=0x74e5a20fd090
DEBUG:   - weight=0x74e7b0bfe000 (depformer_layers_0_self_attn_out_proj_weight (view), type=2), bias=(nil) (NULL)
DEBUG:   - ggml_mul_mat returned y=0x74e5a20fd200
DEBUG:   - layer_scale_1
DEBUG:   - norm2
DEBUG:   - gating/ff
DEBUG: torch_nn_linear: linear=0x600df7554dc0, x=0x74e5a20fd7c0
DEBUG:   - weight=0x600df7539660 (depformer_layers_0_gating_6_linear_in_weight, type=2), bias=(nil) (NULL)
DEBUG:   - ggml_mul_mat returned y=0x74e5a20fd930
DEBUG: torch_nn_linear: linear=0x600df7554de0, x=0x74e5a20fdef0
DEBUG:   - weight=0x600df75397d0 (depformer_layers_0_gating_6_linear_out_weight, type=2), bias=(nil) (NULL)
DEBUG:   - ggml_mul_mat returned y=0x74e5a20fe060
DEBUG:   - layer done
DEBUG: moshi_streaming_transformer building layer 1 (first loop)
DEBUG:   - norm1
DEBUG:   - self_attn
DEBUG: torch_nn_linear: linear=0x600df7555a50, x=0x74e5a20fe620
DEBUG:   - weight=0x74e7b0bff700 (depformer_layers_1_self_attn_in_proj_weight (view), type=2), bias=(nil) (NULL)
DEBUG:   - ggml_mul_mat returned y=0x74e5a20fe790
DEBUG: torch_nn_linear: linear=0x600df7555a70, x=0x74e5a2101590
DEBUG:   - weight=0x74e7b0c00e00 (depformer_layers_1_self_attn_out_proj_weight (view), type=2), bias=(nil) (NULL)
DEBUG:   - ggml_mul_mat returned y=0x74e5a2101700
DEBUG:   - layer_scale_1
DEBUG:   - norm2
DEBUG:   - gating/ff
DEBUG: torch_nn_linear: linear=0x600df7555ab0, x=0x74e5a2101cc0
DEBUG:   - weight=0x600df753ca20 (depformer_layers_1_gating_6_linear_in_weight, type=2), bias=(nil) (NULL)
DEBUG:   - ggml_mul_mat returned y=0x74e5a2101e30
DEBUG: torch_nn_linear: linear=0x600df7555ad0, x=0x74e5a21023f0
DEBUG:   - weight=0x600df753cb90 (depformer_layers_1_gating_6_linear_out_weight, type=2), bias=(nil) (NULL)
DEBUG:   - ggml_mul_mat returned y=0x74e5a2102560
DEBUG:   - layer done
DEBUG: moshi_streaming_transformer building layer 2 (first loop)
DEBUG:   - norm1
DEBUG:   - self_attn
DEBUG: torch_nn_linear: linear=0x600df7556740, x=0x74e5a2102b20
DEBUG:   - weight=0x74e7b0c02500 (depformer_layers_2_self_attn_in_proj_weight (view), type=2), bias=(nil) (NULL)
DEBUG:   - ggml_mul_mat returned y=0x74e5a2102c90
DEBUG: torch_nn_linear: linear=0x600df7556760, x=0x74e5a2105a90
DEBUG:   - weight=0x74e7b0c03c00 (depformer_layers_2_self_attn_out_proj_weight (view), type=2), bias=(nil) (NULL)
DEBUG:   - ggml_mul_mat returned y=0x74e5a2105c00
DEBUG:   - layer_scale_1
DEBUG:   - norm2
DEBUG:   - gating/ff
DEBUG: torch_nn_linear: linear=0x600df75567a0, x=0x74e5a21061c0
DEBUG:   - weight=0x600df753fde0 (depformer_layers_2_gating_6_linear_in_weight, type=2), bias=(nil) (NULL)
DEBUG:   - ggml_mul_mat returned y=0x74e5a2106330
DEBUG: torch_nn_linear: linear=0x600df75567c0, x=0x74e5a21068f0
DEBUG:   - weight=0x600df753ff50 (depformer_layers_2_gating_6_linear_out_weight, type=2), bias=(nil) (NULL)
DEBUG:   - ggml_mul_mat returned y=0x74e5a2106a60
DEBUG:   - layer done
DEBUG: moshi_streaming_transformer building layer 3 (first loop)
DEBUG:   - norm1
DEBUG:   - self_attn
DEBUG: torch_nn_linear: linear=0x600df7557430, x=0x74e5a2107020
DEBUG:   - weight=0x74e7b0c05300 (depformer_layers_3_self_attn_in_proj_weight (view), type=2), bias=(nil) (NULL)
DEBUG:   - ggml_mul_mat returned y=0x74e5a2107190
DEBUG: torch_nn_linear: linear=0x600df7557450, x=0x74e5a2109f90
DEBUG:   - weight=0x74e7b0c06a00 (depformer_layers_3_self_attn_out_proj_weight (view), type=2), bias=(nil) (NULL)
DEBUG:   - ggml_mul_mat returned y=0x74e5a210a100
DEBUG:   - layer_scale_1
DEBUG:   - norm2
DEBUG:   - gating/ff
DEBUG: torch_nn_linear: linear=0x600df7557490, x=0x74e5a210a6c0
DEBUG:   - weight=0x600df75431a0 (depformer_layers_3_gating_6_linear_in_weight, type=2), bias=(nil) (NULL)
DEBUG:   - ggml_mul_mat returned y=0x74e5a210a830
DEBUG: torch_nn_linear: linear=0x600df75574b0, x=0x74e5a210adf0
DEBUG:   - weight=0x600df7543310 (depformer_layers_3_gating_6_linear_out_weight, type=2), bias=(nil) (NULL)
DEBUG:   - ggml_mul_mat returned y=0x74e5a210af60
DEBUG:   - layer done
DEBUG: moshi_streaming_transformer building layer 4 (first loop)
DEBUG:   - norm1
DEBUG:   - self_attn
DEBUG: torch_nn_linear: linear=0x600df7604140, x=0x74e5a210b520
DEBUG:   - weight=0x74e7b0c08100 (depformer_layers_4_self_attn_in_proj_weight (view), type=2), bias=(nil) (NULL)
DEBUG:   - ggml_mul_mat returned y=0x74e5a210b690
DEBUG: torch_nn_linear: linear=0x600df7604160, x=0x74e5a210e490
DEBUG:   - weight=0x74e7b0c09800 (depformer_layers_4_self_attn_out_proj_weight (view), type=2), bias=(nil) (NULL)
DEBUG:   - ggml_mul_mat returned y=0x74e5a210e600
DEBUG:   - layer_scale_1
DEBUG:   - norm2
DEBUG:   - gating/ff
DEBUG: torch_nn_linear: linear=0x600df76041a0, x=0x74e5a210ebc0
DEBUG:   - weight=0x600df7546560 (depformer_layers_4_gating_6_linear_in_weight, type=2), bias=(nil) (NULL)
DEBUG:   - ggml_mul_mat returned y=0x74e5a210ed30
DEBUG: torch_nn_linear: linear=0x600df76041c0, x=0x74e5a210f2f0
DEBUG:   - weight=0x600df75466d0 (depformer_layers_4_gating_6_linear_out_weight, type=2), bias=(nil) (NULL)
DEBUG:   - ggml_mul_mat returned y=0x74e5a210f460
DEBUG:   - layer done
DEBUG: moshi_streaming_transformer building layer 5 (first loop)
DEBUG:   - norm1
DEBUG:   - self_attn
DEBUG: torch_nn_linear: linear=0x600df7604e30, x=0x74e5a210fa20
DEBUG:   - weight=0x74e7b0c0af00 (depformer_layers_5_self_attn_in_proj_weight (view), type=2), bias=(nil) (NULL)
DEBUG:   - ggml_mul_mat returned y=0x74e5a210fb90
DEBUG: torch_nn_linear: linear=0x600df7604e50, x=0x74e5a2112990
DEBUG:   - weight=0x74e7b0c0c600 (depformer_layers_5_self_attn_out_proj_weight (view), type=2), bias=(nil) (NULL)
DEBUG:   - ggml_mul_mat returned y=0x74e5a2112b00
DEBUG:   - layer_scale_1
DEBUG:   - norm2
DEBUG:   - gating/ff
DEBUG: torch_nn_linear: linear=0x600df7604e90, x=0x74e5a21130c0
DEBUG:   - weight=0x600df7549920 (depformer_layers_5_gating_6_linear_in_weight, type=2), bias=(nil) (NULL)
DEBUG:   - ggml_mul_mat returned y=0x74e5a2113230
DEBUG: torch_nn_linear: linear=0x600df7604eb0, x=0x74e5a21137f0
DEBUG:   - weight=0x600df7549a90 (depformer_layers_5_gating_6_linear_out_weight, type=2), bias=(nil) (NULL)
DEBUG:   - ggml_mul_mat returned y=0x74e5a2113960
DEBUG:   - layer done
DEBUG: torch_nn_linear: linear=0x600df7605e80, x=0x74e5a2113ad0
DEBUG:   - weight=0x600df754dcb0 (linears.6.weight, type=1), bias=(nil) (NULL)
DEBUG:   - ggml_mul_mat returned y=0x74e5a2113c40
DEBUG: torch_nn_linear: linear=0x600df7605a10, x=0x600dfaaf6780
DEBUG:   - weight=0x600df754df90 (depformer_in.7.weight, type=2), bias=(nil) (NULL)
DEBUG:   - ggml_mul_mat returned y=0x74e5a2115900
DEBUG: moshi_streaming_transformer building layer 0 (first loop)
DEBUG:   - norm1
DEBUG:   - self_attn
DEBUG: torch_nn_linear: linear=0x600df7554e00, x=0x74e5a2116480
DEBUG:   - weight=0x74e7b0bfca70 (depformer_layers_0_self_attn_in_proj_weight (view), type=2), bias=(nil) (NULL)
DEBUG:   - ggml_mul_mat returned y=0x74e5a21165f0
DEBUG: torch_nn_linear: linear=0x600df7554e20, x=0x74e5a21193f0
DEBUG:   - weight=0x74e7b0bfe170 (depformer_layers_0_self_attn_out_proj_weight (view), type=2), bias=(nil) (NULL)
DEBUG:   - ggml_mul_mat returned y=0x74e5a2119560
DEBUG:   - layer_scale_1
DEBUG:   - norm2
DEBUG:   - gating/ff
DEBUG: torch_nn_linear: linear=0x600df7554e60, x=0x74e5a2119b20
DEBUG:   - weight=0x600df7539940 (depformer_layers_0_gating_7_linear_in_weight, type=2), bias=(nil) (NULL)
DEBUG:   - ggml_mul_mat returned y=0x74e5a2119c90
DEBUG: torch_nn_linear: linear=0x600df7554e80, x=0x74e5a211a250
DEBUG:   - weight=0x600df7539ab0 (depformer_layers_0_gating_7_linear_out_weight, type=2), bias=(nil) (NULL)
DEBUG:   - ggml_mul_mat returned y=0x74e5a211a3c0
DEBUG:   - layer done
DEBUG: moshi_streaming_transformer building layer 1 (first loop)
DEBUG:   - norm1
DEBUG:   - self_attn
DEBUG: torch_nn_linear: linear=0x600df7555af0, x=0x74e5a211a980
DEBUG:   - weight=0x74e7b0bff870 (depformer_layers_1_self_attn_in_proj_weight (view), type=2), bias=(nil) (NULL)
DEBUG:   - ggml_mul_mat returned y=0x74e5a211aaf0
DEBUG: torch_nn_linear: linear=0x600df7555b10, x=0x74e5a211d8f0
DEBUG:   - weight=0x74e7b0c00f70 (depformer_layers_1_self_attn_out_proj_weight (view), type=2), bias=(nil) (NULL)
DEBUG:   - ggml_mul_mat returned y=0x74e5a211da60
DEBUG:   - layer_scale_1
DEBUG:   - norm2
DEBUG:   - gating/ff
DEBUG: torch_nn_linear: linear=0x600df7555b50, x=0x74e5a211e020
DEBUG:   - weight=0x600df753cd00 (depformer_layers_1_gating_7_linear_in_weight, type=2), bias=(nil) (NULL)
DEBUG:   - ggml_mul_mat returned y=0x74e5a211e190
DEBUG: torch_nn_linear: linear=0x600df7555b70, x=0x74e5a211e750
DEBUG:   - weight=0x600df753ce70 (depformer_layers_1_gating_7_linear_out_weight, type=2), bias=(nil) (NULL)
DEBUG:   - ggml_mul_mat returned y=0x74e5a211e8c0
DEBUG:   - layer done
DEBUG: moshi_streaming_transformer building layer 2 (first loop)
DEBUG:   - norm1
DEBUG:   - self_attn
DEBUG: torch_nn_linear: linear=0x600df75567e0, x=0x74e5a211ee80
DEBUG:   - weight=0x74e7b0c02670 (depformer_layers_2_self_attn_in_proj_weight (view), type=2), bias=(nil) (NULL)
DEBUG:   - ggml_mul_mat returned y=0x74e5a211eff0
DEBUG: torch_nn_linear: linear=0x600df7556800, x=0x74e5a2121df0
DEBUG:   - weight=0x74e7b0c03d70 (depformer_layers_2_self_attn_out_proj_weight (view), type=2), bias=(nil) (NULL)
DEBUG:   - ggml_mul_mat returned y=0x74e5a2121f60
DEBUG:   - layer_scale_1
DEBUG:   - norm2
DEBUG:   - gating/ff
DEBUG: torch_nn_linear: linear=0x600df7556840, x=0x74e5a2122520
DEBUG:   - weight=0x600df75400c0 (depformer_layers_2_gating_7_linear_in_weight, type=2), bias=(nil) (NULL)
DEBUG:   - ggml_mul_mat returned y=0x74e5a2122690
DEBUG: torch_nn_linear: linear=0x600df7556860, x=0x74e5a2122c50
DEBUG:   - weight=0x600df7540230 (depformer_layers_2_gating_7_linear_out_weight, type=2), bias=(nil) (NULL)
DEBUG:   - ggml_mul_mat returned y=0x74e5a2122dc0
DEBUG:   - layer done
DEBUG: moshi_streaming_transformer building layer 3 (first loop)
DEBUG:   - norm1
DEBUG:   - self_attn
DEBUG: torch_nn_linear: linear=0x600df75574d0, x=0x74e5a2123380
DEBUG:   - weight=0x74e7b0c05470 (depformer_layers_3_self_attn_in_proj_weight (view), type=2), bias=(nil) (NULL)
DEBUG:   - ggml_mul_mat returned y=0x74e5a21234f0
DEBUG: torch_nn_linear: linear=0x600df75574f0, x=0x74e5a21262f0
DEBUG:   - weight=0x74e7b0c06b70 (depformer_layers_3_self_attn_out_proj_weight (view), type=2), bias=(nil) (NULL)
DEBUG:   - ggml_mul_mat returned y=0x74e5a2126460
DEBUG:   - layer_scale_1
DEBUG:   - norm2
DEBUG:   - gating/ff
DEBUG: torch_nn_linear: linear=0x600df7557530, x=0x74e5a2126a20
DEBUG:   - weight=0x600df7543480 (depformer_layers_3_gating_7_linear_in_weight, type=2), bias=(nil) (NULL)
DEBUG:   - ggml_mul_mat returned y=0x74e5a2126b90
DEBUG: torch_nn_linear: linear=0x600df7557550, x=0x74e5a2127150
DEBUG:   - weight=0x600df75435f0 (depformer_layers_3_gating_7_linear_out_weight, type=2), bias=(nil) (NULL)
DEBUG:   - ggml_mul_mat returned y=0x74e5a21272c0
DEBUG:   - layer done
DEBUG: moshi_streaming_transformer building layer 4 (first loop)
DEBUG:   - norm1
DEBUG:   - self_attn
DEBUG: torch_nn_linear: linear=0x600df76041e0, x=0x74e5a2127880
DEBUG:   - weight=0x74e7b0c08270 (depformer_layers_4_self_attn_in_proj_weight (view), type=2), bias=(nil) (NULL)
DEBUG:   - ggml_mul_mat returned y=0x74e5a21279f0
DEBUG: torch_nn_linear: linear=0x600df7604200, x=0x74e5a212a7f0
DEBUG:   - weight=0x74e7b0c09970 (depformer_layers_4_self_attn_out_proj_weight (view), type=2), bias=(nil) (NULL)
DEBUG:   - ggml_mul_mat returned y=0x74e5a212a960
DEBUG:   - layer_scale_1
DEBUG:   - norm2
DEBUG:   - gating/ff
DEBUG: torch_nn_linear: linear=0x600df7604240, x=0x74e5a212af20
DEBUG:   - weight=0x600df7546840 (depformer_layers_4_gating_7_linear_in_weight, type=2), bias=(nil) (NULL)
DEBUG:   - ggml_mul_mat returned y=0x74e5a212b090
DEBUG: torch_nn_linear: linear=0x600df7604260, x=0x74e5a212b650
DEBUG:   - weight=0x600df75469b0 (depformer_layers_4_gating_7_linear_out_weight, type=2), bias=(nil) (NULL)
DEBUG:   - ggml_mul_mat returned y=0x74e5a212b7c0
DEBUG:   - layer done
DEBUG: moshi_streaming_transformer building layer 5 (first loop)
DEBUG:   - norm1
DEBUG:   - self_attn
DEBUG: torch_nn_linear: linear=0x600df7604ed0, x=0x74e5a212bd80
DEBUG:   - weight=0x74e7b0c0b070 (depformer_layers_5_self_attn_in_proj_weight (view), type=2), bias=(nil) (NULL)
DEBUG:   - ggml_mul_mat returned y=0x74e5a212bef0
DEBUG: torch_nn_linear: linear=0x600df7604ef0, x=0x74e5a212ecf0
DEBUG:   - weight=0x74e7b0c0c770 (depformer_layers_5_self_attn_out_proj_weight (view), type=2), bias=(nil) (NULL)
DEBUG:   - ggml_mul_mat returned y=0x74e5a212ee60
DEBUG:   - layer_scale_1
DEBUG:   - norm2
DEBUG:   - gating/ff
DEBUG: torch_nn_linear: linear=0x600df7604f30, x=0x74e5a212f420
DEBUG:   - weight=0x600df7549c00 (depformer_layers_5_gating_7_linear_in_weight, type=2), bias=(nil) (NULL)
DEBUG:   - ggml_mul_mat returned y=0x74e5a212f590
DEBUG: torch_nn_linear: linear=0x600df7604f50, x=0x74e5a212fb50
DEBUG:   - weight=0x600df7549d70 (depformer_layers_5_gating_7_linear_out_weight, type=2), bias=(nil) (NULL)
DEBUG:   - ggml_mul_mat returned y=0x74e5a212fcc0
DEBUG:   - layer done
DEBUG: torch_nn_linear: linear=0x600df7605ea0, x=0x74e5a212fe30
DEBUG:   - weight=0x600df754e270 (linears.7.weight, type=1), bias=(nil) (NULL)
DEBUG:   - ggml_mul_mat returned y=0x74e5a212ffa0
DEBUG: torch_nn_linear: linear=0x600df7605a30, x=0x600dfaaf6780
DEBUG:   - weight=0x600df754e550 (depformer_in.8.weight, type=2), bias=(nil) (NULL)
DEBUG:   - ggml_mul_mat returned y=0x74e5a2131c60
DEBUG: moshi_streaming_transformer building layer 0 (first loop)
DEBUG:   - norm1
DEBUG:   - self_attn
DEBUG: torch_nn_linear: linear=0x600df7554ea0, x=0x74e5a21327e0
DEBUG:   - weight=0x74e7b0bfcbe0 (depformer_layers_0_self_attn_in_proj_weight (view), type=2), bias=(nil) (NULL)
DEBUG:   - ggml_mul_mat returned y=0x74e5a2132950
DEBUG: torch_nn_linear: linear=0x600df7554ec0, x=0x74e5a2135750
DEBUG:   - weight=0x74e7b0bfe2e0 (depformer_layers_0_self_attn_out_proj_weight (view), type=2), bias=(nil) (NULL)
DEBUG:   - ggml_mul_mat returned y=0x74e5a21358c0
DEBUG:   - layer_scale_1
DEBUG:   - norm2
DEBUG:   - gating/ff
DEBUG: torch_nn_linear: linear=0x600df7554f00, x=0x74e5a2135e80
DEBUG:   - weight=0x600df7539c20 (depformer_layers_0_gating_8_linear_in_weight, type=2), bias=(nil) (NULL)
DEBUG:   - ggml_mul_mat returned y=0x74e5a2135ff0
DEBUG: torch_nn_linear: linear=0x600df7554f20, x=0x74e5a21365b0
DEBUG:   - weight=0x600df7539d90 (depformer_layers_0_gating_8_linear_out_weight, type=2), bias=(nil) (NULL)
DEBUG:   - ggml_mul_mat returned y=0x74e5a2136720
DEBUG:   - layer done
DEBUG: moshi_streaming_transformer building layer 1 (first loop)
DEBUG:   - norm1
DEBUG:   - self_attn
DEBUG: torch_nn_linear: linear=0x600df7555b90, x=0x74e5a2136ce0
DEBUG:   - weight=0x74e7b0bff9e0 (depformer_layers_1_self_attn_in_proj_weight (view), type=2), bias=(nil) (NULL)
DEBUG:   - ggml_mul_mat returned y=0x74e5a2136e50
DEBUG: torch_nn_linear: linear=0x600df7555bb0, x=0x74e5a2139c50
DEBUG:   - weight=0x74e7b0c010e0 (depformer_layers_1_self_attn_out_proj_weight (view), type=2), bias=(nil) (NULL)
DEBUG:   - ggml_mul_mat returned y=0x74e5a2139dc0
DEBUG:   - layer_scale_1
DEBUG:   - norm2
DEBUG:   - gating/ff
DEBUG: torch_nn_linear: linear=0x600df7555bf0, x=0x74e5a213a380
DEBUG:   - weight=0x600df753cfe0 (depformer_layers_1_gating_8_linear_in_weight, type=2), bias=(nil) (NULL)
DEBUG:   - ggml_mul_mat returned y=0x74e5a213a4f0
DEBUG: torch_nn_linear: linear=0x600df7555c10, x=0x74e5a213aab0
DEBUG:   - weight=0x600df753d150 (depformer_layers_1_gating_8_linear_out_weight, type=2), bias=(nil) (NULL)
DEBUG:   - ggml_mul_mat returned y=0x74e5a213ac20
DEBUG:   - layer done
DEBUG: moshi_streaming_transformer building layer 2 (first loop)
DEBUG:   - norm1
DEBUG:   - self_attn
DEBUG: torch_nn_linear: linear=0x600df7556880, x=0x74e5a213b1e0
DEBUG:   - weight=0x74e7b0c027e0 (depformer_layers_2_self_attn_in_proj_weight (view), type=2), bias=(nil) (NULL)
DEBUG:   - ggml_mul_mat returned y=0x74e5a213b350
DEBUG: torch_nn_linear: linear=0x600df75568a0, x=0x74e5a213e150
DEBUG:   - weight=0x74e7b0c03ee0 (depformer_layers_2_self_attn_out_proj_weight (view), type=2), bias=(nil) (NULL)
DEBUG:   - ggml_mul_mat returned y=0x74e5a213e2c0
DEBUG:   - layer_scale_1
DEBUG:   - norm2
DEBUG:   - gating/ff
DEBUG: torch_nn_linear: linear=0x600df75568e0, x=0x74e5a213e880
DEBUG:   - weight=0x600df75403a0 (depformer_layers_2_gating_8_linear_in_weight, type=2), bias=(nil) (NULL)
DEBUG:   - ggml_mul_mat returned y=0x74e5a213e9f0
DEBUG: torch_nn_linear: linear=0x600df7556900, x=0x74e5a213efb0
DEBUG:   - weight=0x600df7540510 (depformer_layers_2_gating_8_linear_out_weight, type=2), bias=(nil) (NULL)
DEBUG:   - ggml_mul_mat returned y=0x74e5a213f120
DEBUG:   - layer done
DEBUG: moshi_streaming_transformer building layer 3 (first loop)
DEBUG:   - norm1
DEBUG:   - self_attn
DEBUG: torch_nn_linear: linear=0x600df7557570, x=0x74e5a213f6e0
DEBUG:   - weight=0x74e7b0c055e0 (depformer_layers_3_self_attn_in_proj_weight (view), type=2), bias=(nil) (NULL)
DEBUG:   - ggml_mul_mat returned y=0x74e5a213f850
DEBUG: torch_nn_linear: linear=0x600df7557590, x=0x74e5a2142650
DEBUG:   - weight=0x74e7b0c06ce0 (depformer_layers_3_self_attn_out_proj_weight (view), type=2), bias=(nil) (NULL)
DEBUG:   - ggml_mul_mat returned y=0x74e5a21427c0
DEBUG:   - layer_scale_1
DEBUG:   - norm2
DEBUG:   - gating/ff
DEBUG: torch_nn_linear: linear=0x600df75575d0, x=0x74e5a2142d80
DEBUG:   - weight=0x600df7543760 (depformer_layers_3_gating_8_linear_in_weight, type=2), bias=(nil) (NULL)
DEBUG:   - ggml_mul_mat returned y=0x74e5a2142ef0
DEBUG: torch_nn_linear: linear=0x600df75575f0, x=0x74e5a21434b0
DEBUG:   - weight=0x600df75438d0 (depformer_layers_3_gating_8_linear_out_weight, type=2), bias=(nil) (NULL)
DEBUG:   - ggml_mul_mat returned y=0x74e5a2143620
DEBUG:   - layer done
DEBUG: moshi_streaming_transformer building layer 4 (first loop)
DEBUG:   - norm1
DEBUG:   - self_attn
DEBUG: torch_nn_linear: linear=0x600df7604280, x=0x74e5a2143be0
DEBUG:   - weight=0x74e7b0c083e0 (depformer_layers_4_self_attn_in_proj_weight (view), type=2), bias=(nil) (NULL)
DEBUG:   - ggml_mul_mat returned y=0x74e5a2143d50
DEBUG: torch_nn_linear: linear=0x600df76042a0, x=0x74e5a2146b50
DEBUG:   - weight=0x74e7b0c09ae0 (depformer_layers_4_self_attn_out_proj_weight (view), type=2), bias=(nil) (NULL)
DEBUG:   - ggml_mul_mat returned y=0x74e5a2146cc0
DEBUG:   - layer_scale_1
DEBUG:   - norm2
DEBUG:   - gating/ff
DEBUG: torch_nn_linear: linear=0x600df76042e0, x=0x74e5a2147280
DEBUG:   - weight=0x600df7546b20 (depformer_layers_4_gating_8_linear_in_weight, type=2), bias=(nil) (NULL)
DEBUG:   - ggml_mul_mat returned y=0x74e5a21473f0
DEBUG: torch_nn_linear: linear=0x600df7604300, x=0x74e5a21479b0
DEBUG:   - weight=0x600df7546c90 (depformer_layers_4_gating_8_linear_out_weight, type=2), bias=(nil) (NULL)
DEBUG:   - ggml_mul_mat returned y=0x74e5a2147b20
DEBUG:   - layer done
DEBUG: moshi_streaming_transformer building layer 5 (first loop)
DEBUG:   - norm1
DEBUG:   - self_attn
DEBUG: torch_nn_linear: linear=0x600df7604f70, x=0x74e5a21480e0
DEBUG:   - weight=0x74e7b0c0b1e0 (depformer_layers_5_self_attn_in_proj_weight (view), type=2), bias=(nil) (NULL)
DEBUG:   - ggml_mul_mat returned y=0x74e5a2148250
DEBUG: torch_nn_linear: linear=0x600df7604f90, x=0x74e5a214b050
DEBUG:   - weight=0x74e7b0c0c8e0 (depformer_layers_5_self_attn_out_proj_weight (view), type=2), bias=(nil) (NULL)
DEBUG:   - ggml_mul_mat returned y=0x74e5a214b1c0
DEBUG:   - layer_scale_1
DEBUG:   - norm2
DEBUG:   - gating/ff
DEBUG: torch_nn_linear: linear=0x600df7604fd0, x=0x74e5a214b780
DEBUG:   - weight=0x600df7549ee0 (depformer_layers_5_gating_8_linear_in_weight, type=2), bias=(nil) (NULL)
DEBUG:   - ggml_mul_mat returned y=0x74e5a214b8f0
DEBUG: torch_nn_linear: linear=0x600df7604ff0, x=0x74e5a214beb0
DEBUG:   - weight=0x600df754a050 (depformer_layers_5_gating_8_linear_out_weight, type=2), bias=(nil) (NULL)
DEBUG:   - ggml_mul_mat returned y=0x74e5a214c020
DEBUG:   - layer done
DEBUG: torch_nn_linear: linear=0x600df7605ec0, x=0x74e5a214c190
DEBUG:   - weight=0x600df754e830 (linears.8.weight, type=1), bias=(nil) (NULL)
DEBUG:   - ggml_mul_mat returned y=0x74e5a214c300
DEBUG: torch_nn_linear: linear=0x600df7605a50, x=0x600dfaaf6780
DEBUG:   - weight=0x600df754eb10 (depformer_in.9.weight, type=2), bias=(nil) (NULL)
DEBUG:   - ggml_mul_mat returned y=0x74e5a214dfc0
DEBUG: moshi_streaming_transformer building layer 0 (first loop)
DEBUG:   - norm1
DEBUG:   - self_attn
DEBUG: torch_nn_linear: linear=0x600df7554f40, x=0x74e5a214eb40
DEBUG:   - weight=0x74e7b0bfcd50 (depformer_layers_0_self_attn_in_proj_weight (view), type=2), bias=(nil) (NULL)
DEBUG:   - ggml_mul_mat returned y=0x74e5a214ecb0
DEBUG: torch_nn_linear: linear=0x600df7554f60, x=0x74e5a2151ab0
DEBUG:   - weight=0x74e7b0bfe450 (depformer_layers_0_self_attn_out_proj_weight (view), type=2), bias=(nil) (NULL)
DEBUG:   - ggml_mul_mat returned y=0x74e5a2151c20
DEBUG:   - layer_scale_1
DEBUG:   - norm2
DEBUG:   - gating/ff
DEBUG: torch_nn_linear: linear=0x600df7554fa0, x=0x74e5a21521e0
DEBUG:   - weight=0x600df7539f00 (depformer_layers_0_gating_9_linear_in_weight, type=2), bias=(nil) (NULL)
DEBUG:   - ggml_mul_mat returned y=0x74e5a2152350
DEBUG: torch_nn_linear: linear=0x600df7554fc0, x=0x74e5a2152910
DEBUG:   - weight=0x600df753a070 (depformer_layers_0_gating_9_linear_out_weight, type=2), bias=(nil) (NULL)
DEBUG:   - ggml_mul_mat returned y=0x74e5a2152a80
DEBUG:   - layer done
DEBUG: moshi_streaming_transformer building layer 1 (first loop)
DEBUG:   - norm1
DEBUG:   - self_attn
DEBUG: torch_nn_linear: linear=0x600df7555c30, x=0x74e5a2153040
DEBUG:   - weight=0x74e7b0bffb50 (depformer_layers_1_self_attn_in_proj_weight (view), type=2), bias=(nil) (NULL)
DEBUG:   - ggml_mul_mat returned y=0x74e5a21531b0
DEBUG: torch_nn_linear: linear=0x600df7555c50, x=0x74e5a2155fb0
DEBUG:   - weight=0x74e7b0c01250 (depformer_layers_1_self_attn_out_proj_weight (view), type=2), bias=(nil) (NULL)
DEBUG:   - ggml_mul_mat returned y=0x74e5a2156120
DEBUG:   - layer_scale_1
DEBUG:   - norm2
DEBUG:   - gating/ff
DEBUG: torch_nn_linear: linear=0x600df7555c90, x=0x74e5a21566e0
DEBUG:   - weight=0x600df753d2c0 (depformer_layers_1_gating_9_linear_in_weight, type=2), bias=(nil) (NULL)
DEBUG:   - ggml_mul_mat returned y=0x74e5a2156850
DEBUG: torch_nn_linear: linear=0x600df7555cb0, x=0x74e5a2156e10
DEBUG:   - weight=0x600df753d430 (depformer_layers_1_gating_9_linear_out_weight, type=2), bias=(nil) (NULL)
DEBUG:   - ggml_mul_mat returned y=0x74e5a2156f80
DEBUG:   - layer done
DEBUG: moshi_streaming_transformer building layer 2 (first loop)
DEBUG:   - norm1
DEBUG:   - self_attn
DEBUG: torch_nn_linear: linear=0x600df7556920, x=0x74e5a2157540
DEBUG:   - weight=0x74e7b0c02950 (depformer_layers_2_self_attn_in_proj_weight (view), type=2), bias=(nil) (NULL)
DEBUG:   - ggml_mul_mat returned y=0x74e5a21576b0
DEBUG: torch_nn_linear: linear=0x600df7556940, x=0x74e5a215a4b0
DEBUG:   - weight=0x74e7b0c04050 (depformer_layers_2_self_attn_out_proj_weight (view), type=2), bias=(nil) (NULL)
DEBUG:   - ggml_mul_mat returned y=0x74e5a215a620
DEBUG:   - layer_scale_1
DEBUG:   - norm2
DEBUG:   - gating/ff
DEBUG: torch_nn_linear: linear=0x600df7556980, x=0x74e5a215abe0
DEBUG:   - weight=0x600df7540680 (depformer_layers_2_gating_9_linear_in_weight, type=2), bias=(nil) (NULL)
DEBUG:   - ggml_mul_mat returned y=0x74e5a215ad50
DEBUG: torch_nn_linear: linear=0x600df75569a0, x=0x74e5a215b310
DEBUG:   - weight=0x600df75407f0 (depformer_layers_2_gating_9_linear_out_weight, type=2), bias=(nil) (NULL)
DEBUG:   - ggml_mul_mat returned y=0x74e5a215b480
DEBUG:   - layer done
DEBUG: moshi_streaming_transformer building layer 3 (first loop)
DEBUG:   - norm1
DEBUG:   - self_attn
DEBUG: torch_nn_linear: linear=0x600df7557610, x=0x74e5a215ba40
DEBUG:   - weight=0x74e7b0c05750 (depformer_layers_3_self_attn_in_proj_weight (view), type=2), bias=(nil) (NULL)
DEBUG:   - ggml_mul_mat returned y=0x74e5a215bbb0
DEBUG: torch_nn_linear: linear=0x600df7557630, x=0x74e5a215e9b0
DEBUG:   - weight=0x74e7b0c06e50 (depformer_layers_3_self_attn_out_proj_weight (view), type=2), bias=(nil) (NULL)
DEBUG:   - ggml_mul_mat returned y=0x74e5a215eb20
DEBUG:   - layer_scale_1
DEBUG:   - norm2
DEBUG:   - gating/ff
DEBUG: torch_nn_linear: linear=0x600df7557670, x=0x74e5a215f0e0
DEBUG:   - weight=0x600df7543a40 (depformer_layers_3_gating_9_linear_in_weight, type=2), bias=(nil) (NULL)
DEBUG:   - ggml_mul_mat returned y=0x74e5a215f250
DEBUG: torch_nn_linear: linear=0x600df7557690, x=0x74e5a215f810
DEBUG:   - weight=0x600df7543bb0 (depformer_layers_3_gating_9_linear_out_weight, type=2), bias=(nil) (NULL)
DEBUG:   - ggml_mul_mat returned y=0x74e5a215f980
DEBUG:   - layer done
DEBUG: moshi_streaming_transformer building layer 4 (first loop)
DEBUG:   - norm1
DEBUG:   - self_attn
DEBUG: torch_nn_linear: linear=0x600df7604320, x=0x74e5a215ff40
DEBUG:   - weight=0x74e7b0c08550 (depformer_layers_4_self_attn_in_proj_weight (view), type=2), bias=(nil) (NULL)
DEBUG:   - ggml_mul_mat returned y=0x74e5a21600b0
DEBUG: torch_nn_linear: linear=0x600df7604340, x=0x74e5a2162eb0
DEBUG:   - weight=0x74e7b0c09c50 (depformer_layers_4_self_attn_out_proj_weight (view), type=2), bias=(nil) (NULL)
DEBUG:   - ggml_mul_mat returned y=0x74e5a2163020
DEBUG:   - layer_scale_1
DEBUG:   - norm2
DEBUG:   - gating/ff
DEBUG: torch_nn_linear: linear=0x600df7604380, x=0x74e5a21635e0
DEBUG:   - weight=0x600df7546e00 (depformer_layers_4_gating_9_linear_in_weight, type=2), bias=(nil) (NULL)
DEBUG:   - ggml_mul_mat returned y=0x74e5a2163750
DEBUG: torch_nn_linear: linear=0x600df76043a0, x=0x74e5a2163d10
DEBUG:   - weight=0x600df7546f70 (depformer_layers_4_gating_9_linear_out_weight, type=2), bias=(nil) (NULL)
DEBUG:   - ggml_mul_mat returned y=0x74e5a2163e80
DEBUG:   - layer done
DEBUG: moshi_streaming_transformer building layer 5 (first loop)
DEBUG:   - norm1
DEBUG:   - self_attn
DEBUG: torch_nn_linear: linear=0x600df7605010, x=0x74e5a2164440
DEBUG:   - weight=0x74e7b0c0b350 (depformer_layers_5_self_attn_in_proj_weight (view), type=2), bias=(nil) (NULL)
DEBUG:   - ggml_mul_mat returned y=0x74e5a21645b0
DEBUG: torch_nn_linear: linear=0x600df7605030, x=0x74e5a21673b0
DEBUG:   - weight=0x74e7b0c0ca50 (depformer_layers_5_self_attn_out_proj_weight (view), type=2), bias=(nil) (NULL)
DEBUG:   - ggml_mul_mat returned y=0x74e5a2167520
DEBUG:   - layer_scale_1
DEBUG:   - norm2
DEBUG:   - gating/ff
DEBUG: torch_nn_linear: linear=0x600df7605070, x=0x74e5a2167ae0
DEBUG:   - weight=0x600df754a1c0 (depformer_layers_5_gating_9_linear_in_weight, type=2), bias=(nil) (NULL)
DEBUG:   - ggml_mul_mat returned y=0x74e5a2167c50
DEBUG: torch_nn_linear: linear=0x600df7605090, x=0x74e5a2168210
DEBUG:   - weight=0x600df754a330 (depformer_layers_5_gating_9_linear_out_weight, type=2), bias=(nil) (NULL)
DEBUG:   - ggml_mul_mat returned y=0x74e5a2168380
DEBUG:   - layer done
DEBUG: torch_nn_linear: linear=0x600df7605ee0, x=0x74e5a21684f0
DEBUG:   - weight=0x600df754edf0 (linears.9.weight, type=1), bias=(nil) (NULL)
DEBUG:   - ggml_mul_mat returned y=0x74e5a2168660
DEBUG: torch_nn_linear: linear=0x600df7605a70, x=0x600dfaaf6780
DEBUG:   - weight=0x600df754f0d0 (depformer_in.10.weight, type=2), bias=(nil) (NULL)
DEBUG:   - ggml_mul_mat returned y=0x74e5a216a320
DEBUG: moshi_streaming_transformer building layer 0 (first loop)
DEBUG:   - norm1
DEBUG:   - self_attn
DEBUG: torch_nn_linear: linear=0x600df7554fe0, x=0x74e5a216aea0
DEBUG:   - weight=0x74e7b0bfcec0 (depformer_layers_0_self_attn_in_proj_weight (view), type=2), bias=(nil) (NULL)
DEBUG:   - ggml_mul_mat returned y=0x74e5a216b010
DEBUG: torch_nn_linear: linear=0x600df7555000, x=0x74e5a216de10
DEBUG:   - weight=0x74e7b0bfe5c0 (depformer_layers_0_self_attn_out_proj_weight (view), type=2), bias=(nil) (NULL)
DEBUG:   - ggml_mul_mat returned y=0x74e5a216df80
DEBUG:   - layer_scale_1
DEBUG:   - norm2
DEBUG:   - gating/ff
DEBUG: torch_nn_linear: linear=0x600df7555040, x=0x74e5a216e540
DEBUG:   - weight=0x600df753a1e0 (depformer_layers_0_gating_10_linear_in_weight, type=2), bias=(nil) (NULL)
DEBUG:   - ggml_mul_mat returned y=0x74e5a216e6b0
DEBUG: torch_nn_linear: linear=0x600df7555060, x=0x74e5a216ec70
DEBUG:   - weight=0x600df753a350 (depformer_layers_0_gating_10_linear_out_weight, type=2), bias=(nil) (NULL)
DEBUG:   - ggml_mul_mat returned y=0x74e5a216ede0
DEBUG:   - layer done
DEBUG: moshi_streaming_transformer building layer 1 (first loop)
DEBUG:   - norm1
DEBUG:   - self_attn
DEBUG: torch_nn_linear: linear=0x600df7555cd0, x=0x74e5a216f3a0
DEBUG:   - weight=0x74e7b0bffcc0 (depformer_layers_1_self_attn_in_proj_weight (view), type=2), bias=(nil) (NULL)
DEBUG:   - ggml_mul_mat returned y=0x74e5a216f510
DEBUG: torch_nn_linear: linear=0x600df7555cf0, x=0x74e5a2172310
DEBUG:   - weight=0x74e7b0c013c0 (depformer_layers_1_self_attn_out_proj_weight (view), type=2), bias=(nil) (NULL)
DEBUG:   - ggml_mul_mat returned y=0x74e5a2172480
DEBUG:   - layer_scale_1
DEBUG:   - norm2
DEBUG:   - gating/ff
DEBUG: torch_nn_linear: linear=0x600df7555d30, x=0x74e5a2172a40
DEBUG:   - weight=0x600df753d5a0 (depformer_layers_1_gating_10_linear_in_weight, type=2), bias=(nil) (NULL)
DEBUG:   - ggml_mul_mat returned y=0x74e5a2172bb0
DEBUG: torch_nn_linear: linear=0x600df7555d50, x=0x74e5a2173170
DEBUG:   - weight=0x600df753d710 (depformer_layers_1_gating_10_linear_out_weight, type=2), bias=(nil) (NULL)
DEBUG:   - ggml_mul_mat returned y=0x74e5a21732e0
DEBUG:   - layer done
DEBUG: moshi_streaming_transformer building layer 2 (first loop)
DEBUG:   - norm1
DEBUG:   - self_attn
DEBUG: torch_nn_linear: linear=0x600df75569c0, x=0x74e5a21738a0
DEBUG:   - weight=0x74e7b0c02ac0 (depformer_layers_2_self_attn_in_proj_weight (view), type=2), bias=(nil) (NULL)
DEBUG:   - ggml_mul_mat returned y=0x74e5a2173a10
DEBUG: torch_nn_linear: linear=0x600df75569e0, x=0x74e5a2176810
DEBUG:   - weight=0x74e7b0c041c0 (depformer_layers_2_self_attn_out_proj_weight (view), type=2), bias=(nil) (NULL)
DEBUG:   - ggml_mul_mat returned y=0x74e5a2176980
DEBUG:   - layer_scale_1
DEBUG:   - norm2
DEBUG:   - gating/ff
DEBUG: torch_nn_linear: linear=0x600df7556a20, x=0x74e5a2176f40
DEBUG:   - weight=0x600df7540960 (depformer_layers_2_gating_10_linear_in_weight, type=2), bias=(nil) (NULL)
DEBUG:   - ggml_mul_mat returned y=0x74e5a21770b0
DEBUG: torch_nn_linear: linear=0x600df7556a40, x=0x74e5a2177670
DEBUG:   - weight=0x600df7540ad0 (depformer_layers_2_gating_10_linear_out_weight, type=2), bias=(nil) (NULL)
DEBUG:   - ggml_mul_mat returned y=0x74e5a21777e0
DEBUG:   - layer done
DEBUG: moshi_streaming_transformer building layer 3 (first loop)
DEBUG:   - norm1
DEBUG:   - self_attn
DEBUG: torch_nn_linear: linear=0x600df75576b0, x=0x74e5a2177da0
DEBUG:   - weight=0x74e7b0c058c0 (depformer_layers_3_self_attn_in_proj_weight (view), type=2), bias=(nil) (NULL)
DEBUG:   - ggml_mul_mat returned y=0x74e5a2177f10
DEBUG: torch_nn_linear: linear=0x600df75576d0, x=0x74e5a217ad10
DEBUG:   - weight=0x74e7b0c06fc0 (depformer_layers_3_self_attn_out_proj_weight (view), type=2), bias=(nil) (NULL)
DEBUG:   - ggml_mul_mat returned y=0x74e5a217ae80
DEBUG:   - layer_scale_1
DEBUG:   - norm2
DEBUG:   - gating/ff
DEBUG: torch_nn_linear: linear=0x600df7557710, x=0x74e5a217b440
DEBUG:   - weight=0x600df7543d20 (depformer_layers_3_gating_10_linear_in_weight, type=2), bias=(nil) (NULL)
DEBUG:   - ggml_mul_mat returned y=0x74e5a217b5b0
DEBUG: torch_nn_linear: linear=0x600df7557730, x=0x74e5a217bb70
DEBUG:   - weight=0x600df7543e90 (depformer_layers_3_gating_10_linear_out_weight, type=2), bias=(nil) (NULL)
DEBUG:   - ggml_mul_mat returned y=0x74e5a217bce0
DEBUG:   - layer done
DEBUG: moshi_streaming_transformer building layer 4 (first loop)
DEBUG:   - norm1
DEBUG:   - self_attn
DEBUG: torch_nn_linear: linear=0x600df76043c0, x=0x74e5a217c2a0
DEBUG:   - weight=0x74e7b0c086c0 (depformer_layers_4_self_attn_in_proj_weight (view), type=2), bias=(nil) (NULL)
DEBUG:   - ggml_mul_mat returned y=0x74e5a217c410
DEBUG: torch_nn_linear: linear=0x600df76043e0, x=0x74e5a217f210
DEBUG:   - weight=0x74e7b0c09dc0 (depformer_layers_4_self_attn_out_proj_weight (view), type=2), bias=(nil) (NULL)
DEBUG:   - ggml_mul_mat returned y=0x74e5a217f380
DEBUG:   - layer_scale_1
DEBUG:   - norm2
DEBUG:   - gating/ff
DEBUG: torch_nn_linear: linear=0x600df7604420, x=0x74e5a217f940
DEBUG:   - weight=0x600df75470e0 (depformer_layers_4_gating_10_linear_in_weight, type=2), bias=(nil) (NULL)
DEBUG:   - ggml_mul_mat returned y=0x74e5a217fab0
DEBUG: torch_nn_linear: linear=0x600df7604440, x=0x74e5a2180070
DEBUG:   - weight=0x600df7547250 (depformer_layers_4_gating_10_linear_out_weight, type=2), bias=(nil) (NULL)
DEBUG:   - ggml_mul_mat returned y=0x74e5a21801e0
DEBUG:   - layer done
DEBUG: moshi_streaming_transformer building layer 5 (first loop)
DEBUG:   - norm1
DEBUG:   - self_attn
DEBUG: torch_nn_linear: linear=0x600df76050b0, x=0x74e5a21807a0
DEBUG:   - weight=0x74e7b0c0b4c0 (depformer_layers_5_self_attn_in_proj_weight (view), type=2), bias=(nil) (NULL)
DEBUG:   - ggml_mul_mat returned y=0x74e5a2180910
DEBUG: torch_nn_linear: linear=0x600df76050d0, x=0x74e5a2183710
DEBUG:   - weight=0x74e7b0c0cbc0 (depformer_layers_5_self_attn_out_proj_weight (view), type=2), bias=(nil) (NULL)
DEBUG:   - ggml_mul_mat returned y=0x74e5a2183880
DEBUG:   - layer_scale_1
DEBUG:   - norm2
DEBUG:   - gating/ff
DEBUG: torch_nn_linear: linear=0x600df7605110, x=0x74e5a2183e40
DEBUG:   - weight=0x600df754a4a0 (depformer_layers_5_gating_10_linear_in_weight, type=2), bias=(nil) (NULL)
DEBUG:   - ggml_mul_mat returned y=0x74e5a2183fb0
DEBUG: torch_nn_linear: linear=0x600df7605130, x=0x74e5a2184570
DEBUG:   - weight=0x600df754a610 (depformer_layers_5_gating_10_linear_out_weight, type=2), bias=(nil) (NULL)
DEBUG:   - ggml_mul_mat returned y=0x74e5a21846e0
DEBUG:   - layer done
DEBUG: torch_nn_linear: linear=0x600df7605f00, x=0x74e5a2184850
DEBUG:   - weight=0x600df754f3b0 (linears.10.weight, type=1), bias=(nil) (NULL)
DEBUG:   - ggml_mul_mat returned y=0x74e5a21849c0
DEBUG: torch_nn_linear: linear=0x600df7605a90, x=0x600dfaaf6780
DEBUG:   - weight=0x600df754f690 (depformer_in.11.weight, type=2), bias=(nil) (NULL)
DEBUG:   - ggml_mul_mat returned y=0x74e5a2186680
DEBUG: moshi_streaming_transformer building layer 0 (first loop)
DEBUG:   - norm1
DEBUG:   - self_attn
DEBUG: torch_nn_linear: linear=0x600df7555080, x=0x74e5a2187200
DEBUG:   - weight=0x74e7b0bfd030 (depformer_layers_0_self_attn_in_proj_weight (view), type=2), bias=(nil) (NULL)
DEBUG:   - ggml_mul_mat returned y=0x74e5a2187370
DEBUG: torch_nn_linear: linear=0x600df75550a0, x=0x74e5a218a170
DEBUG:   - weight=0x74e7b0bfe730 (depformer_layers_0_self_attn_out_proj_weight (view), type=2), bias=(nil) (NULL)
DEBUG:   - ggml_mul_mat returned y=0x74e5a218a2e0
DEBUG:   - layer_scale_1
DEBUG:   - norm2
DEBUG:   - gating/ff
DEBUG: torch_nn_linear: linear=0x600df75550e0, x=0x74e5a218a8a0
DEBUG:   - weight=0x600df753a4c0 (depformer_layers_0_gating_11_linear_in_weight, type=2), bias=(nil) (NULL)
DEBUG:   - ggml_mul_mat returned y=0x74e5a218aa10
DEBUG: torch_nn_linear: linear=0x600df7555100, x=0x74e5a218afd0
DEBUG:   - weight=0x600df753a630 (depformer_layers_0_gating_11_linear_out_weight, type=2), bias=(nil) (NULL)
DEBUG:   - ggml_mul_mat returned y=0x74e5a218b140
DEBUG:   - layer done
DEBUG: moshi_streaming_transformer building layer 1 (first loop)
DEBUG:   - norm1
DEBUG:   - self_attn
DEBUG: torch_nn_linear: linear=0x600df7555d70, x=0x74e5a218b700
DEBUG:   - weight=0x74e7b0bffe30 (depformer_layers_1_self_attn_in_proj_weight (view), type=2), bias=(nil) (NULL)
DEBUG:   - ggml_mul_mat returned y=0x74e5a218b870
DEBUG: torch_nn_linear: linear=0x600df7555d90, x=0x74e5a218e670
DEBUG:   - weight=0x74e7b0c01530 (depformer_layers_1_self_attn_out_proj_weight (view), type=2), bias=(nil) (NULL)
DEBUG:   - ggml_mul_mat returned y=0x74e5a218e7e0
DEBUG:   - layer_scale_1
DEBUG:   - norm2
DEBUG:   - gating/ff
DEBUG: torch_nn_linear: linear=0x600df7555dd0, x=0x74e5a218eda0
DEBUG:   - weight=0x600df753d880 (depformer_layers_1_gating_11_linear_in_weight, type=2), bias=(nil) (NULL)
DEBUG:   - ggml_mul_mat returned y=0x74e5a218ef10
DEBUG: torch_nn_linear: linear=0x600df7555df0, x=0x74e5a218f4d0
DEBUG:   - weight=0x600df753d9f0 (depformer_layers_1_gating_11_linear_out_weight, type=2), bias=(nil) (NULL)
DEBUG:   - ggml_mul_mat returned y=0x74e5a218f640
DEBUG:   - layer done
DEBUG: moshi_streaming_transformer building layer 2 (first loop)
DEBUG:   - norm1
DEBUG:   - self_attn
DEBUG: torch_nn_linear: linear=0x600df7556a60, x=0x74e5a218fc00
DEBUG:   - weight=0x74e7b0c02c30 (depformer_layers_2_self_attn_in_proj_weight (view), type=2), bias=(nil) (NULL)
DEBUG:   - ggml_mul_mat returned y=0x74e5a218fd70
DEBUG: torch_nn_linear: linear=0x600df7556a80, x=0x74e5a2192b70
DEBUG:   - weight=0x74e7b0c04330 (depformer_layers_2_self_attn_out_proj_weight (view), type=2), bias=(nil) (NULL)
DEBUG:   - ggml_mul_mat returned y=0x74e5a2192ce0
DEBUG:   - layer_scale_1
DEBUG:   - norm2
DEBUG:   - gating/ff
DEBUG: torch_nn_linear: linear=0x600df7556ac0, x=0x74e5a21932a0
DEBUG:   - weight=0x600df7540c40 (depformer_layers_2_gating_11_linear_in_weight, type=2), bias=(nil) (NULL)
DEBUG:   - ggml_mul_mat returned y=0x74e5a2193410
DEBUG: torch_nn_linear: linear=0x600df7556ae0, x=0x74e5a21939d0
DEBUG:   - weight=0x600df7540db0 (depformer_layers_2_gating_11_linear_out_weight, type=2), bias=(nil) (NULL)
DEBUG:   - ggml_mul_mat returned y=0x74e5a2193b40
DEBUG:   - layer done
DEBUG: moshi_streaming_transformer building layer 3 (first loop)
DEBUG:   - norm1
DEBUG:   - self_attn
DEBUG: torch_nn_linear: linear=0x600df7557750, x=0x74e5a2194100
DEBUG:   - weight=0x74e7b0c05a30 (depformer_layers_3_self_attn_in_proj_weight (view), type=2), bias=(nil) (NULL)
DEBUG:   - ggml_mul_mat returned y=0x74e5a2194270
DEBUG: torch_nn_linear: linear=0x600df7557770, x=0x74e5a2197070
DEBUG:   - weight=0x74e7b0c07130 (depformer_layers_3_self_attn_out_proj_weight (view), type=2), bias=(nil) (NULL)
DEBUG:   - ggml_mul_mat returned y=0x74e5a21971e0
DEBUG:   - layer_scale_1
DEBUG:   - norm2
DEBUG:   - gating/ff
DEBUG: torch_nn_linear: linear=0x600df75577b0, x=0x74e5a21977a0
DEBUG:   - weight=0x600df7544000 (depformer_layers_3_gating_11_linear_in_weight, type=2), bias=(nil) (NULL)
DEBUG:   - ggml_mul_mat returned y=0x74e5a2197910
DEBUG: torch_nn_linear: linear=0x600df75577d0, x=0x74e5a2197ed0
DEBUG:   - weight=0x600df7544170 (depformer_layers_3_gating_11_linear_out_weight, type=2), bias=(nil) (NULL)
DEBUG:   - ggml_mul_mat returned y=0x74e5a2198040
DEBUG:   - layer done
DEBUG: moshi_streaming_transformer building layer 4 (first loop)
DEBUG:   - norm1
DEBUG:   - self_attn
DEBUG: torch_nn_linear: linear=0x600df7604460, x=0x74e5a2198600
DEBUG:   - weight=0x74e7b0c08830 (depformer_layers_4_self_attn_in_proj_weight (view), type=2), bias=(nil) (NULL)
DEBUG:   - ggml_mul_mat returned y=0x74e5a2198770
DEBUG: torch_nn_linear: linear=0x600df7604480, x=0x74e5a219b570
DEBUG:   - weight=0x74e7b0c09f30 (depformer_layers_4_self_attn_out_proj_weight (view), type=2), bias=(nil) (NULL)
DEBUG:   - ggml_mul_mat returned y=0x74e5a219b6e0
DEBUG:   - layer_scale_1
DEBUG:   - norm2
DEBUG:   - gating/ff
DEBUG: torch_nn_linear: linear=0x600df76044c0, x=0x74e5a219bca0
DEBUG:   - weight=0x600df75473c0 (depformer_layers_4_gating_11_linear_in_weight, type=2), bias=(nil) (NULL)
DEBUG:   - ggml_mul_mat returned y=0x74e5a219be10
DEBUG: torch_nn_linear: linear=0x600df76044e0, x=0x74e5a219c3d0
DEBUG:   - weight=0x600df7547530 (depformer_layers_4_gating_11_linear_out_weight, type=2), bias=(nil) (NULL)
DEBUG:   - ggml_mul_mat returned y=0x74e5a219c540
DEBUG:   - layer done
DEBUG: moshi_streaming_transformer building layer 5 (first loop)
DEBUG:   - norm1
DEBUG:   - self_attn
DEBUG: torch_nn_linear: linear=0x600df7605150, x=0x74e5a219cb00
DEBUG:   - weight=0x74e7b0c0b630 (depformer_layers_5_self_attn_in_proj_weight (view), type=2), bias=(nil) (NULL)
DEBUG:   - ggml_mul_mat returned y=0x74e5a219cc70
DEBUG: torch_nn_linear: linear=0x600df7605170, x=0x74e5a219fa70
DEBUG:   - weight=0x74e7b0c0cd30 (depformer_layers_5_self_attn_out_proj_weight (view), type=2), bias=(nil) (NULL)
DEBUG:   - ggml_mul_mat returned y=0x74e5a219fbe0
DEBUG:   - layer_scale_1
DEBUG:   - norm2
DEBUG:   - gating/ff
DEBUG: torch_nn_linear: linear=0x600df76051b0, x=0x74e5a21a01a0
DEBUG:   - weight=0x600df754a780 (depformer_layers_5_gating_11_linear_in_weight, type=2), bias=(nil) (NULL)
DEBUG:   - ggml_mul_mat returned y=0x74e5a21a0310
DEBUG: torch_nn_linear: linear=0x600df76051d0, x=0x74e5a21a08d0
DEBUG:   - weight=0x600df754a8f0 (depformer_layers_5_gating_11_linear_out_weight, type=2), bias=(nil) (NULL)
DEBUG:   - ggml_mul_mat returned y=0x74e5a21a0a40
DEBUG:   - layer done
DEBUG: torch_nn_linear: linear=0x600df7605f20, x=0x74e5a21a0bb0
DEBUG:   - weight=0x600df754f970 (linears.11.weight, type=1), bias=(nil) (NULL)
DEBUG:   - ggml_mul_mat returned y=0x74e5a21a0d20
DEBUG: torch_nn_linear: linear=0x600df7605ab0, x=0x600dfaaf6780
DEBUG:   - weight=0x600df754fc50 (depformer_in.12.weight, type=2), bias=(nil) (NULL)
DEBUG:   - ggml_mul_mat returned y=0x74e5a21a29e0
DEBUG: moshi_streaming_transformer building layer 0 (first loop)
DEBUG:   - norm1
DEBUG:   - self_attn
DEBUG: torch_nn_linear: linear=0x600df7555120, x=0x74e5a21a3560
DEBUG:   - weight=0x74e7b0bfd1a0 (depformer_layers_0_self_attn_in_proj_weight (view), type=2), bias=(nil) (NULL)
DEBUG:   - ggml_mul_mat returned y=0x74e5a21a36d0
DEBUG: torch_nn_linear: linear=0x600df7555140, x=0x74e5a21a64d0
DEBUG:   - weight=0x74e7b0bfe8a0 (depformer_layers_0_self_attn_out_proj_weight (view), type=2), bias=(nil) (NULL)
DEBUG:   - ggml_mul_mat returned y=0x74e5a21a6640
DEBUG:   - layer_scale_1
DEBUG:   - norm2
DEBUG:   - gating/ff
DEBUG: torch_nn_linear: linear=0x600df7555180, x=0x74e5a21a6c00
DEBUG:   - weight=0x600df753a7a0 (depformer_layers_0_gating_12_linear_in_weight, type=2), bias=(nil) (NULL)
DEBUG:   - ggml_mul_mat returned y=0x74e5a21a6d70
DEBUG: torch_nn_linear: linear=0x600df75551a0, x=0x74e5a21a7330
DEBUG:   - weight=0x600df753a910 (depformer_layers_0_gating_12_linear_out_weight, type=2), bias=(nil) (NULL)
DEBUG:   - ggml_mul_mat returned y=0x74e5a21a74a0
DEBUG:   - layer done
DEBUG: moshi_streaming_transformer building layer 1 (first loop)
DEBUG:   - norm1
DEBUG:   - self_attn
DEBUG: torch_nn_linear: linear=0x600df7555e10, x=0x74e5a21a7a60
DEBUG:   - weight=0x74e7b0bfffa0 (depformer_layers_1_self_attn_in_proj_weight (view), type=2), bias=(nil) (NULL)
DEBUG:   - ggml_mul_mat returned y=0x74e5a21a7bd0
DEBUG: torch_nn_linear: linear=0x600df7555e30, x=0x74e5a21aa9d0
DEBUG:   - weight=0x74e7b0c016a0 (depformer_layers_1_self_attn_out_proj_weight (view), type=2), bias=(nil) (NULL)
DEBUG:   - ggml_mul_mat returned y=0x74e5a21aab40
DEBUG:   - layer_scale_1
DEBUG:   - norm2
DEBUG:   - gating/ff
DEBUG: torch_nn_linear: linear=0x600df7555e70, x=0x74e5a21ab100
DEBUG:   - weight=0x600df753db60 (depformer_layers_1_gating_12_linear_in_weight, type=2), bias=(nil) (NULL)
DEBUG:   - ggml_mul_mat returned y=0x74e5a21ab270
DEBUG: torch_nn_linear: linear=0x600df7555e90, x=0x74e5a21ab830
DEBUG:   - weight=0x600df753dcd0 (depformer_layers_1_gating_12_linear_out_weight, type=2), bias=(nil) (NULL)
DEBUG:   - ggml_mul_mat returned y=0x74e5a21ab9a0
DEBUG:   - layer done
DEBUG: moshi_streaming_transformer building layer 2 (first loop)
DEBUG:   - norm1
DEBUG:   - self_attn
DEBUG: torch_nn_linear: linear=0x600df7556b00, x=0x74e5a21abf60
DEBUG:   - weight=0x74e7b0c02da0 (depformer_layers_2_self_attn_in_proj_weight (view), type=2), bias=(nil) (NULL)
DEBUG:   - ggml_mul_mat returned y=0x74e5a21ac0d0
DEBUG: torch_nn_linear: linear=0x600df7556b20, x=0x74e5a21aeed0
DEBUG:   - weight=0x74e7b0c044a0 (depformer_layers_2_self_attn_out_proj_weight (view), type=2), bias=(nil) (NULL)
DEBUG:   - ggml_mul_mat returned y=0x74e5a21af040
DEBUG:   - layer_scale_1
DEBUG:   - norm2
DEBUG:   - gating/ff
DEBUG: torch_nn_linear: linear=0x600df7556b60, x=0x74e5a21af600
DEBUG:   - weight=0x600df7540f20 (depformer_layers_2_gating_12_linear_in_weight, type=2), bias=(nil) (NULL)
DEBUG:   - ggml_mul_mat returned y=0x74e5a21af770
DEBUG: torch_nn_linear: linear=0x600df7556b80, x=0x74e5a21afd30
DEBUG:   - weight=0x600df7541090 (depformer_layers_2_gating_12_linear_out_weight, type=2), bias=(nil) (NULL)
DEBUG:   - ggml_mul_mat returned y=0x74e5a21afea0
DEBUG:   - layer done
DEBUG: moshi_streaming_transformer building layer 3 (first loop)
DEBUG:   - norm1
DEBUG:   - self_attn
DEBUG: torch_nn_linear: linear=0x600df75577f0, x=0x74e5a21b0460
DEBUG:   - weight=0x74e7b0c05ba0 (depformer_layers_3_self_attn_in_proj_weight (view), type=2), bias=(nil) (NULL)
DEBUG:   - ggml_mul_mat returned y=0x74e5a21b05d0
DEBUG: torch_nn_linear: linear=0x600df7603830, x=0x74e5a21b33d0
DEBUG:   - weight=0x74e7b0c072a0 (depformer_layers_3_self_attn_out_proj_weight (view), type=2), bias=(nil) (NULL)
DEBUG:   - ggml_mul_mat returned y=0x74e5a21b3540
DEBUG:   - layer_scale_1
DEBUG:   - norm2
DEBUG:   - gating/ff
DEBUG: torch_nn_linear: linear=0x600df7603870, x=0x74e5a21b3b00
DEBUG:   - weight=0x600df75442e0 (depformer_layers_3_gating_12_linear_in_weight, type=2), bias=(nil) (NULL)
DEBUG:   - ggml_mul_mat returned y=0x74e5a21b3c70
DEBUG: torch_nn_linear: linear=0x600df7603890, x=0x74e5a21b4230
DEBUG:   - weight=0x600df7544450 (depformer_layers_3_gating_12_linear_out_weight, type=2), bias=(nil) (NULL)
DEBUG:   - ggml_mul_mat returned y=0x74e5a21b43a0
DEBUG:   - layer done
DEBUG: moshi_streaming_transformer building layer 4 (first loop)
DEBUG:   - norm1
DEBUG:   - self_attn
DEBUG: torch_nn_linear: linear=0x600df7604500, x=0x74e5a21b4960
DEBUG:   - weight=0x74e7b0c089a0 (depformer_layers_4_self_attn_in_proj_weight (view), type=2), bias=(nil) (NULL)
DEBUG:   - ggml_mul_mat returned y=0x74e5a21b4ad0
DEBUG: torch_nn_linear: linear=0x600df7604520, x=0x74e5a21b78d0
DEBUG:   - weight=0x74e7b0c0a0a0 (depformer_layers_4_self_attn_out_proj_weight (view), type=2), bias=(nil) (NULL)
DEBUG:   - ggml_mul_mat returned y=0x74e5a21b7a40
DEBUG:   - layer_scale_1
DEBUG:   - norm2
DEBUG:   - gating/ff
DEBUG: torch_nn_linear: linear=0x600df7604560, x=0x74e5a21b8000
DEBUG:   - weight=0x600df75476a0 (depformer_layers_4_gating_12_linear_in_weight, type=2), bias=(nil) (NULL)
DEBUG:   - ggml_mul_mat returned y=0x74e5a21b8170
DEBUG: torch_nn_linear: linear=0x600df7604580, x=0x74e5a21b8730
DEBUG:   - weight=0x600df7547810 (depformer_layers_4_gating_12_linear_out_weight, type=2), bias=(nil) (NULL)
DEBUG:   - ggml_mul_mat returned y=0x74e5a21b88a0
DEBUG:   - layer done
DEBUG: moshi_streaming_transformer building layer 5 (first loop)
DEBUG:   - norm1
DEBUG:   - self_attn
DEBUG: torch_nn_linear: linear=0x600df76051f0, x=0x74e5a21b8e60
DEBUG:   - weight=0x74e7b0c0b7a0 (depformer_layers_5_self_attn_in_proj_weight (view), type=2), bias=(nil) (NULL)
DEBUG:   - ggml_mul_mat returned y=0x74e5a21b8fd0
DEBUG: torch_nn_linear: linear=0x600df7605210, x=0x74e5a21bbdd0
DEBUG:   - weight=0x74e7b0c0cea0 (depformer_layers_5_self_attn_out_proj_weight (view), type=2), bias=(nil) (NULL)
DEBUG:   - ggml_mul_mat returned y=0x74e5a21bbf40
DEBUG:   - layer_scale_1
DEBUG:   - norm2
DEBUG:   - gating/ff
DEBUG: torch_nn_linear: linear=0x600df7605250, x=0x74e5a21bc500
DEBUG:   - weight=0x600df754aa60 (depformer_layers_5_gating_12_linear_in_weight, type=2), bias=(nil) (NULL)
DEBUG:   - ggml_mul_mat returned y=0x74e5a21bc670
DEBUG: torch_nn_linear: linear=0x600df7605270, x=0x74e5a21bcc30
DEBUG:   - weight=0x600df754abd0 (depformer_layers_5_gating_12_linear_out_weight, type=2), bias=(nil) (NULL)
DEBUG:   - ggml_mul_mat returned y=0x74e5a21bcda0
DEBUG:   - layer done
DEBUG: torch_nn_linear: linear=0x600df7605f40, x=0x74e5a21bcf10
DEBUG:   - weight=0x600df754ff30 (linears.12.weight, type=1), bias=(nil) (NULL)
DEBUG:   - ggml_mul_mat returned y=0x74e5a21bd080
DEBUG: torch_nn_linear: linear=0x600df7605ad0, x=0x600dfaaf6780
DEBUG:   - weight=0x600df7550210 (depformer_in.13.weight, type=2), bias=(nil) (NULL)
DEBUG:   - ggml_mul_mat returned y=0x74e5a21bed40
DEBUG: moshi_streaming_transformer building layer 0 (first loop)
DEBUG:   - norm1
DEBUG:   - self_attn
DEBUG: torch_nn_linear: linear=0x600df75551c0, x=0x74e5a21bf8c0
DEBUG:   - weight=0x74e7b0bfd310 (depformer_layers_0_self_attn_in_proj_weight (view), type=2), bias=(nil) (NULL)
DEBUG:   - ggml_mul_mat returned y=0x74e5a21bfa30
DEBUG: torch_nn_linear: linear=0x600df75551e0, x=0x74e5a21c2830
DEBUG:   - weight=0x74e7b0bfea10 (depformer_layers_0_self_attn_out_proj_weight (view), type=2), bias=(nil) (NULL)
DEBUG:   - ggml_mul_mat returned y=0x74e5a21c29a0
DEBUG:   - layer_scale_1
DEBUG:   - norm2
DEBUG:   - gating/ff
DEBUG: torch_nn_linear: linear=0x600df7555220, x=0x74e5a21c2f60
DEBUG:   - weight=0x600df753aa80 (depformer_layers_0_gating_13_linear_in_weight, type=2), bias=(nil) (NULL)
DEBUG:   - ggml_mul_mat returned y=0x74e5a21c30d0
DEBUG: torch_nn_linear: linear=0x600df7555240, x=0x74e5a21c3690
DEBUG:   - weight=0x600df753abf0 (depformer_layers_0_gating_13_linear_out_weight, type=2), bias=(nil) (NULL)
DEBUG:   - ggml_mul_mat returned y=0x74e5a21c3800
DEBUG:   - layer done
DEBUG: moshi_streaming_transformer building layer 1 (first loop)
DEBUG:   - norm1
DEBUG:   - self_attn
DEBUG: torch_nn_linear: linear=0x600df7555eb0, x=0x74e5a21c3dc0
DEBUG:   - weight=0x74e7b0c00110 (depformer_layers_1_self_attn_in_proj_weight (view), type=2), bias=(nil) (NULL)
DEBUG:   - ggml_mul_mat returned y=0x74e5a21c3f30
DEBUG: torch_nn_linear: linear=0x600df7555ed0, x=0x74e5a21c6d30
DEBUG:   - weight=0x74e7b0c01810 (depformer_layers_1_self_attn_out_proj_weight (view), type=2), bias=(nil) (NULL)
DEBUG:   - ggml_mul_mat returned y=0x74e5a21c6ea0
DEBUG:   - layer_scale_1
DEBUG:   - norm2
DEBUG:   - gating/ff
DEBUG: torch_nn_linear: linear=0x600df7555f10, x=0x74e5a21c7460
DEBUG:   - weight=0x600df753de40 (depformer_layers_1_gating_13_linear_in_weight, type=2), bias=(nil) (NULL)
DEBUG:   - ggml_mul_mat returned y=0x74e5a21c75d0
DEBUG: torch_nn_linear: linear=0x600df7555f30, x=0x74e5a21c7b90
DEBUG:   - weight=0x600df753dfb0 (depformer_layers_1_gating_13_linear_out_weight, type=2), bias=(nil) (NULL)
DEBUG:   - ggml_mul_mat returned y=0x74e5a21c7d00
DEBUG:   - layer done
DEBUG: moshi_streaming_transformer building layer 2 (first loop)
DEBUG:   - norm1
DEBUG:   - self_attn
DEBUG: torch_nn_linear: linear=0x600df7556ba0, x=0x74e5a21c82c0
DEBUG:   - weight=0x74e7b0c02f10 (depformer_layers_2_self_attn_in_proj_weight (view), type=2), bias=(nil) (NULL)
DEBUG:   - ggml_mul_mat returned y=0x74e5a21c8430
DEBUG: torch_nn_linear: linear=0x600df7556bc0, x=0x74e5a21cb230
DEBUG:   - weight=0x74e7b0c04610 (depformer_layers_2_self_attn_out_proj_weight (view), type=2), bias=(nil) (NULL)
DEBUG:   - ggml_mul_mat returned y=0x74e5a21cb3a0
DEBUG:   - layer_scale_1
DEBUG:   - norm2
DEBUG:   - gating/ff
DEBUG: torch_nn_linear: linear=0x600df7556c00, x=0x74e5a21cb960
DEBUG:   - weight=0x600df7541200 (depformer_layers_2_gating_13_linear_in_weight, type=2), bias=(nil) (NULL)
DEBUG:   - ggml_mul_mat returned y=0x74e5a21cbad0
DEBUG: torch_nn_linear: linear=0x600df7556c20, x=0x74e5a21cc090
DEBUG:   - weight=0x600df7541370 (depformer_layers_2_gating_13_linear_out_weight, type=2), bias=(nil) (NULL)
DEBUG:   - ggml_mul_mat returned y=0x74e5a21cc200
DEBUG:   - layer done
DEBUG: moshi_streaming_transformer building layer 3 (first loop)
DEBUG:   - norm1
DEBUG:   - self_attn
DEBUG: torch_nn_linear: linear=0x600df76038b0, x=0x74e5a21cc7c0
DEBUG:   - weight=0x74e7b0c05d10 (depformer_layers_3_self_attn_in_proj_weight (view), type=2), bias=(nil) (NULL)
DEBUG:   - ggml_mul_mat returned y=0x74e5a21cc930
DEBUG: torch_nn_linear: linear=0x600df76038d0, x=0x74e5a21cf730
DEBUG:   - weight=0x74e7b0c07410 (depformer_layers_3_self_attn_out_proj_weight (view), type=2), bias=(nil) (NULL)
DEBUG:   - ggml_mul_mat returned y=0x74e5a21cf8a0
DEBUG:   - layer_scale_1
DEBUG:   - norm2
DEBUG:   - gating/ff
DEBUG: torch_nn_linear: linear=0x600df7603910, x=0x74e5a21cfe60
DEBUG:   - weight=0x600df75445c0 (depformer_layers_3_gating_13_linear_in_weight, type=2), bias=(nil) (NULL)
DEBUG:   - ggml_mul_mat returned y=0x74e5a21cffd0
DEBUG: torch_nn_linear: linear=0x600df7603930, x=0x74e5a21d0590
DEBUG:   - weight=0x600df7544730 (depformer_layers_3_gating_13_linear_out_weight, type=2), bias=(nil) (NULL)
DEBUG:   - ggml_mul_mat returned y=0x74e5a21d0700
DEBUG:   - layer done
DEBUG: moshi_streaming_transformer building layer 4 (first loop)
DEBUG:   - norm1
DEBUG:   - self_attn
DEBUG: torch_nn_linear: linear=0x600df76045a0, x=0x74e5a21d0cc0
DEBUG:   - weight=0x74e7b0c08b10 (depformer_layers_4_self_attn_in_proj_weight (view), type=2), bias=(nil) (NULL)
DEBUG:   - ggml_mul_mat returned y=0x74e5a21d0e30
DEBUG: torch_nn_linear: linear=0x600df76045c0, x=0x74e5a21d3c30
DEBUG:   - weight=0x74e7b0c0a210 (depformer_layers_4_self_attn_out_proj_weight (view), type=2), bias=(nil) (NULL)
DEBUG:   - ggml_mul_mat returned y=0x74e5a21d3da0
DEBUG:   - layer_scale_1
DEBUG:   - norm2
DEBUG:   - gating/ff
DEBUG: torch_nn_linear: linear=0x600df7604600, x=0x74e5a21d4360
DEBUG:   - weight=0x600df7547980 (depformer_layers_4_gating_13_linear_in_weight, type=2), bias=(nil) (NULL)
DEBUG:   - ggml_mul_mat returned y=0x74e5a21d44d0
DEBUG: torch_nn_linear: linear=0x600df7604620, x=0x74e5a21d4a90
DEBUG:   - weight=0x600df7547af0 (depformer_layers_4_gating_13_linear_out_weight, type=2), bias=(nil) (NULL)
DEBUG:   - ggml_mul_mat returned y=0x74e5a21d4c00
DEBUG:   - layer done
DEBUG: moshi_streaming_transformer building layer 5 (first loop)
DEBUG:   - norm1
DEBUG:   - self_attn
DEBUG: torch_nn_linear: linear=0x600df7605290, x=0x74e5a21d51c0
DEBUG:   - weight=0x74e7b0c0b910 (depformer_layers_5_self_attn_in_proj_weight (view), type=2), bias=(nil) (NULL)
DEBUG:   - ggml_mul_mat returned y=0x74e5a21d5330
DEBUG: torch_nn_linear: linear=0x600df76052b0, x=0x74e5a21d8130
DEBUG:   - weight=0x74e7b0c0d010 (depformer_layers_5_self_attn_out_proj_weight (view), type=2), bias=(nil) (NULL)
DEBUG:   - ggml_mul_mat returned y=0x74e5a21d82a0
DEBUG:   - layer_scale_1
DEBUG:   - norm2
DEBUG:   - gating/ff
DEBUG: torch_nn_linear: linear=0x600df76052f0, x=0x74e5a21d8860
DEBUG:   - weight=0x600df754ad40 (depformer_layers_5_gating_13_linear_in_weight, type=2), bias=(nil) (NULL)
DEBUG:   - ggml_mul_mat returned y=0x74e5a21d89d0
DEBUG: torch_nn_linear: linear=0x600df7605310, x=0x74e5a21d8f90
DEBUG:   - weight=0x600df754aeb0 (depformer_layers_5_gating_13_linear_out_weight, type=2), bias=(nil) (NULL)
DEBUG:   - ggml_mul_mat returned y=0x74e5a21d9100
DEBUG:   - layer done
DEBUG: torch_nn_linear: linear=0x600df7605f60, x=0x74e5a21d9270
DEBUG:   - weight=0x600df75504f0 (linears.13.weight, type=1), bias=(nil) (NULL)
DEBUG:   - ggml_mul_mat returned y=0x74e5a21d93e0
DEBUG: torch_nn_linear: linear=0x600df7605af0, x=0x600dfaaf6780
DEBUG:   - weight=0x600df75507d0 (depformer_in.14.weight, type=2), bias=(nil) (NULL)
DEBUG:   - ggml_mul_mat returned y=0x74e5a21db0a0
DEBUG: moshi_streaming_transformer building layer 0 (first loop)
DEBUG:   - norm1
DEBUG:   - self_attn
DEBUG: torch_nn_linear: linear=0x600df7555260, x=0x74e5a21dbc20
DEBUG:   - weight=0x74e7b0bfd480 (depformer_layers_0_self_attn_in_proj_weight (view), type=2), bias=(nil) (NULL)
DEBUG:   - ggml_mul_mat returned y=0x74e5a21dbd90
DEBUG: torch_nn_linear: linear=0x600df7555280, x=0x74e5a21deb90
DEBUG:   - weight=0x74e7b0bfeb80 (depformer_layers_0_self_attn_out_proj_weight (view), type=2), bias=(nil) (NULL)
DEBUG:   - ggml_mul_mat returned y=0x74e5a21ded00
DEBUG:   - layer_scale_1
DEBUG:   - norm2
DEBUG:   - gating/ff
DEBUG: torch_nn_linear: linear=0x600df75552c0, x=0x74e5a21df2c0
DEBUG:   - weight=0x600df753ad60 (depformer_layers_0_gating_14_linear_in_weight, type=2), bias=(nil) (NULL)
DEBUG:   - ggml_mul_mat returned y=0x74e5a21df430
DEBUG: torch_nn_linear: linear=0x600df75552e0, x=0x74e5a21df9f0
DEBUG:   - weight=0x600df753aed0 (depformer_layers_0_gating_14_linear_out_weight, type=2), bias=(nil) (NULL)
DEBUG:   - ggml_mul_mat returned y=0x74e5a21dfb60
DEBUG:   - layer done
DEBUG: moshi_streaming_transformer building layer 1 (first loop)
DEBUG:   - norm1
DEBUG:   - self_attn
DEBUG: torch_nn_linear: linear=0x600df7555f50, x=0x74e5a21e0120
DEBUG:   - weight=0x74e7b0c00280 (depformer_layers_1_self_attn_in_proj_weight (view), type=2), bias=(nil) (NULL)
DEBUG:   - ggml_mul_mat returned y=0x74e5a21e0290
DEBUG: torch_nn_linear: linear=0x600df7555f70, x=0x74e5a21e3090
DEBUG:   - weight=0x74e7b0c01980 (depformer_layers_1_self_attn_out_proj_weight (view), type=2), bias=(nil) (NULL)
DEBUG:   - ggml_mul_mat returned y=0x74e5a21e3200
DEBUG:   - layer_scale_1
DEBUG:   - norm2
DEBUG:   - gating/ff
DEBUG: torch_nn_linear: linear=0x600df7555fb0, x=0x74e5a21e37c0
DEBUG:   - weight=0x600df753e120 (depformer_layers_1_gating_14_linear_in_weight, type=2), bias=(nil) (NULL)
DEBUG:   - ggml_mul_mat returned y=0x74e5a21e3930
DEBUG: torch_nn_linear: linear=0x600df7555fd0, x=0x74e5a21e3ef0
DEBUG:   - weight=0x600df753e290 (depformer_layers_1_gating_14_linear_out_weight, type=2), bias=(nil) (NULL)
DEBUG:   - ggml_mul_mat returned y=0x74e5a21e4060
DEBUG:   - layer done
DEBUG: moshi_streaming_transformer building layer 2 (first loop)
DEBUG:   - norm1
DEBUG:   - self_attn
DEBUG: torch_nn_linear: linear=0x600df7556c40, x=0x74e5a21e4620
DEBUG:   - weight=0x74e7b0c03080 (depformer_layers_2_self_attn_in_proj_weight (view), type=2), bias=(nil) (NULL)
DEBUG:   - ggml_mul_mat returned y=0x74e5a21e4790
DEBUG: torch_nn_linear: linear=0x600df7556c60, x=0x74e5a21e7590
DEBUG:   - weight=0x74e7b0c04780 (depformer_layers_2_self_attn_out_proj_weight (view), type=2), bias=(nil) (NULL)
DEBUG:   - ggml_mul_mat returned y=0x74e5a21e7700
DEBUG:   - layer_scale_1
DEBUG:   - norm2
DEBUG:   - gating/ff
DEBUG: torch_nn_linear: linear=0x600df7556ca0, x=0x74e5a21e7cc0
DEBUG:   - weight=0x600df75414e0 (depformer_layers_2_gating_14_linear_in_weight, type=2), bias=(nil) (NULL)
DEBUG:   - ggml_mul_mat returned y=0x74e5a21e7e30
DEBUG: torch_nn_linear: linear=0x600df7556cc0, x=0x74e5a21e83f0
DEBUG:   - weight=0x600df7541650 (depformer_layers_2_gating_14_linear_out_weight, type=2), bias=(nil) (NULL)
DEBUG:   - ggml_mul_mat returned y=0x74e5a21e8560
DEBUG:   - layer done
DEBUG: moshi_streaming_transformer building layer 3 (first loop)
DEBUG:   - norm1
DEBUG:   - self_attn
DEBUG: torch_nn_linear: linear=0x600df7603950, x=0x74e5a21e8b20
DEBUG:   - weight=0x74e7b0c05e80 (depformer_layers_3_self_attn_in_proj_weight (view), type=2), bias=(nil) (NULL)
DEBUG:   - ggml_mul_mat returned y=0x74e5a21e8c90
DEBUG: torch_nn_linear: linear=0x600df7603970, x=0x74e5a21eba90
DEBUG:   - weight=0x74e7b0c07580 (depformer_layers_3_self_attn_out_proj_weight (view), type=2), bias=(nil) (NULL)
DEBUG:   - ggml_mul_mat returned y=0x74e5a21ebc00
DEBUG:   - layer_scale_1
DEBUG:   - norm2
DEBUG:   - gating/ff
DEBUG: torch_nn_linear: linear=0x600df76039b0, x=0x74e5a21ec1c0
DEBUG:   - weight=0x600df75448a0 (depformer_layers_3_gating_14_linear_in_weight, type=2), bias=(nil) (NULL)
DEBUG:   - ggml_mul_mat returned y=0x74e5a21ec330
DEBUG: torch_nn_linear: linear=0x600df76039d0, x=0x74e5a21ec8f0
DEBUG:   - weight=0x600df7544a10 (depformer_layers_3_gating_14_linear_out_weight, type=2), bias=(nil) (NULL)
DEBUG:   - ggml_mul_mat returned y=0x74e5a21eca60
DEBUG:   - layer done
DEBUG: moshi_streaming_transformer building layer 4 (first loop)
DEBUG:   - norm1
DEBUG:   - self_attn
DEBUG: torch_nn_linear: linear=0x600df7604640, x=0x74e5a21ed020
DEBUG:   - weight=0x74e7b0c08c80 (depformer_layers_4_self_attn_in_proj_weight (view), type=2), bias=(nil) (NULL)
DEBUG:   - ggml_mul_mat returned y=0x74e5a21ed190
DEBUG: torch_nn_linear: linear=0x600df7604660, x=0x74e5a21eff90
DEBUG:   - weight=0x74e7b0c0a380 (depformer_layers_4_self_attn_out_proj_weight (view), type=2), bias=(nil) (NULL)
DEBUG:   - ggml_mul_mat returned y=0x74e5a21f0100
DEBUG:   - layer_scale_1
DEBUG:   - norm2
DEBUG:   - gating/ff
DEBUG: torch_nn_linear: linear=0x600df76046a0, x=0x74e5a21f06c0
DEBUG:   - weight=0x600df7547c60 (depformer_layers_4_gating_14_linear_in_weight, type=2), bias=(nil) (NULL)
DEBUG:   - ggml_mul_mat returned y=0x74e5a21f0830
DEBUG: torch_nn_linear: linear=0x600df76046c0, x=0x74e5a21f0df0
DEBUG:   - weight=0x600df7547dd0 (depformer_layers_4_gating_14_linear_out_weight, type=2), bias=(nil) (NULL)
DEBUG:   - ggml_mul_mat returned y=0x74e5a21f0f60
DEBUG:   - layer done
DEBUG: moshi_streaming_transformer building layer 5 (first loop)
DEBUG:   - norm1
DEBUG:   - self_attn
DEBUG: torch_nn_linear: linear=0x600df7605330, x=0x74e5a21f1520
DEBUG:   - weight=0x74e7b0c0ba80 (depformer_layers_5_self_attn_in_proj_weight (view), type=2), bias=(nil) (NULL)
DEBUG:   - ggml_mul_mat returned y=0x74e5a21f1690
DEBUG: torch_nn_linear: linear=0x600df7605350, x=0x74e5a21f4490
DEBUG:   - weight=0x74e7b0c0d180 (depformer_layers_5_self_attn_out_proj_weight (view), type=2), bias=(nil) (NULL)
DEBUG:   - ggml_mul_mat returned y=0x74e5a21f4600
DEBUG:   - layer_scale_1
DEBUG:   - norm2
DEBUG:   - gating/ff
DEBUG: torch_nn_linear: linear=0x600df7605390, x=0x74e5a21f4bc0
DEBUG:   - weight=0x600df754b020 (depformer_layers_5_gating_14_linear_in_weight, type=2), bias=(nil) (NULL)
DEBUG:   - ggml_mul_mat returned y=0x74e5a21f4d30
DEBUG: torch_nn_linear: linear=0x600df76053b0, x=0x74e5a21f52f0
DEBUG:   - weight=0x600df754b190 (depformer_layers_5_gating_14_linear_out_weight, type=2), bias=(nil) (NULL)
DEBUG:   - ggml_mul_mat returned y=0x74e5a21f5460
DEBUG:   - layer done
DEBUG: torch_nn_linear: linear=0x600df7605f80, x=0x74e5a21f55d0
DEBUG:   - weight=0x600df7550ab0 (linears.14.weight, type=1), bias=(nil) (NULL)
DEBUG:   - ggml_mul_mat returned y=0x74e5a21f5740
DEBUG: torch_nn_linear: linear=0x600df7605b10, x=0x600dfaaf6780
DEBUG:   - weight=0x600df7550d90 (depformer_in.15.weight, type=2), bias=(nil) (NULL)
DEBUG:   - ggml_mul_mat returned y=0x74e5a21f7400
DEBUG: moshi_streaming_transformer building layer 0 (first loop)
DEBUG:   - norm1
DEBUG:   - self_attn
DEBUG: torch_nn_linear: linear=0x600df7555300, x=0x74e5a21f7f80
DEBUG:   - weight=0x74e7b0bfd5f0 (depformer_layers_0_self_attn_in_proj_weight (view), type=2), bias=(nil) (NULL)
DEBUG:   - ggml_mul_mat returned y=0x74e5a21f80f0
DEBUG: torch_nn_linear: linear=0x600df7555320, x=0x74e5a21faef0
DEBUG:   - weight=0x74e7b0bfecf0 (depformer_layers_0_self_attn_out_proj_weight (view), type=2), bias=(nil) (NULL)
DEBUG:   - ggml_mul_mat returned y=0x74e5a21fb060
DEBUG:   - layer_scale_1
DEBUG:   - norm2
DEBUG:   - gating/ff
DEBUG: torch_nn_linear: linear=0x600df7555360, x=0x74e5a21fb620
DEBUG:   - weight=0x600df753b040 (depformer_layers_0_gating_15_linear_in_weight, type=2), bias=(nil) (NULL)
DEBUG:   - ggml_mul_mat returned y=0x74e5a21fb790
DEBUG: torch_nn_linear: linear=0x600df7555380, x=0x74e5a21fbd50
DEBUG:   - weight=0x600df753b1b0 (depformer_layers_0_gating_15_linear_out_weight, type=2), bias=(nil) (NULL)
DEBUG:   - ggml_mul_mat returned y=0x74e5a21fbec0
DEBUG:   - layer done
DEBUG: moshi_streaming_transformer building layer 1 (first loop)
DEBUG:   - norm1
DEBUG:   - self_attn
DEBUG: torch_nn_linear: linear=0x600df7555ff0, x=0x74e5a21fc480
DEBUG:   - weight=0x74e7b0c003f0 (depformer_layers_1_self_attn_in_proj_weight (view), type=2), bias=(nil) (NULL)
DEBUG:   - ggml_mul_mat returned y=0x74e5a21fc5f0
DEBUG: torch_nn_linear: linear=0x600df7556010, x=0x74e5a21ff3f0
DEBUG:   - weight=0x74e7b0c01af0 (depformer_layers_1_self_attn_out_proj_weight (view), type=2), bias=(nil) (NULL)
DEBUG:   - ggml_mul_mat returned y=0x74e5a21ff560
DEBUG:   - layer_scale_1
DEBUG:   - norm2
DEBUG:   - gating/ff
DEBUG: torch_nn_linear: linear=0x600df7556050, x=0x74e5a21ffb20
DEBUG:   - weight=0x600df753e400 (depformer_layers_1_gating_15_linear_in_weight, type=2), bias=(nil) (NULL)
DEBUG:   - ggml_mul_mat returned y=0x74e5a21ffc90
DEBUG: torch_nn_linear: linear=0x600df7556070, x=0x74e5a2200250
DEBUG:   - weight=0x600df753e570 (depformer_layers_1_gating_15_linear_out_weight, type=2), bias=(nil) (NULL)
DEBUG:   - ggml_mul_mat returned y=0x74e5a22003c0
DEBUG:   - layer done
DEBUG: moshi_streaming_transformer building layer 2 (first loop)
DEBUG:   - norm1
DEBUG:   - self_attn
DEBUG: torch_nn_linear: linear=0x600df7556ce0, x=0x74e5a2200980
DEBUG:   - weight=0x74e7b0c031f0 (depformer_layers_2_self_attn_in_proj_weight (view), type=2), bias=(nil) (NULL)
DEBUG:   - ggml_mul_mat returned y=0x74e5a2200af0
DEBUG: torch_nn_linear: linear=0x600df7556d00, x=0x74e5a22038f0
DEBUG:   - weight=0x74e7b0c048f0 (depformer_layers_2_self_attn_out_proj_weight (view), type=2), bias=(nil) (NULL)
DEBUG:   - ggml_mul_mat returned y=0x74e5a2203a60
DEBUG:   - layer_scale_1
DEBUG:   - norm2
DEBUG:   - gating/ff
DEBUG: torch_nn_linear: linear=0x600df7556d40, x=0x74e5a2204020
DEBUG:   - weight=0x600df75417c0 (depformer_layers_2_gating_15_linear_in_weight, type=2), bias=(nil) (NULL)
DEBUG:   - ggml_mul_mat returned y=0x74e5a2204190
DEBUG: torch_nn_linear: linear=0x600df7556d60, x=0x74e5a2204750
DEBUG:   - weight=0x600df7541930 (depformer_layers_2_gating_15_linear_out_weight, type=2), bias=(nil) (NULL)
DEBUG:   - ggml_mul_mat returned y=0x74e5a22048c0
DEBUG:   - layer done
DEBUG: moshi_streaming_transformer building layer 3 (first loop)
DEBUG:   - norm1
DEBUG:   - self_attn
DEBUG: torch_nn_linear: linear=0x600df76039f0, x=0x74e5a2204e80
DEBUG:   - weight=0x74e7b0c05ff0 (depformer_layers_3_self_attn_in_proj_weight (view), type=2), bias=(nil) (NULL)
DEBUG:   - ggml_mul_mat returned y=0x74e5a2204ff0
DEBUG: torch_nn_linear: linear=0x600df7603a10, x=0x74e5a2207df0
DEBUG:   - weight=0x74e7b0c076f0 (depformer_layers_3_self_attn_out_proj_weight (view), type=2), bias=(nil) (NULL)
DEBUG:   - ggml_mul_mat returned y=0x74e5a2207f60
DEBUG:   - layer_scale_1
DEBUG:   - norm2
DEBUG:   - gating/ff
DEBUG: torch_nn_linear: linear=0x600df7603a50, x=0x74e5a2208520
DEBUG:   - weight=0x600df7544b80 (depformer_layers_3_gating_15_linear_in_weight, type=2), bias=(nil) (NULL)
DEBUG:   - ggml_mul_mat returned y=0x74e5a2208690
DEBUG: torch_nn_linear: linear=0x600df7603a70, x=0x74e5a2208c50
DEBUG:   - weight=0x600df7544cf0 (depformer_layers_3_gating_15_linear_out_weight, type=2), bias=(nil) (NULL)
DEBUG:   - ggml_mul_mat returned y=0x74e5a2208dc0
DEBUG:   - layer done
DEBUG: moshi_streaming_transformer building layer 4 (first loop)
DEBUG:   - norm1
DEBUG:   - self_attn
DEBUG: torch_nn_linear: linear=0x600df76046e0, x=0x74e5a2209380
DEBUG:   - weight=0x74e7b0c08df0 (depformer_layers_4_self_attn_in_proj_weight (view), type=2), bias=(nil) (NULL)
DEBUG:   - ggml_mul_mat returned y=0x74e5a22094f0
DEBUG: torch_nn_linear: linear=0x600df7604700, x=0x74e5a220c2f0
DEBUG:   - weight=0x74e7b0c0a4f0 (depformer_layers_4_self_attn_out_proj_weight (view), type=2), bias=(nil) (NULL)
DEBUG:   - ggml_mul_mat returned y=0x74e5a220c460
DEBUG:   - layer_scale_1
DEBUG:   - norm2
DEBUG:   - gating/ff
DEBUG: torch_nn_linear: linear=0x600df7604740, x=0x74e5a220ca20
DEBUG:   - weight=0x600df7547f40 (depformer_layers_4_gating_15_linear_in_weight, type=2), bias=(nil) (NULL)
DEBUG:   - ggml_mul_mat returned y=0x74e5a220cb90
DEBUG: torch_nn_linear: linear=0x600df7604760, x=0x74e5a220d150
DEBUG:   - weight=0x600df75480b0 (depformer_layers_4_gating_15_linear_out_weight, type=2), bias=(nil) (NULL)
DEBUG:   - ggml_mul_mat returned y=0x74e5a220d2c0
DEBUG:   - layer done
DEBUG: moshi_streaming_transformer building layer 5 (first loop)
DEBUG:   - norm1
DEBUG:   - self_attn
DEBUG: torch_nn_linear: linear=0x600df76053d0, x=0x74e5a220d880
DEBUG:   - weight=0x74e7b0c0bbf0 (depformer_layers_5_self_attn_in_proj_weight (view), type=2), bias=(nil) (NULL)
DEBUG:   - ggml_mul_mat returned y=0x74e5a220d9f0
DEBUG: torch_nn_linear: linear=0x600df76053f0, x=0x74e5a22107f0
DEBUG:   - weight=0x74e7b0c0d2f0 (depformer_layers_5_self_attn_out_proj_weight (view), type=2), bias=(nil) (NULL)
DEBUG:   - ggml_mul_mat returned y=0x74e5a2210960
DEBUG:   - layer_scale_1
DEBUG:   - norm2
DEBUG:   - gating/ff
DEBUG: torch_nn_linear: linear=0x600df7605430, x=0x74e5a2210f20
DEBUG:   - weight=0x600df754b300 (depformer_layers_5_gating_15_linear_in_weight, type=2), bias=(nil) (NULL)
DEBUG:   - ggml_mul_mat returned y=0x74e5a2211090
DEBUG: torch_nn_linear: linear=0x600df7605450, x=0x74e5a2211650
DEBUG:   - weight=0x600df754b470 (depformer_layers_5_gating_15_linear_out_weight, type=2), bias=(nil) (NULL)
DEBUG:   - ggml_mul_mat returned y=0x74e5a22117c0
DEBUG:   - layer done
DEBUG: torch_nn_linear: linear=0x600df7605fa0, x=0x74e5a2211930
DEBUG:   - weight=0x600df7550f00 (linears.15.weight, type=1), bias=(nil) (NULL)
DEBUG:   - ggml_mul_mat returned y=0x74e5a2211aa0
DEBUG: before forward_text_step
DEBUG: after forward_text_step
DEBUG: before scratch.compute()
DEBUG: after scratch.compute()
DEBUG: before graph.compute()
DEBUG: after graph.compute()
DEBUG: before forward_text_step
DEBUG: after forward_text_step
DEBUG: before scratch.compute()
DEBUG: after scratch.compute()
DEBUG: before graph.compute()
DEBUG: after graph.compute()
DEBUG: before forward_text_step
DEBUG: after forward_text_step
DEBUG: before scratch.compute()
DEBUG: after scratch.compute()
DEBUG: before graph.compute()
DEBUG: after graph.compute()
DEBUG: before forward_text_step
DEBUG: after forward_text_step
DEBUG: before scratch.compute()
DEBUG: after scratch.compute()
DEBUG: before graph.compute()
DEBUG: after graph.compute()
DEBUG: before forward_text_step
DEBUG: after forward_text_step
DEBUG: before scratch.compute()
DEBUG: after scratch.compute()
DEBUG: before graph.compute()
DEBUG: after graph.compute()
DEBUG: before forward_text_step
DEBUG: after forward_text_step
DEBUG: before scratch.compute()
DEBUG: after scratch.compute()
DEBUG: before graph.compute()
DEBUG: after graph.compute()
DEBUG: before forward_text_step
DEBUG: after forward_text_step
DEBUG: before scratch.compute()
DEBUG: after scratch.compute()
DEBUG: before graph.compute()
DEBUG: after graph.compute()
DEBUG: before forward_text_step
DEBUG: after forward_text_step
DEBUG: before scratch.compute()
DEBUG: after scratch.compute()
DEBUG: before graph.compute()
DEBUG: after graph.compute()
DEBUG: before forward_text_step
DEBUG: after forward_text_step
DEBUG: before scratch.compute()
DEBUG: after scratch.compute()
DEBUG: before graph.compute()
DEBUG: after graph.compute()
DEBUG: before forward_text_step
DEBUG: after forward_text_step
DEBUG: before scratch.compute()
DEBUG: after scratch.compute()
DEBUG: before graph.compute()
DEBUG: after graph.compute()
DEBUG: before forward_text_step
DEBUG: after forward_text_step
DEBUG: before scratch.compute()
DEBUG: after scratch.compute()
DEBUG: before graph.compute()
DEBUG: after graph.compute()
DEBUG: system prompts processed successfully
DEBUG: moshi_lm_start ending
DEBUG: moshi_lm_start returned successfully
ready
DEBUG: calling mimi_encode_send
DEBUG: after mimi_encode_send
DEBUG: calling mimi_encode_receive
DEBUG: mimi_encode start, frame.size()=1920
DEBUG: mimi_encode: building graph
DEBUG: mimi_encode: calling seanet_encoder
DEBUG: moshi_seanet_encoder states=0x600df7d38950 encoder=0x600df7c53fd0 x=0x74e591ffe060
DEBUG: states->model_0=0x600df77a6310
DEBUG: encoder->model_0=0x600df7c54030
DEBUG: moshi_streaming_conv_1d prev=0x600df77a6310 conv=0x600df7c54030 x=0x74e591ffe060
DEBUG: conv weights=0x600df7c32d80 bias=0x600df7c32ef0 kernel_size=7 stride=1 in_channels=1
DEBUG: moshi_streaming_conv_1d prev=0x600df77a6480 conv=0x600df7c54080 x=0x74e59204f890
DEBUG: conv weights=0x600df7c33060 bias=0x600df7c331d0 kernel_size=3 stride=1 in_channels=64
DEBUG: moshi_streaming_conv_1d prev=0x600df77a65f0 conv=0x600df7c540e0 x=0x74e592051270
DEBUG: conv weights=0x600df7c33620 bias=0x600df7c33790 kernel_size=8 stride=4 in_channels=64
DEBUG: moshi_streaming_conv_1d prev=0x600df77a6760 conv=0x600df7c54130 x=0x74e5920520d0
DEBUG: conv weights=0x600df7c33900 bias=0x600df7c33a70 kernel_size=3 stride=1 in_channels=128
DEBUG: moshi_streaming_conv_1d prev=0x600df77a68d0 conv=0x600df7c54190 x=0x74e592053ab0
DEBUG: conv weights=0x600df7c33ec0 bias=0x600df7c34030 kernel_size=10 stride=5 in_channels=128
DEBUG: moshi_streaming_conv_1d prev=0x600df77a6a40 conv=0x600df7c541e0 x=0x74e592054910
DEBUG: conv weights=0x600df7c341a0 bias=0x600df7c34310 kernel_size=3 stride=1 in_channels=256
DEBUG: moshi_streaming_conv_1d prev=0x600df77a6bb0 conv=0x600df7c54240 x=0x74e5920562f0
DEBUG: conv weights=0x600df7c34760 bias=0x600df7c348d0 kernel_size=12 stride=6 in_channels=256
DEBUG: moshi_streaming_conv_1d prev=0x600df77a6d20 conv=0x600df7c54290 x=0x74e592057150
DEBUG: conv weights=0x600df7c34a40 bias=0x600df7c34bb0 kernel_size=3 stride=1 in_channels=512
DEBUG: moshi_streaming_conv_1d prev=0x600df77a6e90 conv=0x600df7c542f0 x=0x74e592058b30
DEBUG: conv weights=0x600df7c35000 bias=0x600df7c35170 kernel_size=16 stride=8 in_channels=512
DEBUG: moshi_streaming_conv_1d prev=0x600df77a7000 conv=0x600df7c54320 x=0x74e592059990
DEBUG: conv weights=0x600df7c352e0 bias=0x600df7c35450 kernel_size=3 stride=1 in_channels=1024
DEBUG: mimi_encode: calling projected_transformer_graph_build
DEBUG: moshi_streaming_transformer building layer 0 (second loop)
DEBUG:   - norm1
DEBUG:   - self_attn
DEBUG: torch_nn_linear: linear=0x600df7c544d0, x=0x74e59205b930
DEBUG:   - weight=0x600df7c2bd60 (0bd20000, type=0), bias=(nil) (NULL)
DEBUG:   - ggml_mul_mat returned y=0x74e59205baa0
DEBUG: torch_nn_linear: linear=0x600df7c54510, x=0x74e592060840
DEBUG:   - weight=0x600df7c2bed0 (5ded0000, type=0), bias=(nil) (NULL)
DEBUG:   - ggml_mul_mat returned y=0x74e5920609b0
DEBUG:   - layer_scale_1
DEBUG:   - norm2
DEBUG:   - gating/ff
DEBUG: torch_nn_linear: linear=0x600df7c54590, x=0x74e5920610e0
DEBUG:   - weight=0x600df7c2c490 (mimi.encoder_transformer.transformer.layers.0.linear1.weight, type=0), bias=(nil) (NULL)
DEBUG:   - ggml_mul_mat returned y=0x74e592061250
DEBUG: torch_nn_linear: linear=0x600df7c545b0, x=0x74e5920613c0
DEBUG:   - weight=0x600df7c2c600 (mimi.encoder_transformer.transformer.layers.0.linear2.weight, type=0), bias=(nil) (NULL)
DEBUG:   - ggml_mul_mat returned y=0x74e592061530
DEBUG:   - layer_scale_2
DEBUG:   - layer done
DEBUG: moshi_streaming_transformer building layer 1 (second loop)
DEBUG:   - norm1
DEBUG:   - self_attn
DEBUG: torch_nn_linear: linear=0x600df7c54710, x=0x74e592061c60
DEBUG:   - weight=0x600df7c2cbc0 (42a10000, type=0), bias=(nil) (NULL)
DEBUG:   - ggml_mul_mat returned y=0x74e592061dd0
DEBUG: torch_nn_linear: linear=0x600df7c54750, x=0x74e592066b70
DEBUG:   - weight=0x600df7c2cd30 (dee10000, type=0), bias=(nil) (NULL)
DEBUG:   - ggml_mul_mat returned y=0x74e592066ce0
DEBUG:   - layer_scale_1
DEBUG:   - norm2
DEBUG:   - gating/ff
DEBUG: torch_nn_linear: linear=0x600df7c547d0, x=0x74e592067410
DEBUG:   - weight=0x600df7c2d2f0 (mimi.encoder_transformer.transformer.layers.1.linear1.weight, type=0), bias=(nil) (NULL)
DEBUG:   - ggml_mul_mat returned y=0x74e592067580
DEBUG: torch_nn_linear: linear=0x600df7c547f0, x=0x74e5920676f0
DEBUG:   - weight=0x600df7c2d460 (mimi.encoder_transformer.transformer.layers.1.linear2.weight, type=0), bias=(nil) (NULL)
DEBUG:   - ggml_mul_mat returned y=0x74e592067860
DEBUG:   - layer_scale_2
DEBUG:   - layer done
DEBUG: moshi_streaming_transformer building layer 2 (second loop)
DEBUG:   - norm1
DEBUG:   - self_attn
DEBUG: torch_nn_linear: linear=0x600df7c54950, x=0x74e592067f90
DEBUG:   - weight=0x600df7c2da20 (89240000, type=0), bias=(nil) (NULL)
DEBUG:   - ggml_mul_mat returned y=0x74e592068100
DEBUG: torch_nn_linear: linear=0x600df7c54990, x=0x74e59206cea0
DEBUG:   - weight=0x600df7c2db90 (5bf50000, type=0), bias=(nil) (NULL)
DEBUG:   - ggml_mul_mat returned y=0x74e59206d010
DEBUG:   - layer_scale_1
DEBUG:   - norm2
DEBUG:   - gating/ff
DEBUG: torch_nn_linear: linear=0x600df7c54a10, x=0x74e59206d740
DEBUG:   - weight=0x600df7c2e150 (mimi.encoder_transformer.transformer.layers.2.linear1.weight, type=0), bias=(nil) (NULL)
DEBUG:   - ggml_mul_mat returned y=0x74e59206d8b0
DEBUG: torch_nn_linear: linear=0x600df7c54a30, x=0x74e59206da20
DEBUG:   - weight=0x600df7c2e2c0 (mimi.encoder_transformer.transformer.layers.2.linear2.weight, type=0), bias=(nil) (NULL)
DEBUG:   - ggml_mul_mat returned y=0x74e59206db90
DEBUG:   - layer_scale_2
DEBUG:   - layer done
DEBUG: moshi_streaming_transformer building layer 3 (second loop)
DEBUG:   - norm1
DEBUG:   - self_attn
DEBUG: torch_nn_linear: linear=0x600df7c54b90, x=0x74e59206e2c0
DEBUG:   - weight=0x600df7c2e880 (c0570000, type=0), bias=(nil) (NULL)
DEBUG:   - ggml_mul_mat returned y=0x74e59206e430
DEBUG: torch_nn_linear: linear=0x600df7c54bd0, x=0x74e5920731d0
DEBUG:   - weight=0x600df7c2e9f0 (d8f90000, type=0), bias=(nil) (NULL)
DEBUG:   - ggml_mul_mat returned y=0x74e592073340
DEBUG:   - layer_scale_1
DEBUG:   - norm2
DEBUG:   - gating/ff
DEBUG: torch_nn_linear: linear=0x600df7c54c50, x=0x74e592073a70
DEBUG:   - weight=0x600df7c2efb0 (mimi.encoder_transformer.transformer.layers.3.linear1.weight, type=0), bias=(nil) (NULL)
DEBUG:   - ggml_mul_mat returned y=0x74e592073be0
DEBUG: torch_nn_linear: linear=0x600df7c54c70, x=0x74e592073d50
DEBUG:   - weight=0x600df7c2f120 (mimi.encoder_transformer.transformer.layers.3.linear2.weight, type=0), bias=(nil) (NULL)
DEBUG:   - ggml_mul_mat returned y=0x74e592073ec0
DEBUG:   - layer_scale_2
DEBUG:   - layer done
DEBUG: moshi_streaming_transformer building layer 4 (second loop)
DEBUG:   - norm1
DEBUG:   - self_attn
DEBUG: torch_nn_linear: linear=0x600df7c54dd0, x=0x74e5920745f0
DEBUG:   - weight=0x600df7c2f6e0 (19350000, type=0), bias=(nil) (NULL)
DEBUG:   - ggml_mul_mat returned y=0x74e592074760
DEBUG: torch_nn_linear: linear=0x600df7c54e10, x=0x74e592079500
DEBUG:   - weight=0x600df7c2f850 (51dc0000, type=0), bias=(nil) (NULL)
DEBUG:   - ggml_mul_mat returned y=0x74e592079670
DEBUG:   - layer_scale_1
DEBUG:   - norm2
DEBUG:   - gating/ff
DEBUG: torch_nn_linear: linear=0x600df7c54e90, x=0x74e592079da0
DEBUG:   - weight=0x600df7c2fe10 (mimi.encoder_transformer.transformer.layers.4.linear1.weight, type=0), bias=(nil) (NULL)
DEBUG:   - ggml_mul_mat returned y=0x74e592079f10
DEBUG: torch_nn_linear: linear=0x600df7c54eb0, x=0x74e59207a080
DEBUG:   - weight=0x600df7c2ff80 (mimi.encoder_transformer.transformer.layers.4.linear2.weight, type=0), bias=(nil) (NULL)
DEBUG:   - ggml_mul_mat returned y=0x74e59207a1f0
DEBUG:   - layer_scale_2
DEBUG:   - layer done
DEBUG: moshi_streaming_transformer building layer 5 (second loop)
DEBUG:   - norm1
DEBUG:   - self_attn
DEBUG: torch_nn_linear: linear=0x600df7c55010, x=0x74e59207a920
DEBUG:   - weight=0x600df7c30540 (50460000, type=0), bias=(nil) (NULL)
DEBUG:   - ggml_mul_mat returned y=0x74e59207aa90
DEBUG: torch_nn_linear: linear=0x600df7c55050, x=0x74e59207f830
DEBUG:   - weight=0x600df7c306b0 (d2d00000, type=0), bias=(nil) (NULL)
DEBUG:   - ggml_mul_mat returned y=0x74e59207f9a0
DEBUG:   - layer_scale_1
DEBUG:   - norm2
DEBUG:   - gating/ff
DEBUG: torch_nn_linear: linear=0x600df7c550d0, x=0x74e5920800d0
DEBUG:   - weight=0x600df7c30c70 (mimi.encoder_transformer.transformer.layers.5.linear1.weight, type=0), bias=(nil) (NULL)
DEBUG:   - ggml_mul_mat returned y=0x74e592080240
DEBUG: torch_nn_linear: linear=0x600df7c550f0, x=0x74e5920803b0
DEBUG:   - weight=0x600df7c30de0 (mimi.encoder_transformer.transformer.layers.5.linear2.weight, type=0), bias=(nil) (NULL)
DEBUG:   - ggml_mul_mat returned y=0x74e592080520
DEBUG:   - layer_scale_2
DEBUG:   - layer done
DEBUG: moshi_streaming_transformer building layer 6 (second loop)
DEBUG:   - norm1
DEBUG:   - self_attn
DEBUG: torch_nn_linear: linear=0x600df7c55250, x=0x74e592080c50
DEBUG:   - weight=0x600df7c313a0 (9bc30000, type=0), bias=(nil) (NULL)
DEBUG:   - ggml_mul_mat returned y=0x74e592080dc0
DEBUG: torch_nn_linear: linear=0x600df7c55290, x=0x74e592085b60
DEBUG:   - weight=0x600df7c31510 (57c40000, type=0), bias=(nil) (NULL)
DEBUG:   - ggml_mul_mat returned y=0x74e592085cd0
DEBUG:   - layer_scale_1
DEBUG:   - norm2
DEBUG:   - gating/ff
DEBUG: torch_nn_linear: linear=0x600df7c55310, x=0x74e592086400
DEBUG:   - weight=0x600df7c31ad0 (mimi.encoder_transformer.transformer.layers.6.linear1.weight, type=0), bias=(nil) (NULL)
DEBUG:   - ggml_mul_mat returned y=0x74e592086570
DEBUG: torch_nn_linear: linear=0x600df7c55330, x=0x74e5920866e0
DEBUG:   - weight=0x600df7c31c40 (mimi.encoder_transformer.transformer.layers.6.linear2.weight, type=0), bias=(nil) (NULL)
DEBUG:   - ggml_mul_mat returned y=0x74e592086850
DEBUG:   - layer_scale_2
DEBUG:   - layer done
DEBUG: moshi_streaming_transformer building layer 7 (second loop)
DEBUG:   - norm1
DEBUG:   - self_attn
DEBUG: torch_nn_linear: linear=0x600df7c55490, x=0x74e592086f80
DEBUG:   - weight=0x600df7c32200 (d2b00000, type=0), bias=(nil) (NULL)
DEBUG:   - ggml_mul_mat returned y=0x74e5920870f0
DEBUG: torch_nn_linear: linear=0x600df7c554d0, x=0x74e59208be90
DEBUG:   - weight=0x600df7c32370 (d4c80000, type=0), bias=(nil) (NULL)
DEBUG:   - ggml_mul_mat returned y=0x74e59208c000
DEBUG:   - layer_scale_1
DEBUG:   - norm2
DEBUG:   - gating/ff
DEBUG: torch_nn_linear: linear=0x600df7c55550, x=0x74e59208c730
DEBUG:   - weight=0x600df7c32930 (mimi.encoder_transformer.transformer.layers.7.linear1.weight, type=0), bias=(nil) (NULL)
DEBUG:   - ggml_mul_mat returned y=0x74e59208c8a0
DEBUG: torch_nn_linear: linear=0x600df7c55570, x=0x74e59208ca10
DEBUG:   - weight=0x600df7c32aa0 (mimi.encoder_transformer.transformer.layers.7.linear2.weight, type=0), bias=(nil) (NULL)
DEBUG:   - ggml_mul_mat returned y=0x74e59208cb80
DEBUG:   - layer_scale_2
DEBUG:   - layer done
DEBUG: mimi_encode: calling mimi_to_framerate
DEBUG: moshi_streaming_conv_1d prev=0x600df77a4aa0 conv=0x600df7c555b0 x=0x74e59208cfd0
DEBUG: conv weights=0x600df7c2b910 bias=(nil) kernel_size=4 stride=2 in_channels=512
DEBUG: mimi_encode: calling quantizer_encode
DEBUG: mimi_encode: building forward expand
DEBUG: mimi_encode: allocating graph
DEBUG: mimi_encode: copying input data
DEBUG: mimi_encode: calling projected_transformer_graph_step
DEBUG: mimi_encode: calling scratch compute
DEBUG: mimi_encode: calling graph compute
DEBUG: mimi_encode: fetching codes
DEBUG: mimi_encode done
DEBUG: after mimi_encode_receive
DEBUG: calling moshi_lm_send2
DEBUG: after moshi_lm_send2
DEBUG: calling moshi_lm_receive
DEBUG: before forward_text_step
DEBUG: after forward_text_step
DEBUG: before scratch.compute()
DEBUG: after scratch.compute()
DEBUG: before graph.compute()
DEBUG: after graph.compute()
DEBUG: after moshi_lm_receive
TOKEN_GEN: frame=0 text=3 audio=948,243,783,142,481,1572,666,1648,
DEBUG: moshi_streaming_transformer building layer 0 (second loop)
DEBUG:   - norm1
DEBUG:   - self_attn
DEBUG: torch_nn_linear: linear=0x600df7c52d80, x=0x74e5820054a0
DEBUG:   - weight=0x600df7c220b0 (deaa0000, type=0), bias=(nil) (NULL)
DEBUG:   - ggml_mul_mat returned y=0x74e582005610
DEBUG: torch_nn_linear: linear=0x600df7c52dc0, x=0x74e58200a3b0
DEBUG:   - weight=0x600df7c22220 (d4380000, type=0), bias=(nil) (NULL)
DEBUG:   - ggml_mul_mat returned y=0x74e58200a520
DEBUG:   - layer_scale_1
DEBUG:   - norm2
DEBUG:   - gating/ff
DEBUG: torch_nn_linear: linear=0x600df7c52e40, x=0x74e58200ac50
DEBUG:   - weight=0x600df7c227e0 (mimi.decoder_transformer.transformer.layers.0.linear1.weight, type=0), bias=(nil) (NULL)
DEBUG:   - ggml_mul_mat returned y=0x74e58200adc0
DEBUG: torch_nn_linear: linear=0x600df7c52e60, x=0x74e58200af30
DEBUG:   - weight=0x600df7c22950 (mimi.decoder_transformer.transformer.layers.0.linear2.weight, type=0), bias=(nil) (NULL)
DEBUG:   - ggml_mul_mat returned y=0x74e58200b0a0
DEBUG:   - layer_scale_2
DEBUG:   - layer done
DEBUG: moshi_streaming_transformer building layer 1 (second loop)
DEBUG:   - norm1
DEBUG:   - self_attn
DEBUG: torch_nn_linear: linear=0x600df7c52f30, x=0x74e58200b7d0
DEBUG:   - weight=0x600df7c22f10 (97d90000, type=0), bias=(nil) (NULL)
DEBUG:   - ggml_mul_mat returned y=0x74e58200b940
DEBUG: torch_nn_linear: linear=0x600df7c52f70, x=0x74e5820106e0
DEBUG:   - weight=0x600df7c23080 (57340000, type=0), bias=(nil) (NULL)
DEBUG:   - ggml_mul_mat returned y=0x74e582010850
DEBUG:   - layer_scale_1
DEBUG:   - norm2
DEBUG:   - gating/ff
DEBUG: torch_nn_linear: linear=0x600df7c52ff0, x=0x74e582010f80
DEBUG:   - weight=0x600df7c23640 (mimi.decoder_transformer.transformer.layers.1.linear1.weight, type=0), bias=(nil) (NULL)
DEBUG:   - ggml_mul_mat returned y=0x74e5820110f0
DEBUG: torch_nn_linear: linear=0x600df7c53010, x=0x74e582011260
DEBUG:   - weight=0x600df7c237b0 (mimi.decoder_transformer.transformer.layers.1.linear2.weight, type=0), bias=(nil) (NULL)
DEBUG:   - ggml_mul_mat returned y=0x74e5820113d0
DEBUG:   - layer_scale_2
DEBUG:   - layer done
DEBUG: moshi_streaming_transformer building layer 2 (second loop)
DEBUG:   - norm1
DEBUG:   - self_attn
DEBUG: torch_nn_linear: linear=0x600df7c530e0, x=0x74e582011b00
DEBUG:   - weight=0x600df7c23d70 (5c5c0000, type=0), bias=(nil) (NULL)
DEBUG:   - ggml_mul_mat returned y=0x74e582011c70
DEBUG: torch_nn_linear: linear=0x600df7c53120, x=0x74e582016a10
DEBUG:   - weight=0x600df7c23ee0 (d2200000, type=0), bias=(nil) (NULL)
DEBUG:   - ggml_mul_mat returned y=0x74e582016b80
DEBUG:   - layer_scale_1
DEBUG:   - norm2
DEBUG:   - gating/ff
DEBUG: torch_nn_linear: linear=0x600df7c531a0, x=0x74e5820172b0
DEBUG:   - weight=0x600df7c244a0 (mimi.decoder_transformer.transformer.layers.2.linear1.weight, type=0), bias=(nil) (NULL)
DEBUG:   - ggml_mul_mat returned y=0x74e582017420
DEBUG: torch_nn_linear: linear=0x600df7c531c0, x=0x74e582017590
DEBUG:   - weight=0x600df7c24610 (mimi.decoder_transformer.transformer.layers.2.linear2.weight, type=0), bias=(nil) (NULL)
DEBUG:   - ggml_mul_mat returned y=0x74e582017700
DEBUG:   - layer_scale_2
DEBUG:   - layer done
DEBUG: moshi_streaming_transformer building layer 3 (second loop)
DEBUG:   - norm1
DEBUG:   - self_attn
DEBUG: torch_nn_linear: linear=0x600df7c53320, x=0x74e582017e30
DEBUG:   - weight=0x600df7c24bd0 (152f0000, type=0), bias=(nil) (NULL)
DEBUG:   - ggml_mul_mat returned y=0x74e582017fa0
DEBUG: torch_nn_linear: linear=0x600df7c53360, x=0x74e58201cd40
DEBUG:   - weight=0x600df7c24d40 (512c0000, type=0), bias=(nil) (NULL)
DEBUG:   - ggml_mul_mat returned y=0x74e58201ceb0
DEBUG:   - layer_scale_1
DEBUG:   - norm2
DEBUG:   - gating/ff
DEBUG: torch_nn_linear: linear=0x600df7c533e0, x=0x74e58201d5e0
DEBUG:   - weight=0x600df7c25300 (mimi.decoder_transformer.transformer.layers.3.linear1.weight, type=0), bias=(nil) (NULL)
DEBUG:   - ggml_mul_mat returned y=0x74e58201d750
DEBUG: torch_nn_linear: linear=0x600df7c53400, x=0x74e58201d8c0
DEBUG:   - weight=0x600df7c25470 (mimi.decoder_transformer.transformer.layers.3.linear2.weight, type=0), bias=(nil) (NULL)
DEBUG:   - ggml_mul_mat returned y=0x74e58201da30
DEBUG:   - layer_scale_2
DEBUG:   - layer done
DEBUG: moshi_streaming_transformer building layer 4 (second loop)
DEBUG:   - norm1
DEBUG:   - self_attn
DEBUG: torch_nn_linear: linear=0x600df7c53560, x=0x74e58201e160
DEBUG:   - weight=0x600df7c25a30 (cc4d0000, type=0), bias=(nil) (NULL)
DEBUG:   - ggml_mul_mat returned y=0x74e58201e2d0
DEBUG: torch_nn_linear: linear=0x600df7c535a0, x=0x74e582023070
DEBUG:   - weight=0x600df7c25ba0 (d8090000, type=0), bias=(nil) (NULL)
DEBUG:   - ggml_mul_mat returned y=0x74e5820231e0
DEBUG:   - layer_scale_1
DEBUG:   - norm2
DEBUG:   - gating/ff
DEBUG: torch_nn_linear: linear=0x600df7c53620, x=0x74e582023910
DEBUG:   - weight=0x600df7c26160 (mimi.decoder_transformer.transformer.layers.4.linear1.weight, type=0), bias=(nil) (NULL)
DEBUG:   - ggml_mul_mat returned y=0x74e582023a80
DEBUG: torch_nn_linear: linear=0x600df7c53640, x=0x74e582023bf0
DEBUG:   - weight=0x600df7c262d0 (mimi.decoder_transformer.transformer.layers.4.linear2.weight, type=0), bias=(nil) (NULL)
DEBUG:   - ggml_mul_mat returned y=0x74e582023d60
DEBUG:   - layer_scale_2
DEBUG:   - layer done
DEBUG: moshi_streaming_transformer building layer 5 (second loop)
DEBUG:   - norm1
DEBUG:   - self_attn
DEBUG: torch_nn_linear: linear=0x600df7c537a0, x=0x74e582024490
DEBUG:   - weight=0x600df7c26890 (853e0000, type=0), bias=(nil) (NULL)
DEBUG:   - ggml_mul_mat returned y=0x74e582024600
DEBUG: torch_nn_linear: linear=0x600df7c537e0, x=0x74e5820293a0
DEBUG:   - weight=0x600df7c26a00 (5b050000, type=0), bias=(nil) (NULL)
DEBUG:   - ggml_mul_mat returned y=0x74e582029510
DEBUG:   - layer_scale_1
DEBUG:   - norm2
DEBUG:   - gating/ff
DEBUG: torch_nn_linear: linear=0x600df7c53860, x=0x74e582029c40
DEBUG:   - weight=0x600df7c26fc0 (mimi.decoder_transformer.transformer.layers.5.linear1.weight, type=0), bias=(nil) (NULL)
DEBUG:   - ggml_mul_mat returned y=0x74e582029db0
DEBUG: torch_nn_linear: linear=0x600df7c53880, x=0x74e582029f20
DEBUG:   - weight=0x600df7c27130 (mimi.decoder_transformer.transformer.layers.5.linear2.weight, type=0), bias=(nil) (NULL)
DEBUG:   - ggml_mul_mat returned y=0x74e58202a090
DEBUG:   - layer_scale_2
DEBUG:   - layer done
DEBUG: moshi_streaming_transformer building layer 6 (second loop)
DEBUG:   - norm1
DEBUG:   - self_attn
DEBUG: torch_nn_linear: linear=0x600df7c539e0, x=0x74e58202a7c0
DEBUG:   - weight=0x600df7c276f0 (4ebb0000, type=0), bias=(nil) (NULL)
DEBUG:   - ggml_mul_mat returned y=0x74e58202a930
DEBUG: torch_nn_linear: linear=0x600df7c53a20, x=0x74e58202f6d0
DEBUG:   - weight=0x600df7c27860 (de110000, type=0), bias=(nil) (NULL)
DEBUG:   - ggml_mul_mat returned y=0x74e58202f840
DEBUG:   - layer_scale_1
DEBUG:   - norm2
DEBUG:   - gating/ff
DEBUG: torch_nn_linear: linear=0x600df7c53aa0, x=0x74e58202ff70
DEBUG:   - weight=0x600df7c27e20 (mimi.decoder_transformer.transformer.layers.6.linear1.weight, type=0), bias=(nil) (NULL)
DEBUG:   - ggml_mul_mat returned y=0x74e5820300e0
DEBUG: torch_nn_linear: linear=0x600df7c53ac0, x=0x74e582030250
DEBUG:   - weight=0x600df7c27f90 (mimi.decoder_transformer.transformer.layers.6.linear2.weight, type=0), bias=(nil) (NULL)
DEBUG:   - ggml_mul_mat returned y=0x74e5820303c0
DEBUG:   - layer_scale_2
DEBUG:   - layer done
DEBUG: moshi_streaming_transformer building layer 7 (second loop)
DEBUG:   - norm1
DEBUG:   - self_attn
DEBUG: torch_nn_linear: linear=0x600df7c53c20, x=0x74e582030af0
DEBUG:   - weight=0x600df7c28550 (07c80000, type=0), bias=(nil) (NULL)
DEBUG:   - ggml_mul_mat returned y=0x74e582030c60
DEBUG: torch_nn_linear: linear=0x600df7c53c60, x=0x74e582035a00
DEBUG:   - weight=0x600df7c286c0 (5d1d0000, type=0), bias=(nil) (NULL)
DEBUG:   - ggml_mul_mat returned y=0x74e582035b70
DEBUG:   - layer_scale_1
DEBUG:   - norm2
DEBUG:   - gating/ff
DEBUG: torch_nn_linear: linear=0x600df7c53ce0, x=0x74e5820362a0
DEBUG:   - weight=0x600df7c28c80 (mimi.decoder_transformer.transformer.layers.7.linear1.weight, type=0), bias=(nil) (NULL)
DEBUG:   - ggml_mul_mat returned y=0x74e582036410
DEBUG: torch_nn_linear: linear=0x600df7c53d00, x=0x74e582036580
DEBUG:   - weight=0x600df7c28df0 (mimi.decoder_transformer.transformer.layers.7.linear2.weight, type=0), bias=(nil) (NULL)
DEBUG:   - ggml_mul_mat returned y=0x74e5820366f0
DEBUG:   - layer_scale_2
DEBUG:   - layer done
DEBUG: moshi_streaming_conv_1d prev=0x600df77bd0d0 conv=0x600df7c51350 x=0x74e582036b40
DEBUG: conv weights=0x600df7c290d0 bias=0x600df7c29240 kernel_size=7 stride=1 in_channels=512
DEBUG: moshi_streaming_conv_1d prev=0x600df77bd3b0 conv=0x600df7c513b0 x=0x74e5820891d0
DEBUG: conv weights=0x600df7c29690 bias=0x600df7c29800 kernel_size=3 stride=1 in_channels=512
DEBUG: moshi_streaming_conv_1d prev=0x600df77bd690 conv=0x600df7c53de0 x=0x74e58208ba10
DEBUG: conv weights=0x600df7c29f30 bias=0x600df7c2a0a0 kernel_size=3 stride=1 in_channels=256
DEBUG: moshi_streaming_conv_1d prev=0x600df77bd970 conv=0x600df7c53e90 x=0x74e58208e250
DEBUG: conv weights=0x600df7c2a7d0 bias=0x600df7c2a940 kernel_size=3 stride=1 in_channels=128
DEBUG: moshi_streaming_conv_1d prev=0x600df77bdc50 conv=0x600df7c53f40 x=0x74e582090a90
DEBUG: conv weights=0x600df7c2b070 bias=0x600df7c2b1e0 kernel_size=3 stride=1 in_channels=64
DEBUG: moshi_streaming_conv_1d prev=0x600df77bddc0 conv=0x600df7c53fa0 x=0x74e582092470
DEBUG: conv weights=0x600df7c2b630 bias=0x600df7c2b7a0 kernel_size=3 stride=1 in_channels=64
DEBUG: calling mimi_encode_send
DEBUG: after mimi_encode_send
DEBUG: calling mimi_encode_receive
DEBUG: mimi_encode start, frame.size()=1920
DEBUG: mimi_encode: copying input data
DEBUG: mimi_encode: calling projected_transformer_graph_step
DEBUG: mimi_encode: calling scratch compute
DEBUG: mimi_encode: calling graph compute
DEBUG: mimi_encode: fetching codes
DEBUG: mimi_encode done
DEBUG: after mimi_encode_receive
DEBUG: calling moshi_lm_send2
DEBUG: after moshi_lm_send2
DEBUG: calling moshi_lm_receive
DEBUG: before forward_text_step
DEBUG: after forward_text_step
DEBUG: before scratch.compute()
DEBUG: after scratch.compute()
DEBUG: before graph.compute()
DEBUG: after graph.compute()
DEBUG: after moshi_lm_receive
TOKEN_GEN: frame=1 text=3 audio=1049,243,783,546,267,555,825,1648,
DEBUG: calling mimi_encode_send
DEBUG: after mimi_encode_send
DEBUG: calling mimi_encode_receive
DEBUG: mimi_encode start, frame.size()=1920
DEBUG: mimi_encode: copying input data
DEBUG: mimi_encode: calling projected_transformer_graph_step
DEBUG: mimi_encode: calling scratch compute
DEBUG: mimi_encode: calling graph compute
DEBUG: mimi_encode: fetching codes
DEBUG: mimi_encode done
DEBUG: after mimi_encode_receive
DEBUG: calling moshi_lm_send2
DEBUG: after moshi_lm_send2
DEBUG: calling moshi_lm_receive
DEBUG: before forward_text_step
DEBUG: after forward_text_step
DEBUG: before scratch.compute()
DEBUG: after scratch.compute()
DEBUG: before graph.compute()
DEBUG: after graph.compute()
DEBUG: after moshi_lm_receive
TOKEN_GEN: frame=2 text=3 audio=127,243,783,546,481,555,825,1648,
DEBUG: calling mimi_encode_send
DEBUG: after mimi_encode_send
DEBUG: calling mimi_encode_receive
DEBUG: mimi_encode start, frame.size()=1920
DEBUG: mimi_encode: copying input data
DEBUG: mimi_encode: calling projected_transformer_graph_step
DEBUG: mimi_encode: calling scratch compute
DEBUG: mimi_encode: calling graph compute
DEBUG: mimi_encode: fetching codes
DEBUG: mimi_encode done
DEBUG: after mimi_encode_receive
DEBUG: calling moshi_lm_send2
DEBUG: after moshi_lm_send2
DEBUG: calling moshi_lm_receive
DEBUG: before forward_text_step
DEBUG: after forward_text_step
DEBUG: before scratch.compute()
DEBUG: after scratch.compute()
DEBUG: before graph.compute()
DEBUG: after graph.compute()
DEBUG: after moshi_lm_receive
TOKEN_GEN: frame=3 text=3 audio=1880,243,1178,546,1736,1572,1978,2008,
DEBUG: calling mimi_encode_send
DEBUG: after mimi_encode_send
DEBUG: calling mimi_encode_receive
DEBUG: mimi_encode start, frame.size()=1920
DEBUG: mimi_encode: copying input data
DEBUG: mimi_encode: calling projected_transformer_graph_step
DEBUG: mimi_encode: calling scratch compute
DEBUG: mimi_encode: calling graph compute
DEBUG: mimi_encode: fetching codes
DEBUG: mimi_encode done
DEBUG: after mimi_encode_receive
DEBUG: calling moshi_lm_send2
DEBUG: after moshi_lm_send2
DEBUG: calling moshi_lm_receive
DEBUG: before forward_text_step
DEBUG: after forward_text_step
DEBUG: before scratch.compute()
DEBUG: after scratch.compute()
DEBUG: before graph.compute()
DEBUG: after graph.compute()
DEBUG: after moshi_lm_receive
TOKEN_GEN: frame=4 text=3 audio=1880,243,1178,1348,1335,1572,976,2008,
DEBUG: calling mimi_encode_send
DEBUG: after mimi_encode_send
DEBUG: calling mimi_encode_receive
DEBUG: mimi_encode start, frame.size()=1920
DEBUG: mimi_encode: copying input data
DEBUG: mimi_encode: calling projected_transformer_graph_step
DEBUG: mimi_encode: calling scratch compute
DEBUG: mimi_encode: calling graph compute
DEBUG: mimi_encode: fetching codes
DEBUG: mimi_encode done
DEBUG: after mimi_encode_receive
DEBUG: calling moshi_lm_send2
DEBUG: after moshi_lm_send2
DEBUG: calling moshi_lm_receive
DEBUG: before forward_text_step
DEBUG: after forward_text_step
DEBUG: before scratch.compute()
DEBUG: after scratch.compute()
DEBUG: before graph.compute()
DEBUG: after graph.compute()
DEBUG: after moshi_lm_receive
TOKEN_GEN: frame=5 text=3 audio=1031,243,1178,546,1736,1030,1978,1744,
DEBUG: calling mimi_encode_send
DEBUG: after mimi_encode_send
DEBUG: calling mimi_encode_receive
DEBUG: mimi_encode start, frame.size()=1920
DEBUG: mimi_encode: copying input data
DEBUG: mimi_encode: calling projected_transformer_graph_step
DEBUG: mimi_encode: calling scratch compute
DEBUG: mimi_encode: calling graph compute
DEBUG: mimi_encode: fetching codes
DEBUG: mimi_encode done
DEBUG: after mimi_encode_receive
DEBUG: calling moshi_lm_send2
DEBUG: after moshi_lm_send2
DEBUG: calling moshi_lm_receive
DEBUG: before forward_text_step
DEBUG: after forward_text_step
DEBUG: before scratch.compute()
DEBUG: after scratch.compute()
DEBUG: before graph.compute()
DEBUG: after graph.compute()
DEBUG: after moshi_lm_receive
TOKEN_GEN: frame=6 text=3 audio=1316,243,1178,546,1736,1030,1978,2008,
DEBUG: calling mimi_encode_send
DEBUG: after mimi_encode_send
DEBUG: calling mimi_encode_receive
DEBUG: mimi_encode start, frame.size()=1920
DEBUG: mimi_encode: copying input data
DEBUG: mimi_encode: calling projected_transformer_graph_step
DEBUG: mimi_encode: calling scratch compute
DEBUG: mimi_encode: calling graph compute
DEBUG: mimi_encode: fetching codes
DEBUG: mimi_encode done
DEBUG: after mimi_encode_receive
DEBUG: calling moshi_lm_send2
DEBUG: after moshi_lm_send2
DEBUG: calling moshi_lm_receive
DEBUG: before forward_text_step
DEBUG: after forward_text_step
DEBUG: before scratch.compute()
DEBUG: after scratch.compute()
DEBUG: before graph.compute()
DEBUG: after graph.compute()
DEBUG: after moshi_lm_receive
TOKEN_GEN: frame=7 text=3 audio=1316,243,1178,546,481,1030,825,1648,
DEBUG: calling mimi_encode_send
DEBUG: after mimi_encode_send
DEBUG: calling mimi_encode_receive
DEBUG: mimi_encode start, frame.size()=1920
DEBUG: mimi_encode: copying input data
DEBUG: mimi_encode: calling projected_transformer_graph_step
DEBUG: mimi_encode: calling scratch compute
DEBUG: mimi_encode: calling graph compute
DEBUG: mimi_encode: fetching codes
DEBUG: mimi_encode done
DEBUG: after mimi_encode_receive
DEBUG: calling moshi_lm_send2
DEBUG: after moshi_lm_send2
DEBUG: calling moshi_lm_receive
DEBUG: before forward_text_step
DEBUG: after forward_text_step
DEBUG: before scratch.compute()
DEBUG: after scratch.compute()
DEBUG: before graph.compute()
DEBUG: after graph.compute()
DEBUG: after moshi_lm_receive
TOKEN_GEN: frame=8 text=3 audio=1316,243,1178,546,481,1030,825,1648,
DEBUG: calling mimi_encode_send
DEBUG: after mimi_encode_send
DEBUG: calling mimi_encode_receive
DEBUG: mimi_encode start, frame.size()=1920
DEBUG: mimi_encode: copying input data
DEBUG: mimi_encode: calling projected_transformer_graph_step
DEBUG: mimi_encode: calling scratch compute
DEBUG: mimi_encode: calling graph compute
DEBUG: mimi_encode: fetching codes
DEBUG: mimi_encode done
DEBUG: after mimi_encode_receive
DEBUG: calling moshi_lm_send2
DEBUG: after moshi_lm_send2
DEBUG: calling moshi_lm_receive
DEBUG: before forward_text_step
DEBUG: after forward_text_step
DEBUG: before scratch.compute()
DEBUG: after scratch.compute()
DEBUG: before graph.compute()
DEBUG: after graph.compute()
DEBUG: after moshi_lm_receive
TOKEN_GEN: frame=9 text=3 audio=1316,243,1178,546,481,1030,825,1648,
DEBUG: calling mimi_encode_send
DEBUG: after mimi_encode_send
DEBUG: calling mimi_encode_receive
DEBUG: mimi_encode start, frame.size()=1920
DEBUG: mimi_encode: copying input data
DEBUG: mimi_encode: calling projected_transformer_graph_step
DEBUG: mimi_encode: calling scratch compute
DEBUG: mimi_encode: calling graph compute
DEBUG: mimi_encode: fetching codes
DEBUG: mimi_encode done
DEBUG: after mimi_encode_receive
DEBUG: calling moshi_lm_send2
DEBUG: after moshi_lm_send2
DEBUG: calling moshi_lm_receive
DEBUG: before forward_text_step
DEBUG: after forward_text_step
DEBUG: before scratch.compute()
DEBUG: after scratch.compute()
DEBUG: before graph.compute()
DEBUG: after graph.compute()
DEBUG: after moshi_lm_receive
TOKEN_GEN: frame=10 text=3 audio=1316,243,1178,546,481,1030,825,1648,
DEBUG: calling mimi_encode_send
DEBUG: after mimi_encode_send
DEBUG: calling mimi_encode_receive
DEBUG: mimi_encode start, frame.size()=1920
DEBUG: mimi_encode: copying input data
DEBUG: mimi_encode: calling projected_transformer_graph_step
DEBUG: mimi_encode: calling scratch compute
DEBUG: mimi_encode: calling graph compute
DEBUG: mimi_encode: fetching codes
DEBUG: mimi_encode done
DEBUG: after mimi_encode_receive
DEBUG: calling moshi_lm_send2
DEBUG: after moshi_lm_send2
DEBUG: calling moshi_lm_receive
DEBUG: before forward_text_step
DEBUG: after forward_text_step
DEBUG: before scratch.compute()
DEBUG: after scratch.compute()
DEBUG: before graph.compute()
DEBUG: after graph.compute()
DEBUG: after moshi_lm_receive
TOKEN_GEN: frame=11 text=3 audio=1316,243,1178,546,481,1030,825,1648,
DEBUG: calling mimi_encode_send
DEBUG: after mimi_encode_send
DEBUG: calling mimi_encode_receive
DEBUG: mimi_encode start, frame.size()=1920
DEBUG: mimi_encode: copying input data
DEBUG: mimi_encode: calling projected_transformer_graph_step
DEBUG: mimi_encode: calling scratch compute
DEBUG: mimi_encode: calling graph compute
DEBUG: mimi_encode: fetching codes
DEBUG: mimi_encode done
DEBUG: after mimi_encode_receive
DEBUG: calling moshi_lm_send2
DEBUG: after moshi_lm_send2
DEBUG: calling moshi_lm_receive
DEBUG: before forward_text_step
DEBUG: after forward_text_step
DEBUG: before scratch.compute()
DEBUG: after scratch.compute()
DEBUG: before graph.compute()
DEBUG: after graph.compute()
DEBUG: after moshi_lm_receive
TOKEN_GEN: frame=12 text=3 audio=1316,243,1178,1348,1335,1572,666,1648,
DEBUG: calling mimi_encode_send
DEBUG: after mimi_encode_send
DEBUG: calling mimi_encode_receive
DEBUG: mimi_encode start, frame.size()=1920
DEBUG: mimi_encode: copying input data
DEBUG: mimi_encode: calling projected_transformer_graph_step
DEBUG: mimi_encode: calling scratch compute
DEBUG: mimi_encode: calling graph compute
DEBUG: mimi_encode: fetching codes
DEBUG: mimi_encode done
DEBUG: after mimi_encode_receive
DEBUG: calling moshi_lm_send2
DEBUG: after moshi_lm_send2
DEBUG: calling moshi_lm_receive
DEBUG: before forward_text_step
DEBUG: after forward_text_step
DEBUG: before scratch.compute()
DEBUG: after scratch.compute()
DEBUG: before graph.compute()
DEBUG: after graph.compute()
DEBUG: after moshi_lm_receive
TOKEN_GEN: frame=13 text=3 audio=1316,243,1178,142,481,1572,666,1648,
DEBUG: calling mimi_encode_send
DEBUG: after mimi_encode_send
DEBUG: calling mimi_encode_receive
DEBUG: mimi_encode start, frame.size()=1920
DEBUG: mimi_encode: copying input data
DEBUG: mimi_encode: calling projected_transformer_graph_step
DEBUG: mimi_encode: calling scratch compute
DEBUG: mimi_encode: calling graph compute
DEBUG: mimi_encode: fetching codes
DEBUG: mimi_encode done
DEBUG: after mimi_encode_receive
DEBUG: calling moshi_lm_send2
DEBUG: after moshi_lm_send2
DEBUG: calling moshi_lm_receive
DEBUG: before forward_text_step
DEBUG: after forward_text_step
DEBUG: before scratch.compute()
DEBUG: after scratch.compute()
DEBUG: before graph.compute()
DEBUG: after graph.compute()
DEBUG: after moshi_lm_receive
TOKEN_GEN: frame=14 text=3 audio=1316,243,1178,546,481,1030,825,2008,
DEBUG: calling mimi_encode_send
DEBUG: after mimi_encode_send
DEBUG: calling mimi_encode_receive
DEBUG: mimi_encode start, frame.size()=1920
DEBUG: mimi_encode: copying input data
DEBUG: mimi_encode: calling projected_transformer_graph_step
DEBUG: mimi_encode: calling scratch compute
DEBUG: mimi_encode: calling graph compute
DEBUG: mimi_encode: fetching codes
DEBUG: mimi_encode done
DEBUG: after mimi_encode_receive
DEBUG: calling moshi_lm_send2
DEBUG: after moshi_lm_send2
DEBUG: calling moshi_lm_receive
DEBUG: before forward_text_step
DEBUG: after forward_text_step
DEBUG: before scratch.compute()
DEBUG: after scratch.compute()
DEBUG: before graph.compute()
DEBUG: after graph.compute()
DEBUG: after moshi_lm_receive
TOKEN_GEN: frame=15 text=3 audio=1316,243,1178,142,481,1572,666,1648,
DEBUG: calling mimi_encode_send
DEBUG: after mimi_encode_send
DEBUG: calling mimi_encode_receive
DEBUG: mimi_encode start, frame.size()=1920
DEBUG: mimi_encode: copying input data
DEBUG: mimi_encode: calling projected_transformer_graph_step
DEBUG: mimi_encode: calling scratch compute
DEBUG: mimi_encode: calling graph compute
DEBUG: mimi_encode: fetching codes
DEBUG: mimi_encode done
DEBUG: after mimi_encode_receive
DEBUG: calling moshi_lm_send2
DEBUG: after moshi_lm_send2
DEBUG: calling moshi_lm_receive
DEBUG: before forward_text_step
DEBUG: after forward_text_step
DEBUG: before scratch.compute()
DEBUG: after scratch.compute()
DEBUG: before graph.compute()
DEBUG: after graph.compute()
DEBUG: after moshi_lm_receive
TOKEN_GEN: frame=16 text=3 audio=1316,243,1178,142,481,1572,825,1648,
DEBUG: calling mimi_encode_send
DEBUG: after mimi_encode_send
DEBUG: calling mimi_encode_receive
DEBUG: mimi_encode start, frame.size()=1920
DEBUG: mimi_encode: copying input data
DEBUG: mimi_encode: calling projected_transformer_graph_step
DEBUG: mimi_encode: calling scratch compute
DEBUG: mimi_encode: calling graph compute
DEBUG: mimi_encode: fetching codes
DEBUG: mimi_encode done
DEBUG: after mimi_encode_receive
DEBUG: calling moshi_lm_send2
DEBUG: after moshi_lm_send2
DEBUG: calling moshi_lm_receive
DEBUG: before forward_text_step
DEBUG: after forward_text_step
DEBUG: before scratch.compute()
DEBUG: after scratch.compute()
DEBUG: before graph.compute()
DEBUG: after graph.compute()
DEBUG: after moshi_lm_receive
TOKEN_GEN: frame=17 text=3 audio=1316,243,1178,1348,1335,1572,976,1648,
DEBUG: calling mimi_encode_send
DEBUG: after mimi_encode_send
DEBUG: calling mimi_encode_receive
DEBUG: mimi_encode start, frame.size()=1920
DEBUG: mimi_encode: copying input data
DEBUG: mimi_encode: calling projected_transformer_graph_step
DEBUG: mimi_encode: calling scratch compute
DEBUG: mimi_encode: calling graph compute
DEBUG: mimi_encode: fetching codes
DEBUG: mimi_encode done
DEBUG: after mimi_encode_receive
DEBUG: calling moshi_lm_send2
DEBUG: after moshi_lm_send2
DEBUG: calling moshi_lm_receive
DEBUG: before forward_text_step
DEBUG: after forward_text_step
DEBUG: before scratch.compute()
DEBUG: after scratch.compute()
DEBUG: before graph.compute()
DEBUG: after graph.compute()
DEBUG: after moshi_lm_receive
TOKEN_GEN: frame=18 text=3 audio=1316,243,1178,142,481,1572,825,1648,
DEBUG: calling mimi_encode_send
DEBUG: after mimi_encode_send
DEBUG: calling mimi_encode_receive
DEBUG: mimi_encode start, frame.size()=1920
DEBUG: mimi_encode: copying input data
DEBUG: mimi_encode: calling projected_transformer_graph_step
DEBUG: mimi_encode: calling scratch compute
DEBUG: mimi_encode: calling graph compute
DEBUG: mimi_encode: fetching codes
DEBUG: mimi_encode done
DEBUG: after mimi_encode_receive
DEBUG: calling moshi_lm_send2
DEBUG: after moshi_lm_send2
DEBUG: calling moshi_lm_receive
DEBUG: before forward_text_step
DEBUG: after forward_text_step
DEBUG: before scratch.compute()
DEBUG: after scratch.compute()
DEBUG: before graph.compute()
DEBUG: after graph.compute()
DEBUG: after moshi_lm_receive
TOKEN_GEN: frame=19 text=3 audio=1316,243,1178,142,481,1572,825,1648,
DEBUG: calling mimi_encode_send
DEBUG: after mimi_encode_send
DEBUG: calling mimi_encode_receive
DEBUG: mimi_encode start, frame.size()=1920
DEBUG: mimi_encode: copying input data
DEBUG: mimi_encode: calling projected_transformer_graph_step
DEBUG: mimi_encode: calling scratch compute
DEBUG: mimi_encode: calling graph compute
DEBUG: mimi_encode: fetching codes
DEBUG: mimi_encode done
DEBUG: after mimi_encode_receive
DEBUG: calling moshi_lm_send2
DEBUG: after moshi_lm_send2
DEBUG: calling moshi_lm_receive
DEBUG: before forward_text_step
DEBUG: after forward_text_step
DEBUG: before scratch.compute()
DEBUG: after scratch.compute()
DEBUG: before graph.compute()
DEBUG: after graph.compute()
DEBUG: after moshi_lm_receive
TOKEN_GEN: frame=20 text=3 audio=1316,243,1178,142,481,1572,825,1648,
DEBUG: calling mimi_encode_send
DEBUG: after mimi_encode_send
DEBUG: calling mimi_encode_receive
DEBUG: mimi_encode start, frame.size()=1920
DEBUG: mimi_encode: copying input data
DEBUG: mimi_encode: calling projected_transformer_graph_step
DEBUG: mimi_encode: calling scratch compute
DEBUG: mimi_encode: calling graph compute
DEBUG: mimi_encode: fetching codes
DEBUG: mimi_encode done
DEBUG: after mimi_encode_receive
DEBUG: calling moshi_lm_send2
DEBUG: after moshi_lm_send2
DEBUG: calling moshi_lm_receive
DEBUG: before forward_text_step
DEBUG: after forward_text_step
DEBUG: before scratch.compute()
DEBUG: after scratch.compute()
DEBUG: before graph.compute()
DEBUG: after graph.compute()
DEBUG: after moshi_lm_receive
TOKEN_GEN: frame=21 text=3 audio=1316,243,1178,142,481,1030,666,1648,
DEBUG: calling mimi_encode_send
DEBUG: after mimi_encode_send
DEBUG: calling mimi_encode_receive
DEBUG: mimi_encode start, frame.size()=1920
DEBUG: mimi_encode: copying input data
DEBUG: mimi_encode: calling projected_transformer_graph_step
DEBUG: mimi_encode: calling scratch compute
DEBUG: mimi_encode: calling graph compute
DEBUG: mimi_encode: fetching codes
DEBUG: mimi_encode done
DEBUG: after mimi_encode_receive
DEBUG: calling moshi_lm_send2
DEBUG: after moshi_lm_send2
DEBUG: calling moshi_lm_receive
DEBUG: before forward_text_step
DEBUG: after forward_text_step
DEBUG: before scratch.compute()
DEBUG: after scratch.compute()
DEBUG: before graph.compute()
DEBUG: after graph.compute()
DEBUG: after moshi_lm_receive
TOKEN_GEN: frame=22 text=3 audio=1316,243,1178,142,481,1572,666,1648,
DEBUG: calling mimi_encode_send
DEBUG: after mimi_encode_send
DEBUG: calling mimi_encode_receive
DEBUG: mimi_encode start, frame.size()=1920
DEBUG: mimi_encode: copying input data
DEBUG: mimi_encode: calling projected_transformer_graph_step
DEBUG: mimi_encode: calling scratch compute
DEBUG: mimi_encode: calling graph compute
DEBUG: mimi_encode: fetching codes
DEBUG: mimi_encode done
DEBUG: after mimi_encode_receive
DEBUG: calling moshi_lm_send2
DEBUG: after moshi_lm_send2
DEBUG: calling moshi_lm_receive
DEBUG: before forward_text_step
DEBUG: after forward_text_step
DEBUG: before scratch.compute()
DEBUG: after scratch.compute()
DEBUG: before graph.compute()
DEBUG: after graph.compute()
DEBUG: after moshi_lm_receive
TOKEN_GEN: frame=23 text=3 audio=1316,243,1178,1348,1335,1030,976,2008,
DEBUG: calling mimi_encode_send
DEBUG: after mimi_encode_send
DEBUG: calling mimi_encode_receive
DEBUG: mimi_encode start, frame.size()=1920
DEBUG: mimi_encode: copying input data
DEBUG: mimi_encode: calling projected_transformer_graph_step
DEBUG: mimi_encode: calling scratch compute
DEBUG: mimi_encode: calling graph compute
DEBUG: mimi_encode: fetching codes
DEBUG: mimi_encode done
DEBUG: after mimi_encode_receive
DEBUG: calling moshi_lm_send2
DEBUG: after moshi_lm_send2
DEBUG: calling moshi_lm_receive
DEBUG: before forward_text_step
DEBUG: after forward_text_step
DEBUG: before scratch.compute()
DEBUG: after scratch.compute()
DEBUG: before graph.compute()
DEBUG: after graph.compute()
DEBUG: after moshi_lm_receive
TOKEN_GEN: frame=24 text=3 audio=1316,243,1178,142,481,1572,825,1648,
VRAM_FRAME: frame=  25  M1_driver_delta_MiB= 6424  M2_phys_alloc_MiB= 2895  outside_ggml_MiB= 3528
DEBUG: calling mimi_encode_send
DEBUG: after mimi_encode_send
DEBUG: calling mimi_encode_receive
DEBUG: mimi_encode start, frame.size()=1920
DEBUG: mimi_encode: copying input data
DEBUG: mimi_encode: calling projected_transformer_graph_step
DEBUG: mimi_encode: calling scratch compute
DEBUG: mimi_encode: calling graph compute
DEBUG: mimi_encode: fetching codes
DEBUG: mimi_encode done
DEBUG: after mimi_encode_receive
DEBUG: calling moshi_lm_send2
DEBUG: after moshi_lm_send2
DEBUG: calling moshi_lm_receive
DEBUG: before forward_text_step
DEBUG: after forward_text_step
DEBUG: before scratch.compute()
DEBUG: after scratch.compute()
DEBUG: before graph.compute()
DEBUG: after graph.compute()
DEBUG: after moshi_lm_receive
TOKEN_GEN: frame=25 text=3 audio=1316,243,1178,142,481,1572,825,1648,
DEBUG: calling mimi_encode_send
DEBUG: after mimi_encode_send
DEBUG: calling mimi_encode_receive
DEBUG: mimi_encode start, frame.size()=1920
DEBUG: mimi_encode: copying input data
DEBUG: mimi_encode: calling projected_transformer_graph_step
DEBUG: mimi_encode: calling scratch compute
DEBUG: mimi_encode: calling graph compute
DEBUG: mimi_encode: fetching codes
DEBUG: mimi_encode done
DEBUG: after mimi_encode_receive
DEBUG: calling moshi_lm_send2
DEBUG: after moshi_lm_send2
DEBUG: calling moshi_lm_receive
DEBUG: before forward_text_step
DEBUG: after forward_text_step
DEBUG: before scratch.compute()
DEBUG: after scratch.compute()
DEBUG: before graph.compute()
DEBUG: after graph.compute()
DEBUG: after moshi_lm_receive
TOKEN_GEN: frame=26 text=3 audio=1316,243,1178,142,481,1572,825,1648,
DEBUG: calling mimi_encode_send
DEBUG: after mimi_encode_send
DEBUG: calling mimi_encode_receive
DEBUG: mimi_encode start, frame.size()=1920
DEBUG: mimi_encode: copying input data
DEBUG: mimi_encode: calling projected_transformer_graph_step
DEBUG: mimi_encode: calling scratch compute
DEBUG: mimi_encode: calling graph compute
DEBUG: mimi_encode: fetching codes
DEBUG: mimi_encode done
DEBUG: after mimi_encode_receive
DEBUG: calling moshi_lm_send2
DEBUG: after moshi_lm_send2
DEBUG: calling moshi_lm_receive
DEBUG: before forward_text_step
DEBUG: after forward_text_step
DEBUG: before scratch.compute()
DEBUG: after scratch.compute()
DEBUG: before graph.compute()
DEBUG: after graph.compute()
DEBUG: after moshi_lm_receive
TOKEN_GEN: frame=27 text=3 audio=1316,1211,1697,546,1736,1572,825,1648,
DEBUG: calling mimi_encode_send
DEBUG: after mimi_encode_send
DEBUG: calling mimi_encode_receive
DEBUG: mimi_encode start, frame.size()=1920
DEBUG: mimi_encode: copying input data
DEBUG: mimi_encode: calling projected_transformer_graph_step
DEBUG: mimi_encode: calling scratch compute
DEBUG: mimi_encode: calling graph compute
DEBUG: mimi_encode: fetching codes
DEBUG: mimi_encode done
DEBUG: after mimi_encode_receive
DEBUG: calling moshi_lm_send2
DEBUG: after moshi_lm_send2
DEBUG: calling moshi_lm_receive
DEBUG: before forward_text_step
DEBUG: after forward_text_step
DEBUG: before scratch.compute()
DEBUG: after scratch.compute()
DEBUG: before graph.compute()
DEBUG: after graph.compute()
DEBUG: after moshi_lm_receive
TOKEN_GEN: frame=28 text=3 audio=1316,243,1178,142,481,1572,825,1648,
DEBUG: calling mimi_encode_send
DEBUG: after mimi_encode_send
DEBUG: calling mimi_encode_receive
DEBUG: mimi_encode start, frame.size()=1920
DEBUG: mimi_encode: copying input data
DEBUG: mimi_encode: calling projected_transformer_graph_step
DEBUG: mimi_encode: calling scratch compute
DEBUG: mimi_encode: calling graph compute
DEBUG: mimi_encode: fetching codes
DEBUG: mimi_encode done
DEBUG: after mimi_encode_receive
DEBUG: calling moshi_lm_send2
DEBUG: after moshi_lm_send2
DEBUG: calling moshi_lm_receive
DEBUG: before forward_text_step
DEBUG: after forward_text_step
DEBUG: before scratch.compute()
DEBUG: after scratch.compute()
DEBUG: before graph.compute()
DEBUG: after graph.compute()
DEBUG: after moshi_lm_receive
TOKEN_GEN: frame=29 text=3 audio=1316,243,1178,142,481,1572,825,1648,
DEBUG: calling mimi_encode_send
DEBUG: after mimi_encode_send
DEBUG: calling mimi_encode_receive
DEBUG: mimi_encode start, frame.size()=1920
DEBUG: mimi_encode: copying input data
DEBUG: mimi_encode: calling projected_transformer_graph_step
DEBUG: mimi_encode: calling scratch compute
DEBUG: mimi_encode: calling graph compute
DEBUG: mimi_encode: fetching codes
DEBUG: mimi_encode done
DEBUG: after mimi_encode_receive
DEBUG: calling moshi_lm_send2
DEBUG: after moshi_lm_send2
DEBUG: calling moshi_lm_receive
DEBUG: before forward_text_step
DEBUG: after forward_text_step
DEBUG: before scratch.compute()
DEBUG: after scratch.compute()
DEBUG: before graph.compute()
DEBUG: after graph.compute()
DEBUG: after moshi_lm_receive
TOKEN_GEN: frame=30 text=3 audio=1316,243,1178,142,481,1572,825,1648,
DEBUG: calling mimi_encode_send
DEBUG: after mimi_encode_send
DEBUG: calling mimi_encode_receive
DEBUG: mimi_encode start, frame.size()=1920
DEBUG: mimi_encode: copying input data
DEBUG: mimi_encode: calling projected_transformer_graph_step
DEBUG: mimi_encode: calling scratch compute
DEBUG: mimi_encode: calling graph compute
DEBUG: mimi_encode: fetching codes
DEBUG: mimi_encode done
DEBUG: after mimi_encode_receive
DEBUG: calling moshi_lm_send2
DEBUG: after moshi_lm_send2
DEBUG: calling moshi_lm_receive
DEBUG: before forward_text_step
DEBUG: after forward_text_step
DEBUG: before scratch.compute()
DEBUG: after scratch.compute()
DEBUG: before graph.compute()
DEBUG: after graph.compute()
DEBUG: after moshi_lm_receive
TOKEN_GEN: frame=31 text=3 audio=1316,243,1178,142,481,1572,825,1648,
DEBUG: calling mimi_encode_send
DEBUG: after mimi_encode_send
DEBUG: calling mimi_encode_receive
DEBUG: mimi_encode start, frame.size()=1920
DEBUG: mimi_encode: copying input data
DEBUG: mimi_encode: calling projected_transformer_graph_step
DEBUG: mimi_encode: calling scratch compute
DEBUG: mimi_encode: calling graph compute
DEBUG: mimi_encode: fetching codes
DEBUG: mimi_encode done
DEBUG: after mimi_encode_receive
DEBUG: calling moshi_lm_send2
DEBUG: after moshi_lm_send2
DEBUG: calling moshi_lm_receive
DEBUG: before forward_text_step
DEBUG: after forward_text_step
DEBUG: before scratch.compute()
DEBUG: after scratch.compute()
DEBUG: before graph.compute()
DEBUG: after graph.compute()
DEBUG: after moshi_lm_receive
TOKEN_GEN: frame=32 text=3 audio=1316,1211,1697,546,1736,1572,825,1648,
DEBUG: calling mimi_encode_send
DEBUG: after mimi_encode_send
DEBUG: calling mimi_encode_receive
DEBUG: mimi_encode start, frame.size()=1920
DEBUG: mimi_encode: copying input data
DEBUG: mimi_encode: calling projected_transformer_graph_step
DEBUG: mimi_encode: calling scratch compute
DEBUG: mimi_encode: calling graph compute
DEBUG: mimi_encode: fetching codes
DEBUG: mimi_encode done
DEBUG: after mimi_encode_receive
DEBUG: calling moshi_lm_send2
DEBUG: after moshi_lm_send2
DEBUG: calling moshi_lm_receive
DEBUG: before forward_text_step
DEBUG: after forward_text_step
DEBUG: before scratch.compute()
DEBUG: after scratch.compute()
DEBUG: before graph.compute()
DEBUG: after graph.compute()
DEBUG: after moshi_lm_receive
TOKEN_GEN: frame=33 text=3 audio=1316,1211,1697,546,1736,1572,825,1648,
DEBUG: calling mimi_encode_send
DEBUG: after mimi_encode_send
DEBUG: calling mimi_encode_receive
DEBUG: mimi_encode start, frame.size()=1920
DEBUG: mimi_encode: copying input data
DEBUG: mimi_encode: calling projected_transformer_graph_step
DEBUG: mimi_encode: calling scratch compute
DEBUG: mimi_encode: calling graph compute
DEBUG: mimi_encode: fetching codes
DEBUG: mimi_encode done
DEBUG: after mimi_encode_receive
DEBUG: calling moshi_lm_send2
DEBUG: after moshi_lm_send2
DEBUG: calling moshi_lm_receive
DEBUG: before forward_text_step
DEBUG: after forward_text_step
DEBUG: before scratch.compute()
DEBUG: after scratch.compute()
DEBUG: before graph.compute()
DEBUG: after graph.compute()
DEBUG: after moshi_lm_receive
TOKEN_GEN: frame=34 text=3 audio=1316,1211,1697,546,1736,1572,1978,1648,
DEBUG: calling mimi_encode_send
DEBUG: after mimi_encode_send
DEBUG: calling mimi_encode_receive
DEBUG: mimi_encode start, frame.size()=1920
DEBUG: mimi_encode: copying input data
DEBUG: mimi_encode: calling projected_transformer_graph_step
DEBUG: mimi_encode: calling scratch compute
DEBUG: mimi_encode: calling graph compute
DEBUG: mimi_encode: fetching codes
DEBUG: mimi_encode done
DEBUG: after mimi_encode_receive
DEBUG: calling moshi_lm_send2
DEBUG: after moshi_lm_send2
DEBUG: calling moshi_lm_receive
DEBUG: before forward_text_step
DEBUG: after forward_text_step
DEBUG: before scratch.compute()
DEBUG: after scratch.compute()
DEBUG: before graph.compute()
DEBUG: after graph.compute()
DEBUG: after moshi_lm_receive
TOKEN_GEN: frame=35 text=3 audio=1316,243,1178,142,481,1572,666,1648,
DEBUG: calling mimi_encode_send
DEBUG: after mimi_encode_send
DEBUG: calling mimi_encode_receive
DEBUG: mimi_encode start, frame.size()=1920
DEBUG: mimi_encode: copying input data
DEBUG: mimi_encode: calling projected_transformer_graph_step
DEBUG: mimi_encode: calling scratch compute
DEBUG: mimi_encode: calling graph compute
DEBUG: mimi_encode: fetching codes
DEBUG: mimi_encode done
DEBUG: after mimi_encode_receive
DEBUG: calling moshi_lm_send2
DEBUG: after moshi_lm_send2
DEBUG: calling moshi_lm_receive
DEBUG: before forward_text_step
DEBUG: after forward_text_step
DEBUG: before scratch.compute()
DEBUG: after scratch.compute()
DEBUG: before graph.compute()
DEBUG: after graph.compute()
DEBUG: after moshi_lm_receive
TOKEN_GEN: frame=36 text=3 audio=1316,243,1178,142,481,1572,825,1648,
DEBUG: calling mimi_encode_send
DEBUG: after mimi_encode_send
DEBUG: calling mimi_encode_receive
DEBUG: mimi_encode start, frame.size()=1920
DEBUG: mimi_encode: copying input data
DEBUG: mimi_encode: calling projected_transformer_graph_step
DEBUG: mimi_encode: calling scratch compute
DEBUG: mimi_encode: calling graph compute
DEBUG: mimi_encode: fetching codes
DEBUG: mimi_encode done
DEBUG: after mimi_encode_receive
DEBUG: calling moshi_lm_send2
DEBUG: after moshi_lm_send2
DEBUG: calling moshi_lm_receive
DEBUG: before forward_text_step
DEBUG: after forward_text_step
DEBUG: before scratch.compute()
DEBUG: after scratch.compute()
DEBUG: before graph.compute()
DEBUG: after graph.compute()
DEBUG: after moshi_lm_receive
TOKEN_GEN: frame=37 text=3 audio=1316,243,1178,142,481,1572,825,1648,
DEBUG: calling mimi_encode_send
DEBUG: after mimi_encode_send
DEBUG: calling mimi_encode_receive
DEBUG: mimi_encode start, frame.size()=1920
DEBUG: mimi_encode: copying input data
DEBUG: mimi_encode: calling projected_transformer_graph_step
DEBUG: mimi_encode: calling scratch compute
DEBUG: mimi_encode: calling graph compute
DEBUG: mimi_encode: fetching codes
DEBUG: mimi_encode done
DEBUG: after mimi_encode_receive
DEBUG: calling moshi_lm_send2
DEBUG: after moshi_lm_send2
DEBUG: calling moshi_lm_receive
DEBUG: before forward_text_step
DEBUG: after forward_text_step
DEBUG: before scratch.compute()
DEBUG: after scratch.compute()
DEBUG: before graph.compute()
DEBUG: after graph.compute()
DEBUG: after moshi_lm_receive
TOKEN_GEN: frame=38 text=3 audio=1316,243,1178,142,481,1572,825,1648,
DEBUG: calling mimi_encode_send
DEBUG: after mimi_encode_send
DEBUG: calling mimi_encode_receive
DEBUG: mimi_encode start, frame.size()=1920
DEBUG: mimi_encode: copying input data
DEBUG: mimi_encode: calling projected_transformer_graph_step
DEBUG: mimi_encode: calling scratch compute
DEBUG: mimi_encode: calling graph compute
DEBUG: mimi_encode: fetching codes
DEBUG: mimi_encode done
DEBUG: after mimi_encode_receive
DEBUG: calling moshi_lm_send2
DEBUG: after moshi_lm_send2
DEBUG: calling moshi_lm_receive
DEBUG: before forward_text_step
DEBUG: after forward_text_step
DEBUG: before scratch.compute()
DEBUG: after scratch.compute()
DEBUG: before graph.compute()
DEBUG: after graph.compute()
DEBUG: after moshi_lm_receive
TOKEN_GEN: frame=39 text=3 audio=1316,1211,1697,546,1736,1572,825,1648,
DEBUG: calling mimi_encode_send
DEBUG: after mimi_encode_send
DEBUG: calling mimi_encode_receive
DEBUG: mimi_encode start, frame.size()=1920
DEBUG: mimi_encode: copying input data
DEBUG: mimi_encode: calling projected_transformer_graph_step
DEBUG: mimi_encode: calling scratch compute
DEBUG: mimi_encode: calling graph compute
DEBUG: mimi_encode: fetching codes
DEBUG: mimi_encode done
DEBUG: after mimi_encode_receive
DEBUG: calling moshi_lm_send2
DEBUG: after moshi_lm_send2
DEBUG: calling moshi_lm_receive
DEBUG: before forward_text_step
DEBUG: after forward_text_step
DEBUG: before scratch.compute()
DEBUG: after scratch.compute()
DEBUG: before graph.compute()
DEBUG: after graph.compute()
DEBUG: after moshi_lm_receive
TOKEN_GEN: frame=40 text=3 audio=1316,1211,1697,546,1736,1572,1978,1648,
DEBUG: calling mimi_encode_send
DEBUG: after mimi_encode_send
DEBUG: calling mimi_encode_receive
DEBUG: mimi_encode start, frame.size()=1920
DEBUG: mimi_encode: copying input data
DEBUG: mimi_encode: calling projected_transformer_graph_step
DEBUG: mimi_encode: calling scratch compute
DEBUG: mimi_encode: calling graph compute
DEBUG: mimi_encode: fetching codes
DEBUG: mimi_encode done
DEBUG: after mimi_encode_receive
DEBUG: calling moshi_lm_send2
DEBUG: after moshi_lm_send2
DEBUG: calling moshi_lm_receive
DEBUG: before forward_text_step
DEBUG: after forward_text_step
DEBUG: before scratch.compute()
DEBUG: after scratch.compute()
DEBUG: before graph.compute()
DEBUG: after graph.compute()
DEBUG: after moshi_lm_receive
TOKEN_GEN: frame=41 text=3 audio=1316,1211,1697,546,1736,1572,825,1648,
DEBUG: calling mimi_encode_send
DEBUG: after mimi_encode_send
DEBUG: calling mimi_encode_receive
DEBUG: mimi_encode start, frame.size()=1920
DEBUG: mimi_encode: copying input data
DEBUG: mimi_encode: calling projected_transformer_graph_step
DEBUG: mimi_encode: calling scratch compute
DEBUG: mimi_encode: calling graph compute
DEBUG: mimi_encode: fetching codes
DEBUG: mimi_encode done
DEBUG: after mimi_encode_receive
DEBUG: calling moshi_lm_send2
DEBUG: after moshi_lm_send2
DEBUG: calling moshi_lm_receive
DEBUG: before forward_text_step
DEBUG: after forward_text_step
DEBUG: before scratch.compute()
DEBUG: after scratch.compute()
DEBUG: before graph.compute()
DEBUG: after graph.compute()
DEBUG: after moshi_lm_receive
TOKEN_GEN: frame=42 text=3 audio=1316,1211,1697,546,1736,1572,825,1648,
DEBUG: calling mimi_encode_send
DEBUG: after mimi_encode_send
DEBUG: calling mimi_encode_receive
DEBUG: mimi_encode start, frame.size()=1920
DEBUG: mimi_encode: copying input data
DEBUG: mimi_encode: calling projected_transformer_graph_step
DEBUG: mimi_encode: calling scratch compute
DEBUG: mimi_encode: calling graph compute
DEBUG: mimi_encode: fetching codes
DEBUG: mimi_encode done
DEBUG: after mimi_encode_receive
DEBUG: calling moshi_lm_send2
DEBUG: after moshi_lm_send2
DEBUG: calling moshi_lm_receive
DEBUG: before forward_text_step
DEBUG: after forward_text_step
DEBUG: before scratch.compute()
DEBUG: after scratch.compute()
DEBUG: before graph.compute()
DEBUG: after graph.compute()
DEBUG: after moshi_lm_receive
TOKEN_GEN: frame=43 text=3 audio=1316,1211,1697,546,1736,1572,825,1648,
DEBUG: calling mimi_encode_send
DEBUG: after mimi_encode_send
DEBUG: calling mimi_encode_receive
DEBUG: mimi_encode start, frame.size()=1920
DEBUG: mimi_encode: copying input data
DEBUG: mimi_encode: calling projected_transformer_graph_step
DEBUG: mimi_encode: calling scratch compute
DEBUG: mimi_encode: calling graph compute
DEBUG: mimi_encode: fetching codes
DEBUG: mimi_encode done
DEBUG: after mimi_encode_receive
DEBUG: calling moshi_lm_send2
DEBUG: after moshi_lm_send2
DEBUG: calling moshi_lm_receive
DEBUG: before forward_text_step
DEBUG: after forward_text_step
DEBUG: before scratch.compute()
DEBUG: after scratch.compute()
DEBUG: before graph.compute()
DEBUG: after graph.compute()
DEBUG: after moshi_lm_receive
TOKEN_GEN: frame=44 text=3 audio=1316,1211,1697,546,1736,1030,1978,1648,
DEBUG: calling mimi_encode_send
DEBUG: after mimi_encode_send
DEBUG: calling mimi_encode_receive
DEBUG: mimi_encode start, frame.size()=1920
DEBUG: mimi_encode: copying input data
DEBUG: mimi_encode: calling projected_transformer_graph_step
DEBUG: mimi_encode: calling scratch compute
DEBUG: mimi_encode: calling graph compute
DEBUG: mimi_encode: fetching codes
DEBUG: mimi_encode done
DEBUG: after mimi_encode_receive
DEBUG: calling moshi_lm_send2
DEBUG: after moshi_lm_send2
DEBUG: calling moshi_lm_receive
DEBUG: before forward_text_step
DEBUG: after forward_text_step
DEBUG: before scratch.compute()
DEBUG: after scratch.compute()
DEBUG: before graph.compute()
DEBUG: after graph.compute()
DEBUG: after moshi_lm_receive
TOKEN_GEN: frame=45 text=3 audio=1316,1211,1697,546,1736,1572,825,1648,
DEBUG: calling mimi_encode_send
DEBUG: after mimi_encode_send
DEBUG: calling mimi_encode_receive
DEBUG: mimi_encode start, frame.size()=1920
DEBUG: mimi_encode: copying input data
DEBUG: mimi_encode: calling projected_transformer_graph_step
DEBUG: mimi_encode: calling scratch compute
DEBUG: mimi_encode: calling graph compute
DEBUG: mimi_encode: fetching codes
DEBUG: mimi_encode done
DEBUG: after mimi_encode_receive
DEBUG: calling moshi_lm_send2
DEBUG: after moshi_lm_send2
DEBUG: calling moshi_lm_receive
DEBUG: before forward_text_step
DEBUG: after forward_text_step
DEBUG: before scratch.compute()
DEBUG: after scratch.compute()
DEBUG: before graph.compute()
DEBUG: after graph.compute()
DEBUG: after moshi_lm_receive
TOKEN_GEN: frame=46 text=3 audio=1316,1211,1697,546,1736,1572,825,1648,
DEBUG: calling mimi_encode_send
DEBUG: after mimi_encode_send
DEBUG: calling mimi_encode_receive
DEBUG: mimi_encode start, frame.size()=1920
DEBUG: mimi_encode: copying input data
DEBUG: mimi_encode: calling projected_transformer_graph_step
DEBUG: mimi_encode: calling scratch compute
DEBUG: mimi_encode: calling graph compute
DEBUG: mimi_encode: fetching codes
DEBUG: mimi_encode done
DEBUG: after mimi_encode_receive
DEBUG: calling moshi_lm_send2
DEBUG: after moshi_lm_send2
DEBUG: calling moshi_lm_receive
DEBUG: before forward_text_step
DEBUG: after forward_text_step
DEBUG: before scratch.compute()
DEBUG: after scratch.compute()
DEBUG: before graph.compute()
DEBUG: after graph.compute()
DEBUG: after moshi_lm_receive
TOKEN_GEN: frame=47 text=3 audio=1316,1211,1697,546,1736,1572,825,1648,
DEBUG: calling mimi_encode_send
DEBUG: after mimi_encode_send
DEBUG: calling mimi_encode_receive
DEBUG: mimi_encode start, frame.size()=1920
DEBUG: mimi_encode: copying input data
DEBUG: mimi_encode: calling projected_transformer_graph_step
DEBUG: mimi_encode: calling scratch compute
DEBUG: mimi_encode: calling graph compute
DEBUG: mimi_encode: fetching codes
DEBUG: mimi_encode done
DEBUG: after mimi_encode_receive
DEBUG: calling moshi_lm_send2
DEBUG: after moshi_lm_send2
DEBUG: calling moshi_lm_receive
DEBUG: before forward_text_step
DEBUG: after forward_text_step
DEBUG: before scratch.compute()
DEBUG: after scratch.compute()
DEBUG: before graph.compute()
DEBUG: after graph.compute()
DEBUG: after moshi_lm_receive
TOKEN_GEN: frame=48 text=3 audio=1316,1211,1697,164,267,1572,825,1648,
DEBUG: calling mimi_encode_send
DEBUG: after mimi_encode_send
DEBUG: calling mimi_encode_receive
DEBUG: mimi_encode start, frame.size()=1920
DEBUG: mimi_encode: copying input data
DEBUG: mimi_encode: calling projected_transformer_graph_step
DEBUG: mimi_encode: calling scratch compute
DEBUG: mimi_encode: calling graph compute
DEBUG: mimi_encode: fetching codes
DEBUG: mimi_encode done
DEBUG: after mimi_encode_receive
DEBUG: calling moshi_lm_send2
DEBUG: after moshi_lm_send2
DEBUG: calling moshi_lm_receive
DEBUG: before forward_text_step
DEBUG: after forward_text_step
DEBUG: before scratch.compute()
DEBUG: after scratch.compute()
DEBUG: before graph.compute()
DEBUG: after graph.compute()
DEBUG: after moshi_lm_receive
TOKEN_GEN: frame=49 text=3 audio=1316,1211,1697,546,1736,1572,825,1648,
VRAM_FRAME: frame=  50  M1_driver_delta_MiB= 6424  M2_phys_alloc_MiB= 2895  outside_ggml_MiB= 3528
DEBUG: calling mimi_encode_send
DEBUG: after mimi_encode_send
DEBUG: calling mimi_encode_receive
DEBUG: mimi_encode start, frame.size()=1920
DEBUG: mimi_encode: copying input data
DEBUG: mimi_encode: calling projected_transformer_graph_step
DEBUG: mimi_encode: calling scratch compute
DEBUG: mimi_encode: calling graph compute
DEBUG: mimi_encode: fetching codes
DEBUG: mimi_encode done
DEBUG: after mimi_encode_receive
DEBUG: calling moshi_lm_send2
DEBUG: after moshi_lm_send2
DEBUG: calling moshi_lm_receive
DEBUG: before forward_text_step
DEBUG: after forward_text_step
DEBUG: before scratch.compute()
DEBUG: after scratch.compute()
DEBUG: before graph.compute()
DEBUG: after graph.compute()
DEBUG: after moshi_lm_receive
TOKEN_GEN: frame=50 text=3 audio=1316,1211,1697,164,267,1572,825,1648,
DEBUG: calling mimi_encode_send
DEBUG: after mimi_encode_send
DEBUG: calling mimi_encode_receive
DEBUG: mimi_encode start, frame.size()=1920
DEBUG: mimi_encode: copying input data
DEBUG: mimi_encode: calling projected_transformer_graph_step
DEBUG: mimi_encode: calling scratch compute
DEBUG: mimi_encode: calling graph compute
DEBUG: mimi_encode: fetching codes
DEBUG: mimi_encode done
DEBUG: after mimi_encode_receive
DEBUG: calling moshi_lm_send2
DEBUG: after moshi_lm_send2
DEBUG: calling moshi_lm_receive
DEBUG: before forward_text_step
DEBUG: after forward_text_step
DEBUG: before scratch.compute()
DEBUG: after scratch.compute()
DEBUG: before graph.compute()
DEBUG: after graph.compute()
DEBUG: after moshi_lm_receive
TOKEN_GEN: frame=51 text=3 audio=1316,1211,1697,164,267,1572,825,1648,
DEBUG: calling mimi_encode_send
DEBUG: after mimi_encode_send
DEBUG: calling mimi_encode_receive
DEBUG: mimi_encode start, frame.size()=1920
DEBUG: mimi_encode: copying input data
DEBUG: mimi_encode: calling projected_transformer_graph_step
DEBUG: mimi_encode: calling scratch compute
DEBUG: mimi_encode: calling graph compute
DEBUG: mimi_encode: fetching codes
DEBUG: mimi_encode done
DEBUG: after mimi_encode_receive
DEBUG: calling moshi_lm_send2
DEBUG: after moshi_lm_send2
DEBUG: calling moshi_lm_receive
DEBUG: before forward_text_step
DEBUG: after forward_text_step
DEBUG: before scratch.compute()
DEBUG: after scratch.compute()
DEBUG: before graph.compute()
DEBUG: after graph.compute()
DEBUG: after moshi_lm_receive
TOKEN_GEN: frame=52 text=3 audio=1316,1211,1697,164,267,1572,825,1648,
DEBUG: calling mimi_encode_send
DEBUG: after mimi_encode_send
DEBUG: calling mimi_encode_receive
DEBUG: mimi_encode start, frame.size()=1920
DEBUG: mimi_encode: copying input data
DEBUG: mimi_encode: calling projected_transformer_graph_step
DEBUG: mimi_encode: calling scratch compute
DEBUG: mimi_encode: calling graph compute
DEBUG: mimi_encode: fetching codes
DEBUG: mimi_encode done
DEBUG: after mimi_encode_receive
DEBUG: calling moshi_lm_send2
DEBUG: after moshi_lm_send2
DEBUG: calling moshi_lm_receive
DEBUG: before forward_text_step
DEBUG: after forward_text_step
DEBUG: before scratch.compute()
DEBUG: after scratch.compute()
DEBUG: before graph.compute()
DEBUG: after graph.compute()
DEBUG: after moshi_lm_receive
TOKEN_GEN: frame=53 text=3 audio=1316,1211,1697,546,1736,1572,825,1648,
DEBUG: calling mimi_encode_send
DEBUG: after mimi_encode_send
DEBUG: calling mimi_encode_receive
DEBUG: mimi_encode start, frame.size()=1920
DEBUG: mimi_encode: copying input data
DEBUG: mimi_encode: calling projected_transformer_graph_step
DEBUG: mimi_encode: calling scratch compute
DEBUG: mimi_encode: calling graph compute
DEBUG: mimi_encode: fetching codes
DEBUG: mimi_encode done
DEBUG: after mimi_encode_receive
DEBUG: calling moshi_lm_send2
DEBUG: after moshi_lm_send2
DEBUG: calling moshi_lm_receive
DEBUG: before forward_text_step
DEBUG: after forward_text_step
DEBUG: before scratch.compute()
DEBUG: after scratch.compute()
DEBUG: before graph.compute()
DEBUG: after graph.compute()
DEBUG: after moshi_lm_receive
TOKEN_GEN: frame=54 text=3 audio=1316,1211,1697,164,1736,1572,666,1648,
DEBUG: calling mimi_encode_send
DEBUG: after mimi_encode_send
DEBUG: calling mimi_encode_receive
DEBUG: mimi_encode start, frame.size()=1920
DEBUG: mimi_encode: copying input data
DEBUG: mimi_encode: calling projected_transformer_graph_step
DEBUG: mimi_encode: calling scratch compute
DEBUG: mimi_encode: calling graph compute
DEBUG: mimi_encode: fetching codes
DEBUG: mimi_encode done
DEBUG: after mimi_encode_receive
DEBUG: calling moshi_lm_send2
DEBUG: after moshi_lm_send2
DEBUG: calling moshi_lm_receive
DEBUG: before forward_text_step
DEBUG: after forward_text_step
DEBUG: before scratch.compute()
DEBUG: after scratch.compute()
DEBUG: before graph.compute()
DEBUG: after graph.compute()
DEBUG: after moshi_lm_receive
TOKEN_GEN: frame=55 text=3 audio=1316,1211,1697,546,1736,1572,825,1648,
DEBUG: calling mimi_encode_send
DEBUG: after mimi_encode_send
DEBUG: calling mimi_encode_receive
DEBUG: mimi_encode start, frame.size()=1920
DEBUG: mimi_encode: copying input data
DEBUG: mimi_encode: calling projected_transformer_graph_step
DEBUG: mimi_encode: calling scratch compute
DEBUG: mimi_encode: calling graph compute
DEBUG: mimi_encode: fetching codes
DEBUG: mimi_encode done
DEBUG: after mimi_encode_receive
DEBUG: calling moshi_lm_send2
DEBUG: after moshi_lm_send2
DEBUG: calling moshi_lm_receive
DEBUG: before forward_text_step
DEBUG: after forward_text_step
DEBUG: before scratch.compute()
DEBUG: after scratch.compute()
DEBUG: before graph.compute()
DEBUG: after graph.compute()
DEBUG: after moshi_lm_receive
TOKEN_GEN: frame=56 text=3 audio=1316,1211,1697,164,267,1572,825,1648,
DEBUG: calling mimi_encode_send
DEBUG: after mimi_encode_send
DEBUG: calling mimi_encode_receive
DEBUG: mimi_encode start, frame.size()=1920
DEBUG: mimi_encode: copying input data
DEBUG: mimi_encode: calling projected_transformer_graph_step
DEBUG: mimi_encode: calling scratch compute
DEBUG: mimi_encode: calling graph compute
DEBUG: mimi_encode: fetching codes
DEBUG: mimi_encode done
DEBUG: after mimi_encode_receive
DEBUG: calling moshi_lm_send2
DEBUG: after moshi_lm_send2
DEBUG: calling moshi_lm_receive
DEBUG: before forward_text_step
DEBUG: after forward_text_step
DEBUG: before scratch.compute()
DEBUG: after scratch.compute()
DEBUG: before graph.compute()
DEBUG: after graph.compute()
DEBUG: after moshi_lm_receive
TOKEN_GEN: frame=57 text=3 audio=1316,1211,1697,546,1736,1030,1978,1648,
DEBUG: calling mimi_encode_send
DEBUG: after mimi_encode_send
DEBUG: calling mimi_encode_receive
DEBUG: mimi_encode start, frame.size()=1920
DEBUG: mimi_encode: copying input data
DEBUG: mimi_encode: calling projected_transformer_graph_step
DEBUG: mimi_encode: calling scratch compute
DEBUG: mimi_encode: calling graph compute
DEBUG: mimi_encode: fetching codes
DEBUG: mimi_encode done
DEBUG: after mimi_encode_receive
DEBUG: calling moshi_lm_send2
DEBUG: after moshi_lm_send2
DEBUG: calling moshi_lm_receive
DEBUG: before forward_text_step
DEBUG: after forward_text_step
DEBUG: before scratch.compute()
DEBUG: after scratch.compute()
DEBUG: before graph.compute()
DEBUG: after graph.compute()
DEBUG: after moshi_lm_receive
TOKEN_GEN: frame=58 text=3 audio=1316,1211,1697,164,267,1572,825,1648,
DEBUG: calling mimi_encode_send
DEBUG: after mimi_encode_send
DEBUG: calling mimi_encode_receive
DEBUG: mimi_encode start, frame.size()=1920
DEBUG: mimi_encode: copying input data
DEBUG: mimi_encode: calling projected_transformer_graph_step
DEBUG: mimi_encode: calling scratch compute
DEBUG: mimi_encode: calling graph compute
DEBUG: mimi_encode: fetching codes
DEBUG: mimi_encode done
DEBUG: after mimi_encode_receive
DEBUG: calling moshi_lm_send2
DEBUG: after moshi_lm_send2
DEBUG: calling moshi_lm_receive
DEBUG: before forward_text_step
DEBUG: after forward_text_step
DEBUG: before scratch.compute()
DEBUG: after scratch.compute()
DEBUG: before graph.compute()
DEBUG: after graph.compute()
DEBUG: after moshi_lm_receive
TOKEN_GEN: frame=59 text=3 audio=1316,1211,1697,164,267,1572,825,1648,
DEBUG: calling mimi_encode_send
DEBUG: after mimi_encode_send
DEBUG: calling mimi_encode_receive
DEBUG: mimi_encode start, frame.size()=1920
DEBUG: mimi_encode: copying input data
DEBUG: mimi_encode: calling projected_transformer_graph_step
DEBUG: mimi_encode: calling scratch compute
DEBUG: mimi_encode: calling graph compute
DEBUG: mimi_encode: fetching codes
DEBUG: mimi_encode done
DEBUG: after mimi_encode_receive
DEBUG: calling moshi_lm_send2
DEBUG: after moshi_lm_send2
DEBUG: calling moshi_lm_receive
DEBUG: before forward_text_step
DEBUG: after forward_text_step
DEBUG: before scratch.compute()
DEBUG: after scratch.compute()
DEBUG: before graph.compute()
DEBUG: after graph.compute()
DEBUG: after moshi_lm_receive
TOKEN_GEN: frame=60 text=3 audio=1316,1211,1697,164,1736,11,976,1648,
DEBUG: calling mimi_encode_send
DEBUG: after mimi_encode_send
DEBUG: calling mimi_encode_receive
DEBUG: mimi_encode start, frame.size()=1920
DEBUG: mimi_encode: copying input data
DEBUG: mimi_encode: calling projected_transformer_graph_step
DEBUG: mimi_encode: calling scratch compute
DEBUG: mimi_encode: calling graph compute
DEBUG: mimi_encode: fetching codes
DEBUG: mimi_encode done
DEBUG: after mimi_encode_receive
DEBUG: calling moshi_lm_send2
DEBUG: after moshi_lm_send2
DEBUG: calling moshi_lm_receive
DEBUG: before forward_text_step
DEBUG: after forward_text_step
DEBUG: before scratch.compute()
DEBUG: after scratch.compute()
DEBUG: before graph.compute()
DEBUG: after graph.compute()
DEBUG: after moshi_lm_receive
TOKEN_GEN: frame=61 text=3 audio=1316,1211,1697,164,267,1572,825,1648,
DEBUG: calling mimi_encode_send
DEBUG: after mimi_encode_send
DEBUG: calling mimi_encode_receive
DEBUG: mimi_encode start, frame.size()=1920
DEBUG: mimi_encode: copying input data
DEBUG: mimi_encode: calling projected_transformer_graph_step
DEBUG: mimi_encode: calling scratch compute
DEBUG: mimi_encode: calling graph compute
DEBUG: mimi_encode: fetching codes
DEBUG: mimi_encode done
DEBUG: after mimi_encode_receive
DEBUG: calling moshi_lm_send2
DEBUG: after moshi_lm_send2
DEBUG: calling moshi_lm_receive
DEBUG: before forward_text_step
DEBUG: after forward_text_step
DEBUG: before scratch.compute()
DEBUG: after scratch.compute()
DEBUG: before graph.compute()
DEBUG: after graph.compute()
DEBUG: after moshi_lm_receive
TOKEN_GEN: frame=62 text=3 audio=1316,1211,1697,164,267,1572,825,1648,
DEBUG: calling mimi_encode_send
DEBUG: after mimi_encode_send
DEBUG: calling mimi_encode_receive
DEBUG: mimi_encode start, frame.size()=1920
DEBUG: mimi_encode: copying input data
DEBUG: mimi_encode: calling projected_transformer_graph_step
DEBUG: mimi_encode: calling scratch compute
DEBUG: mimi_encode: calling graph compute
DEBUG: mimi_encode: fetching codes
DEBUG: mimi_encode done
DEBUG: after mimi_encode_receive
DEBUG: calling moshi_lm_send2
DEBUG: after moshi_lm_send2
DEBUG: calling moshi_lm_receive
DEBUG: before forward_text_step
DEBUG: after forward_text_step
DEBUG: before scratch.compute()
DEBUG: after scratch.compute()
DEBUG: before graph.compute()
DEBUG: after graph.compute()
DEBUG: after moshi_lm_receive
TOKEN_GEN: frame=63 text=3 audio=1316,1211,1697,164,1736,1572,666,1648,
DEBUG: calling mimi_encode_send
DEBUG: after mimi_encode_send
DEBUG: calling mimi_encode_receive
DEBUG: mimi_encode start, frame.size()=1920
DEBUG: mimi_encode: copying input data
DEBUG: mimi_encode: calling projected_transformer_graph_step
DEBUG: mimi_encode: calling scratch compute
DEBUG: mimi_encode: calling graph compute
DEBUG: mimi_encode: fetching codes
DEBUG: mimi_encode done
DEBUG: after mimi_encode_receive
DEBUG: calling moshi_lm_send2
DEBUG: after moshi_lm_send2
DEBUG: calling moshi_lm_receive
DEBUG: before forward_text_step
DEBUG: after forward_text_step
DEBUG: before scratch.compute()
DEBUG: after scratch.compute()
DEBUG: before graph.compute()
DEBUG: after graph.compute()
DEBUG: after moshi_lm_receive
TOKEN_GEN: frame=64 text=3 audio=1316,1211,1697,164,267,1572,825,1648,
DEBUG: calling mimi_encode_send
DEBUG: after mimi_encode_send
DEBUG: calling mimi_encode_receive
DEBUG: mimi_encode start, frame.size()=1920
DEBUG: mimi_encode: copying input data
DEBUG: mimi_encode: calling projected_transformer_graph_step
DEBUG: mimi_encode: calling scratch compute
DEBUG: mimi_encode: calling graph compute
DEBUG: mimi_encode: fetching codes
DEBUG: mimi_encode done
DEBUG: after mimi_encode_receive
DEBUG: calling moshi_lm_send2
DEBUG: after moshi_lm_send2
DEBUG: calling moshi_lm_receive
DEBUG: before forward_text_step
DEBUG: after forward_text_step
DEBUG: before scratch.compute()
DEBUG: after scratch.compute()
DEBUG: before graph.compute()
DEBUG: after graph.compute()
DEBUG: after moshi_lm_receive
TOKEN_GEN: frame=65 text=3 audio=1316,1211,1697,164,1736,1572,666,1648,
DEBUG: calling mimi_encode_send
DEBUG: after mimi_encode_send
DEBUG: calling mimi_encode_receive
DEBUG: mimi_encode start, frame.size()=1920
DEBUG: mimi_encode: copying input data
DEBUG: mimi_encode: calling projected_transformer_graph_step
DEBUG: mimi_encode: calling scratch compute
DEBUG: mimi_encode: calling graph compute
DEBUG: mimi_encode: fetching codes
DEBUG: mimi_encode done
DEBUG: after mimi_encode_receive
DEBUG: calling moshi_lm_send2
DEBUG: after moshi_lm_send2
DEBUG: calling moshi_lm_receive
DEBUG: before forward_text_step
DEBUG: after forward_text_step
DEBUG: before scratch.compute()
DEBUG: after scratch.compute()
DEBUG: before graph.compute()
DEBUG: after graph.compute()
DEBUG: after moshi_lm_receive
TOKEN_GEN: frame=66 text=0 audio=1316,1211,1697,164,1736,1572,666,2008,
DEBUG: calling mimi_encode_send
DEBUG: after mimi_encode_send
DEBUG: calling mimi_encode_receive
DEBUG: mimi_encode start, frame.size()=1920
DEBUG: mimi_encode: copying input data
DEBUG: mimi_encode: calling projected_transformer_graph_step
DEBUG: mimi_encode: calling scratch compute
DEBUG: mimi_encode: calling graph compute
DEBUG: mimi_encode: fetching codes
DEBUG: mimi_encode done
DEBUG: after mimi_encode_receive
DEBUG: calling moshi_lm_send2
DEBUG: after moshi_lm_send2
DEBUG: calling moshi_lm_receive
DEBUG: before forward_text_step
DEBUG: after forward_text_step
DEBUG: before scratch.compute()
DEBUG: after scratch.compute()
DEBUG: before graph.compute()
DEBUG: after graph.compute()
DEBUG: after moshi_lm_receive
TOKEN_GEN: frame=67 text=11510 audio=727,1873,543,1959,1170,436,692,1156,
 HeyDEBUG: calling mimi_encode_send
DEBUG: after mimi_encode_send
DEBUG: calling mimi_encode_receive
DEBUG: mimi_encode start, frame.size()=1920
DEBUG: mimi_encode: copying input data
DEBUG: mimi_encode: calling projected_transformer_graph_step
DEBUG: mimi_encode: calling scratch compute
DEBUG: mimi_encode: calling graph compute
DEBUG: mimi_encode: fetching codes
DEBUG: mimi_encode done
DEBUG: after mimi_encode_receive
DEBUG: calling moshi_lm_send2
DEBUG: after moshi_lm_send2
DEBUG: calling moshi_lm_receive
DEBUG: before forward_text_step
DEBUG: after forward_text_step
DEBUG: before scratch.compute()
DEBUG: after scratch.compute()
DEBUG: before graph.compute()
DEBUG: after graph.compute()
DEBUG: after moshi_lm_receive
TOKEN_GEN: frame=68 text=3 audio=225,637,472,1741,158,915,79,638,
DEBUG: calling mimi_encode_send
DEBUG: after mimi_encode_send
DEBUG: calling mimi_encode_receive
DEBUG: mimi_encode start, frame.size()=1920
DEBUG: mimi_encode: copying input data
DEBUG: mimi_encode: calling projected_transformer_graph_step
DEBUG: mimi_encode: calling scratch compute
DEBUG: mimi_encode: calling graph compute
DEBUG: mimi_encode: fetching codes
DEBUG: mimi_encode done
DEBUG: after mimi_encode_receive
DEBUG: calling moshi_lm_send2
DEBUG: after moshi_lm_send2
DEBUG: calling moshi_lm_receive
DEBUG: before forward_text_step
DEBUG: after forward_text_step
DEBUG: before scratch.compute()
DEBUG: after scratch.compute()
DEBUG: before graph.compute()
DEBUG: after graph.compute()
DEBUG: after moshi_lm_receive
TOKEN_GEN: frame=69 text=0 audio=915,396,88,1482,1765,1206,769,1469,
DEBUG: calling mimi_encode_send
DEBUG: after mimi_encode_send
DEBUG: calling mimi_encode_receive
DEBUG: mimi_encode start, frame.size()=1920
DEBUG: mimi_encode: copying input data
DEBUG: mimi_encode: calling projected_transformer_graph_step
DEBUG: mimi_encode: calling scratch compute
DEBUG: mimi_encode: calling graph compute
DEBUG: mimi_encode: fetching codes
DEBUG: mimi_encode done
DEBUG: after mimi_encode_receive
DEBUG: calling moshi_lm_send2
DEBUG: after moshi_lm_send2
DEBUG: calling moshi_lm_receive
DEBUG: before forward_text_step
DEBUG: after forward_text_step
DEBUG: before scratch.compute()
DEBUG: after scratch.compute()
DEBUG: before graph.compute()
DEBUG: after graph.compute()
DEBUG: after moshi_lm_receive
TOKEN_GEN: frame=70 text=370 audio=496,213,319,633,1621,796,766,571,
 thereDEBUG: calling mimi_encode_send
DEBUG: after mimi_encode_send
DEBUG: calling mimi_encode_receive
DEBUG: mimi_encode start, frame.size()=1920
DEBUG: mimi_encode: copying input data
DEBUG: mimi_encode: calling projected_transformer_graph_step
DEBUG: mimi_encode: calling scratch compute
DEBUG: mimi_encode: calling graph compute
DEBUG: mimi_encode: fetching codes
DEBUG: mimi_encode done
DEBUG: after mimi_encode_receive
DEBUG: calling moshi_lm_send2
DEBUG: after moshi_lm_send2
DEBUG: calling moshi_lm_receive
DEBUG: before forward_text_step
DEBUG: after forward_text_step
DEBUG: before scratch.compute()
DEBUG: after scratch.compute()
DEBUG: before graph.compute()
DEBUG: after graph.compute()
DEBUG: after moshi_lm_receive
TOKEN_GEN: frame=71 text=430 audio=1016,612,591,337,601,60,1811,34,
!DEBUG: calling mimi_encode_send
DEBUG: after mimi_encode_send
DEBUG: calling mimi_encode_receive
DEBUG: mimi_encode start, frame.size()=1920
DEBUG: mimi_encode: copying input data
DEBUG: mimi_encode: calling projected_transformer_graph_step
DEBUG: mimi_encode: calling scratch compute
DEBUG: mimi_encode: calling graph compute
DEBUG: mimi_encode: fetching codes
DEBUG: mimi_encode done
DEBUG: after mimi_encode_receive
DEBUG: calling moshi_lm_send2
DEBUG: after moshi_lm_send2
DEBUG: calling moshi_lm_receive
DEBUG: before forward_text_step
DEBUG: after forward_text_step
DEBUG: before scratch.compute()
DEBUG: after scratch.compute()
DEBUG: before graph.compute()
DEBUG: after graph.compute()
DEBUG: after moshi_lm_receive
TOKEN_GEN: frame=72 text=3 audio=726,1869,1084,510,278,739,2046,1487,
DEBUG: calling mimi_encode_send
DEBUG: after mimi_encode_send
DEBUG: calling mimi_encode_receive
DEBUG: mimi_encode start, frame.size()=1920
DEBUG: mimi_encode: copying input data
DEBUG: mimi_encode: calling projected_transformer_graph_step
DEBUG: mimi_encode: calling scratch compute
DEBUG: mimi_encode: calling graph compute
DEBUG: mimi_encode: fetching codes
DEBUG: mimi_encode done
DEBUG: after mimi_encode_receive
DEBUG: calling moshi_lm_send2
DEBUG: after moshi_lm_send2
DEBUG: calling moshi_lm_receive
DEBUG: before forward_text_step
DEBUG: after forward_text_step
DEBUG: before scratch.compute()
DEBUG: after scratch.compute()
DEBUG: before graph.compute()
DEBUG: after graph.compute()
DEBUG: after moshi_lm_receive
TOKEN_GEN: frame=73 text=3 audio=228,1867,413,253,1872,1536,1942,17,
DEBUG: calling mimi_encode_send
DEBUG: after mimi_encode_send
DEBUG: calling mimi_encode_receive
DEBUG: mimi_encode start, frame.size()=1920
DEBUG: mimi_encode: copying input data
DEBUG: mimi_encode: calling projected_transformer_graph_step
DEBUG: mimi_encode: calling scratch compute
DEBUG: mimi_encode: calling graph compute
DEBUG: mimi_encode: fetching codes
DEBUG: mimi_encode done
DEBUG: after mimi_encode_receive
DEBUG: calling moshi_lm_send2
DEBUG: after moshi_lm_send2
DEBUG: calling moshi_lm_receive
DEBUG: before forward_text_step
DEBUG: after forward_text_step
DEBUG: before scratch.compute()
DEBUG: after scratch.compute()
DEBUG: before graph.compute()
DEBUG: after graph.compute()
DEBUG: after moshi_lm_receive
TOKEN_GEN: frame=74 text=3 audio=228,1138,1300,1429,1560,398,515,1520,
VRAM_FRAME: frame=  75  M1_driver_delta_MiB= 6424  M2_phys_alloc_MiB= 2895  outside_ggml_MiB= 3528
DEBUG: calling mimi_encode_send
DEBUG: after mimi_encode_send
DEBUG: calling mimi_encode_receive
DEBUG: mimi_encode start, frame.size()=1920
DEBUG: mimi_encode: copying input data
DEBUG: mimi_encode: calling projected_transformer_graph_step
DEBUG: mimi_encode: calling scratch compute
DEBUG: mimi_encode: calling graph compute
DEBUG: mimi_encode: fetching codes
DEBUG: mimi_encode done
DEBUG: after mimi_encode_receive
DEBUG: calling moshi_lm_send2
DEBUG: after moshi_lm_send2
DEBUG: calling moshi_lm_receive
DEBUG: before forward_text_step
DEBUG: after forward_text_step
DEBUG: before scratch.compute()
DEBUG: after scratch.compute()
DEBUG: before graph.compute()
DEBUG: after graph.compute()
DEBUG: after moshi_lm_receive
TOKEN_GEN: frame=75 text=3 audio=1938,533,429,26,1694,1879,1796,1826,
DEBUG: calling mimi_encode_send
DEBUG: after mimi_encode_send
DEBUG: calling mimi_encode_receive
DEBUG: mimi_encode start, frame.size()=1920
DEBUG: mimi_encode: copying input data
DEBUG: mimi_encode: calling projected_transformer_graph_step
DEBUG: mimi_encode: calling scratch compute
DEBUG: mimi_encode: calling graph compute
DEBUG: mimi_encode: fetching codes
DEBUG: mimi_encode done
DEBUG: after mimi_encode_receive
DEBUG: calling moshi_lm_send2
DEBUG: after moshi_lm_send2
DEBUG: calling moshi_lm_receive
DEBUG: before forward_text_step
DEBUG: after forward_text_step
DEBUG: before scratch.compute()
DEBUG: after scratch.compute()
DEBUG: before graph.compute()
DEBUG: after graph.compute()
DEBUG: after moshi_lm_receive
TOKEN_GEN: frame=76 text=3 audio=1938,1983,837,26,1219,303,1799,1907,
DEBUG: calling mimi_encode_send
DEBUG: after mimi_encode_send
DEBUG: calling mimi_encode_receive
DEBUG: mimi_encode start, frame.size()=1920
DEBUG: mimi_encode: copying input data
DEBUG: mimi_encode: calling projected_transformer_graph_step
DEBUG: mimi_encode: calling scratch compute
DEBUG: mimi_encode: calling graph compute
DEBUG: mimi_encode: fetching codes
DEBUG: mimi_encode done
DEBUG: after mimi_encode_receive
DEBUG: calling moshi_lm_send2
DEBUG: after moshi_lm_send2
DEBUG: calling moshi_lm_receive
DEBUG: before forward_text_step
DEBUG: after forward_text_step
DEBUG: before scratch.compute()
DEBUG: after scratch.compute()
DEBUG: before graph.compute()
DEBUG: after graph.compute()
DEBUG: after moshi_lm_receive
TOKEN_GEN: frame=77 text=3 audio=1938,215,255,109,806,1097,593,284,
DEBUG: calling mimi_encode_send
DEBUG: after mimi_encode_send
DEBUG: calling mimi_encode_receive
DEBUG: mimi_encode start, frame.size()=1920
DEBUG: mimi_encode: copying input data
DEBUG: mimi_encode: calling projected_transformer_graph_step
DEBUG: mimi_encode: calling scratch compute
DEBUG: mimi_encode: calling graph compute
DEBUG: mimi_encode: fetching codes
DEBUG: mimi_encode done
DEBUG: after mimi_encode_receive
DEBUG: calling moshi_lm_send2
DEBUG: after moshi_lm_send2
DEBUG: calling moshi_lm_receive
DEBUG: before forward_text_step
DEBUG: after forward_text_step
DEBUG: before scratch.compute()
DEBUG: after scratch.compute()
DEBUG: before graph.compute()
DEBUG: after graph.compute()
DEBUG: after moshi_lm_receive
TOKEN_GEN: frame=78 text=3 audio=897,1736,1312,1010,543,1325,548,1285,
DEBUG: calling mimi_encode_send
DEBUG: after mimi_encode_send
DEBUG: calling mimi_encode_receive
DEBUG: mimi_encode start, frame.size()=1920
DEBUG: mimi_encode: copying input data
DEBUG: mimi_encode: calling projected_transformer_graph_step
DEBUG: mimi_encode: calling scratch compute
DEBUG: mimi_encode: calling graph compute
DEBUG: mimi_encode: fetching codes
DEBUG: mimi_encode done
DEBUG: after mimi_encode_receive
DEBUG: calling moshi_lm_send2
DEBUG: after moshi_lm_send2
DEBUG: calling moshi_lm_receive
DEBUG: before forward_text_step
DEBUG: after forward_text_step
DEBUG: before scratch.compute()
DEBUG: after scratch.compute()
DEBUG: before graph.compute()
DEBUG: after graph.compute()
DEBUG: after moshi_lm_receive
TOKEN_GEN: frame=79 text=3 audio=1702,957,1372,1771,1099,1418,1700,1452,
DEBUG: calling mimi_encode_send
DEBUG: after mimi_encode_send
DEBUG: calling mimi_encode_receive
DEBUG: mimi_encode start, frame.size()=1920
DEBUG: mimi_encode: copying input data
DEBUG: mimi_encode: calling projected_transformer_graph_step
DEBUG: mimi_encode: calling scratch compute
DEBUG: mimi_encode: calling graph compute
DEBUG: mimi_encode: fetching codes
DEBUG: mimi_encode done
DEBUG: after mimi_encode_receive
DEBUG: calling moshi_lm_send2
DEBUG: after moshi_lm_send2
DEBUG: calling moshi_lm_receive
DEBUG: before forward_text_step
DEBUG: after forward_text_step
DEBUG: before scratch.compute()
DEBUG: after scratch.compute()
DEBUG: before graph.compute()
DEBUG: after graph.compute()
DEBUG: after moshi_lm_receive
TOKEN_GEN: frame=80 text=3 audio=1702,1286,1548,804,1812,1438,338,709,
DEBUG: calling mimi_encode_send
DEBUG: after mimi_encode_send
DEBUG: calling mimi_encode_receive
DEBUG: mimi_encode start, frame.size()=1920
DEBUG: mimi_encode: copying input data
DEBUG: mimi_encode: calling projected_transformer_graph_step
DEBUG: mimi_encode: calling scratch compute
DEBUG: mimi_encode: calling graph compute
DEBUG: mimi_encode: fetching codes
DEBUG: mimi_encode done
DEBUG: after mimi_encode_receive
DEBUG: calling moshi_lm_send2
DEBUG: after moshi_lm_send2
DEBUG: calling moshi_lm_receive
DEBUG: before forward_text_step
DEBUG: after forward_text_step
DEBUG: before scratch.compute()
DEBUG: after scratch.compute()
DEBUG: before graph.compute()
DEBUG: after graph.compute()
DEBUG: after moshi_lm_receive
TOKEN_GEN: frame=81 text=3 audio=1702,1084,216,1819,58,889,254,1018,
DEBUG: calling mimi_encode_send
DEBUG: after mimi_encode_send
DEBUG: calling mimi_encode_receive
DEBUG: mimi_encode start, frame.size()=1920
DEBUG: mimi_encode: copying input data
DEBUG: mimi_encode: calling projected_transformer_graph_step
DEBUG: mimi_encode: calling scratch compute
DEBUG: mimi_encode: calling graph compute
DEBUG: mimi_encode: fetching codes
DEBUG: mimi_encode done
DEBUG: after mimi_encode_receive
DEBUG: calling moshi_lm_send2
DEBUG: after moshi_lm_send2
DEBUG: calling moshi_lm_receive
DEBUG: before forward_text_step
DEBUG: after forward_text_step
DEBUG: before scratch.compute()
DEBUG: after scratch.compute()
DEBUG: before graph.compute()
DEBUG: after graph.compute()
DEBUG: after moshi_lm_receive
TOKEN_GEN: frame=82 text=3 audio=1677,1084,1694,1282,1885,1354,1570,533,
DEBUG: calling mimi_encode_send
DEBUG: after mimi_encode_send
DEBUG: calling mimi_encode_receive
DEBUG: mimi_encode start, frame.size()=1920
DEBUG: mimi_encode: copying input data
DEBUG: mimi_encode: calling projected_transformer_graph_step
DEBUG: mimi_encode: calling scratch compute
DEBUG: mimi_encode: calling graph compute
DEBUG: mimi_encode: fetching codes
DEBUG: mimi_encode done
DEBUG: after mimi_encode_receive
DEBUG: calling moshi_lm_send2
DEBUG: after moshi_lm_send2
DEBUG: calling moshi_lm_receive
DEBUG: before forward_text_step
DEBUG: after forward_text_step
DEBUG: before scratch.compute()
DEBUG: after scratch.compute()
DEBUG: before graph.compute()
DEBUG: after graph.compute()
DEBUG: after moshi_lm_receive
TOKEN_GEN: frame=83 text=3 audio=1677,215,1694,1674,1201,646,888,1580,
DEBUG: calling mimi_encode_send
DEBUG: after mimi_encode_send
DEBUG: calling mimi_encode_receive
DEBUG: mimi_encode start, frame.size()=1920
DEBUG: mimi_encode: copying input data
DEBUG: mimi_encode: calling projected_transformer_graph_step
DEBUG: mimi_encode: calling scratch compute
DEBUG: mimi_encode: calling graph compute
DEBUG: mimi_encode: fetching codes
DEBUG: mimi_encode done
DEBUG: after mimi_encode_receive
DEBUG: calling moshi_lm_send2
DEBUG: after moshi_lm_send2
DEBUG: calling moshi_lm_receive
DEBUG: before forward_text_step
DEBUG: after forward_text_step
DEBUG: before scratch.compute()
DEBUG: after scratch.compute()
DEBUG: before graph.compute()
DEBUG: after graph.compute()
DEBUG: after moshi_lm_receive
TOKEN_GEN: frame=84 text=3 audio=714,24,990,1760,1436,1646,1811,1212,
DEBUG: calling mimi_encode_send
DEBUG: after mimi_encode_send
DEBUG: calling mimi_encode_receive
DEBUG: mimi_encode start, frame.size()=1920
DEBUG: mimi_encode: copying input data
DEBUG: mimi_encode: calling projected_transformer_graph_step
DEBUG: mimi_encode: calling scratch compute
DEBUG: mimi_encode: calling graph compute
DEBUG: mimi_encode: fetching codes
DEBUG: mimi_encode done
DEBUG: after mimi_encode_receive
DEBUG: calling moshi_lm_send2
DEBUG: after moshi_lm_send2
DEBUG: calling moshi_lm_receive
DEBUG: before forward_text_step
DEBUG: after forward_text_step
DEBUG: before scratch.compute()
DEBUG: after scratch.compute()
DEBUG: before graph.compute()
DEBUG: after graph.compute()
DEBUG: after moshi_lm_receive
TOKEN_GEN: frame=85 text=3 audio=642,1073,504,1395,75,1737,948,195,
DEBUG: calling mimi_encode_send
DEBUG: after mimi_encode_send
DEBUG: calling mimi_encode_receive
DEBUG: mimi_encode start, frame.size()=1920
DEBUG: mimi_encode: copying input data
DEBUG: mimi_encode: calling projected_transformer_graph_step
DEBUG: mimi_encode: calling scratch compute
DEBUG: mimi_encode: calling graph compute
DEBUG: mimi_encode: fetching codes
DEBUG: mimi_encode done
DEBUG: after mimi_encode_receive
DEBUG: calling moshi_lm_send2
DEBUG: after moshi_lm_send2
DEBUG: calling moshi_lm_receive
DEBUG: before forward_text_step
DEBUG: after forward_text_step
DEBUG: before scratch.compute()
DEBUG: after scratch.compute()
DEBUG: before graph.compute()
DEBUG: after graph.compute()
DEBUG: after moshi_lm_receive
TOKEN_GEN: frame=86 text=3 audio=642,1953,641,1800,783,277,1364,1843,
DEBUG: calling mimi_encode_send
DEBUG: after mimi_encode_send
DEBUG: calling mimi_encode_receive
DEBUG: mimi_encode start, frame.size()=1920
DEBUG: mimi_encode: copying input data
DEBUG: mimi_encode: calling projected_transformer_graph_step
DEBUG: mimi_encode: calling scratch compute
DEBUG: mimi_encode: calling graph compute
DEBUG: mimi_encode: fetching codes
DEBUG: mimi_encode done
DEBUG: after mimi_encode_receive
DEBUG: calling moshi_lm_send2
DEBUG: after moshi_lm_send2
DEBUG: calling moshi_lm_receive
DEBUG: before forward_text_step
DEBUG: after forward_text_step
DEBUG: before scratch.compute()
DEBUG: after scratch.compute()
DEBUG: before graph.compute()
DEBUG: after graph.compute()
DEBUG: after moshi_lm_receive
TOKEN_GEN: frame=87 text=3 audio=515,1665,1792,1395,1154,240,832,586,
DEBUG: calling mimi_encode_send
DEBUG: after mimi_encode_send
DEBUG: calling mimi_encode_receive
DEBUG: mimi_encode start, frame.size()=1920
DEBUG: mimi_encode: copying input data
DEBUG: mimi_encode: calling projected_transformer_graph_step
DEBUG: mimi_encode: calling scratch compute
DEBUG: mimi_encode: calling graph compute
DEBUG: mimi_encode: fetching codes
DEBUG: mimi_encode done
DEBUG: after mimi_encode_receive
DEBUG: calling moshi_lm_send2
DEBUG: after moshi_lm_send2
DEBUG: calling moshi_lm_receive
DEBUG: before forward_text_step
DEBUG: after forward_text_step
DEBUG: before scratch.compute()
DEBUG: after scratch.compute()
DEBUG: before graph.compute()
DEBUG: after graph.compute()
DEBUG: after moshi_lm_receive
TOKEN_GEN: frame=88 text=3 audio=515,1953,1548,1798,1634,28,777,1765,
DEBUG: calling mimi_encode_send
DEBUG: after mimi_encode_send
DEBUG: calling mimi_encode_receive
DEBUG: mimi_encode start, frame.size()=1920
DEBUG: mimi_encode: copying input data
DEBUG: mimi_encode: calling projected_transformer_graph_step
DEBUG: mimi_encode: calling scratch compute
DEBUG: mimi_encode: calling graph compute
DEBUG: mimi_encode: fetching codes
DEBUG: mimi_encode done
DEBUG: after mimi_encode_receive
DEBUG: calling moshi_lm_send2
DEBUG: after moshi_lm_send2
DEBUG: calling moshi_lm_receive
DEBUG: before forward_text_step
DEBUG: after forward_text_step
DEBUG: before scratch.compute()
DEBUG: after scratch.compute()
DEBUG: before graph.compute()
DEBUG: after graph.compute()
DEBUG: after moshi_lm_receive
TOKEN_GEN: frame=89 text=3 audio=19,980,181,1929,828,318,1358,1462,
DEBUG: calling mimi_encode_send
DEBUG: after mimi_encode_send
DEBUG: calling mimi_encode_receive
DEBUG: mimi_encode start, frame.size()=1920
DEBUG: mimi_encode: copying input data
DEBUG: mimi_encode: calling projected_transformer_graph_step
DEBUG: mimi_encode: calling scratch compute
DEBUG: mimi_encode: calling graph compute
DEBUG: mimi_encode: fetching codes
DEBUG: mimi_encode done
DEBUG: after mimi_encode_receive
DEBUG: calling moshi_lm_send2
DEBUG: after moshi_lm_send2
DEBUG: calling moshi_lm_receive
DEBUG: before forward_text_step
DEBUG: after forward_text_step
DEBUG: before scratch.compute()
DEBUG: after scratch.compute()
DEBUG: before graph.compute()
DEBUG: after graph.compute()
DEBUG: after moshi_lm_receive
TOKEN_GEN: frame=90 text=3 audio=19,114,1956,543,144,348,896,1833,
DEBUG: calling mimi_encode_send
DEBUG: after mimi_encode_send
DEBUG: calling mimi_encode_receive
DEBUG: mimi_encode start, frame.size()=1920
DEBUG: mimi_encode: copying input data
DEBUG: mimi_encode: calling projected_transformer_graph_step
DEBUG: mimi_encode: calling scratch compute
DEBUG: mimi_encode: calling graph compute
DEBUG: mimi_encode: fetching codes
DEBUG: mimi_encode done
DEBUG: after mimi_encode_receive
DEBUG: calling moshi_lm_send2
DEBUG: after moshi_lm_send2
DEBUG: calling moshi_lm_receive
DEBUG: before forward_text_step
DEBUG: after forward_text_step
DEBUG: before scratch.compute()
DEBUG: after scratch.compute()
DEBUG: before graph.compute()
DEBUG: after graph.compute()
DEBUG: after moshi_lm_receive
TOKEN_GEN: frame=91 text=3 audio=19,1871,555,1677,873,204,290,829,
DEBUG: calling mimi_encode_send
DEBUG: after mimi_encode_send
DEBUG: calling mimi_encode_receive
DEBUG: mimi_encode start, frame.size()=1920
DEBUG: mimi_encode: copying input data
DEBUG: mimi_encode: calling projected_transformer_graph_step
DEBUG: mimi_encode: calling scratch compute
DEBUG: mimi_encode: calling graph compute
DEBUG: mimi_encode: fetching codes
DEBUG: mimi_encode done
DEBUG: after mimi_encode_receive
DEBUG: calling moshi_lm_send2
DEBUG: after moshi_lm_send2
DEBUG: calling moshi_lm_receive
DEBUG: before forward_text_step
DEBUG: after forward_text_step
DEBUG: before scratch.compute()
DEBUG: after scratch.compute()
DEBUG: before graph.compute()
DEBUG: after graph.compute()
DEBUG: after moshi_lm_receive
TOKEN_GEN: frame=92 text=3 audio=19,840,1434,981,847,627,1579,1311,
DEBUG: calling mimi_encode_send
DEBUG: after mimi_encode_send
DEBUG: calling mimi_encode_receive
DEBUG: mimi_encode start, frame.size()=1920
DEBUG: mimi_encode: copying input data
DEBUG: mimi_encode: calling projected_transformer_graph_step
DEBUG: mimi_encode: calling scratch compute
DEBUG: mimi_encode: calling graph compute
DEBUG: mimi_encode: fetching codes
DEBUG: mimi_encode done
DEBUG: after mimi_encode_receive
DEBUG: calling moshi_lm_send2
DEBUG: after moshi_lm_send2
DEBUG: calling moshi_lm_receive
DEBUG: before forward_text_step
DEBUG: after forward_text_step
DEBUG: before scratch.compute()
DEBUG: after scratch.compute()
DEBUG: before graph.compute()
DEBUG: after graph.compute()
DEBUG: after moshi_lm_receive
TOKEN_GEN: frame=93 text=3 audio=1009,1579,1935,695,1147,2000,1387,938,
DEBUG: calling mimi_encode_send
DEBUG: after mimi_encode_send
DEBUG: calling mimi_encode_receive
DEBUG: mimi_encode start, frame.size()=1920
DEBUG: mimi_encode: copying input data
DEBUG: mimi_encode: calling projected_transformer_graph_step
DEBUG: mimi_encode: calling scratch compute
DEBUG: mimi_encode: calling graph compute
DEBUG: mimi_encode: fetching codes
DEBUG: mimi_encode done
DEBUG: after mimi_encode_receive
DEBUG: calling moshi_lm_send2
DEBUG: after moshi_lm_send2
DEBUG: calling moshi_lm_receive
DEBUG: before forward_text_step
DEBUG: after forward_text_step
DEBUG: before scratch.compute()
DEBUG: after scratch.compute()
DEBUG: before graph.compute()
DEBUG: after graph.compute()
DEBUG: after moshi_lm_receive
TOKEN_GEN: frame=94 text=3 audio=1009,2019,1956,2034,705,398,1236,1462,
DEBUG: calling mimi_encode_send
DEBUG: after mimi_encode_send
DEBUG: calling mimi_encode_receive
DEBUG: mimi_encode start, frame.size()=1920
DEBUG: mimi_encode: copying input data
DEBUG: mimi_encode: calling projected_transformer_graph_step
DEBUG: mimi_encode: calling scratch compute
DEBUG: mimi_encode: calling graph compute
DEBUG: mimi_encode: fetching codes
DEBUG: mimi_encode done
DEBUG: after mimi_encode_receive
DEBUG: calling moshi_lm_send2
DEBUG: after moshi_lm_send2
DEBUG: calling moshi_lm_receive
DEBUG: before forward_text_step
DEBUG: after forward_text_step
DEBUG: before scratch.compute()
DEBUG: after scratch.compute()
DEBUG: before graph.compute()
DEBUG: after graph.compute()
DEBUG: after moshi_lm_receive
TOKEN_GEN: frame=95 text=3 audio=1009,1266,710,486,9,464,743,1649,
DEBUG: calling mimi_encode_send
DEBUG: after mimi_encode_send
DEBUG: calling mimi_encode_receive
DEBUG: mimi_encode start, frame.size()=1920
DEBUG: mimi_encode: copying input data
DEBUG: mimi_encode: calling projected_transformer_graph_step
DEBUG: mimi_encode: calling scratch compute
DEBUG: mimi_encode: calling graph compute
DEBUG: mimi_encode: fetching codes
DEBUG: mimi_encode done
DEBUG: after mimi_encode_receive
DEBUG: calling moshi_lm_send2
DEBUG: after moshi_lm_send2
DEBUG: calling moshi_lm_receive
DEBUG: before forward_text_step
DEBUG: after forward_text_step
DEBUG: before scratch.compute()
DEBUG: after scratch.compute()
DEBUG: before graph.compute()
DEBUG: after graph.compute()
DEBUG: after moshi_lm_receive
TOKEN_GEN: frame=96 text=3 audio=1236,899,1760,1663,1967,350,147,2016,
DEBUG: calling mimi_encode_send
DEBUG: after mimi_encode_send
DEBUG: calling mimi_encode_receive
DEBUG: mimi_encode start, frame.size()=1920
DEBUG: mimi_encode: copying input data
DEBUG: mimi_encode: calling projected_transformer_graph_step
DEBUG: mimi_encode: calling scratch compute
DEBUG: mimi_encode: calling graph compute
DEBUG: mimi_encode: fetching codes
DEBUG: mimi_encode done
DEBUG: after mimi_encode_receive
DEBUG: calling moshi_lm_send2
DEBUG: after moshi_lm_send2
DEBUG: calling moshi_lm_receive
DEBUG: before forward_text_step
DEBUG: after forward_text_step
DEBUG: before scratch.compute()
DEBUG: after scratch.compute()
DEBUG: before graph.compute()
DEBUG: after graph.compute()
DEBUG: after moshi_lm_receive
TOKEN_GEN: frame=97 text=3 audio=667,899,1778,319,1006,1913,105,302,
DEBUG: calling mimi_encode_send
DEBUG: after mimi_encode_send
DEBUG: calling mimi_encode_receive
DEBUG: mimi_encode start, frame.size()=1920
DEBUG: mimi_encode: copying input data
DEBUG: mimi_encode: calling projected_transformer_graph_step
DEBUG: mimi_encode: calling scratch compute
DEBUG: mimi_encode: calling graph compute
DEBUG: mimi_encode: fetching codes
DEBUG: mimi_encode done
DEBUG: after mimi_encode_receive
DEBUG: calling moshi_lm_send2
DEBUG: after moshi_lm_send2
DEBUG: calling moshi_lm_receive
DEBUG: before forward_text_step
DEBUG: after forward_text_step
DEBUG: before scratch.compute()
DEBUG: after scratch.compute()
DEBUG: before graph.compute()
DEBUG: after graph.compute()
DEBUG: after moshi_lm_receive
TOKEN_GEN: frame=98 text=3 audio=667,146,761,945,1533,2012,671,756,
DEBUG: calling mimi_encode_send
DEBUG: after mimi_encode_send
DEBUG: calling mimi_encode_receive
DEBUG: mimi_encode start, frame.size()=1920
DEBUG: mimi_encode: copying input data
DEBUG: mimi_encode: calling projected_transformer_graph_step
DEBUG: mimi_encode: calling scratch compute
DEBUG: mimi_encode: calling graph compute
DEBUG: mimi_encode: fetching codes
DEBUG: mimi_encode done
DEBUG: after mimi_encode_receive
DEBUG: calling moshi_lm_send2
DEBUG: after moshi_lm_send2
DEBUG: calling moshi_lm_receive
DEBUG: before forward_text_step
DEBUG: after forward_text_step
DEBUG: before scratch.compute()
DEBUG: after scratch.compute()
DEBUG: before graph.compute()
DEBUG: after graph.compute()
DEBUG: after moshi_lm_receive
TOKEN_GEN: frame=99 text=3 audio=667,146,2028,2037,1601,1924,129,1411,
VRAM_FRAME: frame= 100  M1_driver_delta_MiB= 6424  M2_phys_alloc_MiB= 2895  outside_ggml_MiB= 3528
DEBUG: calling mimi_encode_send
DEBUG: after mimi_encode_send
DEBUG: calling mimi_encode_receive
DEBUG: mimi_encode start, frame.size()=1920
DEBUG: mimi_encode: copying input data
DEBUG: mimi_encode: calling projected_transformer_graph_step
DEBUG: mimi_encode: calling scratch compute
DEBUG: mimi_encode: calling graph compute
DEBUG: mimi_encode: fetching codes
DEBUG: mimi_encode done
DEBUG: after mimi_encode_receive
DEBUG: calling moshi_lm_send2
DEBUG: after moshi_lm_send2
DEBUG: calling moshi_lm_receive
DEBUG: before forward_text_step
DEBUG: after forward_text_step
DEBUG: before scratch.compute()
DEBUG: after scratch.compute()
DEBUG: before graph.compute()
DEBUG: after graph.compute()
DEBUG: after moshi_lm_receive
TOKEN_GEN: frame=100 text=3 audio=712,962,755,1084,78,633,1807,1706,
DEBUG: calling mimi_encode_send
DEBUG: after mimi_encode_send
DEBUG: calling mimi_encode_receive
DEBUG: mimi_encode start, frame.size()=1920
DEBUG: mimi_encode: copying input data
DEBUG: mimi_encode: calling projected_transformer_graph_step
DEBUG: mimi_encode: calling scratch compute
DEBUG: mimi_encode: calling graph compute
DEBUG: mimi_encode: fetching codes
DEBUG: mimi_encode done
DEBUG: after mimi_encode_receive
DEBUG: calling moshi_lm_send2
DEBUG: after moshi_lm_send2
DEBUG: calling moshi_lm_receive
DEBUG: before forward_text_step
DEBUG: after forward_text_step
DEBUG: before scratch.compute()
DEBUG: after scratch.compute()
DEBUG: before graph.compute()
DEBUG: after graph.compute()
DEBUG: after moshi_lm_receive
TOKEN_GEN: frame=101 text=0 audio=712,1073,483,119,1068,1823,1642,1160,
DEBUG: calling mimi_encode_send
DEBUG: after mimi_encode_send
DEBUG: calling mimi_encode_receive
DEBUG: mimi_encode start, frame.size()=1920
DEBUG: mimi_encode: copying input data
DEBUG: mimi_encode: calling projected_transformer_graph_step
DEBUG: mimi_encode: calling scratch compute
DEBUG: mimi_encode: calling graph compute
DEBUG: mimi_encode: fetching codes
DEBUG: mimi_encode done
DEBUG: after mimi_encode_receive
DEBUG: calling moshi_lm_send2
DEBUG: after moshi_lm_send2
DEBUG: calling moshi_lm_receive
DEBUG: before forward_text_step
DEBUG: after forward_text_step
DEBUG: before scratch.compute()
DEBUG: after scratch.compute()
DEBUG: before graph.compute()
DEBUG: after graph.compute()
DEBUG: after moshi_lm_receive
TOKEN_GEN: frame=102 text=2657 audio=1511,463,65,1602,1071,86,665,734,
 WellDEBUG: calling mimi_encode_send
DEBUG: after mimi_encode_send
DEBUG: calling mimi_encode_receive
DEBUG: mimi_encode start, frame.size()=1920
DEBUG: mimi_encode: copying input data
DEBUG: mimi_encode: calling projected_transformer_graph_step
DEBUG: mimi_encode: calling scratch compute
DEBUG: mimi_encode: calling graph compute
DEBUG: mimi_encode: fetching codes
DEBUG: mimi_encode done
DEBUG: after mimi_encode_receive
DEBUG: calling moshi_lm_send2
DEBUG: after moshi_lm_send2
DEBUG: calling moshi_lm_receive
DEBUG: before forward_text_step
DEBUG: after forward_text_step
DEBUG: before scratch.compute()
DEBUG: after scratch.compute()
DEBUG: before graph.compute()
DEBUG: after graph.compute()
DEBUG: after moshi_lm_receive
TOKEN_GEN: frame=103 text=261 audio=1784,1576,1528,1285,959,1629,48,1213,
,DEBUG: calling mimi_encode_send
DEBUG: after mimi_encode_send
DEBUG: calling mimi_encode_receive
DEBUG: mimi_encode start, frame.size()=1920
DEBUG: mimi_encode: copying input data
DEBUG: mimi_encode: calling projected_transformer_graph_step
DEBUG: mimi_encode: calling scratch compute
DEBUG: mimi_encode: calling graph compute
DEBUG: mimi_encode: fetching codes
DEBUG: mimi_encode done
DEBUG: after mimi_encode_receive
DEBUG: calling moshi_lm_send2
DEBUG: after moshi_lm_send2
DEBUG: calling moshi_lm_receive
DEBUG: before forward_text_step
DEBUG: after forward_text_step
DEBUG: before scratch.compute()
DEBUG: after scratch.compute()
DEBUG: before graph.compute()
DEBUG: after graph.compute()
DEBUG: after moshi_lm_receive
TOKEN_GEN: frame=104 text=293 audio=1913,1019,1872,1531,41,700,1887,1322,
 IDEBUG: calling mimi_encode_send
DEBUG: after mimi_encode_send
DEBUG: calling mimi_encode_receive
DEBUG: mimi_encode start, frame.size()=1920
DEBUG: mimi_encode: copying input data
DEBUG: mimi_encode: calling projected_transformer_graph_step
DEBUG: mimi_encode: calling scratch compute
DEBUG: mimi_encode: calling graph compute
DEBUG: mimi_encode: fetching codes
DEBUG: mimi_encode done
DEBUG: after mimi_encode_receive
DEBUG: calling moshi_lm_send2
DEBUG: after moshi_lm_send2
DEBUG: calling moshi_lm_receive
DEBUG: before forward_text_step
DEBUG: after forward_text_step
DEBUG: before scratch.compute()
DEBUG: after scratch.compute()
DEBUG: before graph.compute()
DEBUG: after graph.compute()
DEBUG: after moshi_lm_receive
TOKEN_GEN: frame=105 text=3 audio=517,1721,339,695,1828,511,249,489,
DEBUG: calling mimi_encode_send
DEBUG: after mimi_encode_send
DEBUG: calling mimi_encode_receive
DEBUG: mimi_encode start, frame.size()=1920
DEBUG: mimi_encode: copying input data
DEBUG: mimi_encode: calling projected_transformer_graph_step
DEBUG: mimi_encode: calling scratch compute
DEBUG: mimi_encode: calling graph compute
DEBUG: mimi_encode: fetching codes
DEBUG: mimi_encode done
DEBUG: after mimi_encode_receive
DEBUG: calling moshi_lm_send2
DEBUG: after moshi_lm_send2
DEBUG: calling moshi_lm_receive
DEBUG: before forward_text_step
DEBUG: after forward_text_step
DEBUG: before scratch.compute()
DEBUG: after scratch.compute()
DEBUG: before graph.compute()
DEBUG: after graph.compute()
DEBUG: after moshi_lm_receive
TOKEN_GEN: frame=106 text=0 audio=1494,705,1197,126,1285,575,16,182,
DEBUG: calling mimi_encode_send
DEBUG: after mimi_encode_send
DEBUG: calling mimi_encode_receive
DEBUG: mimi_encode start, frame.size()=1920
DEBUG: mimi_encode: copying input data
DEBUG: mimi_encode: calling projected_transformer_graph_step
DEBUG: mimi_encode: calling scratch compute
DEBUG: mimi_encode: calling graph compute
DEBUG: mimi_encode: fetching codes
DEBUG: mimi_encode done
DEBUG: after mimi_encode_receive
DEBUG: calling moshi_lm_send2
DEBUG: after moshi_lm_send2
DEBUG: calling moshi_lm_receive
DEBUG: before forward_text_step
DEBUG: after forward_text_step
DEBUG: before scratch.compute()
DEBUG: after scratch.compute()
DEBUG: before graph.compute()
DEBUG: after graph.compute()
DEBUG: after moshi_lm_receive
TOKEN_GEN: frame=107 text=551 audio=1401,22,1570,1966,92,1679,1027,378,
 donDEBUG: calling mimi_encode_send
DEBUG: after mimi_encode_send
DEBUG: calling mimi_encode_receive
DEBUG: mimi_encode start, frame.size()=1920
DEBUG: mimi_encode: copying input data
DEBUG: mimi_encode: calling projected_transformer_graph_step
DEBUG: mimi_encode: calling scratch compute
DEBUG: mimi_encode: calling graph compute
DEBUG: mimi_encode: fetching codes
DEBUG: mimi_encode done
DEBUG: after mimi_encode_receive
DEBUG: calling moshi_lm_send2
DEBUG: after moshi_lm_send2
DEBUG: calling moshi_lm_receive
DEBUG: before forward_text_step
DEBUG: after forward_text_step
DEBUG: before scratch.compute()
DEBUG: after scratch.compute()
DEBUG: before graph.compute()
DEBUG: after graph.compute()
DEBUG: after moshi_lm_receive
TOKEN_GEN: frame=108 text=286 audio=1198,45,1100,169,1612,1790,1496,1667,
'DEBUG: calling mimi_encode_send
DEBUG: after mimi_encode_send
DEBUG: calling mimi_encode_receive
DEBUG: mimi_encode start, frame.size()=1920
DEBUG: mimi_encode: copying input data
DEBUG: mimi_encode: calling projected_transformer_graph_step
DEBUG: mimi_encode: calling scratch compute
DEBUG: mimi_encode: calling graph compute
DEBUG: mimi_encode: fetching codes
DEBUG: mimi_encode done
DEBUG: after mimi_encode_receive
DEBUG: calling moshi_lm_send2
DEBUG: after moshi_lm_send2
DEBUG: calling moshi_lm_receive
DEBUG: before forward_text_step
DEBUG: after forward_text_step
DEBUG: before scratch.compute()
DEBUG: after scratch.compute()
DEBUG: before graph.compute()
DEBUG: after graph.compute()
DEBUG: after moshi_lm_receive
TOKEN_GEN: frame=109 text=303 audio=1455,106,1441,1792,1555,1061,1594,292,
tDEBUG: calling mimi_encode_send
DEBUG: after mimi_encode_send
DEBUG: calling mimi_encode_receive
DEBUG: mimi_encode start, frame.size()=1920
DEBUG: mimi_encode: copying input data
DEBUG: mimi_encode: calling projected_transformer_graph_step
DEBUG: mimi_encode: calling scratch compute
DEBUG: mimi_encode: calling graph compute
DEBUG: mimi_encode: fetching codes
DEBUG: mimi_encode done
DEBUG: after mimi_encode_receive
DEBUG: calling moshi_lm_send2
DEBUG: after moshi_lm_send2
DEBUG: calling moshi_lm_receive
DEBUG: before forward_text_step
DEBUG: after forward_text_step
DEBUG: before scratch.compute()
DEBUG: after scratch.compute()
DEBUG: before graph.compute()
DEBUG: after graph.compute()
DEBUG: after moshi_lm_receive
TOKEN_GEN: frame=110 text=586 audio=880,875,1939,525,1363,2010,1387,937,
 thinkDEBUG: calling mimi_encode_send
DEBUG: after mimi_encode_send
DEBUG: calling mimi_encode_receive
DEBUG: mimi_encode start, frame.size()=1920
DEBUG: mimi_encode: copying input data
DEBUG: mimi_encode: calling projected_transformer_graph_step
DEBUG: mimi_encode: calling scratch compute
DEBUG: mimi_encode: calling graph compute
DEBUG: mimi_encode: fetching codes
DEBUG: mimi_encode done
DEBUG: after mimi_encode_receive
DEBUG: calling moshi_lm_send2
DEBUG: after moshi_lm_send2
DEBUG: calling moshi_lm_receive
DEBUG: before forward_text_step
DEBUG: after forward_text_step
DEBUG: before scratch.compute()
DEBUG: after scratch.compute()
DEBUG: before graph.compute()
DEBUG: after graph.compute()
DEBUG: after moshi_lm_receive
TOKEN_GEN: frame=111 text=0 audio=1608,690,1879,618,818,256,769,1233,
DEBUG: calling mimi_encode_send
DEBUG: after mimi_encode_send
DEBUG: calling mimi_encode_receive
DEBUG: mimi_encode start, frame.size()=1920
DEBUG: mimi_encode: copying input data
DEBUG: mimi_encode: calling projected_transformer_graph_step
DEBUG: mimi_encode: calling scratch compute
DEBUG: mimi_encode: calling graph compute
DEBUG: mimi_encode: fetching codes
DEBUG: mimi_encode done
DEBUG: after mimi_encode_receive
DEBUG: calling moshi_lm_send2
DEBUG: after moshi_lm_send2
DEBUG: calling moshi_lm_receive
DEBUG: before forward_text_step
DEBUG: after forward_text_step
DEBUG: before scratch.compute()
DEBUG: after scratch.compute()
DEBUG: before graph.compute()
DEBUG: after graph.compute()
DEBUG: after moshi_lm_receive
TOKEN_GEN: frame=112 text=293 audio=1553,1356,540,1065,1430,508,840,16,
 IDEBUG: calling mimi_encode_send
DEBUG: after mimi_encode_send
DEBUG: calling mimi_encode_receive
DEBUG: mimi_encode start, frame.size()=1920
DEBUG: mimi_encode: copying input data
DEBUG: mimi_encode: calling projected_transformer_graph_step
DEBUG: mimi_encode: calling scratch compute
DEBUG: mimi_encode: calling graph compute
DEBUG: mimi_encode: fetching codes
DEBUG: mimi_encode done
DEBUG: after mimi_encode_receive
DEBUG: calling moshi_lm_send2
DEBUG: after moshi_lm_send2
DEBUG: calling moshi_lm_receive
DEBUG: before forward_text_step
DEBUG: after forward_text_step
DEBUG: before scratch.compute()
DEBUG: after scratch.compute()
DEBUG: before graph.compute()
DEBUG: after graph.compute()
DEBUG: after moshi_lm_receive
TOKEN_GEN: frame=113 text=310 audio=974,1983,1197,1860,922,632,463,698,
 haveDEBUG: calling mimi_encode_send
DEBUG: after mimi_encode_send
DEBUG: calling mimi_encode_receive
DEBUG: mimi_encode start, frame.size()=1920
DEBUG: mimi_encode: copying input data
DEBUG: mimi_encode: calling projected_transformer_graph_step
DEBUG: mimi_encode: calling scratch compute
DEBUG: mimi_encode: calling graph compute
DEBUG: mimi_encode: fetching codes
DEBUG: mimi_encode done
DEBUG: after mimi_encode_receive
DEBUG: calling moshi_lm_send2
DEBUG: after moshi_lm_send2
DEBUG: calling moshi_lm_receive
DEBUG: before forward_text_step
DEBUG: after forward_text_step
DEBUG: before scratch.compute()
DEBUG: after scratch.compute()
DEBUG: before graph.compute()
DEBUG: after graph.compute()
DEBUG: after moshi_lm_receive
TOKEN_GEN: frame=114 text=3 audio=1924,215,1497,1251,826,866,892,1102,
DEBUG: calling mimi_encode_send
DEBUG: after mimi_encode_send
DEBUG: calling mimi_encode_receive
DEBUG: mimi_encode start, frame.size()=1920
DEBUG: mimi_encode: copying input data
DEBUG: mimi_encode: calling projected_transformer_graph_step
DEBUG: mimi_encode: calling scratch compute
DEBUG: mimi_encode: calling graph compute
DEBUG: mimi_encode: fetching codes
DEBUG: mimi_encode done
DEBUG: after mimi_encode_receive
DEBUG: calling moshi_lm_send2
DEBUG: after moshi_lm_send2
DEBUG: calling moshi_lm_receive
DEBUG: before forward_text_step
DEBUG: after forward_text_step
DEBUG: before scratch.compute()
DEBUG: after scratch.compute()
DEBUG: before graph.compute()
DEBUG: after graph.compute()
DEBUG: after moshi_lm_receive
TOKEN_GEN: frame=115 text=0 audio=1335,1338,1076,338,1372,795,713,213,
DEBUG: calling mimi_encode_send
DEBUG: after mimi_encode_send
DEBUG: calling mimi_encode_receive
DEBUG: mimi_encode start, frame.size()=1920
DEBUG: mimi_encode: copying input data
DEBUG: mimi_encode: calling projected_transformer_graph_step
DEBUG: mimi_encode: calling scratch compute
DEBUG: mimi_encode: calling graph compute
DEBUG: mimi_encode: fetching codes
DEBUG: mimi_encode done
DEBUG: after mimi_encode_receive
DEBUG: calling moshi_lm_send2
DEBUG: after moshi_lm_send2
DEBUG: calling moshi_lm_receive
DEBUG: before forward_text_step
DEBUG: after forward_text_step
DEBUG: before scratch.compute()
DEBUG: after scratch.compute()
DEBUG: before graph.compute()
DEBUG: after graph.compute()
DEBUG: after moshi_lm_receive
TOKEN_GEN: frame=116 text=272 audio=1849,415,1244,538,179,408,1237,362,
 aDEBUG: calling mimi_encode_send
DEBUG: after mimi_encode_send
DEBUG: calling mimi_encode_receive
DEBUG: mimi_encode start, frame.size()=1920
DEBUG: mimi_encode: copying input data
DEBUG: mimi_encode: calling projected_transformer_graph_step
DEBUG: mimi_encode: calling scratch compute
DEBUG: mimi_encode: calling graph compute
DEBUG: mimi_encode: fetching codes
DEBUG: mimi_encode done
DEBUG: after mimi_encode_receive
DEBUG: calling moshi_lm_send2
DEBUG: after moshi_lm_send2
DEBUG: calling moshi_lm_receive
DEBUG: before forward_text_step
DEBUG: after forward_text_step
DEBUG: before scratch.compute()
DEBUG: after scratch.compute()
DEBUG: before graph.compute()
DEBUG: after graph.compute()
DEBUG: after moshi_lm_receive
TOKEN_GEN: frame=117 text=3909 audio=13,298,1894,1564,444,686,1068,1094,
 sisterDEBUG: calling mimi_encode_send
DEBUG: after mimi_encode_send
DEBUG: calling mimi_encode_receive
DEBUG: mimi_encode start, frame.size()=1920
DEBUG: mimi_encode: copying input data
DEBUG: mimi_encode: calling projected_transformer_graph_step
DEBUG: mimi_encode: calling scratch compute
DEBUG: mimi_encode: calling graph compute
DEBUG: mimi_encode: fetching codes
DEBUG: mimi_encode done
DEBUG: after mimi_encode_receive
DEBUG: calling moshi_lm_send2
DEBUG: after moshi_lm_send2
DEBUG: calling moshi_lm_receive
DEBUG: before forward_text_step
DEBUG: after forward_text_step
DEBUG: before scratch.compute()
DEBUG: after scratch.compute()
DEBUG: before graph.compute()
DEBUG: after graph.compute()
DEBUG: after moshi_lm_receive
TOKEN_GEN: frame=118 text=3 audio=1532,177,264,1120,1606,1715,652,1515,
DEBUG: calling mimi_encode_send
DEBUG: after mimi_encode_send
DEBUG: calling mimi_encode_receive
DEBUG: mimi_encode start, frame.size()=1920
DEBUG: mimi_encode: copying input data
DEBUG: mimi_encode: calling projected_transformer_graph_step
DEBUG: mimi_encode: calling scratch compute
DEBUG: mimi_encode: calling graph compute
DEBUG: mimi_encode: fetching codes
DEBUG: mimi_encode done
DEBUG: after mimi_encode_receive
DEBUG: calling moshi_lm_send2
DEBUG: after moshi_lm_send2
DEBUG: calling moshi_lm_receive
DEBUG: before forward_text_step
DEBUG: after forward_text_step
DEBUG: before scratch.compute()
DEBUG: after scratch.compute()
DEBUG: before graph.compute()
DEBUG: after graph.compute()
DEBUG: after moshi_lm_receive
TOKEN_GEN: frame=119 text=3 audio=1334,1774,848,1213,754,1797,1528,1152,
DEBUG: calling mimi_encode_send
DEBUG: after mimi_encode_send
DEBUG: calling mimi_encode_receive
DEBUG: mimi_encode start, frame.size()=1920
DEBUG: mimi_encode: copying input data
DEBUG: mimi_encode: calling projected_transformer_graph_step
DEBUG: mimi_encode: calling scratch compute
DEBUG: mimi_encode: calling graph compute
DEBUG: mimi_encode: fetching codes
DEBUG: mimi_encode done
DEBUG: after mimi_encode_receive
DEBUG: calling moshi_lm_send2
DEBUG: after moshi_lm_send2
DEBUG: calling moshi_lm_receive
DEBUG: before forward_text_step
DEBUG: after forward_text_step
DEBUG: before scratch.compute()
DEBUG: after scratch.compute()
DEBUG: before graph.compute()
DEBUG: after graph.compute()
DEBUG: after moshi_lm_receive
TOKEN_GEN: frame=120 text=3 audio=1985,1402,302,45,327,900,588,1147,
DEBUG: calling mimi_encode_send
DEBUG: after mimi_encode_send
DEBUG: calling mimi_encode_receive
DEBUG: mimi_encode start, frame.size()=1920
DEBUG: mimi_encode: copying input data
DEBUG: mimi_encode: calling projected_transformer_graph_step
DEBUG: mimi_encode: calling scratch compute
DEBUG: mimi_encode: calling graph compute
DEBUG: mimi_encode: fetching codes
DEBUG: mimi_encode done
DEBUG: after mimi_encode_receive
DEBUG: calling moshi_lm_send2
DEBUG: after moshi_lm_send2
DEBUG: calling moshi_lm_receive
DEBUG: before forward_text_step
DEBUG: after forward_text_step
DEBUG: before scratch.compute()
DEBUG: after scratch.compute()
DEBUG: before graph.compute()
DEBUG: after graph.compute()
DEBUG: after moshi_lm_receive
TOKEN_GEN: frame=121 text=0 audio=1615,514,778,840,1248,308,1334,274,
DEBUG: calling mimi_encode_send
DEBUG: after mimi_encode_send
DEBUG: calling mimi_encode_receive
DEBUG: mimi_encode start, frame.size()=1920
DEBUG: mimi_encode: copying input data
DEBUG: mimi_encode: calling projected_transformer_graph_step
DEBUG: mimi_encode: calling scratch compute
DEBUG: mimi_encode: calling graph compute
DEBUG: mimi_encode: fetching codes
DEBUG: mimi_encode done
DEBUG: after mimi_encode_receive
DEBUG: calling moshi_lm_send2
DEBUG: after moshi_lm_send2
DEBUG: calling moshi_lm_receive
DEBUG: before forward_text_step
DEBUG: after forward_text_step
DEBUG: before scratch.compute()
DEBUG: after scratch.compute()
DEBUG: before graph.compute()
DEBUG: after graph.compute()
DEBUG: after moshi_lm_receive
TOKEN_GEN: frame=122 text=381 audio=1124,189,155,777,64,570,1007,1411,
 whoDEBUG: calling mimi_encode_send
DEBUG: after mimi_encode_send
DEBUG: calling mimi_encode_receive
DEBUG: mimi_encode start, frame.size()=1920
DEBUG: mimi_encode: copying input data
DEBUG: mimi_encode: calling projected_transformer_graph_step
DEBUG: mimi_encode: calling scratch compute
DEBUG: mimi_encode: calling graph compute
DEBUG: mimi_encode: fetching codes
DEBUG: mimi_encode done
DEBUG: after mimi_encode_receive
DEBUG: calling moshi_lm_send2
DEBUG: after moshi_lm_send2
DEBUG: calling moshi_lm_receive
DEBUG: before forward_text_step
DEBUG: after forward_text_step
DEBUG: before scratch.compute()
DEBUG: after scratch.compute()
DEBUG: before graph.compute()
DEBUG: after graph.compute()
DEBUG: after moshi_lm_receive
TOKEN_GEN: frame=123 text=286 audio=442,1874,261,732,883,1076,239,1438,
'DEBUG: calling mimi_encode_send
DEBUG: after mimi_encode_send
DEBUG: calling mimi_encode_receive
DEBUG: mimi_encode start, frame.size()=1920
DEBUG: mimi_encode: copying input data
DEBUG: mimi_encode: calling projected_transformer_graph_step
DEBUG: mimi_encode: calling scratch compute
DEBUG: mimi_encode: calling graph compute
DEBUG: mimi_encode: fetching codes
DEBUG: mimi_encode done
DEBUG: after mimi_encode_receive
DEBUG: calling moshi_lm_send2
DEBUG: after moshi_lm_send2
DEBUG: calling moshi_lm_receive
DEBUG: before forward_text_step
DEBUG: after forward_text_step
DEBUG: before scratch.compute()
DEBUG: after scratch.compute()
DEBUG: before graph.compute()
DEBUG: after graph.compute()
DEBUG: after moshi_lm_receive
TOKEN_GEN: frame=124 text=266 audio=1394,962,542,2023,93,130,1077,371,
VRAM_FRAME: frame= 125  M1_driver_delta_MiB= 6424  M2_phys_alloc_MiB= 2895  outside_ggml_MiB= 3528

device memory delta: 6424 MiB
exact tensor VRAM allocation: 2895 MiB

TOKEN_HASH: 0xfaf040a6f08d124e frames=125 mode=serial


run frames: 125
run time: 25.569 s

frame rate:  4.888638 frames/s
