DEBUG: init_ggml starting, device=NULL
DEBUG: ggml_backend_load_all done
DEBUG: backend init done, backend=0x5e4b34c164f0
DEBUG: backend init done, backend=0x5e4b34c164f0
DEBUG: backend is not null
DEBUG: ggml_backend_get_device done, dev=0x5e4b34c14cd0
DEBUG: ggml_backend_dev_backend_reg done, reg=0x70dc4a7934c0
DEBUG: ggml_backend_reg_get_proc_address done, set_n_threads=(nil)
DEBUG: dev_type check
DEBUG: dev_type is not CPU, initializing CPU backend
DEBUG: backend_cpu init done, backend_cpu=0x5e4b344dca60
DEBUG: device_memory_free start
DEBUG: device_memory_free done, memory_free=53386215424
DEBUG: calling ggml_backend_dev_name
DEBUG: ggml_backend_dev_name returned pointer=0x5e4b34bc89f8
using device: "CUDA0"
DEBUG: init_ggml returned successfully, free memory: 50913 MiB
DEBUG: memory limits defined
DEBUG: memory check done, context=256
DEBUG: input file check done
DEBUG: model_path is abs or rel: ../../models/qat_heavy_int2_dir/
found model path: ../../models/qat_heavy_int2_dir/
DEBUG: config_filepath = ../../models/qat_heavy_int2_dir/personaplex-config.json
DEBUG: reading config from ../../models/qat_heavy_int2_dir/personaplex-config.json
DEBUG: config loaded successfully
DEBUG: checking moshi file: ../../models/qat_heavy_int2_dir/qat_heavy_int2.gguf
DEBUG: moshi file exists
DEBUG: checking mimi file: ../../models/qat_heavy_int2_dir/../moshi-common/mimi-e351c8d8-125.gguf
DEBUG: mimi file path verified: ../../models/qat_heavy_int2_dir/../moshi-common/mimi-e351c8d8-125.gguf
DEBUG: tokenizer file path verified: ../../models/qat_heavy_int2_dir/../moshi-common/tokenizer_spm_32k_3.model
DEBUG: seed set, seed=1783708826
DEBUG: calling moshi_alloc
DEBUG: moshi_alloc starting
DEBUG: dev_cpu=0x70dc78f7b060
DEBUG: dev_cpu type check passed
DEBUG: allocating scratch_cpu
DEBUG: allocating scratch
DEBUG: moshi_alloc ending
DEBUG: moshi_alloc returned=0x5e4b358af1d0
loading...
DEBUG: moshi_lm_from_files starting, filepath=../../models/qat_heavy_int2_dir/qat_heavy_int2.gguf
DEBUG: loading gguf weights
DEBUG: weights loaded successfully
DEBUG: calling moshi_lmmodel_alloc_default
DEBUG: moshi_lmmodel_alloc_default returned successfully
DEBUG: moshi_lm_from_files ending
DEBUG: calling moshi_lm_generator
DEBUG: moshi_lm_generator returned successfully
DEBUG: calling tokenizer_alloc
DEBUG: tokenizer_alloc returned successfully
DEBUG: calling mimi_alloc
DEBUG: get_tensor(upsample_convtr_convtr_convtr_bias) -> NULL (original requested name: mimi.upsample.convtr.convtr.convtr.bias)
DEBUG: get_tensor(decoder_transformer_transformer_layers_0_linear1_bias) -> NULL (original requested name: mimi.decoder_transformer.transformer.layers.0.linear1.bias)
DEBUG: get_tensor(decoder_transformer_transformer_layers_0_linear2_bias) -> NULL (original requested name: mimi.decoder_transformer.transformer.layers.0.linear2.bias)
DEBUG: get_tensor(decoder_transformer_transformer_layers_1_linear1_bias) -> NULL (original requested name: mimi.decoder_transformer.transformer.layers.1.linear1.bias)
DEBUG: get_tensor(decoder_transformer_transformer_layers_1_linear2_bias) -> NULL (original requested name: mimi.decoder_transformer.transformer.layers.1.linear2.bias)
DEBUG: get_tensor(decoder_transformer_transformer_layers_2_linear1_bias) -> NULL (original requested name: mimi.decoder_transformer.transformer.layers.2.linear1.bias)
DEBUG: get_tensor(decoder_transformer_transformer_layers_2_linear2_bias) -> NULL (original requested name: mimi.decoder_transformer.transformer.layers.2.linear2.bias)
DEBUG: get_tensor(decoder_transformer_transformer_layers_3_linear1_bias) -> NULL (original requested name: mimi.decoder_transformer.transformer.layers.3.linear1.bias)
DEBUG: get_tensor(decoder_transformer_transformer_layers_3_linear2_bias) -> NULL (original requested name: mimi.decoder_transformer.transformer.layers.3.linear2.bias)
DEBUG: get_tensor(decoder_transformer_transformer_layers_4_linear1_bias) -> NULL (original requested name: mimi.decoder_transformer.transformer.layers.4.linear1.bias)
DEBUG: get_tensor(decoder_transformer_transformer_layers_4_linear2_bias) -> NULL (original requested name: mimi.decoder_transformer.transformer.layers.4.linear2.bias)
DEBUG: get_tensor(decoder_transformer_transformer_layers_5_linear1_bias) -> NULL (original requested name: mimi.decoder_transformer.transformer.layers.5.linear1.bias)
DEBUG: get_tensor(decoder_transformer_transformer_layers_5_linear2_bias) -> NULL (original requested name: mimi.decoder_transformer.transformer.layers.5.linear2.bias)
DEBUG: get_tensor(decoder_transformer_transformer_layers_6_linear1_bias) -> NULL (original requested name: mimi.decoder_transformer.transformer.layers.6.linear1.bias)
DEBUG: get_tensor(decoder_transformer_transformer_layers_6_linear2_bias) -> NULL (original requested name: mimi.decoder_transformer.transformer.layers.6.linear2.bias)
DEBUG: get_tensor(decoder_transformer_transformer_layers_7_linear1_bias) -> NULL (original requested name: mimi.decoder_transformer.transformer.layers.7.linear1.bias)
DEBUG: get_tensor(decoder_transformer_transformer_layers_7_linear2_bias) -> NULL (original requested name: mimi.decoder_transformer.transformer.layers.7.linear2.bias)
DEBUG: get_tensor(downsample_conv_conv_conv_bias) -> NULL (original requested name: mimi.downsample.conv.conv.conv.bias)
DEBUG: get_tensor(encoder_transformer_transformer_layers_0_linear1_bias) -> NULL (original requested name: mimi.encoder_transformer.transformer.layers.0.linear1.bias)
DEBUG: get_tensor(encoder_transformer_transformer_layers_0_linear2_bias) -> NULL (original requested name: mimi.encoder_transformer.transformer.layers.0.linear2.bias)
DEBUG: get_tensor(encoder_transformer_transformer_layers_1_linear1_bias) -> NULL (original requested name: mimi.encoder_transformer.transformer.layers.1.linear1.bias)
DEBUG: get_tensor(encoder_transformer_transformer_layers_1_linear2_bias) -> NULL (original requested name: mimi.encoder_transformer.transformer.layers.1.linear2.bias)
DEBUG: get_tensor(encoder_transformer_transformer_layers_2_linear1_bias) -> NULL (original requested name: mimi.encoder_transformer.transformer.layers.2.linear1.bias)
DEBUG: get_tensor(encoder_transformer_transformer_layers_2_linear2_bias) -> NULL (original requested name: mimi.encoder_transformer.transformer.layers.2.linear2.bias)
DEBUG: get_tensor(encoder_transformer_transformer_layers_3_linear1_bias) -> NULL (original requested name: mimi.encoder_transformer.transformer.layers.3.linear1.bias)
DEBUG: get_tensor(encoder_transformer_transformer_layers_3_linear2_bias) -> NULL (original requested name: mimi.encoder_transformer.transformer.layers.3.linear2.bias)
DEBUG: get_tensor(encoder_transformer_transformer_layers_4_linear1_bias) -> NULL (original requested name: mimi.encoder_transformer.transformer.layers.4.linear1.bias)
DEBUG: get_tensor(encoder_transformer_transformer_layers_4_linear2_bias) -> NULL (original requested name: mimi.encoder_transformer.transformer.layers.4.linear2.bias)
DEBUG: get_tensor(encoder_transformer_transformer_layers_5_linear1_bias) -> NULL (original requested name: mimi.encoder_transformer.transformer.layers.5.linear1.bias)
DEBUG: get_tensor(encoder_transformer_transformer_layers_5_linear2_bias) -> NULL (original requested name: mimi.encoder_transformer.transformer.layers.5.linear2.bias)
DEBUG: get_tensor(encoder_transformer_transformer_layers_6_linear1_bias) -> NULL (original requested name: mimi.encoder_transformer.transformer.layers.6.linear1.bias)
DEBUG: get_tensor(encoder_transformer_transformer_layers_6_linear2_bias) -> NULL (original requested name: mimi.encoder_transformer.transformer.layers.6.linear2.bias)
DEBUG: get_tensor(encoder_transformer_transformer_layers_7_linear1_bias) -> NULL (original requested name: mimi.encoder_transformer.transformer.layers.7.linear1.bias)
DEBUG: get_tensor(encoder_transformer_transformer_layers_7_linear2_bias) -> NULL (original requested name: mimi.encoder_transformer.transformer.layers.7.linear2.bias)
DEBUG: mimi_alloc returned successfully
DEBUG: frame_rate=12.500000, frame_size=1920
DEBUG: calling moshi_lm_load
DEBUG: get_tensor(depformer_in_0_bias) -> NULL (original requested name: lm.depformer_in.0.bias)
DEBUG: get_tensor(depformer_in_1_bias) -> NULL (original requested name: lm.depformer_in.1.bias)
DEBUG: get_tensor(depformer_in_2_bias) -> NULL (original requested name: lm.depformer_in.2.bias)
DEBUG: get_tensor(depformer_in_3_bias) -> NULL (original requested name: lm.depformer_in.3.bias)
DEBUG: get_tensor(depformer_in_4_bias) -> NULL (original requested name: lm.depformer_in.4.bias)
DEBUG: get_tensor(depformer_in_5_bias) -> NULL (original requested name: lm.depformer_in.5.bias)
DEBUG: get_tensor(depformer_in_6_bias) -> NULL (original requested name: lm.depformer_in.6.bias)
DEBUG: get_tensor(depformer_in_7_bias) -> NULL (original requested name: lm.depformer_in.7.bias)
DEBUG: get_tensor(depformer_in_8_bias) -> NULL (original requested name: lm.depformer_in.8.bias)
DEBUG: get_tensor(depformer_in_9_bias) -> NULL (original requested name: lm.depformer_in.9.bias)
DEBUG: get_tensor(depformer_in_10_bias) -> NULL (original requested name: lm.depformer_in.10.bias)
DEBUG: get_tensor(depformer_in_11_bias) -> NULL (original requested name: lm.depformer_in.11.bias)
DEBUG: get_tensor(depformer_in_12_bias) -> NULL (original requested name: lm.depformer_in.12.bias)
DEBUG: get_tensor(depformer_in_13_bias) -> NULL (original requested name: lm.depformer_in.13.bias)
DEBUG: get_tensor(depformer_in_14_bias) -> NULL (original requested name: lm.depformer_in.14.bias)
DEBUG: get_tensor(depformer_in_15_bias) -> NULL (original requested name: lm.depformer_in.15.bias)
DEBUG: get_tensor(depformer_layers_0_gating_0_linear_in_bias) -> NULL (original requested name: lm.depformer.layers.0.gating.0.linear_in.bias)
DEBUG: get_tensor(depformer_layers_0_gating_0_linear_out_bias) -> NULL (original requested name: lm.depformer.layers.0.gating.0.linear_out.bias)
DEBUG: get_tensor(depformer_layers_0_gating_1_linear_in_bias) -> NULL (original requested name: lm.depformer.layers.0.gating.1.linear_in.bias)
DEBUG: get_tensor(depformer_layers_0_gating_1_linear_out_bias) -> NULL (original requested name: lm.depformer.layers.0.gating.1.linear_out.bias)
DEBUG: get_tensor(depformer_layers_0_gating_2_linear_in_bias) -> NULL (original requested name: lm.depformer.layers.0.gating.2.linear_in.bias)
DEBUG: get_tensor(depformer_layers_0_gating_2_linear_out_bias) -> NULL (original requested name: lm.depformer.layers.0.gating.2.linear_out.bias)
DEBUG: get_tensor(depformer_layers_0_gating_3_linear_in_bias) -> NULL (original requested name: lm.depformer.layers.0.gating.3.linear_in.bias)
DEBUG: get_tensor(depformer_layers_0_gating_3_linear_out_bias) -> NULL (original requested name: lm.depformer.layers.0.gating.3.linear_out.bias)
DEBUG: get_tensor(depformer_layers_0_gating_4_linear_in_bias) -> NULL (original requested name: lm.depformer.layers.0.gating.4.linear_in.bias)
DEBUG: get_tensor(depformer_layers_0_gating_4_linear_out_bias) -> NULL (original requested name: lm.depformer.layers.0.gating.4.linear_out.bias)
DEBUG: get_tensor(depformer_layers_0_gating_5_linear_in_bias) -> NULL (original requested name: lm.depformer.layers.0.gating.5.linear_in.bias)
DEBUG: get_tensor(depformer_layers_0_gating_5_linear_out_bias) -> NULL (original requested name: lm.depformer.layers.0.gating.5.linear_out.bias)
DEBUG: get_tensor(depformer_layers_0_gating_6_linear_in_bias) -> NULL (original requested name: lm.depformer.layers.0.gating.6.linear_in.bias)
DEBUG: get_tensor(depformer_layers_0_gating_6_linear_out_bias) -> NULL (original requested name: lm.depformer.layers.0.gating.6.linear_out.bias)
DEBUG: get_tensor(depformer_layers_0_gating_7_linear_in_bias) -> NULL (original requested name: lm.depformer.layers.0.gating.7.linear_in.bias)
DEBUG: get_tensor(depformer_layers_0_gating_7_linear_out_bias) -> NULL (original requested name: lm.depformer.layers.0.gating.7.linear_out.bias)
DEBUG: get_tensor(depformer_layers_0_gating_8_linear_in_bias) -> NULL (original requested name: lm.depformer.layers.0.gating.8.linear_in.bias)
DEBUG: get_tensor(depformer_layers_0_gating_8_linear_out_bias) -> NULL (original requested name: lm.depformer.layers.0.gating.8.linear_out.bias)
DEBUG: get_tensor(depformer_layers_0_gating_9_linear_in_bias) -> NULL (original requested name: lm.depformer.layers.0.gating.9.linear_in.bias)
DEBUG: get_tensor(depformer_layers_0_gating_9_linear_out_bias) -> NULL (original requested name: lm.depformer.layers.0.gating.9.linear_out.bias)
DEBUG: get_tensor(depformer_layers_0_gating_10_linear_in_bias) -> NULL (original requested name: lm.depformer.layers.0.gating.10.linear_in.bias)
DEBUG: get_tensor(depformer_layers_0_gating_10_linear_out_bias) -> NULL (original requested name: lm.depformer.layers.0.gating.10.linear_out.bias)
DEBUG: get_tensor(depformer_layers_0_gating_11_linear_in_bias) -> NULL (original requested name: lm.depformer.layers.0.gating.11.linear_in.bias)
DEBUG: get_tensor(depformer_layers_0_gating_11_linear_out_bias) -> NULL (original requested name: lm.depformer.layers.0.gating.11.linear_out.bias)
DEBUG: get_tensor(depformer_layers_0_gating_12_linear_in_bias) -> NULL (original requested name: lm.depformer.layers.0.gating.12.linear_in.bias)
DEBUG: get_tensor(depformer_layers_0_gating_12_linear_out_bias) -> NULL (original requested name: lm.depformer.layers.0.gating.12.linear_out.bias)
DEBUG: get_tensor(depformer_layers_0_gating_13_linear_in_bias) -> NULL (original requested name: lm.depformer.layers.0.gating.13.linear_in.bias)
DEBUG: get_tensor(depformer_layers_0_gating_13_linear_out_bias) -> NULL (original requested name: lm.depformer.layers.0.gating.13.linear_out.bias)
DEBUG: get_tensor(depformer_layers_0_gating_14_linear_in_bias) -> NULL (original requested name: lm.depformer.layers.0.gating.14.linear_in.bias)
DEBUG: get_tensor(depformer_layers_0_gating_14_linear_out_bias) -> NULL (original requested name: lm.depformer.layers.0.gating.14.linear_out.bias)
DEBUG: get_tensor(depformer_layers_0_gating_15_linear_in_bias) -> NULL (original requested name: lm.depformer.layers.0.gating.15.linear_in.bias)
DEBUG: get_tensor(depformer_layers_0_gating_15_linear_out_bias) -> NULL (original requested name: lm.depformer.layers.0.gating.15.linear_out.bias)
DEBUG: get_tensor(depformer_layers_1_gating_0_linear_in_bias) -> NULL (original requested name: lm.depformer.layers.1.gating.0.linear_in.bias)
DEBUG: get_tensor(depformer_layers_1_gating_0_linear_out_bias) -> NULL (original requested name: lm.depformer.layers.1.gating.0.linear_out.bias)
DEBUG: get_tensor(depformer_layers_1_gating_1_linear_in_bias) -> NULL (original requested name: lm.depformer.layers.1.gating.1.linear_in.bias)
DEBUG: get_tensor(depformer_layers_1_gating_1_linear_out_bias) -> NULL (original requested name: lm.depformer.layers.1.gating.1.linear_out.bias)
DEBUG: get_tensor(depformer_layers_1_gating_2_linear_in_bias) -> NULL (original requested name: lm.depformer.layers.1.gating.2.linear_in.bias)
DEBUG: get_tensor(depformer_layers_1_gating_2_linear_out_bias) -> NULL (original requested name: lm.depformer.layers.1.gating.2.linear_out.bias)
DEBUG: get_tensor(depformer_layers_1_gating_3_linear_in_bias) -> NULL (original requested name: lm.depformer.layers.1.gating.3.linear_in.bias)
DEBUG: get_tensor(depformer_layers_1_gating_3_linear_out_bias) -> NULL (original requested name: lm.depformer.layers.1.gating.3.linear_out.bias)
DEBUG: get_tensor(depformer_layers_1_gating_4_linear_in_bias) -> NULL (original requested name: lm.depformer.layers.1.gating.4.linear_in.bias)
DEBUG: get_tensor(depformer_layers_1_gating_4_linear_out_bias) -> NULL (original requested name: lm.depformer.layers.1.gating.4.linear_out.bias)
DEBUG: get_tensor(depformer_layers_1_gating_5_linear_in_bias) -> NULL (original requested name: lm.depformer.layers.1.gating.5.linear_in.bias)
DEBUG: get_tensor(depformer_layers_1_gating_5_linear_out_bias) -> NULL (original requested name: lm.depformer.layers.1.gating.5.linear_out.bias)
DEBUG: get_tensor(depformer_layers_1_gating_6_linear_in_bias) -> NULL (original requested name: lm.depformer.layers.1.gating.6.linear_in.bias)
DEBUG: get_tensor(depformer_layers_1_gating_6_linear_out_bias) -> NULL (original requested name: lm.depformer.layers.1.gating.6.linear_out.bias)
DEBUG: get_tensor(depformer_layers_1_gating_7_linear_in_bias) -> NULL (original requested name: lm.depformer.layers.1.gating.7.linear_in.bias)
DEBUG: get_tensor(depformer_layers_1_gating_7_linear_out_bias) -> NULL (original requested name: lm.depformer.layers.1.gating.7.linear_out.bias)
DEBUG: get_tensor(depformer_layers_1_gating_8_linear_in_bias) -> NULL (original requested name: lm.depformer.layers.1.gating.8.linear_in.bias)
DEBUG: get_tensor(depformer_layers_1_gating_8_linear_out_bias) -> NULL (original requested name: lm.depformer.layers.1.gating.8.linear_out.bias)
DEBUG: get_tensor(depformer_layers_1_gating_9_linear_in_bias) -> NULL (original requested name: lm.depformer.layers.1.gating.9.linear_in.bias)
DEBUG: get_tensor(depformer_layers_1_gating_9_linear_out_bias) -> NULL (original requested name: lm.depformer.layers.1.gating.9.linear_out.bias)
DEBUG: get_tensor(depformer_layers_1_gating_10_linear_in_bias) -> NULL (original requested name: lm.depformer.layers.1.gating.10.linear_in.bias)
DEBUG: get_tensor(depformer_layers_1_gating_10_linear_out_bias) -> NULL (original requested name: lm.depformer.layers.1.gating.10.linear_out.bias)
DEBUG: get_tensor(depformer_layers_1_gating_11_linear_in_bias) -> NULL (original requested name: lm.depformer.layers.1.gating.11.linear_in.bias)
DEBUG: get_tensor(depformer_layers_1_gating_11_linear_out_bias) -> NULL (original requested name: lm.depformer.layers.1.gating.11.linear_out.bias)
DEBUG: get_tensor(depformer_layers_1_gating_12_linear_in_bias) -> NULL (original requested name: lm.depformer.layers.1.gating.12.linear_in.bias)
DEBUG: get_tensor(depformer_layers_1_gating_12_linear_out_bias) -> NULL (original requested name: lm.depformer.layers.1.gating.12.linear_out.bias)
DEBUG: get_tensor(depformer_layers_1_gating_13_linear_in_bias) -> NULL (original requested name: lm.depformer.layers.1.gating.13.linear_in.bias)
DEBUG: get_tensor(depformer_layers_1_gating_13_linear_out_bias) -> NULL (original requested name: lm.depformer.layers.1.gating.13.linear_out.bias)
DEBUG: get_tensor(depformer_layers_1_gating_14_linear_in_bias) -> NULL (original requested name: lm.depformer.layers.1.gating.14.linear_in.bias)
DEBUG: get_tensor(depformer_layers_1_gating_14_linear_out_bias) -> NULL (original requested name: lm.depformer.layers.1.gating.14.linear_out.bias)
DEBUG: get_tensor(depformer_layers_1_gating_15_linear_in_bias) -> NULL (original requested name: lm.depformer.layers.1.gating.15.linear_in.bias)
DEBUG: get_tensor(depformer_layers_1_gating_15_linear_out_bias) -> NULL (original requested name: lm.depformer.layers.1.gating.15.linear_out.bias)
DEBUG: get_tensor(depformer_layers_2_gating_0_linear_in_bias) -> NULL (original requested name: lm.depformer.layers.2.gating.0.linear_in.bias)
DEBUG: get_tensor(depformer_layers_2_gating_0_linear_out_bias) -> NULL (original requested name: lm.depformer.layers.2.gating.0.linear_out.bias)
DEBUG: get_tensor(depformer_layers_2_gating_1_linear_in_bias) -> NULL (original requested name: lm.depformer.layers.2.gating.1.linear_in.bias)
DEBUG: get_tensor(depformer_layers_2_gating_1_linear_out_bias) -> NULL (original requested name: lm.depformer.layers.2.gating.1.linear_out.bias)
DEBUG: get_tensor(depformer_layers_2_gating_2_linear_in_bias) -> NULL (original requested name: lm.depformer.layers.2.gating.2.linear_in.bias)
DEBUG: get_tensor(depformer_layers_2_gating_2_linear_out_bias) -> NULL (original requested name: lm.depformer.layers.2.gating.2.linear_out.bias)
DEBUG: get_tensor(depformer_layers_2_gating_3_linear_in_bias) -> NULL (original requested name: lm.depformer.layers.2.gating.3.linear_in.bias)
DEBUG: get_tensor(depformer_layers_2_gating_3_linear_out_bias) -> NULL (original requested name: lm.depformer.layers.2.gating.3.linear_out.bias)
DEBUG: get_tensor(depformer_layers_2_gating_4_linear_in_bias) -> NULL (original requested name: lm.depformer.layers.2.gating.4.linear_in.bias)
DEBUG: get_tensor(depformer_layers_2_gating_4_linear_out_bias) -> NULL (original requested name: lm.depformer.layers.2.gating.4.linear_out.bias)
DEBUG: get_tensor(depformer_layers_2_gating_5_linear_in_bias) -> NULL (original requested name: lm.depformer.layers.2.gating.5.linear_in.bias)
DEBUG: get_tensor(depformer_layers_2_gating_5_linear_out_bias) -> NULL (original requested name: lm.depformer.layers.2.gating.5.linear_out.bias)
DEBUG: get_tensor(depformer_layers_2_gating_6_linear_in_bias) -> NULL (original requested name: lm.depformer.layers.2.gating.6.linear_in.bias)
DEBUG: get_tensor(depformer_layers_2_gating_6_linear_out_bias) -> NULL (original requested name: lm.depformer.layers.2.gating.6.linear_out.bias)
DEBUG: get_tensor(depformer_layers_2_gating_7_linear_in_bias) -> NULL (original requested name: lm.depformer.layers.2.gating.7.linear_in.bias)
DEBUG: get_tensor(depformer_layers_2_gating_7_linear_out_bias) -> NULL (original requested name: lm.depformer.layers.2.gating.7.linear_out.bias)
DEBUG: get_tensor(depformer_layers_2_gating_8_linear_in_bias) -> NULL (original requested name: lm.depformer.layers.2.gating.8.linear_in.bias)
DEBUG: get_tensor(depformer_layers_2_gating_8_linear_out_bias) -> NULL (original requested name: lm.depformer.layers.2.gating.8.linear_out.bias)
DEBUG: get_tensor(depformer_layers_2_gating_9_linear_in_bias) -> NULL (original requested name: lm.depformer.layers.2.gating.9.linear_in.bias)
DEBUG: get_tensor(depformer_layers_2_gating_9_linear_out_bias) -> NULL (original requested name: lm.depformer.layers.2.gating.9.linear_out.bias)
DEBUG: get_tensor(depformer_layers_2_gating_10_linear_in_bias) -> NULL (original requested name: lm.depformer.layers.2.gating.10.linear_in.bias)
DEBUG: get_tensor(depformer_layers_2_gating_10_linear_out_bias) -> NULL (original requested name: lm.depformer.layers.2.gating.10.linear_out.bias)
DEBUG: get_tensor(depformer_layers_2_gating_11_linear_in_bias) -> NULL (original requested name: lm.depformer.layers.2.gating.11.linear_in.bias)
DEBUG: get_tensor(depformer_layers_2_gating_11_linear_out_bias) -> NULL (original requested name: lm.depformer.layers.2.gating.11.linear_out.bias)
DEBUG: get_tensor(depformer_layers_2_gating_12_linear_in_bias) -> NULL (original requested name: lm.depformer.layers.2.gating.12.linear_in.bias)
DEBUG: get_tensor(depformer_layers_2_gating_12_linear_out_bias) -> NULL (original requested name: lm.depformer.layers.2.gating.12.linear_out.bias)
DEBUG: get_tensor(depformer_layers_2_gating_13_linear_in_bias) -> NULL (original requested name: lm.depformer.layers.2.gating.13.linear_in.bias)
DEBUG: get_tensor(depformer_layers_2_gating_13_linear_out_bias) -> NULL (original requested name: lm.depformer.layers.2.gating.13.linear_out.bias)
DEBUG: get_tensor(depformer_layers_2_gating_14_linear_in_bias) -> NULL (original requested name: lm.depformer.layers.2.gating.14.linear_in.bias)
DEBUG: get_tensor(depformer_layers_2_gating_14_linear_out_bias) -> NULL (original requested name: lm.depformer.layers.2.gating.14.linear_out.bias)
DEBUG: get_tensor(depformer_layers_2_gating_15_linear_in_bias) -> NULL (original requested name: lm.depformer.layers.2.gating.15.linear_in.bias)
DEBUG: get_tensor(depformer_layers_2_gating_15_linear_out_bias) -> NULL (original requested name: lm.depformer.layers.2.gating.15.linear_out.bias)
DEBUG: get_tensor(depformer_layers_3_gating_0_linear_in_bias) -> NULL (original requested name: lm.depformer.layers.3.gating.0.linear_in.bias)
DEBUG: get_tensor(depformer_layers_3_gating_0_linear_out_bias) -> NULL (original requested name: lm.depformer.layers.3.gating.0.linear_out.bias)
DEBUG: get_tensor(depformer_layers_3_gating_1_linear_in_bias) -> NULL (original requested name: lm.depformer.layers.3.gating.1.linear_in.bias)
DEBUG: get_tensor(depformer_layers_3_gating_1_linear_out_bias) -> NULL (original requested name: lm.depformer.layers.3.gating.1.linear_out.bias)
DEBUG: get_tensor(depformer_layers_3_gating_2_linear_in_bias) -> NULL (original requested name: lm.depformer.layers.3.gating.2.linear_in.bias)
DEBUG: get_tensor(depformer_layers_3_gating_2_linear_out_bias) -> NULL (original requested name: lm.depformer.layers.3.gating.2.linear_out.bias)
DEBUG: get_tensor(depformer_layers_3_gating_3_linear_in_bias) -> NULL (original requested name: lm.depformer.layers.3.gating.3.linear_in.bias)
DEBUG: get_tensor(depformer_layers_3_gating_3_linear_out_bias) -> NULL (original requested name: lm.depformer.layers.3.gating.3.linear_out.bias)
DEBUG: get_tensor(depformer_layers_3_gating_4_linear_in_bias) -> NULL (original requested name: lm.depformer.layers.3.gating.4.linear_in.bias)
DEBUG: get_tensor(depformer_layers_3_gating_4_linear_out_bias) -> NULL (original requested name: lm.depformer.layers.3.gating.4.linear_out.bias)
DEBUG: get_tensor(depformer_layers_3_gating_5_linear_in_bias) -> NULL (original requested name: lm.depformer.layers.3.gating.5.linear_in.bias)
DEBUG: get_tensor(depformer_layers_3_gating_5_linear_out_bias) -> NULL (original requested name: lm.depformer.layers.3.gating.5.linear_out.bias)
DEBUG: get_tensor(depformer_layers_3_gating_6_linear_in_bias) -> NULL (original requested name: lm.depformer.layers.3.gating.6.linear_in.bias)
DEBUG: get_tensor(depformer_layers_3_gating_6_linear_out_bias) -> NULL (original requested name: lm.depformer.layers.3.gating.6.linear_out.bias)
DEBUG: get_tensor(depformer_layers_3_gating_7_linear_in_bias) -> NULL (original requested name: lm.depformer.layers.3.gating.7.linear_in.bias)
DEBUG: get_tensor(depformer_layers_3_gating_7_linear_out_bias) -> NULL (original requested name: lm.depformer.layers.3.gating.7.linear_out.bias)
DEBUG: get_tensor(depformer_layers_3_gating_8_linear_in_bias) -> NULL (original requested name: lm.depformer.layers.3.gating.8.linear_in.bias)
DEBUG: get_tensor(depformer_layers_3_gating_8_linear_out_bias) -> NULL (original requested name: lm.depformer.layers.3.gating.8.linear_out.bias)
DEBUG: get_tensor(depformer_layers_3_gating_9_linear_in_bias) -> NULL (original requested name: lm.depformer.layers.3.gating.9.linear_in.bias)
DEBUG: get_tensor(depformer_layers_3_gating_9_linear_out_bias) -> NULL (original requested name: lm.depformer.layers.3.gating.9.linear_out.bias)
DEBUG: get_tensor(depformer_layers_3_gating_10_linear_in_bias) -> NULL (original requested name: lm.depformer.layers.3.gating.10.linear_in.bias)
DEBUG: get_tensor(depformer_layers_3_gating_10_linear_out_bias) -> NULL (original requested name: lm.depformer.layers.3.gating.10.linear_out.bias)
DEBUG: get_tensor(depformer_layers_3_gating_11_linear_in_bias) -> NULL (original requested name: lm.depformer.layers.3.gating.11.linear_in.bias)
DEBUG: get_tensor(depformer_layers_3_gating_11_linear_out_bias) -> NULL (original requested name: lm.depformer.layers.3.gating.11.linear_out.bias)
DEBUG: get_tensor(depformer_layers_3_gating_12_linear_in_bias) -> NULL (original requested name: lm.depformer.layers.3.gating.12.linear_in.bias)
DEBUG: get_tensor(depformer_layers_3_gating_12_linear_out_bias) -> NULL (original requested name: lm.depformer.layers.3.gating.12.linear_out.bias)
DEBUG: get_tensor(depformer_layers_3_gating_13_linear_in_bias) -> NULL (original requested name: lm.depformer.layers.3.gating.13.linear_in.bias)
DEBUG: get_tensor(depformer_layers_3_gating_13_linear_out_bias) -> NULL (original requested name: lm.depformer.layers.3.gating.13.linear_out.bias)
DEBUG: get_tensor(depformer_layers_3_gating_14_linear_in_bias) -> NULL (original requested name: lm.depformer.layers.3.gating.14.linear_in.bias)
DEBUG: get_tensor(depformer_layers_3_gating_14_linear_out_bias) -> NULL (original requested name: lm.depformer.layers.3.gating.14.linear_out.bias)
DEBUG: get_tensor(depformer_layers_3_gating_15_linear_in_bias) -> NULL (original requested name: lm.depformer.layers.3.gating.15.linear_in.bias)
DEBUG: get_tensor(depformer_layers_3_gating_15_linear_out_bias) -> NULL (original requested name: lm.depformer.layers.3.gating.15.linear_out.bias)
DEBUG: get_tensor(depformer_layers_4_gating_0_linear_in_bias) -> NULL (original requested name: lm.depformer.layers.4.gating.0.linear_in.bias)
DEBUG: get_tensor(depformer_layers_4_gating_0_linear_out_bias) -> NULL (original requested name: lm.depformer.layers.4.gating.0.linear_out.bias)
DEBUG: get_tensor(depformer_layers_4_gating_1_linear_in_bias) -> NULL (original requested name: lm.depformer.layers.4.gating.1.linear_in.bias)
DEBUG: get_tensor(depformer_layers_4_gating_1_linear_out_bias) -> NULL (original requested name: lm.depformer.layers.4.gating.1.linear_out.bias)
DEBUG: get_tensor(depformer_layers_4_gating_2_linear_in_bias) -> NULL (original requested name: lm.depformer.layers.4.gating.2.linear_in.bias)
DEBUG: get_tensor(depformer_layers_4_gating_2_linear_out_bias) -> NULL (original requested name: lm.depformer.layers.4.gating.2.linear_out.bias)
DEBUG: get_tensor(depformer_layers_4_gating_3_linear_in_bias) -> NULL (original requested name: lm.depformer.layers.4.gating.3.linear_in.bias)
DEBUG: get_tensor(depformer_layers_4_gating_3_linear_out_bias) -> NULL (original requested name: lm.depformer.layers.4.gating.3.linear_out.bias)
DEBUG: get_tensor(depformer_layers_4_gating_4_linear_in_bias) -> NULL (original requested name: lm.depformer.layers.4.gating.4.linear_in.bias)
DEBUG: get_tensor(depformer_layers_4_gating_4_linear_out_bias) -> NULL (original requested name: lm.depformer.layers.4.gating.4.linear_out.bias)
DEBUG: get_tensor(depformer_layers_4_gating_5_linear_in_bias) -> NULL (original requested name: lm.depformer.layers.4.gating.5.linear_in.bias)
DEBUG: get_tensor(depformer_layers_4_gating_5_linear_out_bias) -> NULL (original requested name: lm.depformer.layers.4.gating.5.linear_out.bias)
DEBUG: get_tensor(depformer_layers_4_gating_6_linear_in_bias) -> NULL (original requested name: lm.depformer.layers.4.gating.6.linear_in.bias)
DEBUG: get_tensor(depformer_layers_4_gating_6_linear_out_bias) -> NULL (original requested name: lm.depformer.layers.4.gating.6.linear_out.bias)
DEBUG: get_tensor(depformer_layers_4_gating_7_linear_in_bias) -> NULL (original requested name: lm.depformer.layers.4.gating.7.linear_in.bias)
DEBUG: get_tensor(depformer_layers_4_gating_7_linear_out_bias) -> NULL (original requested name: lm.depformer.layers.4.gating.7.linear_out.bias)
DEBUG: get_tensor(depformer_layers_4_gating_8_linear_in_bias) -> NULL (original requested name: lm.depformer.layers.4.gating.8.linear_in.bias)
DEBUG: get_tensor(depformer_layers_4_gating_8_linear_out_bias) -> NULL (original requested name: lm.depformer.layers.4.gating.8.linear_out.bias)
DEBUG: get_tensor(depformer_layers_4_gating_9_linear_in_bias) -> NULL (original requested name: lm.depformer.layers.4.gating.9.linear_in.bias)
DEBUG: get_tensor(depformer_layers_4_gating_9_linear_out_bias) -> NULL (original requested name: lm.depformer.layers.4.gating.9.linear_out.bias)
DEBUG: get_tensor(depformer_layers_4_gating_10_linear_in_bias) -> NULL (original requested name: lm.depformer.layers.4.gating.10.linear_in.bias)
DEBUG: get_tensor(depformer_layers_4_gating_10_linear_out_bias) -> NULL (original requested name: lm.depformer.layers.4.gating.10.linear_out.bias)
DEBUG: get_tensor(depformer_layers_4_gating_11_linear_in_bias) -> NULL (original requested name: lm.depformer.layers.4.gating.11.linear_in.bias)
DEBUG: get_tensor(depformer_layers_4_gating_11_linear_out_bias) -> NULL (original requested name: lm.depformer.layers.4.gating.11.linear_out.bias)
DEBUG: get_tensor(depformer_layers_4_gating_12_linear_in_bias) -> NULL (original requested name: lm.depformer.layers.4.gating.12.linear_in.bias)
DEBUG: get_tensor(depformer_layers_4_gating_12_linear_out_bias) -> NULL (original requested name: lm.depformer.layers.4.gating.12.linear_out.bias)
DEBUG: get_tensor(depformer_layers_4_gating_13_linear_in_bias) -> NULL (original requested name: lm.depformer.layers.4.gating.13.linear_in.bias)
DEBUG: get_tensor(depformer_layers_4_gating_13_linear_out_bias) -> NULL (original requested name: lm.depformer.layers.4.gating.13.linear_out.bias)
DEBUG: get_tensor(depformer_layers_4_gating_14_linear_in_bias) -> NULL (original requested name: lm.depformer.layers.4.gating.14.linear_in.bias)
DEBUG: get_tensor(depformer_layers_4_gating_14_linear_out_bias) -> NULL (original requested name: lm.depformer.layers.4.gating.14.linear_out.bias)
DEBUG: get_tensor(depformer_layers_4_gating_15_linear_in_bias) -> NULL (original requested name: lm.depformer.layers.4.gating.15.linear_in.bias)
DEBUG: get_tensor(depformer_layers_4_gating_15_linear_out_bias) -> NULL (original requested name: lm.depformer.layers.4.gating.15.linear_out.bias)
DEBUG: get_tensor(depformer_layers_5_gating_0_linear_in_bias) -> NULL (original requested name: lm.depformer.layers.5.gating.0.linear_in.bias)
DEBUG: get_tensor(depformer_layers_5_gating_0_linear_out_bias) -> NULL (original requested name: lm.depformer.layers.5.gating.0.linear_out.bias)
DEBUG: get_tensor(depformer_layers_5_gating_1_linear_in_bias) -> NULL (original requested name: lm.depformer.layers.5.gating.1.linear_in.bias)
DEBUG: get_tensor(depformer_layers_5_gating_1_linear_out_bias) -> NULL (original requested name: lm.depformer.layers.5.gating.1.linear_out.bias)
DEBUG: get_tensor(depformer_layers_5_gating_2_linear_in_bias) -> NULL (original requested name: lm.depformer.layers.5.gating.2.linear_in.bias)
DEBUG: get_tensor(depformer_layers_5_gating_2_linear_out_bias) -> NULL (original requested name: lm.depformer.layers.5.gating.2.linear_out.bias)
DEBUG: get_tensor(depformer_layers_5_gating_3_linear_in_bias) -> NULL (original requested name: lm.depformer.layers.5.gating.3.linear_in.bias)
DEBUG: get_tensor(depformer_layers_5_gating_3_linear_out_bias) -> NULL (original requested name: lm.depformer.layers.5.gating.3.linear_out.bias)
DEBUG: get_tensor(depformer_layers_5_gating_4_linear_in_bias) -> NULL (original requested name: lm.depformer.layers.5.gating.4.linear_in.bias)
DEBUG: get_tensor(depformer_layers_5_gating_4_linear_out_bias) -> NULL (original requested name: lm.depformer.layers.5.gating.4.linear_out.bias)
DEBUG: get_tensor(depformer_layers_5_gating_5_linear_in_bias) -> NULL (original requested name: lm.depformer.layers.5.gating.5.linear_in.bias)
DEBUG: get_tensor(depformer_layers_5_gating_5_linear_out_bias) -> NULL (original requested name: lm.depformer.layers.5.gating.5.linear_out.bias)
DEBUG: get_tensor(depformer_layers_5_gating_6_linear_in_bias) -> NULL (original requested name: lm.depformer.layers.5.gating.6.linear_in.bias)
DEBUG: get_tensor(depformer_layers_5_gating_6_linear_out_bias) -> NULL (original requested name: lm.depformer.layers.5.gating.6.linear_out.bias)
DEBUG: get_tensor(depformer_layers_5_gating_7_linear_in_bias) -> NULL (original requested name: lm.depformer.layers.5.gating.7.linear_in.bias)
DEBUG: get_tensor(depformer_layers_5_gating_7_linear_out_bias) -> NULL (original requested name: lm.depformer.layers.5.gating.7.linear_out.bias)
DEBUG: get_tensor(depformer_layers_5_gating_8_linear_in_bias) -> NULL (original requested name: lm.depformer.layers.5.gating.8.linear_in.bias)
DEBUG: get_tensor(depformer_layers_5_gating_8_linear_out_bias) -> NULL (original requested name: lm.depformer.layers.5.gating.8.linear_out.bias)
DEBUG: get_tensor(depformer_layers_5_gating_9_linear_in_bias) -> NULL (original requested name: lm.depformer.layers.5.gating.9.linear_in.bias)
DEBUG: get_tensor(depformer_layers_5_gating_9_linear_out_bias) -> NULL (original requested name: lm.depformer.layers.5.gating.9.linear_out.bias)
DEBUG: get_tensor(depformer_layers_5_gating_10_linear_in_bias) -> NULL (original requested name: lm.depformer.layers.5.gating.10.linear_in.bias)
DEBUG: get_tensor(depformer_layers_5_gating_10_linear_out_bias) -> NULL (original requested name: lm.depformer.layers.5.gating.10.linear_out.bias)
DEBUG: get_tensor(depformer_layers_5_gating_11_linear_in_bias) -> NULL (original requested name: lm.depformer.layers.5.gating.11.linear_in.bias)
DEBUG: get_tensor(depformer_layers_5_gating_11_linear_out_bias) -> NULL (original requested name: lm.depformer.layers.5.gating.11.linear_out.bias)
DEBUG: get_tensor(depformer_layers_5_gating_12_linear_in_bias) -> NULL (original requested name: lm.depformer.layers.5.gating.12.linear_in.bias)
DEBUG: get_tensor(depformer_layers_5_gating_12_linear_out_bias) -> NULL (original requested name: lm.depformer.layers.5.gating.12.linear_out.bias)
DEBUG: get_tensor(depformer_layers_5_gating_13_linear_in_bias) -> NULL (original requested name: lm.depformer.layers.5.gating.13.linear_in.bias)
DEBUG: get_tensor(depformer_layers_5_gating_13_linear_out_bias) -> NULL (original requested name: lm.depformer.layers.5.gating.13.linear_out.bias)
DEBUG: get_tensor(depformer_layers_5_gating_14_linear_in_bias) -> NULL (original requested name: lm.depformer.layers.5.gating.14.linear_in.bias)
DEBUG: get_tensor(depformer_layers_5_gating_14_linear_out_bias) -> NULL (original requested name: lm.depformer.layers.5.gating.14.linear_out.bias)
DEBUG: get_tensor(depformer_layers_5_gating_15_linear_in_bias) -> NULL (original requested name: lm.depformer.layers.5.gating.15.linear_in.bias)
DEBUG: get_tensor(depformer_layers_5_gating_15_linear_out_bias) -> NULL (original requested name: lm.depformer.layers.5.gating.15.linear_out.bias)
DEBUG: get_tensor(linears_0_bias) -> NULL (original requested name: lm.linears.0.bias)
DEBUG: get_tensor(linears_1_bias) -> NULL (original requested name: lm.linears.1.bias)
DEBUG: get_tensor(linears_2_bias) -> NULL (original requested name: lm.linears.2.bias)
DEBUG: get_tensor(linears_3_bias) -> NULL (original requested name: lm.linears.3.bias)
DEBUG: get_tensor(linears_4_bias) -> NULL (original requested name: lm.linears.4.bias)
DEBUG: get_tensor(linears_5_bias) -> NULL (original requested name: lm.linears.5.bias)
DEBUG: get_tensor(linears_6_bias) -> NULL (original requested name: lm.linears.6.bias)
DEBUG: get_tensor(linears_7_bias) -> NULL (original requested name: lm.linears.7.bias)
DEBUG: get_tensor(linears_8_bias) -> NULL (original requested name: lm.linears.8.bias)
DEBUG: get_tensor(linears_9_bias) -> NULL (original requested name: lm.linears.9.bias)
DEBUG: get_tensor(linears_10_bias) -> NULL (original requested name: lm.linears.10.bias)
DEBUG: get_tensor(linears_11_bias) -> NULL (original requested name: lm.linears.11.bias)
DEBUG: get_tensor(linears_12_bias) -> NULL (original requested name: lm.linears.12.bias)
DEBUG: get_tensor(linears_13_bias) -> NULL (original requested name: lm.linears.13.bias)
DEBUG: get_tensor(linears_14_bias) -> NULL (original requested name: lm.linears.14.bias)
DEBUG: get_tensor(linears_15_bias) -> NULL (original requested name: lm.linears.15.bias)
DEBUG: get_tensor(transformer_layers_0_gating_linear_in_bias) -> NULL (original requested name: lm.transformer.layers.0.gating.linear_in.bias)
DEBUG: get_tensor(transformer_layers_0_gating_linear_out_bias) -> NULL (original requested name: lm.transformer.layers.0.gating.linear_out.bias)
DEBUG: get_tensor(transformer_layers_1_gating_linear_in_bias) -> NULL (original requested name: lm.transformer.layers.1.gating.linear_in.bias)
DEBUG: get_tensor(transformer_layers_1_gating_linear_out_bias) -> NULL (original requested name: lm.transformer.layers.1.gating.linear_out.bias)
DEBUG: get_tensor(transformer_layers_2_gating_linear_in_bias) -> NULL (original requested name: lm.transformer.layers.2.gating.linear_in.bias)
DEBUG: get_tensor(transformer_layers_2_gating_linear_out_bias) -> NULL (original requested name: lm.transformer.layers.2.gating.linear_out.bias)
DEBUG: get_tensor(transformer_layers_3_gating_linear_in_bias) -> NULL (original requested name: lm.transformer.layers.3.gating.linear_in.bias)
DEBUG: get_tensor(transformer_layers_3_gating_linear_out_bias) -> NULL (original requested name: lm.transformer.layers.3.gating.linear_out.bias)
DEBUG: get_tensor(transformer_layers_4_gating_linear_in_bias) -> NULL (original requested name: lm.transformer.layers.4.gating.linear_in.bias)
DEBUG: get_tensor(transformer_layers_4_gating_linear_out_bias) -> NULL (original requested name: lm.transformer.layers.4.gating.linear_out.bias)
DEBUG: get_tensor(transformer_layers_5_gating_linear_in_bias) -> NULL (original requested name: lm.transformer.layers.5.gating.linear_in.bias)
DEBUG: get_tensor(transformer_layers_5_gating_linear_out_bias) -> NULL (original requested name: lm.transformer.layers.5.gating.linear_out.bias)
DEBUG: get_tensor(transformer_layers_6_gating_linear_in_bias) -> NULL (original requested name: lm.transformer.layers.6.gating.linear_in.bias)
DEBUG: get_tensor(transformer_layers_6_gating_linear_out_bias) -> NULL (original requested name: lm.transformer.layers.6.gating.linear_out.bias)
DEBUG: get_tensor(transformer_layers_7_gating_linear_in_bias) -> NULL (original requested name: lm.transformer.layers.7.gating.linear_in.bias)
DEBUG: get_tensor(transformer_layers_7_gating_linear_out_bias) -> NULL (original requested name: lm.transformer.layers.7.gating.linear_out.bias)
DEBUG: get_tensor(transformer_layers_8_gating_linear_in_bias) -> NULL (original requested name: lm.transformer.layers.8.gating.linear_in.bias)
DEBUG: get_tensor(transformer_layers_8_gating_linear_out_bias) -> NULL (original requested name: lm.transformer.layers.8.gating.linear_out.bias)
DEBUG: get_tensor(transformer_layers_9_gating_linear_in_bias) -> NULL (original requested name: lm.transformer.layers.9.gating.linear_in.bias)
DEBUG: get_tensor(transformer_layers_9_gating_linear_out_bias) -> NULL (original requested name: lm.transformer.layers.9.gating.linear_out.bias)
DEBUG: get_tensor(transformer_layers_10_gating_linear_in_bias) -> NULL (original requested name: lm.transformer.layers.10.gating.linear_in.bias)
DEBUG: get_tensor(transformer_layers_10_gating_linear_out_bias) -> NULL (original requested name: lm.transformer.layers.10.gating.linear_out.bias)
DEBUG: get_tensor(transformer_layers_11_gating_linear_in_bias) -> NULL (original requested name: lm.transformer.layers.11.gating.linear_in.bias)
DEBUG: get_tensor(transformer_layers_11_gating_linear_out_bias) -> NULL (original requested name: lm.transformer.layers.11.gating.linear_out.bias)
DEBUG: get_tensor(transformer_layers_12_gating_linear_in_bias) -> NULL (original requested name: lm.transformer.layers.12.gating.linear_in.bias)
DEBUG: get_tensor(transformer_layers_12_gating_linear_out_bias) -> NULL (original requested name: lm.transformer.layers.12.gating.linear_out.bias)
DEBUG: get_tensor(transformer_layers_13_gating_linear_in_bias) -> NULL (original requested name: lm.transformer.layers.13.gating.linear_in.bias)
DEBUG: get_tensor(transformer_layers_13_gating_linear_out_bias) -> NULL (original requested name: lm.transformer.layers.13.gating.linear_out.bias)
DEBUG: get_tensor(transformer_layers_14_gating_linear_in_bias) -> NULL (original requested name: lm.transformer.layers.14.gating.linear_in.bias)
DEBUG: get_tensor(transformer_layers_14_gating_linear_out_bias) -> NULL (original requested name: lm.transformer.layers.14.gating.linear_out.bias)
DEBUG: get_tensor(transformer_layers_15_gating_linear_in_bias) -> NULL (original requested name: lm.transformer.layers.15.gating.linear_in.bias)
DEBUG: get_tensor(transformer_layers_15_gating_linear_out_bias) -> NULL (original requested name: lm.transformer.layers.15.gating.linear_out.bias)
DEBUG: get_tensor(transformer_layers_16_gating_linear_in_bias) -> NULL (original requested name: lm.transformer.layers.16.gating.linear_in.bias)
DEBUG: get_tensor(transformer_layers_16_gating_linear_out_bias) -> NULL (original requested name: lm.transformer.layers.16.gating.linear_out.bias)
DEBUG: get_tensor(transformer_layers_17_gating_linear_in_bias) -> NULL (original requested name: lm.transformer.layers.17.gating.linear_in.bias)
DEBUG: get_tensor(transformer_layers_17_gating_linear_out_bias) -> NULL (original requested name: lm.transformer.layers.17.gating.linear_out.bias)
DEBUG: get_tensor(transformer_layers_18_gating_linear_in_bias) -> NULL (original requested name: lm.transformer.layers.18.gating.linear_in.bias)
DEBUG: get_tensor(transformer_layers_18_gating_linear_out_bias) -> NULL (original requested name: lm.transformer.layers.18.gating.linear_out.bias)
DEBUG: get_tensor(transformer_layers_19_gating_linear_in_bias) -> NULL (original requested name: lm.transformer.layers.19.gating.linear_in.bias)
DEBUG: get_tensor(transformer_layers_19_gating_linear_out_bias) -> NULL (original requested name: lm.transformer.layers.19.gating.linear_out.bias)
DEBUG: get_tensor(transformer_layers_20_gating_linear_in_bias) -> NULL (original requested name: lm.transformer.layers.20.gating.linear_in.bias)
DEBUG: get_tensor(transformer_layers_20_gating_linear_out_bias) -> NULL (original requested name: lm.transformer.layers.20.gating.linear_out.bias)
DEBUG: get_tensor(transformer_layers_21_gating_linear_in_bias) -> NULL (original requested name: lm.transformer.layers.21.gating.linear_in.bias)
DEBUG: get_tensor(transformer_layers_21_gating_linear_out_bias) -> NULL (original requested name: lm.transformer.layers.21.gating.linear_out.bias)
DEBUG: get_tensor(transformer_layers_22_gating_linear_in_bias) -> NULL (original requested name: lm.transformer.layers.22.gating.linear_in.bias)
DEBUG: get_tensor(transformer_layers_22_gating_linear_out_bias) -> NULL (original requested name: lm.transformer.layers.22.gating.linear_out.bias)
DEBUG: get_tensor(transformer_layers_23_gating_linear_in_bias) -> NULL (original requested name: lm.transformer.layers.23.gating.linear_in.bias)
DEBUG: get_tensor(transformer_layers_23_gating_linear_out_bias) -> NULL (original requested name: lm.transformer.layers.23.gating.linear_out.bias)
DEBUG: get_tensor(transformer_layers_24_gating_linear_in_bias) -> NULL (original requested name: lm.transformer.layers.24.gating.linear_in.bias)
DEBUG: get_tensor(transformer_layers_24_gating_linear_out_bias) -> NULL (original requested name: lm.transformer.layers.24.gating.linear_out.bias)
DEBUG: get_tensor(transformer_layers_25_gating_linear_in_bias) -> NULL (original requested name: lm.transformer.layers.25.gating.linear_in.bias)
DEBUG: get_tensor(transformer_layers_25_gating_linear_out_bias) -> NULL (original requested name: lm.transformer.layers.25.gating.linear_out.bias)
DEBUG: get_tensor(transformer_layers_26_gating_linear_in_bias) -> NULL (original requested name: lm.transformer.layers.26.gating.linear_in.bias)
DEBUG: get_tensor(transformer_layers_26_gating_linear_out_bias) -> NULL (original requested name: lm.transformer.layers.26.gating.linear_out.bias)
DEBUG: get_tensor(transformer_layers_27_gating_linear_in_bias) -> NULL (original requested name: lm.transformer.layers.27.gating.linear_in.bias)
DEBUG: get_tensor(transformer_layers_27_gating_linear_out_bias) -> NULL (original requested name: lm.transformer.layers.27.gating.linear_out.bias)
DEBUG: get_tensor(transformer_layers_28_gating_linear_in_bias) -> NULL (original requested name: lm.transformer.layers.28.gating.linear_in.bias)
DEBUG: get_tensor(transformer_layers_28_gating_linear_out_bias) -> NULL (original requested name: lm.transformer.layers.28.gating.linear_out.bias)
DEBUG: get_tensor(transformer_layers_29_gating_linear_in_bias) -> NULL (original requested name: lm.transformer.layers.29.gating.linear_in.bias)
DEBUG: get_tensor(transformer_layers_29_gating_linear_out_bias) -> NULL (original requested name: lm.transformer.layers.29.gating.linear_out.bias)
DEBUG: get_tensor(transformer_layers_30_gating_linear_in_bias) -> NULL (original requested name: lm.transformer.layers.30.gating.linear_in.bias)
DEBUG: get_tensor(transformer_layers_30_gating_linear_out_bias) -> NULL (original requested name: lm.transformer.layers.30.gating.linear_out.bias)
DEBUG: get_tensor(transformer_layers_31_gating_linear_in_bias) -> NULL (original requested name: lm.transformer.layers.31.gating.linear_in.bias)
DEBUG: get_tensor(transformer_layers_31_gating_linear_out_bias) -> NULL (original requested name: lm.transformer.layers.31.gating.linear_out.bias)
DEBUG: get_tensor(text_linear_bias) -> NULL (original requested name: lm.text_linear.bias)
DEBUG: moshi_lm_load returned successfully
DEBUG: calling mimi_encode_alloc_context
DEBUG: mimi_encode_alloc_context returned successfully
DEBUG: calling mimi_decode_alloc_context
DEBUG: mimi_decode_alloc_context returned successfully
done loading. 133.018005
VRAM_M1_driver_delta_MiB: 5836  (pre_load_free=50913 MiB minus post_load_free=45077 MiB)
VRAM_M2_phys_alloc_MiB:  2857  (ggml_backend_buffer_get_size sum)
DEBUG: mimi_encode start, frame.size()=1920
DEBUG: mimi_encode: building graph
DEBUG: mimi_encode: calling seanet_encoder
DEBUG: moshi_seanet_encoder states=0x5e4b35bcc6f0 encoder=0x5e4b36059140 x=0x70d823fff060
DEBUG: states->model_0=0x5e4b35bab4d0
DEBUG: encoder->model_0=0x5e4b360591a0
DEBUG: moshi_streaming_conv_1d prev=0x5e4b35bab4d0 conv=0x5e4b360591a0 x=0x70d823fff060
DEBUG: conv weights=0x5e4b36037f00 bias=0x5e4b36038070 kernel_size=7 stride=1 in_channels=1
DEBUG: moshi_streaming_conv_1d prev=0x5e4b35bab640 conv=0x5e4b360591f0 x=0x70d824050890
DEBUG: conv weights=0x5e4b360381e0 bias=0x5e4b36038350 kernel_size=3 stride=1 in_channels=64
DEBUG: moshi_streaming_conv_1d prev=0x5e4b35bab7b0 conv=0x5e4b36059250 x=0x70d824052270
DEBUG: conv weights=0x5e4b360387a0 bias=0x5e4b36038910 kernel_size=8 stride=4 in_channels=64
DEBUG: moshi_streaming_conv_1d prev=0x5e4b35bab920 conv=0x5e4b360592a0 x=0x70d8240530d0
DEBUG: conv weights=0x5e4b36038a80 bias=0x5e4b36038bf0 kernel_size=3 stride=1 in_channels=128
DEBUG: moshi_streaming_conv_1d prev=0x5e4b35baba90 conv=0x5e4b36059300 x=0x70d824054ab0
DEBUG: conv weights=0x5e4b36039040 bias=0x5e4b360391b0 kernel_size=10 stride=5 in_channels=128
DEBUG: moshi_streaming_conv_1d prev=0x5e4b35babc00 conv=0x5e4b36059350 x=0x70d824055910
DEBUG: conv weights=0x5e4b36039320 bias=0x5e4b36039490 kernel_size=3 stride=1 in_channels=256
DEBUG: moshi_streaming_conv_1d prev=0x5e4b35babd70 conv=0x5e4b360593b0 x=0x70d8240572f0
DEBUG: conv weights=0x5e4b360398e0 bias=0x5e4b36039a50 kernel_size=12 stride=6 in_channels=256
DEBUG: moshi_streaming_conv_1d prev=0x5e4b35babee0 conv=0x5e4b36059400 x=0x70d824058150
DEBUG: conv weights=0x5e4b36039bc0 bias=0x5e4b36039d30 kernel_size=3 stride=1 in_channels=512
DEBUG: moshi_streaming_conv_1d prev=0x5e4b35bac050 conv=0x5e4b36059460 x=0x70d824059b30
DEBUG: conv weights=0x5e4b3603a180 bias=0x5e4b3603a2f0 kernel_size=16 stride=8 in_channels=512
DEBUG: moshi_streaming_conv_1d prev=0x5e4b35bac1c0 conv=0x5e4b36059490 x=0x70d82405a990
DEBUG: conv weights=0x5e4b3603a460 bias=0x5e4b3603a5d0 kernel_size=3 stride=1 in_channels=1024
DEBUG: mimi_encode: calling projected_transformer_graph_build
DEBUG: moshi_streaming_transformer building layer 0 (second loop)
DEBUG:   - norm1
DEBUG:   - self_attn
DEBUG: torch_nn_linear: linear=0x5e4b36059640, x=0x70d82405c930
DEBUG:   - weight=0x5e4b36030ee0 (0bd20000, type=0), bias=(nil) (NULL)
DEBUG:   - ggml_mul_mat returned y=0x70d82405caa0
DEBUG: torch_nn_linear: linear=0x5e4b36059680, x=0x70d824061840
DEBUG:   - weight=0x5e4b36031050 (5ded0000, type=0), bias=(nil) (NULL)
DEBUG:   - ggml_mul_mat returned y=0x70d8240619b0
DEBUG:   - layer_scale_1
DEBUG:   - norm2
DEBUG:   - gating/ff
DEBUG: torch_nn_linear: linear=0x5e4b36059700, x=0x70d8240620e0
DEBUG:   - weight=0x5e4b36031610 (mimi.encoder_transformer.transformer.layers.0.linear1.weight, type=0), bias=(nil) (NULL)
DEBUG:   - ggml_mul_mat returned y=0x70d824062250
DEBUG: torch_nn_linear: linear=0x5e4b36059720, x=0x70d8240623c0
DEBUG:   - weight=0x5e4b36031780 (mimi.encoder_transformer.transformer.layers.0.linear2.weight, type=0), bias=(nil) (NULL)
DEBUG:   - ggml_mul_mat returned y=0x70d824062530
DEBUG:   - layer_scale_2
DEBUG:   - layer done
DEBUG: moshi_streaming_transformer building layer 1 (second loop)
DEBUG:   - norm1
DEBUG:   - self_attn
DEBUG: torch_nn_linear: linear=0x5e4b36059880, x=0x70d824062c60
DEBUG:   - weight=0x5e4b36031d40 (42a10000, type=0), bias=(nil) (NULL)
DEBUG:   - ggml_mul_mat returned y=0x70d824062dd0
DEBUG: torch_nn_linear: linear=0x5e4b360598c0, x=0x70d824067b70
DEBUG:   - weight=0x5e4b36031eb0 (dee10000, type=0), bias=(nil) (NULL)
DEBUG:   - ggml_mul_mat returned y=0x70d824067ce0
DEBUG:   - layer_scale_1
DEBUG:   - norm2
DEBUG:   - gating/ff
DEBUG: torch_nn_linear: linear=0x5e4b36059940, x=0x70d824068410
DEBUG:   - weight=0x5e4b36032470 (mimi.encoder_transformer.transformer.layers.1.linear1.weight, type=0), bias=(nil) (NULL)
DEBUG:   - ggml_mul_mat returned y=0x70d824068580
DEBUG: torch_nn_linear: linear=0x5e4b36059960, x=0x70d8240686f0
DEBUG:   - weight=0x5e4b360325e0 (mimi.encoder_transformer.transformer.layers.1.linear2.weight, type=0), bias=(nil) (NULL)
DEBUG:   - ggml_mul_mat returned y=0x70d824068860
DEBUG:   - layer_scale_2
DEBUG:   - layer done
DEBUG: moshi_streaming_transformer building layer 2 (second loop)
DEBUG:   - norm1
DEBUG:   - self_attn
DEBUG: torch_nn_linear: linear=0x5e4b36059ac0, x=0x70d824068f90
DEBUG:   - weight=0x5e4b36032ba0 (89240000, type=0), bias=(nil) (NULL)
DEBUG:   - ggml_mul_mat returned y=0x70d824069100
DEBUG: torch_nn_linear: linear=0x5e4b36059b00, x=0x70d82406dea0
DEBUG:   - weight=0x5e4b36032d10 (5bf50000, type=0), bias=(nil) (NULL)
DEBUG:   - ggml_mul_mat returned y=0x70d82406e010
DEBUG:   - layer_scale_1
DEBUG:   - norm2
DEBUG:   - gating/ff
DEBUG: torch_nn_linear: linear=0x5e4b36059b80, x=0x70d82406e740
DEBUG:   - weight=0x5e4b360332d0 (mimi.encoder_transformer.transformer.layers.2.linear1.weight, type=0), bias=(nil) (NULL)
DEBUG:   - ggml_mul_mat returned y=0x70d82406e8b0
DEBUG: torch_nn_linear: linear=0x5e4b36059ba0, x=0x70d82406ea20
DEBUG:   - weight=0x5e4b36033440 (mimi.encoder_transformer.transformer.layers.2.linear2.weight, type=0), bias=(nil) (NULL)
DEBUG:   - ggml_mul_mat returned y=0x70d82406eb90
DEBUG:   - layer_scale_2
DEBUG:   - layer done
DEBUG: moshi_streaming_transformer building layer 3 (second loop)
DEBUG:   - norm1
DEBUG:   - self_attn
DEBUG: torch_nn_linear: linear=0x5e4b36059d00, x=0x70d82406f2c0
DEBUG:   - weight=0x5e4b36033a00 (c0570000, type=0), bias=(nil) (NULL)
DEBUG:   - ggml_mul_mat returned y=0x70d82406f430
DEBUG: torch_nn_linear: linear=0x5e4b36059d40, x=0x70d8240741d0
DEBUG:   - weight=0x5e4b36033b70 (d8f90000, type=0), bias=(nil) (NULL)
DEBUG:   - ggml_mul_mat returned y=0x70d824074340
DEBUG:   - layer_scale_1
DEBUG:   - norm2
DEBUG:   - gating/ff
DEBUG: torch_nn_linear: linear=0x5e4b36059dc0, x=0x70d824074a70
DEBUG:   - weight=0x5e4b36034130 (mimi.encoder_transformer.transformer.layers.3.linear1.weight, type=0), bias=(nil) (NULL)
DEBUG:   - ggml_mul_mat returned y=0x70d824074be0
DEBUG: torch_nn_linear: linear=0x5e4b36059de0, x=0x70d824074d50
DEBUG:   - weight=0x5e4b360342a0 (mimi.encoder_transformer.transformer.layers.3.linear2.weight, type=0), bias=(nil) (NULL)
DEBUG:   - ggml_mul_mat returned y=0x70d824074ec0
DEBUG:   - layer_scale_2
DEBUG:   - layer done
DEBUG: moshi_streaming_transformer building layer 4 (second loop)
DEBUG:   - norm1
DEBUG:   - self_attn
DEBUG: torch_nn_linear: linear=0x5e4b36059f40, x=0x70d8240755f0
DEBUG:   - weight=0x5e4b36034860 (19350000, type=0), bias=(nil) (NULL)
DEBUG:   - ggml_mul_mat returned y=0x70d824075760
DEBUG: torch_nn_linear: linear=0x5e4b36059f80, x=0x70d82407a500
DEBUG:   - weight=0x5e4b360349d0 (51dc0000, type=0), bias=(nil) (NULL)
DEBUG:   - ggml_mul_mat returned y=0x70d82407a670
DEBUG:   - layer_scale_1
DEBUG:   - norm2
DEBUG:   - gating/ff
DEBUG: torch_nn_linear: linear=0x5e4b3605a000, x=0x70d82407ada0
DEBUG:   - weight=0x5e4b36034f90 (mimi.encoder_transformer.transformer.layers.4.linear1.weight, type=0), bias=(nil) (NULL)
DEBUG:   - ggml_mul_mat returned y=0x70d82407af10
DEBUG: torch_nn_linear: linear=0x5e4b3605a020, x=0x70d82407b080
DEBUG:   - weight=0x5e4b36035100 (mimi.encoder_transformer.transformer.layers.4.linear2.weight, type=0), bias=(nil) (NULL)
DEBUG:   - ggml_mul_mat returned y=0x70d82407b1f0
DEBUG:   - layer_scale_2
DEBUG:   - layer done
DEBUG: moshi_streaming_transformer building layer 5 (second loop)
DEBUG:   - norm1
DEBUG:   - self_attn
DEBUG: torch_nn_linear: linear=0x5e4b3605a180, x=0x70d82407b920
DEBUG:   - weight=0x5e4b360356c0 (50460000, type=0), bias=(nil) (NULL)
DEBUG:   - ggml_mul_mat returned y=0x70d82407ba90
DEBUG: torch_nn_linear: linear=0x5e4b3605a1c0, x=0x70d824080830
DEBUG:   - weight=0x5e4b36035830 (d2d00000, type=0), bias=(nil) (NULL)
DEBUG:   - ggml_mul_mat returned y=0x70d8240809a0
DEBUG:   - layer_scale_1
DEBUG:   - norm2
DEBUG:   - gating/ff
DEBUG: torch_nn_linear: linear=0x5e4b3605a240, x=0x70d8240810d0
DEBUG:   - weight=0x5e4b36035df0 (mimi.encoder_transformer.transformer.layers.5.linear1.weight, type=0), bias=(nil) (NULL)
DEBUG:   - ggml_mul_mat returned y=0x70d824081240
DEBUG: torch_nn_linear: linear=0x5e4b3605a260, x=0x70d8240813b0
DEBUG:   - weight=0x5e4b36035f60 (mimi.encoder_transformer.transformer.layers.5.linear2.weight, type=0), bias=(nil) (NULL)
DEBUG:   - ggml_mul_mat returned y=0x70d824081520
DEBUG:   - layer_scale_2
DEBUG:   - layer done
DEBUG: moshi_streaming_transformer building layer 6 (second loop)
DEBUG:   - norm1
DEBUG:   - self_attn
DEBUG: torch_nn_linear: linear=0x5e4b3605a3c0, x=0x70d824081c50
DEBUG:   - weight=0x5e4b36036520 (9bc30000, type=0), bias=(nil) (NULL)
DEBUG:   - ggml_mul_mat returned y=0x70d824081dc0
DEBUG: torch_nn_linear: linear=0x5e4b3605a400, x=0x70d824086b60
DEBUG:   - weight=0x5e4b36036690 (57c40000, type=0), bias=(nil) (NULL)
DEBUG:   - ggml_mul_mat returned y=0x70d824086cd0
DEBUG:   - layer_scale_1
DEBUG:   - norm2
DEBUG:   - gating/ff
DEBUG: torch_nn_linear: linear=0x5e4b3605a480, x=0x70d824087400
DEBUG:   - weight=0x5e4b36036c50 (mimi.encoder_transformer.transformer.layers.6.linear1.weight, type=0), bias=(nil) (NULL)
DEBUG:   - ggml_mul_mat returned y=0x70d824087570
DEBUG: torch_nn_linear: linear=0x5e4b3605a4a0, x=0x70d8240876e0
DEBUG:   - weight=0x5e4b36036dc0 (mimi.encoder_transformer.transformer.layers.6.linear2.weight, type=0), bias=(nil) (NULL)
DEBUG:   - ggml_mul_mat returned y=0x70d824087850
DEBUG:   - layer_scale_2
DEBUG:   - layer done
DEBUG: moshi_streaming_transformer building layer 7 (second loop)
DEBUG:   - norm1
DEBUG:   - self_attn
DEBUG: torch_nn_linear: linear=0x5e4b3605a600, x=0x70d824087f80
DEBUG:   - weight=0x5e4b36037380 (d2b00000, type=0), bias=(nil) (NULL)
DEBUG:   - ggml_mul_mat returned y=0x70d8240880f0
DEBUG: torch_nn_linear: linear=0x5e4b3605a640, x=0x70d82408ce90
DEBUG:   - weight=0x5e4b360374f0 (d4c80000, type=0), bias=(nil) (NULL)
DEBUG:   - ggml_mul_mat returned y=0x70d82408d000
DEBUG:   - layer_scale_1
DEBUG:   - norm2
DEBUG:   - gating/ff
DEBUG: torch_nn_linear: linear=0x5e4b3605a6c0, x=0x70d82408d730
DEBUG:   - weight=0x5e4b36037ab0 (mimi.encoder_transformer.transformer.layers.7.linear1.weight, type=0), bias=(nil) (NULL)
DEBUG:   - ggml_mul_mat returned y=0x70d82408d8a0
DEBUG: torch_nn_linear: linear=0x5e4b3605a6e0, x=0x70d82408da10
DEBUG:   - weight=0x5e4b36037c20 (mimi.encoder_transformer.transformer.layers.7.linear2.weight, type=0), bias=(nil) (NULL)
DEBUG:   - ggml_mul_mat returned y=0x70d82408db80
DEBUG:   - layer_scale_2
DEBUG:   - layer done
DEBUG: mimi_encode: calling mimi_to_framerate
DEBUG: moshi_streaming_conv_1d prev=0x5e4b35ba9c60 conv=0x5e4b3605a720 x=0x70d82408dfd0
DEBUG: conv weights=0x5e4b36030a90 bias=(nil) kernel_size=4 stride=2 in_channels=512
DEBUG: mimi_encode: calling quantizer_encode
DEBUG: mimi_encode: building forward expand
DEBUG: mimi_encode: allocating graph
DEBUG: mimi_encode: copying input data
DEBUG: mimi_encode: calling projected_transformer_graph_step
DEBUG: mimi_encode: calling scratch compute
DEBUG: mimi_encode: calling graph compute
DEBUG: mimi_encode: fetching codes
DEBUG: mimi_encode done
DEBUG: mimi_encode start, frame.size()=1920
DEBUG: mimi_encode: copying input data
DEBUG: mimi_encode: calling projected_transformer_graph_step
DEBUG: mimi_encode: calling scratch compute
DEBUG: mimi_encode: calling graph compute
DEBUG: mimi_encode: fetching codes
DEBUG: mimi_encode done
DEBUG: mimi_encode start, frame.size()=1920
DEBUG: mimi_encode: copying input data
DEBUG: mimi_encode: calling projected_transformer_graph_step
DEBUG: mimi_encode: calling scratch compute
DEBUG: mimi_encode: calling graph compute
DEBUG: mimi_encode: fetching codes
DEBUG: mimi_encode done
DEBUG: mimi_encode start, frame.size()=1920
DEBUG: mimi_encode: copying input data
DEBUG: mimi_encode: calling projected_transformer_graph_step
DEBUG: mimi_encode: calling scratch compute
DEBUG: mimi_encode: calling graph compute
DEBUG: mimi_encode: fetching codes
DEBUG: mimi_encode done
DEBUG: mimi_encode start, frame.size()=1920
DEBUG: mimi_encode: copying input data
DEBUG: mimi_encode: calling projected_transformer_graph_step
DEBUG: mimi_encode: calling scratch compute
DEBUG: mimi_encode: calling graph compute
DEBUG: mimi_encode: fetching codes
DEBUG: mimi_encode done
DEBUG: mimi_encode start, frame.size()=1920
DEBUG: mimi_encode: copying input data
DEBUG: mimi_encode: calling projected_transformer_graph_step
DEBUG: mimi_encode: calling scratch compute
DEBUG: mimi_encode: calling graph compute
DEBUG: mimi_encode: fetching codes
DEBUG: mimi_encode done
DEBUG: mimi_encode start, frame.size()=1920
DEBUG: mimi_encode: copying input data
DEBUG: mimi_encode: calling projected_transformer_graph_step
DEBUG: mimi_encode: calling scratch compute
DEBUG: mimi_encode: calling graph compute
DEBUG: mimi_encode: fetching codes
DEBUG: mimi_encode done
DEBUG: mimi_encode start, frame.size()=1920
DEBUG: mimi_encode: copying input data
DEBUG: mimi_encode: calling projected_transformer_graph_step
DEBUG: mimi_encode: calling scratch compute
DEBUG: mimi_encode: calling graph compute
DEBUG: mimi_encode: fetching codes
DEBUG: mimi_encode done
DEBUG: mimi_encode start, frame.size()=1920
DEBUG: mimi_encode: copying input data
DEBUG: mimi_encode: calling projected_transformer_graph_step
DEBUG: mimi_encode: calling scratch compute
DEBUG: mimi_encode: calling graph compute
DEBUG: mimi_encode: fetching codes
DEBUG: mimi_encode done
DEBUG: mimi_encode start, frame.size()=1920
DEBUG: mimi_encode: copying input data
DEBUG: mimi_encode: calling projected_transformer_graph_step
DEBUG: mimi_encode: calling scratch compute
DEBUG: mimi_encode: calling graph compute
DEBUG: mimi_encode: fetching codes
DEBUG: mimi_encode done
DEBUG: mimi_encode start, frame.size()=1920
DEBUG: mimi_encode: copying input data
DEBUG: mimi_encode: calling projected_transformer_graph_step
DEBUG: mimi_encode: calling scratch compute
DEBUG: mimi_encode: calling graph compute
DEBUG: mimi_encode: fetching codes
DEBUG: mimi_encode done
DEBUG: mimi_encode start, frame.size()=1920
DEBUG: mimi_encode: copying input data
DEBUG: mimi_encode: calling projected_transformer_graph_step
DEBUG: mimi_encode: calling scratch compute
DEBUG: mimi_encode: calling graph compute
DEBUG: mimi_encode: fetching codes
DEBUG: mimi_encode done
DEBUG: mimi_encode start, frame.size()=1920
DEBUG: mimi_encode: copying input data
DEBUG: mimi_encode: calling projected_transformer_graph_step
DEBUG: mimi_encode: calling scratch compute
DEBUG: mimi_encode: calling graph compute
DEBUG: mimi_encode: fetching codes
DEBUG: mimi_encode done
DEBUG: mimi_encode start, frame.size()=1920
DEBUG: mimi_encode: copying input data
DEBUG: mimi_encode: calling projected_transformer_graph_step
DEBUG: mimi_encode: calling scratch compute
DEBUG: mimi_encode: calling graph compute
DEBUG: mimi_encode: fetching codes
DEBUG: mimi_encode done
DEBUG: mimi_encode start, frame.size()=1920
DEBUG: mimi_encode: copying input data
DEBUG: mimi_encode: calling projected_transformer_graph_step
DEBUG: mimi_encode: calling scratch compute
DEBUG: mimi_encode: calling graph compute
DEBUG: mimi_encode: fetching codes
DEBUG: mimi_encode done
DEBUG: mimi_encode start, frame.size()=1920
DEBUG: mimi_encode: copying input data
DEBUG: mimi_encode: calling projected_transformer_graph_step
DEBUG: mimi_encode: calling scratch compute
DEBUG: mimi_encode: calling graph compute
DEBUG: mimi_encode: fetching codes
DEBUG: mimi_encode done
DEBUG: mimi_encode start, frame.size()=1920
DEBUG: mimi_encode: copying input data
DEBUG: mimi_encode: calling projected_transformer_graph_step
DEBUG: mimi_encode: calling scratch compute
DEBUG: mimi_encode: calling graph compute
DEBUG: mimi_encode: fetching codes
DEBUG: mimi_encode done
DEBUG: mimi_encode start, frame.size()=1920
DEBUG: mimi_encode: copying input data
DEBUG: mimi_encode: calling projected_transformer_graph_step
DEBUG: mimi_encode: calling scratch compute
DEBUG: mimi_encode: calling graph compute
DEBUG: mimi_encode: fetching codes
DEBUG: mimi_encode done
DEBUG: mimi_encode start, frame.size()=1920
DEBUG: mimi_encode: copying input data
DEBUG: mimi_encode: calling projected_transformer_graph_step
DEBUG: mimi_encode: calling scratch compute
DEBUG: mimi_encode: calling graph compute
DEBUG: mimi_encode: fetching codes
DEBUG: mimi_encode done
DEBUG: mimi_encode start, frame.size()=1920
DEBUG: mimi_encode: copying input data
DEBUG: mimi_encode: calling projected_transformer_graph_step
DEBUG: mimi_encode: calling scratch compute
DEBUG: mimi_encode: calling graph compute
DEBUG: mimi_encode: fetching codes
DEBUG: mimi_encode done
DEBUG: mimi_encode start, frame.size()=1920
DEBUG: mimi_encode: copying input data
DEBUG: mimi_encode: calling projected_transformer_graph_step
DEBUG: mimi_encode: calling scratch compute
DEBUG: mimi_encode: calling graph compute
DEBUG: mimi_encode: fetching codes
DEBUG: mimi_encode done
DEBUG: mimi_encode start, frame.size()=1920
DEBUG: mimi_encode: copying input data
DEBUG: mimi_encode: calling projected_transformer_graph_step
DEBUG: mimi_encode: calling scratch compute
DEBUG: mimi_encode: calling graph compute
DEBUG: mimi_encode: fetching codes
DEBUG: mimi_encode done
DEBUG: mimi_encode start, frame.size()=1920
DEBUG: mimi_encode: copying input data
DEBUG: mimi_encode: calling projected_transformer_graph_step
DEBUG: mimi_encode: calling scratch compute
DEBUG: mimi_encode: calling graph compute
DEBUG: mimi_encode: fetching codes
DEBUG: mimi_encode done
DEBUG: mimi_encode start, frame.size()=1920
DEBUG: mimi_encode: copying input data
DEBUG: mimi_encode: calling projected_transformer_graph_step
DEBUG: mimi_encode: calling scratch compute
DEBUG: mimi_encode: calling graph compute
DEBUG: mimi_encode: fetching codes
DEBUG: mimi_encode done
DEBUG: mimi_encode start, frame.size()=1920
DEBUG: mimi_encode: copying input data
DEBUG: mimi_encode: calling projected_transformer_graph_step
DEBUG: mimi_encode: calling scratch compute
DEBUG: mimi_encode: calling graph compute
DEBUG: mimi_encode: fetching codes
DEBUG: mimi_encode done
DEBUG: mimi_encode start, frame.size()=1920
DEBUG: mimi_encode: copying input data
DEBUG: mimi_encode: calling projected_transformer_graph_step
DEBUG: mimi_encode: calling scratch compute
DEBUG: mimi_encode: calling graph compute
DEBUG: mimi_encode: fetching codes
DEBUG: mimi_encode done
DEBUG: mimi_encode start, frame.size()=1920
DEBUG: mimi_encode: copying input data
DEBUG: mimi_encode: calling projected_transformer_graph_step
DEBUG: mimi_encode: calling scratch compute
DEBUG: mimi_encode: calling graph compute
DEBUG: mimi_encode: fetching codes
DEBUG: mimi_encode done
DEBUG: mimi_encode start, frame.size()=1920
DEBUG: mimi_encode: copying input data
DEBUG: mimi_encode: calling projected_transformer_graph_step
DEBUG: mimi_encode: calling scratch compute
DEBUG: mimi_encode: calling graph compute
DEBUG: mimi_encode: fetching codes
DEBUG: mimi_encode done
DEBUG: mimi_encode start, frame.size()=1920
DEBUG: mimi_encode: copying input data
DEBUG: mimi_encode: calling projected_transformer_graph_step
DEBUG: mimi_encode: calling scratch compute
DEBUG: mimi_encode: calling graph compute
DEBUG: mimi_encode: fetching codes
DEBUG: mimi_encode done
DEBUG: mimi_encode start, frame.size()=1920
DEBUG: mimi_encode: copying input data
DEBUG: mimi_encode: calling projected_transformer_graph_step
DEBUG: mimi_encode: calling scratch compute
DEBUG: mimi_encode: calling graph compute
DEBUG: mimi_encode: fetching codes
DEBUG: mimi_encode done
DEBUG: mimi_encode start, frame.size()=1920
DEBUG: mimi_encode: copying input data
DEBUG: mimi_encode: calling projected_transformer_graph_step
DEBUG: mimi_encode: calling scratch compute
DEBUG: mimi_encode: calling graph compute
DEBUG: mimi_encode: fetching codes
DEBUG: mimi_encode done
DEBUG: mimi_encode start, frame.size()=1920
DEBUG: mimi_encode: copying input data
DEBUG: mimi_encode: calling projected_transformer_graph_step
DEBUG: mimi_encode: calling scratch compute
DEBUG: mimi_encode: calling graph compute
DEBUG: mimi_encode: fetching codes
DEBUG: mimi_encode done
DEBUG: mimi_encode start, frame.size()=1920
DEBUG: mimi_encode: copying input data
DEBUG: mimi_encode: calling projected_transformer_graph_step
DEBUG: mimi_encode: calling scratch compute
DEBUG: mimi_encode: calling graph compute
DEBUG: mimi_encode: fetching codes
DEBUG: mimi_encode done
DEBUG: mimi_encode start, frame.size()=1920
DEBUG: mimi_encode: copying input data
DEBUG: mimi_encode: calling projected_transformer_graph_step
DEBUG: mimi_encode: calling scratch compute
DEBUG: mimi_encode: calling graph compute
DEBUG: mimi_encode: fetching codes
DEBUG: mimi_encode done
DEBUG: mimi_encode start, frame.size()=1920
DEBUG: mimi_encode: copying input data
DEBUG: mimi_encode: calling projected_transformer_graph_step
DEBUG: mimi_encode: calling scratch compute
DEBUG: mimi_encode: calling graph compute
DEBUG: mimi_encode: fetching codes
DEBUG: mimi_encode done
DEBUG: mimi_encode start, frame.size()=1920
DEBUG: mimi_encode: copying input data
DEBUG: mimi_encode: calling projected_transformer_graph_step
DEBUG: mimi_encode: calling scratch compute
DEBUG: mimi_encode: calling graph compute
DEBUG: mimi_encode: fetching codes
DEBUG: mimi_encode done
DEBUG: mimi_encode start, frame.size()=1920
DEBUG: mimi_encode: copying input data
DEBUG: mimi_encode: calling projected_transformer_graph_step
DEBUG: mimi_encode: calling scratch compute
DEBUG: mimi_encode: calling graph compute
DEBUG: mimi_encode: fetching codes
DEBUG: mimi_encode done
DEBUG: mimi_encode start, frame.size()=1920
DEBUG: mimi_encode: copying input data
DEBUG: mimi_encode: calling projected_transformer_graph_step
DEBUG: mimi_encode: calling scratch compute
DEBUG: mimi_encode: calling graph compute
DEBUG: mimi_encode: fetching codes
DEBUG: mimi_encode done
DEBUG: mimi_encode start, frame.size()=1920
DEBUG: mimi_encode: copying input data
DEBUG: mimi_encode: calling projected_transformer_graph_step
DEBUG: mimi_encode: calling scratch compute
DEBUG: mimi_encode: calling graph compute
DEBUG: mimi_encode: fetching codes
DEBUG: mimi_encode done
DEBUG: mimi_encode start, frame.size()=1920
DEBUG: mimi_encode: copying input data
DEBUG: mimi_encode: calling projected_transformer_graph_step
DEBUG: mimi_encode: calling scratch compute
DEBUG: mimi_encode: calling graph compute
DEBUG: mimi_encode: fetching codes
DEBUG: mimi_encode done
DEBUG: mimi_encode start, frame.size()=1920
DEBUG: mimi_encode: copying input data
DEBUG: mimi_encode: calling projected_transformer_graph_step
DEBUG: mimi_encode: calling scratch compute
DEBUG: mimi_encode: calling graph compute
DEBUG: mimi_encode: fetching codes
DEBUG: mimi_encode done
DEBUG: mimi_encode start, frame.size()=1920
DEBUG: mimi_encode: copying input data
DEBUG: mimi_encode: calling projected_transformer_graph_step
DEBUG: mimi_encode: calling scratch compute
DEBUG: mimi_encode: calling graph compute
DEBUG: mimi_encode: fetching codes
DEBUG: mimi_encode done
DEBUG: mimi_encode start, frame.size()=1920
DEBUG: mimi_encode: copying input data
DEBUG: mimi_encode: calling projected_transformer_graph_step
DEBUG: mimi_encode: calling scratch compute
DEBUG: mimi_encode: calling graph compute
DEBUG: mimi_encode: fetching codes
DEBUG: mimi_encode done
DEBUG: mimi_encode start, frame.size()=1920
DEBUG: mimi_encode: copying input data
DEBUG: mimi_encode: calling projected_transformer_graph_step
DEBUG: mimi_encode: calling scratch compute
DEBUG: mimi_encode: calling graph compute
DEBUG: mimi_encode: fetching codes
DEBUG: mimi_encode done
DEBUG: mimi_encode start, frame.size()=1920
DEBUG: mimi_encode: copying input data
DEBUG: mimi_encode: calling projected_transformer_graph_step
DEBUG: mimi_encode: calling scratch compute
DEBUG: mimi_encode: calling graph compute
DEBUG: mimi_encode: fetching codes
DEBUG: mimi_encode done
DEBUG: mimi_encode start, frame.size()=1920
DEBUG: mimi_encode: copying input data
DEBUG: mimi_encode: calling projected_transformer_graph_step
DEBUG: mimi_encode: calling scratch compute
DEBUG: mimi_encode: calling graph compute
DEBUG: mimi_encode: fetching codes
DEBUG: mimi_encode done
DEBUG: mimi_encode start, frame.size()=1920
DEBUG: mimi_encode: copying input data
DEBUG: mimi_encode: calling projected_transformer_graph_step
DEBUG: mimi_encode: calling scratch compute
DEBUG: mimi_encode: calling graph compute
DEBUG: mimi_encode: fetching codes
DEBUG: mimi_encode done
DEBUG: mimi_encode start, frame.size()=1920
DEBUG: mimi_encode: copying input data
DEBUG: mimi_encode: calling projected_transformer_graph_step
DEBUG: mimi_encode: calling scratch compute
DEBUG: mimi_encode: calling graph compute
DEBUG: mimi_encode: fetching codes
DEBUG: mimi_encode done
DEBUG: mimi_encode start, frame.size()=1920
DEBUG: mimi_encode: copying input data
DEBUG: mimi_encode: calling projected_transformer_graph_step
DEBUG: mimi_encode: calling scratch compute
DEBUG: mimi_encode: calling graph compute
DEBUG: mimi_encode: fetching codes
DEBUG: mimi_encode done
DEBUG: mimi_encode start, frame.size()=1920
DEBUG: mimi_encode: copying input data
DEBUG: mimi_encode: calling projected_transformer_graph_step
DEBUG: mimi_encode: calling scratch compute
DEBUG: mimi_encode: calling graph compute
DEBUG: mimi_encode: fetching codes
DEBUG: mimi_encode done
DEBUG: mimi_encode start, frame.size()=1920
DEBUG: mimi_encode: copying input data
DEBUG: mimi_encode: calling projected_transformer_graph_step
DEBUG: mimi_encode: calling scratch compute
DEBUG: mimi_encode: calling graph compute
DEBUG: mimi_encode: fetching codes
DEBUG: mimi_encode done
DEBUG: mimi_encode start, frame.size()=1920
DEBUG: mimi_encode: copying input data
DEBUG: mimi_encode: calling projected_transformer_graph_step
DEBUG: mimi_encode: calling scratch compute
DEBUG: mimi_encode: calling graph compute
DEBUG: mimi_encode: fetching codes
DEBUG: mimi_encode done
DEBUG: mimi_encode start, frame.size()=1920
DEBUG: mimi_encode: copying input data
DEBUG: mimi_encode: calling projected_transformer_graph_step
DEBUG: mimi_encode: calling scratch compute
DEBUG: mimi_encode: calling graph compute
DEBUG: mimi_encode: fetching codes
DEBUG: mimi_encode done
DEBUG: mimi_encode start, frame.size()=1920
DEBUG: mimi_encode: copying input data
DEBUG: mimi_encode: calling projected_transformer_graph_step
DEBUG: mimi_encode: calling scratch compute
DEBUG: mimi_encode: calling graph compute
DEBUG: mimi_encode: fetching codes
DEBUG: mimi_encode done
DEBUG: mimi_encode start, frame.size()=1920
DEBUG: mimi_encode: copying input data
DEBUG: mimi_encode: calling projected_transformer_graph_step
DEBUG: mimi_encode: calling scratch compute
DEBUG: mimi_encode: calling graph compute
DEBUG: mimi_encode: fetching codes
DEBUG: mimi_encode done
DEBUG: mimi_encode start, frame.size()=1920
DEBUG: mimi_encode: copying input data
DEBUG: mimi_encode: calling projected_transformer_graph_step
DEBUG: mimi_encode: calling scratch compute
DEBUG: mimi_encode: calling graph compute
DEBUG: mimi_encode: fetching codes
DEBUG: mimi_encode done
DEBUG: mimi_encode start, frame.size()=1920
DEBUG: mimi_encode: copying input data
DEBUG: mimi_encode: calling projected_transformer_graph_step
DEBUG: mimi_encode: calling scratch compute
DEBUG: mimi_encode: calling graph compute
DEBUG: mimi_encode: fetching codes
DEBUG: mimi_encode done
DEBUG: mimi_encode start, frame.size()=1920
DEBUG: mimi_encode: copying input data
DEBUG: mimi_encode: calling projected_transformer_graph_step
DEBUG: mimi_encode: calling scratch compute
DEBUG: mimi_encode: calling graph compute
DEBUG: mimi_encode: fetching codes
DEBUG: mimi_encode done
DEBUG: mimi_encode start, frame.size()=1920
DEBUG: mimi_encode: copying input data
DEBUG: mimi_encode: calling projected_transformer_graph_step
DEBUG: mimi_encode: calling scratch compute
DEBUG: mimi_encode: calling graph compute
DEBUG: mimi_encode: fetching codes
DEBUG: mimi_encode done
DEBUG: mimi_encode start, frame.size()=1920
DEBUG: mimi_encode: copying input data
DEBUG: mimi_encode: calling projected_transformer_graph_step
DEBUG: mimi_encode: calling scratch compute
DEBUG: mimi_encode: calling graph compute
DEBUG: mimi_encode: fetching codes
DEBUG: mimi_encode done
DEBUG: mimi_encode start, frame.size()=1920
DEBUG: mimi_encode: copying input data
DEBUG: mimi_encode: calling projected_transformer_graph_step
DEBUG: mimi_encode: calling scratch compute
DEBUG: mimi_encode: calling graph compute
DEBUG: mimi_encode: fetching codes
DEBUG: mimi_encode done
DEBUG: mimi_encode start, frame.size()=1920
DEBUG: mimi_encode: copying input data
DEBUG: mimi_encode: calling projected_transformer_graph_step
DEBUG: mimi_encode: calling scratch compute
DEBUG: mimi_encode: calling graph compute
DEBUG: mimi_encode: fetching codes
DEBUG: mimi_encode done
DEBUG: mimi_encode start, frame.size()=1920
DEBUG: mimi_encode: copying input data
DEBUG: mimi_encode: calling projected_transformer_graph_step
DEBUG: mimi_encode: calling scratch compute
DEBUG: mimi_encode: calling graph compute
DEBUG: mimi_encode: fetching codes
DEBUG: mimi_encode done
DEBUG: mimi_encode start, frame.size()=1920
DEBUG: mimi_encode: copying input data
DEBUG: mimi_encode: calling projected_transformer_graph_step
DEBUG: mimi_encode: calling scratch compute
DEBUG: mimi_encode: calling graph compute
DEBUG: mimi_encode: fetching codes
DEBUG: mimi_encode done
DEBUG: mimi_encode start, frame.size()=1920
DEBUG: mimi_encode: copying input data
DEBUG: mimi_encode: calling projected_transformer_graph_step
DEBUG: mimi_encode: calling scratch compute
DEBUG: mimi_encode: calling graph compute
DEBUG: mimi_encode: fetching codes
DEBUG: mimi_encode done
DEBUG: mimi_encode start, frame.size()=1920
DEBUG: mimi_encode: copying input data
DEBUG: mimi_encode: calling projected_transformer_graph_step
DEBUG: mimi_encode: calling scratch compute
DEBUG: mimi_encode: calling graph compute
DEBUG: mimi_encode: fetching codes
DEBUG: mimi_encode done
DEBUG: mimi_encode start, frame.size()=1920
DEBUG: mimi_encode: copying input data
DEBUG: mimi_encode: calling projected_transformer_graph_step
DEBUG: mimi_encode: calling scratch compute
DEBUG: mimi_encode: calling graph compute
DEBUG: mimi_encode: fetching codes
DEBUG: mimi_encode done
DEBUG: mimi_encode start, frame.size()=1920
DEBUG: mimi_encode: copying input data
DEBUG: mimi_encode: calling projected_transformer_graph_step
DEBUG: mimi_encode: calling scratch compute
DEBUG: mimi_encode: calling graph compute
DEBUG: mimi_encode: fetching codes
DEBUG: mimi_encode done
DEBUG: mimi_encode start, frame.size()=1920
DEBUG: mimi_encode: copying input data
DEBUG: mimi_encode: calling projected_transformer_graph_step
DEBUG: mimi_encode: calling scratch compute
DEBUG: mimi_encode: calling graph compute
DEBUG: mimi_encode: fetching codes
DEBUG: mimi_encode done
DEBUG: mimi_encode start, frame.size()=1920
DEBUG: mimi_encode: copying input data
DEBUG: mimi_encode: calling projected_transformer_graph_step
DEBUG: mimi_encode: calling scratch compute
DEBUG: mimi_encode: calling graph compute
DEBUG: mimi_encode: fetching codes
DEBUG: mimi_encode done
DEBUG: mimi_encode start, frame.size()=1920
DEBUG: mimi_encode: copying input data
DEBUG: mimi_encode: calling projected_transformer_graph_step
DEBUG: mimi_encode: calling scratch compute
DEBUG: mimi_encode: calling graph compute
DEBUG: mimi_encode: fetching codes
DEBUG: mimi_encode done
DEBUG: mimi_encode start, frame.size()=1920
DEBUG: mimi_encode: copying input data
DEBUG: mimi_encode: calling projected_transformer_graph_step
DEBUG: mimi_encode: calling scratch compute
DEBUG: mimi_encode: calling graph compute
DEBUG: mimi_encode: fetching codes
DEBUG: mimi_encode done
DEBUG: mimi_encode start, frame.size()=1920
DEBUG: mimi_encode: copying input data
DEBUG: mimi_encode: calling projected_transformer_graph_step
DEBUG: mimi_encode: calling scratch compute
DEBUG: mimi_encode: calling graph compute
DEBUG: mimi_encode: fetching codes
DEBUG: mimi_encode done
DEBUG: mimi_encode start, frame.size()=1920
DEBUG: mimi_encode: copying input data
DEBUG: mimi_encode: calling projected_transformer_graph_step
DEBUG: mimi_encode: calling scratch compute
DEBUG: mimi_encode: calling graph compute
DEBUG: mimi_encode: fetching codes
DEBUG: mimi_encode done
DEBUG: mimi_encode start, frame.size()=1920
DEBUG: mimi_encode: copying input data
DEBUG: mimi_encode: calling projected_transformer_graph_step
DEBUG: mimi_encode: calling scratch compute
DEBUG: mimi_encode: calling graph compute
DEBUG: mimi_encode: fetching codes
DEBUG: mimi_encode done
DEBUG: mimi_encode start, frame.size()=1920
DEBUG: mimi_encode: copying input data
DEBUG: mimi_encode: calling projected_transformer_graph_step
DEBUG: mimi_encode: calling scratch compute
DEBUG: mimi_encode: calling graph compute
DEBUG: mimi_encode: fetching codes
DEBUG: mimi_encode done
DEBUG: mimi_encode start, frame.size()=1920
DEBUG: mimi_encode: copying input data
DEBUG: mimi_encode: calling projected_transformer_graph_step
DEBUG: mimi_encode: calling scratch compute
DEBUG: mimi_encode: calling graph compute
DEBUG: mimi_encode: fetching codes
DEBUG: mimi_encode done
DEBUG: mimi_encode start, frame.size()=1920
DEBUG: mimi_encode: copying input data
DEBUG: mimi_encode: calling projected_transformer_graph_step
DEBUG: mimi_encode: calling scratch compute
DEBUG: mimi_encode: calling graph compute
DEBUG: mimi_encode: fetching codes
DEBUG: mimi_encode done
DEBUG: mimi_encode start, frame.size()=1920
DEBUG: mimi_encode: copying input data
DEBUG: mimi_encode: calling projected_transformer_graph_step
DEBUG: mimi_encode: calling scratch compute
DEBUG: mimi_encode: calling graph compute
DEBUG: mimi_encode: fetching codes
DEBUG: mimi_encode done
DEBUG: mimi_encode start, frame.size()=1920
DEBUG: mimi_encode: copying input data
DEBUG: mimi_encode: calling projected_transformer_graph_step
DEBUG: mimi_encode: calling scratch compute
DEBUG: mimi_encode: calling graph compute
DEBUG: mimi_encode: fetching codes
DEBUG: mimi_encode done
DEBUG: mimi_encode start, frame.size()=1920
DEBUG: mimi_encode: copying input data
DEBUG: mimi_encode: calling projected_transformer_graph_step
DEBUG: mimi_encode: calling scratch compute
DEBUG: mimi_encode: calling graph compute
DEBUG: mimi_encode: fetching codes
DEBUG: mimi_encode done
DEBUG: mimi_encode start, frame.size()=1920
DEBUG: mimi_encode: copying input data
DEBUG: mimi_encode: calling projected_transformer_graph_step
DEBUG: mimi_encode: calling scratch compute
DEBUG: mimi_encode: calling graph compute
DEBUG: mimi_encode: fetching codes
DEBUG: mimi_encode done
DEBUG: mimi_encode start, frame.size()=1920
DEBUG: mimi_encode: copying input data
DEBUG: mimi_encode: calling projected_transformer_graph_step
DEBUG: mimi_encode: calling scratch compute
DEBUG: mimi_encode: calling graph compute
DEBUG: mimi_encode: fetching codes
DEBUG: mimi_encode done
DEBUG: mimi_encode start, frame.size()=1920
DEBUG: mimi_encode: copying input data
DEBUG: mimi_encode: calling projected_transformer_graph_step
DEBUG: mimi_encode: calling scratch compute
DEBUG: mimi_encode: calling graph compute
DEBUG: mimi_encode: fetching codes
DEBUG: mimi_encode done
DEBUG: mimi_encode start, frame.size()=1920
DEBUG: mimi_encode: copying input data
DEBUG: mimi_encode: calling projected_transformer_graph_step
DEBUG: mimi_encode: calling scratch compute
DEBUG: mimi_encode: calling graph compute
DEBUG: mimi_encode: fetching codes
DEBUG: mimi_encode done
DEBUG: mimi_encode start, frame.size()=1920
DEBUG: mimi_encode: copying input data
DEBUG: mimi_encode: calling projected_transformer_graph_step
DEBUG: mimi_encode: calling scratch compute
DEBUG: mimi_encode: calling graph compute
DEBUG: mimi_encode: fetching codes
DEBUG: mimi_encode done
DEBUG: mimi_encode start, frame.size()=1920
DEBUG: mimi_encode: copying input data
DEBUG: mimi_encode: calling projected_transformer_graph_step
DEBUG: mimi_encode: calling scratch compute
DEBUG: mimi_encode: calling graph compute
DEBUG: mimi_encode: fetching codes
DEBUG: mimi_encode done
DEBUG: mimi_encode start, frame.size()=1920
DEBUG: mimi_encode: copying input data
DEBUG: mimi_encode: calling projected_transformer_graph_step
DEBUG: mimi_encode: calling scratch compute
DEBUG: mimi_encode: calling graph compute
DEBUG: mimi_encode: fetching codes
DEBUG: mimi_encode done
DEBUG: mimi_encode start, frame.size()=1920
DEBUG: mimi_encode: copying input data
DEBUG: mimi_encode: calling projected_transformer_graph_step
DEBUG: mimi_encode: calling scratch compute
DEBUG: mimi_encode: calling graph compute
DEBUG: mimi_encode: fetching codes
DEBUG: mimi_encode done
DEBUG: mimi_encode start, frame.size()=1920
DEBUG: mimi_encode: copying input data
DEBUG: mimi_encode: calling projected_transformer_graph_step
DEBUG: mimi_encode: calling scratch compute
DEBUG: mimi_encode: calling graph compute
DEBUG: mimi_encode: fetching codes
DEBUG: mimi_encode done
DEBUG: mimi_encode start, frame.size()=1920
DEBUG: mimi_encode: copying input data
DEBUG: mimi_encode: calling projected_transformer_graph_step
DEBUG: mimi_encode: calling scratch compute
DEBUG: mimi_encode: calling graph compute
DEBUG: mimi_encode: fetching codes
DEBUG: mimi_encode done
DEBUG: mimi_encode start, frame.size()=1920
DEBUG: mimi_encode: copying input data
DEBUG: mimi_encode: calling projected_transformer_graph_step
DEBUG: mimi_encode: calling scratch compute
DEBUG: mimi_encode: calling graph compute
DEBUG: mimi_encode: fetching codes
DEBUG: mimi_encode done
DEBUG: mimi_encode start, frame.size()=1920
DEBUG: mimi_encode: copying input data
DEBUG: mimi_encode: calling projected_transformer_graph_step
DEBUG: mimi_encode: calling scratch compute
DEBUG: mimi_encode: calling graph compute
DEBUG: mimi_encode: fetching codes
DEBUG: mimi_encode done
DEBUG: mimi_encode start, frame.size()=1920
DEBUG: mimi_encode: copying input data
DEBUG: mimi_encode: calling projected_transformer_graph_step
DEBUG: mimi_encode: calling scratch compute
DEBUG: mimi_encode: calling graph compute
DEBUG: mimi_encode: fetching codes
DEBUG: mimi_encode done
DEBUG: mimi_encode start, frame.size()=1920
DEBUG: mimi_encode: copying input data
DEBUG: mimi_encode: calling projected_transformer_graph_step
DEBUG: mimi_encode: calling scratch compute
DEBUG: mimi_encode: calling graph compute
DEBUG: mimi_encode: fetching codes
DEBUG: mimi_encode done
DEBUG: mimi_encode start, frame.size()=1920
DEBUG: mimi_encode: copying input data
DEBUG: mimi_encode: calling projected_transformer_graph_step
DEBUG: mimi_encode: calling scratch compute
DEBUG: mimi_encode: calling graph compute
DEBUG: mimi_encode: fetching codes
DEBUG: mimi_encode done
DEBUG: mimi_encode start, frame.size()=1920
DEBUG: mimi_encode: copying input data
DEBUG: mimi_encode: calling projected_transformer_graph_step
DEBUG: mimi_encode: calling scratch compute
DEBUG: mimi_encode: calling graph compute
DEBUG: mimi_encode: fetching codes
DEBUG: mimi_encode done
DEBUG: mimi_encode start, frame.size()=1920
DEBUG: mimi_encode: copying input data
DEBUG: mimi_encode: calling projected_transformer_graph_step
DEBUG: mimi_encode: calling scratch compute
DEBUG: mimi_encode: calling graph compute
DEBUG: mimi_encode: fetching codes
DEBUG: mimi_encode done
DEBUG: mimi_encode start, frame.size()=1920
DEBUG: mimi_encode: copying input data
DEBUG: mimi_encode: calling projected_transformer_graph_step
DEBUG: mimi_encode: calling scratch compute
DEBUG: mimi_encode: calling graph compute
DEBUG: mimi_encode: fetching codes
DEBUG: mimi_encode done
DEBUG: mimi_encode start, frame.size()=1920
DEBUG: mimi_encode: copying input data
DEBUG: mimi_encode: calling projected_transformer_graph_step
DEBUG: mimi_encode: calling scratch compute
DEBUG: mimi_encode: calling graph compute
DEBUG: mimi_encode: fetching codes
DEBUG: mimi_encode done
DEBUG: mimi_encode start, frame.size()=1920
DEBUG: mimi_encode: copying input data
DEBUG: mimi_encode: calling projected_transformer_graph_step
DEBUG: mimi_encode: calling scratch compute
DEBUG: mimi_encode: calling graph compute
DEBUG: mimi_encode: fetching codes
DEBUG: mimi_encode done
DEBUG: mimi_encode start, frame.size()=1920
DEBUG: mimi_encode: copying input data
DEBUG: mimi_encode: calling projected_transformer_graph_step
DEBUG: mimi_encode: calling scratch compute
DEBUG: mimi_encode: calling graph compute
DEBUG: mimi_encode: fetching codes
DEBUG: mimi_encode done
DEBUG: mimi_encode start, frame.size()=1920
DEBUG: mimi_encode: copying input data
DEBUG: mimi_encode: calling projected_transformer_graph_step
DEBUG: mimi_encode: calling scratch compute
DEBUG: mimi_encode: calling graph compute
DEBUG: mimi_encode: fetching codes
DEBUG: mimi_encode done
DEBUG: mimi_encode start, frame.size()=1920
DEBUG: mimi_encode: copying input data
DEBUG: mimi_encode: calling projected_transformer_graph_step
DEBUG: mimi_encode: calling scratch compute
DEBUG: mimi_encode: calling graph compute
DEBUG: mimi_encode: fetching codes
DEBUG: mimi_encode done
DEBUG: mimi_encode start, frame.size()=1920
DEBUG: mimi_encode: copying input data
DEBUG: mimi_encode: calling projected_transformer_graph_step
DEBUG: mimi_encode: calling scratch compute
DEBUG: mimi_encode: calling graph compute
DEBUG: mimi_encode: fetching codes
DEBUG: mimi_encode done
DEBUG: mimi_encode start, frame.size()=1920
DEBUG: mimi_encode: copying input data
DEBUG: mimi_encode: calling projected_transformer_graph_step
DEBUG: mimi_encode: calling scratch compute
DEBUG: mimi_encode: calling graph compute
DEBUG: mimi_encode: fetching codes
DEBUG: mimi_encode done
DEBUG: mimi_encode start, frame.size()=1920
DEBUG: mimi_encode: copying input data
DEBUG: mimi_encode: calling projected_transformer_graph_step
DEBUG: mimi_encode: calling scratch compute
DEBUG: mimi_encode: calling graph compute
DEBUG: mimi_encode: fetching codes
DEBUG: mimi_encode done
DEBUG: mimi_encode start, frame.size()=1920
DEBUG: mimi_encode: copying input data
DEBUG: mimi_encode: calling projected_transformer_graph_step
DEBUG: mimi_encode: calling scratch compute
DEBUG: mimi_encode: calling graph compute
DEBUG: mimi_encode: fetching codes
DEBUG: mimi_encode done
DEBUG: mimi_encode start, frame.size()=1920
DEBUG: mimi_encode: copying input data
DEBUG: mimi_encode: calling projected_transformer_graph_step
DEBUG: mimi_encode: calling scratch compute
DEBUG: mimi_encode: calling graph compute
DEBUG: mimi_encode: fetching codes
DEBUG: mimi_encode done
DEBUG: mimi_encode start, frame.size()=1920
DEBUG: mimi_encode: copying input data
DEBUG: mimi_encode: calling projected_transformer_graph_step
DEBUG: mimi_encode: calling scratch compute
DEBUG: mimi_encode: calling graph compute
DEBUG: mimi_encode: fetching codes
DEBUG: mimi_encode done
DEBUG: mimi_encode start, frame.size()=1920
DEBUG: mimi_encode: copying input data
DEBUG: mimi_encode: calling projected_transformer_graph_step
DEBUG: mimi_encode: calling scratch compute
DEBUG: mimi_encode: calling graph compute
DEBUG: mimi_encode: fetching codes
DEBUG: mimi_encode done
DEBUG: mimi_encode start, frame.size()=1920
DEBUG: mimi_encode: copying input data
DEBUG: mimi_encode: calling projected_transformer_graph_step
DEBUG: mimi_encode: calling scratch compute
DEBUG: mimi_encode: calling graph compute
DEBUG: mimi_encode: fetching codes
DEBUG: mimi_encode done
DEBUG: mimi_encode start, frame.size()=1920
DEBUG: mimi_encode: copying input data
DEBUG: mimi_encode: calling projected_transformer_graph_step
DEBUG: mimi_encode: calling scratch compute
DEBUG: mimi_encode: calling graph compute
DEBUG: mimi_encode: fetching codes
DEBUG: mimi_encode done
DEBUG: mimi_encode start, frame.size()=1920
DEBUG: mimi_encode: copying input data
DEBUG: mimi_encode: calling projected_transformer_graph_step
DEBUG: mimi_encode: calling scratch compute
DEBUG: mimi_encode: calling graph compute
DEBUG: mimi_encode: fetching codes
DEBUG: mimi_encode done
DEBUG: mimi_encode start, frame.size()=1920
DEBUG: mimi_encode: copying input data
DEBUG: mimi_encode: calling projected_transformer_graph_step
DEBUG: mimi_encode: calling scratch compute
DEBUG: mimi_encode: calling graph compute
DEBUG: mimi_encode: fetching codes
DEBUG: mimi_encode done
DEBUG: mimi_encode start, frame.size()=1920
DEBUG: mimi_encode: copying input data
DEBUG: mimi_encode: calling projected_transformer_graph_step
DEBUG: mimi_encode: calling scratch compute
DEBUG: mimi_encode: calling graph compute
DEBUG: mimi_encode: fetching codes
DEBUG: mimi_encode done
DEBUG: mimi_encode start, frame.size()=1920
DEBUG: mimi_encode: copying input data
DEBUG: mimi_encode: calling projected_transformer_graph_step
DEBUG: mimi_encode: calling scratch compute
DEBUG: mimi_encode: calling graph compute
DEBUG: mimi_encode: fetching codes
DEBUG: mimi_encode done
DEBUG: mimi_encode start, frame.size()=1920
DEBUG: mimi_encode: copying input data
DEBUG: mimi_encode: calling projected_transformer_graph_step
DEBUG: mimi_encode: calling scratch compute
DEBUG: mimi_encode: calling graph compute
DEBUG: mimi_encode: fetching codes
DEBUG: mimi_encode done
DEBUG: mimi_encode start, frame.size()=1920
DEBUG: mimi_encode: copying input data
DEBUG: mimi_encode: calling projected_transformer_graph_step
DEBUG: mimi_encode: calling scratch compute
DEBUG: mimi_encode: calling graph compute
DEBUG: mimi_encode: fetching codes
DEBUG: mimi_encode done
DEBUG: mimi_encode start, frame.size()=1920
DEBUG: mimi_encode: copying input data
DEBUG: mimi_encode: calling projected_transformer_graph_step
DEBUG: mimi_encode: calling scratch compute
DEBUG: mimi_encode: calling graph compute
DEBUG: mimi_encode: fetching codes
DEBUG: mimi_encode done
DEBUG: mimi_encode start, frame.size()=1920
DEBUG: mimi_encode: copying input data
DEBUG: mimi_encode: calling projected_transformer_graph_step
DEBUG: mimi_encode: calling scratch compute
DEBUG: mimi_encode: calling graph compute
DEBUG: mimi_encode: fetching codes
DEBUG: mimi_encode done
DEBUG: mimi_encode start, frame.size()=1920
DEBUG: mimi_encode: copying input data
DEBUG: mimi_encode: calling projected_transformer_graph_step
DEBUG: mimi_encode: calling scratch compute
DEBUG: mimi_encode: calling graph compute
DEBUG: mimi_encode: fetching codes
DEBUG: mimi_encode done
DEBUG: mimi_encode start, frame.size()=1920
DEBUG: mimi_encode: copying input data
DEBUG: mimi_encode: calling projected_transformer_graph_step
DEBUG: mimi_encode: calling scratch compute
DEBUG: mimi_encode: calling graph compute
DEBUG: mimi_encode: fetching codes
DEBUG: mimi_encode done
DEBUG: mimi_encode start, frame.size()=1920
DEBUG: mimi_encode: copying input data
DEBUG: mimi_encode: calling projected_transformer_graph_step
DEBUG: mimi_encode: calling scratch compute
DEBUG: mimi_encode: calling graph compute
DEBUG: mimi_encode: fetching codes
DEBUG: mimi_encode done
DEBUG: mimi_encode start, frame.size()=1920
DEBUG: mimi_encode: copying input data
DEBUG: mimi_encode: calling projected_transformer_graph_step
DEBUG: mimi_encode: calling scratch compute
DEBUG: mimi_encode: calling graph compute
DEBUG: mimi_encode: fetching codes
DEBUG: mimi_encode done
DEBUG: mimi_encode start, frame.size()=1920
DEBUG: mimi_encode: copying input data
DEBUG: mimi_encode: calling projected_transformer_graph_step
DEBUG: mimi_encode: calling scratch compute
DEBUG: mimi_encode: calling graph compute
DEBUG: mimi_encode: fetching codes
DEBUG: mimi_encode done
DEBUG: mimi_encode start, frame.size()=1920
DEBUG: mimi_encode: copying input data
DEBUG: mimi_encode: calling projected_transformer_graph_step
DEBUG: mimi_encode: calling scratch compute
DEBUG: mimi_encode: calling graph compute
DEBUG: mimi_encode: fetching codes
DEBUG: mimi_encode done
DEBUG: mimi_encode start, frame.size()=1920
DEBUG: mimi_encode: copying input data
DEBUG: mimi_encode: calling projected_transformer_graph_step
DEBUG: mimi_encode: calling scratch compute
DEBUG: mimi_encode: calling graph compute
DEBUG: mimi_encode: fetching codes
DEBUG: mimi_encode done
DEBUG: mimi_encode start, frame.size()=1920
DEBUG: mimi_encode: copying input data
DEBUG: mimi_encode: calling projected_transformer_graph_step
DEBUG: mimi_encode: calling scratch compute
DEBUG: mimi_encode: calling graph compute
DEBUG: mimi_encode: fetching codes
DEBUG: mimi_encode done
DEBUG: mimi_encode start, frame.size()=1920
DEBUG: mimi_encode: copying input data
DEBUG: mimi_encode: calling projected_transformer_graph_step
DEBUG: mimi_encode: calling scratch compute
DEBUG: mimi_encode: calling graph compute
DEBUG: mimi_encode: fetching codes
DEBUG: mimi_encode done
DEBUG: mimi_encode start, frame.size()=1920
DEBUG: mimi_encode: copying input data
DEBUG: mimi_encode: calling projected_transformer_graph_step
DEBUG: mimi_encode: calling scratch compute
DEBUG: mimi_encode: calling graph compute
DEBUG: mimi_encode: fetching codes
DEBUG: mimi_encode done
DEBUG: mimi_encode start, frame.size()=1920
DEBUG: mimi_encode: copying input data
DEBUG: mimi_encode: calling projected_transformer_graph_step
DEBUG: mimi_encode: calling scratch compute
DEBUG: mimi_encode: calling graph compute
DEBUG: mimi_encode: fetching codes
DEBUG: mimi_encode done
DEBUG: mimi_encode start, frame.size()=1920
DEBUG: mimi_encode: copying input data
DEBUG: mimi_encode: calling projected_transformer_graph_step
DEBUG: mimi_encode: calling scratch compute
DEBUG: mimi_encode: calling graph compute
DEBUG: mimi_encode: fetching codes
DEBUG: mimi_encode done
DEBUG: mimi_encode start, frame.size()=1920
DEBUG: mimi_encode: copying input data
DEBUG: mimi_encode: calling projected_transformer_graph_step
DEBUG: mimi_encode: calling scratch compute
DEBUG: mimi_encode: calling graph compute
DEBUG: mimi_encode: fetching codes
DEBUG: mimi_encode done
DEBUG: mimi_encode start, frame.size()=1920
DEBUG: mimi_encode: copying input data
DEBUG: mimi_encode: calling projected_transformer_graph_step
DEBUG: mimi_encode: calling scratch compute
DEBUG: mimi_encode: calling graph compute
DEBUG: mimi_encode: fetching codes
DEBUG: mimi_encode done
DEBUG: mimi_encode start, frame.size()=1920
DEBUG: mimi_encode: copying input data
DEBUG: mimi_encode: calling projected_transformer_graph_step
DEBUG: mimi_encode: calling scratch compute
DEBUG: mimi_encode: calling graph compute
DEBUG: mimi_encode: fetching codes
DEBUG: mimi_encode done
DEBUG: mimi_encode start, frame.size()=1920
DEBUG: mimi_encode: copying input data
DEBUG: mimi_encode: calling projected_transformer_graph_step
DEBUG: mimi_encode: calling scratch compute
DEBUG: mimi_encode: calling graph compute
DEBUG: mimi_encode: fetching codes
DEBUG: mimi_encode done
DEBUG: mimi_encode start, frame.size()=1920
DEBUG: mimi_encode: copying input data
DEBUG: mimi_encode: calling projected_transformer_graph_step
DEBUG: mimi_encode: calling scratch compute
DEBUG: mimi_encode: calling graph compute
DEBUG: mimi_encode: fetching codes
DEBUG: mimi_encode done
DEBUG: mimi_encode start, frame.size()=1920
DEBUG: mimi_encode: copying input data
DEBUG: mimi_encode: calling projected_transformer_graph_step
DEBUG: mimi_encode: calling scratch compute
DEBUG: mimi_encode: calling graph compute
DEBUG: mimi_encode: fetching codes
DEBUG: mimi_encode done
DEBUG: mimi_encode start, frame.size()=1920
DEBUG: mimi_encode: copying input data
DEBUG: mimi_encode: calling projected_transformer_graph_step
DEBUG: mimi_encode: calling scratch compute
DEBUG: mimi_encode: calling graph compute
DEBUG: mimi_encode: fetching codes
DEBUG: mimi_encode done
DEBUG: mimi_encode start, frame.size()=1920
DEBUG: mimi_encode: copying input data
DEBUG: mimi_encode: calling projected_transformer_graph_step
DEBUG: mimi_encode: calling scratch compute
DEBUG: mimi_encode: calling graph compute
DEBUG: mimi_encode: fetching codes
DEBUG: mimi_encode done
DEBUG: mimi_encode start, frame.size()=1920
DEBUG: mimi_encode: copying input data
DEBUG: mimi_encode: calling projected_transformer_graph_step
DEBUG: mimi_encode: calling scratch compute
DEBUG: mimi_encode: calling graph compute
DEBUG: mimi_encode: fetching codes
DEBUG: mimi_encode done
DEBUG: mimi_encode start, frame.size()=1920
DEBUG: mimi_encode: copying input data
DEBUG: mimi_encode: calling projected_transformer_graph_step
DEBUG: mimi_encode: calling scratch compute
DEBUG: mimi_encode: calling graph compute
DEBUG: mimi_encode: fetching codes
DEBUG: mimi_encode done
DEBUG: mimi_encode start, frame.size()=1920
DEBUG: mimi_encode: copying input data
DEBUG: mimi_encode: calling projected_transformer_graph_step
DEBUG: mimi_encode: calling scratch compute
DEBUG: mimi_encode: calling graph compute
DEBUG: mimi_encode: fetching codes
DEBUG: mimi_encode done
DEBUG: mimi_encode start, frame.size()=1920
DEBUG: mimi_encode: copying input data
DEBUG: mimi_encode: calling projected_transformer_graph_step
DEBUG: mimi_encode: calling scratch compute
DEBUG: mimi_encode: calling graph compute
DEBUG: mimi_encode: fetching codes
DEBUG: mimi_encode done
DEBUG: mimi_encode start, frame.size()=1920
DEBUG: mimi_encode: copying input data
DEBUG: mimi_encode: calling projected_transformer_graph_step
DEBUG: mimi_encode: calling scratch compute
DEBUG: mimi_encode: calling graph compute
DEBUG: mimi_encode: fetching codes
DEBUG: mimi_encode done
DEBUG: mimi_encode start, frame.size()=1920
DEBUG: mimi_encode: copying input data
DEBUG: mimi_encode: calling projected_transformer_graph_step
DEBUG: mimi_encode: calling scratch compute
DEBUG: mimi_encode: calling graph compute
DEBUG: mimi_encode: fetching codes
DEBUG: mimi_encode done
DEBUG: mimi_encode start, frame.size()=1920
DEBUG: mimi_encode: copying input data
DEBUG: mimi_encode: calling projected_transformer_graph_step
DEBUG: mimi_encode: calling scratch compute
DEBUG: mimi_encode: calling graph compute
DEBUG: mimi_encode: fetching codes
DEBUG: mimi_encode done
DEBUG: mimi_encode start, frame.size()=1920
DEBUG: mimi_encode: copying input data
DEBUG: mimi_encode: calling projected_transformer_graph_step
DEBUG: mimi_encode: calling scratch compute
DEBUG: mimi_encode: calling graph compute
DEBUG: mimi_encode: fetching codes
DEBUG: mimi_encode done
DEBUG: mimi_encode start, frame.size()=1920
DEBUG: mimi_encode: copying input data
DEBUG: mimi_encode: calling projected_transformer_graph_step
DEBUG: mimi_encode: calling scratch compute
DEBUG: mimi_encode: calling graph compute
DEBUG: mimi_encode: fetching codes
DEBUG: mimi_encode done
DEBUG: mimi_encode start, frame.size()=1920
DEBUG: mimi_encode: copying input data
DEBUG: mimi_encode: calling projected_transformer_graph_step
DEBUG: mimi_encode: calling scratch compute
DEBUG: mimi_encode: calling graph compute
DEBUG: mimi_encode: fetching codes
DEBUG: mimi_encode done
DEBUG: mimi_encode start, frame.size()=1920
DEBUG: mimi_encode: copying input data
DEBUG: mimi_encode: calling projected_transformer_graph_step
DEBUG: mimi_encode: calling scratch compute
DEBUG: mimi_encode: calling graph compute
DEBUG: mimi_encode: fetching codes
DEBUG: mimi_encode done
DEBUG: mimi_encode start, frame.size()=1920
DEBUG: mimi_encode: copying input data
DEBUG: mimi_encode: calling projected_transformer_graph_step
DEBUG: mimi_encode: calling scratch compute
DEBUG: mimi_encode: calling graph compute
DEBUG: mimi_encode: fetching codes
DEBUG: mimi_encode done
DEBUG: mimi_encode start, frame.size()=1920
DEBUG: mimi_encode: copying input data
DEBUG: mimi_encode: calling projected_transformer_graph_step
DEBUG: mimi_encode: calling scratch compute
DEBUG: mimi_encode: calling graph compute
DEBUG: mimi_encode: fetching codes
DEBUG: mimi_encode done
DEBUG: mimi_encode start, frame.size()=1920
DEBUG: mimi_encode: copying input data
DEBUG: mimi_encode: calling projected_transformer_graph_step
DEBUG: mimi_encode: calling scratch compute
DEBUG: mimi_encode: calling graph compute
DEBUG: mimi_encode: fetching codes
DEBUG: mimi_encode done
DEBUG: mimi_encode start, frame.size()=1920
DEBUG: mimi_encode: copying input data
DEBUG: mimi_encode: calling projected_transformer_graph_step
DEBUG: mimi_encode: calling scratch compute
DEBUG: mimi_encode: calling graph compute
DEBUG: mimi_encode: fetching codes
DEBUG: mimi_encode done
DEBUG: mimi_encode start, frame.size()=1920
DEBUG: mimi_encode: copying input data
DEBUG: mimi_encode: calling projected_transformer_graph_step
DEBUG: mimi_encode: calling scratch compute
DEBUG: mimi_encode: calling graph compute
DEBUG: mimi_encode: fetching codes
DEBUG: mimi_encode done
DEBUG: mimi_encode start, frame.size()=1920
DEBUG: mimi_encode: copying input data
DEBUG: mimi_encode: calling projected_transformer_graph_step
DEBUG: mimi_encode: calling scratch compute
DEBUG: mimi_encode: calling graph compute
DEBUG: mimi_encode: fetching codes
DEBUG: mimi_encode done
DEBUG: mimi_encode start, frame.size()=1920
DEBUG: mimi_encode: copying input data
DEBUG: mimi_encode: calling projected_transformer_graph_step
DEBUG: mimi_encode: calling scratch compute
DEBUG: mimi_encode: calling graph compute
DEBUG: mimi_encode: fetching codes
DEBUG: mimi_encode done
DEBUG: mimi_encode start, frame.size()=1920
DEBUG: mimi_encode: copying input data
DEBUG: mimi_encode: calling projected_transformer_graph_step
DEBUG: mimi_encode: calling scratch compute
DEBUG: mimi_encode: calling graph compute
DEBUG: mimi_encode: fetching codes
DEBUG: mimi_encode done
DEBUG: mimi_encode start, frame.size()=1920
DEBUG: mimi_encode: copying input data
DEBUG: mimi_encode: calling projected_transformer_graph_step
DEBUG: mimi_encode: calling scratch compute
DEBUG: mimi_encode: calling graph compute
DEBUG: mimi_encode: fetching codes
DEBUG: mimi_encode done
DEBUG: mimi_encode start, frame.size()=1920
DEBUG: mimi_encode: copying input data
DEBUG: mimi_encode: calling projected_transformer_graph_step
DEBUG: mimi_encode: calling scratch compute
DEBUG: mimi_encode: calling graph compute
DEBUG: mimi_encode: fetching codes
DEBUG: mimi_encode done
DEBUG: mimi_encode start, frame.size()=1920
DEBUG: mimi_encode: copying input data
DEBUG: mimi_encode: calling projected_transformer_graph_step
DEBUG: mimi_encode: calling scratch compute
DEBUG: mimi_encode: calling graph compute
DEBUG: mimi_encode: fetching codes
DEBUG: mimi_encode done
DEBUG: mimi_encode start, frame.size()=1920
DEBUG: mimi_encode: copying input data
DEBUG: mimi_encode: calling projected_transformer_graph_step
DEBUG: mimi_encode: calling scratch compute
DEBUG: mimi_encode: calling graph compute
DEBUG: mimi_encode: fetching codes
DEBUG: mimi_encode done
DEBUG: mimi_encode start, frame.size()=1920
DEBUG: mimi_encode: copying input data
DEBUG: mimi_encode: calling projected_transformer_graph_step
DEBUG: mimi_encode: calling scratch compute
DEBUG: mimi_encode: calling graph compute
DEBUG: mimi_encode: fetching codes
DEBUG: mimi_encode done
DEBUG: mimi_encode start, frame.size()=1920
DEBUG: mimi_encode: copying input data
DEBUG: mimi_encode: calling projected_transformer_graph_step
DEBUG: mimi_encode: calling scratch compute
DEBUG: mimi_encode: calling graph compute
DEBUG: mimi_encode: fetching codes
DEBUG: mimi_encode done
DEBUG: mimi_encode start, frame.size()=1920
DEBUG: mimi_encode: copying input data
DEBUG: mimi_encode: calling projected_transformer_graph_step
DEBUG: mimi_encode: calling scratch compute
DEBUG: mimi_encode: calling graph compute
DEBUG: mimi_encode: fetching codes
DEBUG: mimi_encode done
DEBUG: mimi_encode start, frame.size()=1920
DEBUG: mimi_encode: copying input data
DEBUG: mimi_encode: calling projected_transformer_graph_step
DEBUG: mimi_encode: calling scratch compute
DEBUG: mimi_encode: calling graph compute
DEBUG: mimi_encode: fetching codes
DEBUG: mimi_encode done
DEBUG: mimi_encode start, frame.size()=1920
DEBUG: mimi_encode: copying input data
DEBUG: mimi_encode: calling projected_transformer_graph_step
DEBUG: mimi_encode: calling scratch compute
DEBUG: mimi_encode: calling graph compute
DEBUG: mimi_encode: fetching codes
DEBUG: mimi_encode done
DEBUG: mimi_encode start, frame.size()=1920
DEBUG: mimi_encode: copying input data
DEBUG: mimi_encode: calling projected_transformer_graph_step
DEBUG: mimi_encode: calling scratch compute
DEBUG: mimi_encode: calling graph compute
DEBUG: mimi_encode: fetching codes
DEBUG: mimi_encode done
DEBUG: mimi_encode start, frame.size()=1920
DEBUG: mimi_encode: copying input data
DEBUG: mimi_encode: calling projected_transformer_graph_step
DEBUG: mimi_encode: calling scratch compute
DEBUG: mimi_encode: calling graph compute
DEBUG: mimi_encode: fetching codes
DEBUG: mimi_encode done
DEBUG: mimi_encode start, frame.size()=1920
DEBUG: mimi_encode: copying input data
DEBUG: mimi_encode: calling projected_transformer_graph_step
DEBUG: mimi_encode: calling scratch compute
DEBUG: mimi_encode: calling graph compute
DEBUG: mimi_encode: fetching codes
DEBUG: mimi_encode done
DEBUG: mimi_encode start, frame.size()=1920
DEBUG: mimi_encode: copying input data
DEBUG: mimi_encode: calling projected_transformer_graph_step
DEBUG: mimi_encode: calling scratch compute
DEBUG: mimi_encode: calling graph compute
DEBUG: mimi_encode: fetching codes
DEBUG: mimi_encode done
DEBUG: mimi_encode start, frame.size()=1920
DEBUG: mimi_encode: copying input data
DEBUG: mimi_encode: calling projected_transformer_graph_step
DEBUG: mimi_encode: calling scratch compute
DEBUG: mimi_encode: calling graph compute
DEBUG: mimi_encode: fetching codes
DEBUG: mimi_encode done
DEBUG: mimi_encode start, frame.size()=1920
DEBUG: mimi_encode: copying input data
DEBUG: mimi_encode: calling projected_transformer_graph_step
DEBUG: mimi_encode: calling scratch compute
DEBUG: mimi_encode: calling graph compute
DEBUG: mimi_encode: fetching codes
DEBUG: mimi_encode done
DEBUG: mimi_encode start, frame.size()=1920
DEBUG: mimi_encode: copying input data
DEBUG: mimi_encode: calling projected_transformer_graph_step
DEBUG: mimi_encode: calling scratch compute
DEBUG: mimi_encode: calling graph compute
DEBUG: mimi_encode: fetching codes
DEBUG: mimi_encode done
DEBUG: mimi_encode start, frame.size()=1920
DEBUG: mimi_encode: copying input data
DEBUG: mimi_encode: calling projected_transformer_graph_step
DEBUG: mimi_encode: calling scratch compute
DEBUG: mimi_encode: calling graph compute
DEBUG: mimi_encode: fetching codes
DEBUG: mimi_encode done
DEBUG: mimi_encode start, frame.size()=1920
DEBUG: mimi_encode: copying input data
DEBUG: mimi_encode: calling projected_transformer_graph_step
DEBUG: mimi_encode: calling scratch compute
DEBUG: mimi_encode: calling graph compute
DEBUG: mimi_encode: fetching codes
DEBUG: mimi_encode done
DEBUG: mimi_encode start, frame.size()=1920
DEBUG: mimi_encode: copying input data
DEBUG: mimi_encode: calling projected_transformer_graph_step
DEBUG: mimi_encode: calling scratch compute
DEBUG: mimi_encode: calling graph compute
DEBUG: mimi_encode: fetching codes
DEBUG: mimi_encode done
DEBUG: mimi_encode start, frame.size()=1920
DEBUG: mimi_encode: copying input data
DEBUG: mimi_encode: calling projected_transformer_graph_step
DEBUG: mimi_encode: calling scratch compute
DEBUG: mimi_encode: calling graph compute
DEBUG: mimi_encode: fetching codes
DEBUG: mimi_encode done
DEBUG: mimi_encode start, frame.size()=1920
DEBUG: mimi_encode: copying input data
DEBUG: mimi_encode: calling projected_transformer_graph_step
DEBUG: mimi_encode: calling scratch compute
DEBUG: mimi_encode: calling graph compute
DEBUG: mimi_encode: fetching codes
DEBUG: mimi_encode done
DEBUG: mimi_encode start, frame.size()=1920
DEBUG: mimi_encode: copying input data
DEBUG: mimi_encode: calling projected_transformer_graph_step
DEBUG: mimi_encode: calling scratch compute
DEBUG: mimi_encode: calling graph compute
DEBUG: mimi_encode: fetching codes
DEBUG: mimi_encode done
DEBUG: mimi_encode start, frame.size()=1920
DEBUG: mimi_encode: copying input data
DEBUG: mimi_encode: calling projected_transformer_graph_step
DEBUG: mimi_encode: calling scratch compute
DEBUG: mimi_encode: calling graph compute
DEBUG: mimi_encode: fetching codes
DEBUG: mimi_encode done
DEBUG: mimi_encode start, frame.size()=1920
DEBUG: mimi_encode: copying input data
DEBUG: mimi_encode: calling projected_transformer_graph_step
DEBUG: mimi_encode: calling scratch compute
DEBUG: mimi_encode: calling graph compute
DEBUG: mimi_encode: fetching codes
DEBUG: mimi_encode done
DEBUG: mimi_encode start, frame.size()=1920
DEBUG: mimi_encode: copying input data
DEBUG: mimi_encode: calling projected_transformer_graph_step
DEBUG: mimi_encode: calling scratch compute
DEBUG: mimi_encode: calling graph compute
DEBUG: mimi_encode: fetching codes
DEBUG: mimi_encode done
DEBUG: mimi_encode start, frame.size()=1920
DEBUG: mimi_encode: copying input data
DEBUG: mimi_encode: calling projected_transformer_graph_step
DEBUG: mimi_encode: calling scratch compute
DEBUG: mimi_encode: calling graph compute
DEBUG: mimi_encode: fetching codes
DEBUG: mimi_encode done
DEBUG: mimi_encode start, frame.size()=1920
DEBUG: mimi_encode: copying input data
DEBUG: mimi_encode: calling projected_transformer_graph_step
DEBUG: mimi_encode: calling scratch compute
DEBUG: mimi_encode: calling graph compute
DEBUG: mimi_encode: fetching codes
DEBUG: mimi_encode done
DEBUG: mimi_encode start, frame.size()=1920
DEBUG: mimi_encode: copying input data
DEBUG: mimi_encode: calling projected_transformer_graph_step
DEBUG: mimi_encode: calling scratch compute
DEBUG: mimi_encode: calling graph compute
DEBUG: mimi_encode: fetching codes
DEBUG: mimi_encode done
DEBUG: mimi_encode start, frame.size()=1920
DEBUG: mimi_encode: copying input data
DEBUG: mimi_encode: calling projected_transformer_graph_step
DEBUG: mimi_encode: calling scratch compute
DEBUG: mimi_encode: calling graph compute
DEBUG: mimi_encode: fetching codes
DEBUG: mimi_encode done
DEBUG: mimi_encode start, frame.size()=1920
DEBUG: mimi_encode: copying input data
DEBUG: mimi_encode: calling projected_transformer_graph_step
DEBUG: mimi_encode: calling scratch compute
DEBUG: mimi_encode: calling graph compute
DEBUG: mimi_encode: fetching codes
DEBUG: mimi_encode done
DEBUG: mimi_encode start, frame.size()=1920
DEBUG: mimi_encode: copying input data
DEBUG: mimi_encode: calling projected_transformer_graph_step
DEBUG: mimi_encode: calling scratch compute
DEBUG: mimi_encode: calling graph compute
DEBUG: mimi_encode: fetching codes
DEBUG: mimi_encode done
DEBUG: mimi_encode start, frame.size()=1920
DEBUG: mimi_encode: copying input data
DEBUG: mimi_encode: calling projected_transformer_graph_step
DEBUG: mimi_encode: calling scratch compute
DEBUG: mimi_encode: calling graph compute
DEBUG: mimi_encode: fetching codes
DEBUG: mimi_encode done
DEBUG: mimi_encode start, frame.size()=1920
DEBUG: mimi_encode: copying input data
DEBUG: mimi_encode: calling projected_transformer_graph_step
DEBUG: mimi_encode: calling scratch compute
DEBUG: mimi_encode: calling graph compute
DEBUG: mimi_encode: fetching codes
DEBUG: mimi_encode done
DEBUG: mimi_encode start, frame.size()=1920
DEBUG: mimi_encode: copying input data
DEBUG: mimi_encode: calling projected_transformer_graph_step
DEBUG: mimi_encode: calling scratch compute
DEBUG: mimi_encode: calling graph compute
DEBUG: mimi_encode: fetching codes
DEBUG: mimi_encode done
DEBUG: mimi_encode start, frame.size()=1920
DEBUG: mimi_encode: copying input data
DEBUG: mimi_encode: calling projected_transformer_graph_step
DEBUG: mimi_encode: calling scratch compute
DEBUG: mimi_encode: calling graph compute
DEBUG: mimi_encode: fetching codes
DEBUG: mimi_encode done
DEBUG: mimi_encode start, frame.size()=1920
DEBUG: mimi_encode: copying input data
DEBUG: mimi_encode: calling projected_transformer_graph_step
DEBUG: mimi_encode: calling scratch compute
DEBUG: mimi_encode: calling graph compute
DEBUG: mimi_encode: fetching codes
DEBUG: mimi_encode done
DEBUG: mimi_encode start, frame.size()=1920
DEBUG: mimi_encode: copying input data
DEBUG: mimi_encode: calling projected_transformer_graph_step
DEBUG: mimi_encode: calling scratch compute
DEBUG: mimi_encode: calling graph compute
DEBUG: mimi_encode: fetching codes
DEBUG: mimi_encode done
DEBUG: mimi_encode start, frame.size()=1920
DEBUG: mimi_encode: copying input data
DEBUG: mimi_encode: calling projected_transformer_graph_step
DEBUG: mimi_encode: calling scratch compute
DEBUG: mimi_encode: calling graph compute
DEBUG: mimi_encode: fetching codes
DEBUG: mimi_encode done
DEBUG: mimi_encode start, frame.size()=1920
DEBUG: mimi_encode: copying input data
DEBUG: mimi_encode: calling projected_transformer_graph_step
DEBUG: mimi_encode: calling scratch compute
DEBUG: mimi_encode: calling graph compute
DEBUG: mimi_encode: fetching codes
DEBUG: mimi_encode done
DEBUG: mimi_encode start, frame.size()=1920
DEBUG: mimi_encode: copying input data
DEBUG: mimi_encode: calling projected_transformer_graph_step
DEBUG: mimi_encode: calling scratch compute
DEBUG: mimi_encode: calling graph compute
DEBUG: mimi_encode: fetching codes
DEBUG: mimi_encode done
DEBUG: mimi_encode start, frame.size()=1920
DEBUG: mimi_encode: copying input data
DEBUG: mimi_encode: calling projected_transformer_graph_step
DEBUG: mimi_encode: calling scratch compute
DEBUG: mimi_encode: calling graph compute
DEBUG: mimi_encode: fetching codes
DEBUG: mimi_encode done
DEBUG: mimi_encode start, frame.size()=1920
DEBUG: mimi_encode: copying input data
DEBUG: mimi_encode: calling projected_transformer_graph_step
DEBUG: mimi_encode: calling scratch compute
DEBUG: mimi_encode: calling graph compute
DEBUG: mimi_encode: fetching codes
DEBUG: mimi_encode done
DEBUG: mimi_encode start, frame.size()=1920
DEBUG: mimi_encode: copying input data
DEBUG: mimi_encode: calling projected_transformer_graph_step
DEBUG: mimi_encode: calling scratch compute
DEBUG: mimi_encode: calling graph compute
DEBUG: mimi_encode: fetching codes
DEBUG: mimi_encode done
DEBUG: mimi_encode start, frame.size()=1920
DEBUG: mimi_encode: copying input data
DEBUG: mimi_encode: calling projected_transformer_graph_step
DEBUG: mimi_encode: calling scratch compute
DEBUG: mimi_encode: calling graph compute
DEBUG: mimi_encode: fetching codes
DEBUG: mimi_encode done
DEBUG: mimi_encode start, frame.size()=1920
DEBUG: mimi_encode: copying input data
DEBUG: mimi_encode: calling projected_transformer_graph_step
DEBUG: mimi_encode: calling scratch compute
DEBUG: mimi_encode: calling graph compute
DEBUG: mimi_encode: fetching codes
DEBUG: mimi_encode done
DEBUG: mimi_encode start, frame.size()=1920
DEBUG: mimi_encode: copying input data
DEBUG: mimi_encode: calling projected_transformer_graph_step
DEBUG: mimi_encode: calling scratch compute
DEBUG: mimi_encode: calling graph compute
DEBUG: mimi_encode: fetching codes
DEBUG: mimi_encode done
DEBUG: mimi_encode start, frame.size()=1920
DEBUG: mimi_encode: copying input data
DEBUG: mimi_encode: calling projected_transformer_graph_step
DEBUG: mimi_encode: calling scratch compute
DEBUG: mimi_encode: calling graph compute
DEBUG: mimi_encode: fetching codes
DEBUG: mimi_encode done
DEBUG: mimi_encode start, frame.size()=1920
DEBUG: mimi_encode: copying input data
DEBUG: mimi_encode: calling projected_transformer_graph_step
DEBUG: mimi_encode: calling scratch compute
DEBUG: mimi_encode: calling graph compute
DEBUG: mimi_encode: fetching codes
DEBUG: mimi_encode done
DEBUG: mimi_encode start, frame.size()=1920
DEBUG: mimi_encode: copying input data
DEBUG: mimi_encode: calling projected_transformer_graph_step
DEBUG: mimi_encode: calling scratch compute
DEBUG: mimi_encode: calling graph compute
DEBUG: mimi_encode: fetching codes
DEBUG: mimi_encode done
DEBUG: mimi_encode start, frame.size()=1920
DEBUG: mimi_encode: copying input data
DEBUG: mimi_encode: calling projected_transformer_graph_step
DEBUG: mimi_encode: calling scratch compute
DEBUG: mimi_encode: calling graph compute
DEBUG: mimi_encode: fetching codes
DEBUG: mimi_encode done
DEBUG: mimi_encode start, frame.size()=1920
DEBUG: mimi_encode: copying input data
DEBUG: mimi_encode: calling projected_transformer_graph_step
DEBUG: mimi_encode: calling scratch compute
DEBUG: mimi_encode: calling graph compute
DEBUG: mimi_encode: fetching codes
DEBUG: mimi_encode done
DEBUG: mimi_encode start, frame.size()=1920
DEBUG: mimi_encode: copying input data
DEBUG: mimi_encode: calling projected_transformer_graph_step
DEBUG: mimi_encode: calling scratch compute
DEBUG: mimi_encode: calling graph compute
DEBUG: mimi_encode: fetching codes
DEBUG: mimi_encode done
DEBUG: mimi_encode start, frame.size()=1920
DEBUG: mimi_encode: copying input data
DEBUG: mimi_encode: calling projected_transformer_graph_step
DEBUG: mimi_encode: calling scratch compute
DEBUG: mimi_encode: calling graph compute
DEBUG: mimi_encode: fetching codes
DEBUG: mimi_encode done
DEBUG: mimi_encode start, frame.size()=1920
DEBUG: mimi_encode: copying input data
DEBUG: mimi_encode: calling projected_transformer_graph_step
DEBUG: mimi_encode: calling scratch compute
DEBUG: mimi_encode: calling graph compute
DEBUG: mimi_encode: fetching codes
DEBUG: mimi_encode done
DEBUG: mimi_encode start, frame.size()=1920
DEBUG: mimi_encode: copying input data
DEBUG: mimi_encode: calling projected_transformer_graph_step
DEBUG: mimi_encode: calling scratch compute
DEBUG: mimi_encode: calling graph compute
DEBUG: mimi_encode: fetching codes
DEBUG: mimi_encode done
DEBUG: mimi_encode start, frame.size()=1920
DEBUG: mimi_encode: copying input data
DEBUG: mimi_encode: calling projected_transformer_graph_step
DEBUG: mimi_encode: calling scratch compute
DEBUG: mimi_encode: calling graph compute
DEBUG: mimi_encode: fetching codes
DEBUG: mimi_encode done
DEBUG: mimi_encode start, frame.size()=1920
DEBUG: mimi_encode: copying input data
DEBUG: mimi_encode: calling projected_transformer_graph_step
DEBUG: mimi_encode: calling scratch compute
DEBUG: mimi_encode: calling graph compute
DEBUG: mimi_encode: fetching codes
DEBUG: mimi_encode done
DEBUG: mimi_encode start, frame.size()=1920
DEBUG: mimi_encode: copying input data
DEBUG: mimi_encode: calling projected_transformer_graph_step
DEBUG: mimi_encode: calling scratch compute
DEBUG: mimi_encode: calling graph compute
DEBUG: mimi_encode: fetching codes
DEBUG: mimi_encode done
DEBUG: mimi_encode start, frame.size()=1920
DEBUG: mimi_encode: copying input data
DEBUG: mimi_encode: calling projected_transformer_graph_step
DEBUG: mimi_encode: calling scratch compute
DEBUG: mimi_encode: calling graph compute
DEBUG: mimi_encode: fetching codes
DEBUG: mimi_encode done
DEBUG: mimi_encode start, frame.size()=1920
DEBUG: mimi_encode: copying input data
DEBUG: mimi_encode: calling projected_transformer_graph_step
DEBUG: mimi_encode: calling scratch compute
DEBUG: mimi_encode: calling graph compute
DEBUG: mimi_encode: fetching codes
DEBUG: mimi_encode done
DEBUG: mimi_encode start, frame.size()=1920
DEBUG: mimi_encode: copying input data
DEBUG: mimi_encode: calling projected_transformer_graph_step
DEBUG: mimi_encode: calling scratch compute
DEBUG: mimi_encode: calling graph compute
DEBUG: mimi_encode: fetching codes
DEBUG: mimi_encode done
DEBUG: mimi_encode start, frame.size()=1920
DEBUG: mimi_encode: copying input data
DEBUG: mimi_encode: calling projected_transformer_graph_step
DEBUG: mimi_encode: calling scratch compute
DEBUG: mimi_encode: calling graph compute
DEBUG: mimi_encode: fetching codes
DEBUG: mimi_encode done
DEBUG: mimi_encode start, frame.size()=1920
DEBUG: mimi_encode: copying input data
DEBUG: mimi_encode: calling projected_transformer_graph_step
DEBUG: mimi_encode: calling scratch compute
DEBUG: mimi_encode: calling graph compute
DEBUG: mimi_encode: fetching codes
DEBUG: mimi_encode done
DEBUG: mimi_encode start, frame.size()=1920
DEBUG: mimi_encode: copying input data
DEBUG: mimi_encode: calling projected_transformer_graph_step
DEBUG: mimi_encode: calling scratch compute
DEBUG: mimi_encode: calling graph compute
DEBUG: mimi_encode: fetching codes
DEBUG: mimi_encode done
DEBUG: mimi_encode start, frame.size()=1920
DEBUG: mimi_encode: copying input data
DEBUG: mimi_encode: calling projected_transformer_graph_step
DEBUG: mimi_encode: calling scratch compute
DEBUG: mimi_encode: calling graph compute
DEBUG: mimi_encode: fetching codes
DEBUG: mimi_encode done
DEBUG: mimi_encode start, frame.size()=1920
DEBUG: mimi_encode: copying input data
DEBUG: mimi_encode: calling projected_transformer_graph_step
DEBUG: mimi_encode: calling scratch compute
DEBUG: mimi_encode: calling graph compute
DEBUG: mimi_encode: fetching codes
DEBUG: mimi_encode done
using audio prompt: /home/jovyan/work/BMO-Project-Repo/BMO-Project/BMO Voice Engine/personaplex-turbo2bit-experiment/data/voices/tellmeajoke_padded.wav
DEBUG: calling moshi_lm_start
DEBUG: moshi_lm_start starting
DEBUG: creating StateContext, backend=0x5e4b34c164f0
DEBUG: state_ctx created
DEBUG: kv_cache_type set to 2
DEBUG: calling moshi_lmmodel_states (default path)
DEBUG: moshi_lmmodel_states returned successfully
DEBUG: calling state_ctx->alloc()
DEBUG: calling state_ctx->init()
DEBUG: calling init (scratch)
DEBUG: creating gen->ctx ScratchContext
DEBUG: ScratchContext created
DEBUG: processing system prompts
DEBUG: before forward_text_build
DEBUG: inside forward_text_build - calling embed_build
DEBUG: inside forward_text_build - calling streaming_transformer_graph_build
DEBUG: moshi_streaming_transformer building layer 0 (second loop)
DEBUG:   - norm1
DEBUG:   - self_attn
DEBUG: torch_nn_linear: linear=0x5e4b358afb50, x=0x70d7de006610
DEBUG:   - weight=0x70d9e160e460 (transformer_layers_0_self_attn_in_proj_weight, type=12), bias=(nil) (NULL)
DEBUG:   - ggml_mul_mat returned y=0x70d7de006780
DEBUG: torch_nn_linear: linear=0x5e4b358afb90, x=0x70d7de00bf30
DEBUG:   - weight=0x70d9e160e5d0 (transformer_layers_0_self_attn_out_proj_weight, type=12), bias=(nil) (NULL)
DEBUG:   - ggml_mul_mat returned y=0x70d7de00c0a0
DEBUG:   - layer_scale_1
DEBUG:   - norm2
DEBUG:   - gating/ff
DEBUG: torch_nn_linear: linear=0x5e4b358afc10, x=0x70d7de00c4f0
DEBUG:   - weight=0x70d9e160e740 (transformer_layers_0_gating_linear_in_weight, type=40), bias=(nil) (NULL)
DEBUG:   - ggml_mul_mat returned y=0x70d7de00c660
DEBUG: torch_nn_linear: linear=0x5e4b358afc30, x=0x70d7de00cc20
DEBUG:   - weight=0x70d9e160e8b0 (transformer_layers_0_gating_linear_out_weight, type=40), bias=(nil) (NULL)
DEBUG:   - ggml_mul_mat returned y=0x70d7de00cd90
DEBUG:   - layer done
DEBUG: moshi_streaming_transformer building layer 1 (second loop)
DEBUG:   - norm1
DEBUG:   - self_attn
DEBUG: torch_nn_linear: linear=0x5e4b358afd20, x=0x70d7de00d1e0
DEBUG:   - weight=0x70d9e160ea20 (transformer_layers_1_self_attn_in_proj_weight, type=12), bias=(nil) (NULL)
DEBUG:   - ggml_mul_mat returned y=0x70d7de00d350
DEBUG: torch_nn_linear: linear=0x5e4b358afd60, x=0x70d7de012b00
DEBUG:   - weight=0x70d9e160eb90 (transformer_layers_1_self_attn_out_proj_weight, type=12), bias=(nil) (NULL)
DEBUG:   - ggml_mul_mat returned y=0x70d7de012c70
DEBUG:   - layer_scale_1
DEBUG:   - norm2
DEBUG:   - gating/ff
DEBUG: torch_nn_linear: linear=0x5e4b358afde0, x=0x70d7de0130c0
DEBUG:   - weight=0x70d9e160ed00 (transformer_layers_1_gating_linear_in_weight, type=40), bias=(nil) (NULL)
DEBUG:   - ggml_mul_mat returned y=0x70d7de013230
DEBUG: torch_nn_linear: linear=0x5e4b358afe00, x=0x70d7de0137f0
DEBUG:   - weight=0x70d9e160ee70 (transformer_layers_1_gating_linear_out_weight, type=40), bias=(nil) (NULL)
DEBUG:   - ggml_mul_mat returned y=0x70d7de013960
DEBUG:   - layer done
DEBUG: moshi_streaming_transformer building layer 2 (second loop)
DEBUG:   - norm1
DEBUG:   - self_attn
DEBUG: torch_nn_linear: linear=0x5e4b358afef0, x=0x70d7de013db0
DEBUG:   - weight=0x70d9e160efe0 (transformer_layers_2_self_attn_in_proj_weight, type=12), bias=(nil) (NULL)
DEBUG:   - ggml_mul_mat returned y=0x70d7de013f20
DEBUG: torch_nn_linear: linear=0x5e4b358aff30, x=0x70d7de0196d0
DEBUG:   - weight=0x70d9e160f150 (transformer_layers_2_self_attn_out_proj_weight, type=12), bias=(nil) (NULL)
DEBUG:   - ggml_mul_mat returned y=0x70d7de019840
DEBUG:   - layer_scale_1
DEBUG:   - norm2
DEBUG:   - gating/ff
DEBUG: torch_nn_linear: linear=0x5e4b358affb0, x=0x70d7de019c90
DEBUG:   - weight=0x70d9e160f2c0 (transformer_layers_2_gating_linear_in_weight, type=40), bias=(nil) (NULL)
DEBUG:   - ggml_mul_mat returned y=0x70d7de019e00
DEBUG: torch_nn_linear: linear=0x5e4b358b03a0, x=0x70d7de01a3c0
DEBUG:   - weight=0x70d9e160f430 (transformer_layers_2_gating_linear_out_weight, type=40), bias=(nil) (NULL)
DEBUG:   - ggml_mul_mat returned y=0x70d7de01a530
DEBUG:   - layer done
DEBUG: moshi_streaming_transformer building layer 3 (second loop)
DEBUG:   - norm1
DEBUG:   - self_attn
DEBUG: torch_nn_linear: linear=0x5e4b358b0490, x=0x70d7de01a980
DEBUG:   - weight=0x70d9e160f5a0 (transformer_layers_3_self_attn_in_proj_weight, type=12), bias=(nil) (NULL)
DEBUG:   - ggml_mul_mat returned y=0x70d7de01aaf0
DEBUG: torch_nn_linear: linear=0x5e4b358b04d0, x=0x70d7de0202a0
DEBUG:   - weight=0x70d9e160f710 (transformer_layers_3_self_attn_out_proj_weight, type=12), bias=(nil) (NULL)
DEBUG:   - ggml_mul_mat returned y=0x70d7de020410
DEBUG:   - layer_scale_1
DEBUG:   - norm2
DEBUG:   - gating/ff
DEBUG: torch_nn_linear: linear=0x5e4b358b0550, x=0x70d7de020860
DEBUG:   - weight=0x70d9e160f880 (transformer_layers_3_gating_linear_in_weight, type=40), bias=(nil) (NULL)
DEBUG:   - ggml_mul_mat returned y=0x70d7de0209d0
DEBUG: torch_nn_linear: linear=0x5e4b358b0570, x=0x70d7de020f90
DEBUG:   - weight=0x70d9e160f9f0 (transformer_layers_3_gating_linear_out_weight, type=40), bias=(nil) (NULL)
DEBUG:   - ggml_mul_mat returned y=0x70d7de021100
DEBUG:   - layer done
DEBUG: moshi_streaming_transformer building layer 4 (second loop)
DEBUG:   - norm1
DEBUG:   - self_attn
DEBUG: torch_nn_linear: linear=0x5e4b358b0660, x=0x70d7de021550
DEBUG:   - weight=0x70d9e160fb60 (transformer_layers_4_self_attn_in_proj_weight, type=12), bias=(nil) (NULL)
DEBUG:   - ggml_mul_mat returned y=0x70d7de0216c0
DEBUG: torch_nn_linear: linear=0x5e4b358b06a0, x=0x70d7de026e70
DEBUG:   - weight=0x70d9e160fcd0 (transformer_layers_4_self_attn_out_proj_weight, type=12), bias=(nil) (NULL)
DEBUG:   - ggml_mul_mat returned y=0x70d7de026fe0
DEBUG:   - layer_scale_1
DEBUG:   - norm2
DEBUG:   - gating/ff
DEBUG: torch_nn_linear: linear=0x5e4b358b0720, x=0x70d7de027430
DEBUG:   - weight=0x70d9e160fe40 (transformer_layers_4_gating_linear_in_weight, type=40), bias=(nil) (NULL)
DEBUG:   - ggml_mul_mat returned y=0x70d7de0275a0
DEBUG: torch_nn_linear: linear=0x5e4b358b0740, x=0x70d7de027b60
DEBUG:   - weight=0x70d9e160ffb0 (transformer_layers_4_gating_linear_out_weight, type=40), bias=(nil) (NULL)
DEBUG:   - ggml_mul_mat returned y=0x70d7de027cd0
DEBUG:   - layer done
DEBUG: moshi_streaming_transformer building layer 5 (second loop)
DEBUG:   - norm1
DEBUG:   - self_attn
DEBUG: torch_nn_linear: linear=0x5e4b358b0830, x=0x70d7de028120
DEBUG:   - weight=0x70d9e1610120 (transformer_layers_5_self_attn_in_proj_weight, type=12), bias=(nil) (NULL)
DEBUG:   - ggml_mul_mat returned y=0x70d7de028290
DEBUG: torch_nn_linear: linear=0x5e4b358b0870, x=0x70d7de02da40
DEBUG:   - weight=0x70d9e1610290 (transformer_layers_5_self_attn_out_proj_weight, type=12), bias=(nil) (NULL)
DEBUG:   - ggml_mul_mat returned y=0x70d7de02dbb0
DEBUG:   - layer_scale_1
DEBUG:   - norm2
DEBUG:   - gating/ff
DEBUG: torch_nn_linear: linear=0x5e4b358b08f0, x=0x70d7de02e000
DEBUG:   - weight=0x70d9e1610400 (transformer_layers_5_gating_linear_in_weight, type=40), bias=(nil) (NULL)
DEBUG:   - ggml_mul_mat returned y=0x70d7de02e170
DEBUG: torch_nn_linear: linear=0x5e4b358b0910, x=0x70d7de02e730
DEBUG:   - weight=0x70d9e1610570 (transformer_layers_5_gating_linear_out_weight, type=40), bias=(nil) (NULL)
DEBUG:   - ggml_mul_mat returned y=0x70d7de02e8a0
DEBUG:   - layer done
DEBUG: moshi_streaming_transformer building layer 6 (second loop)
DEBUG:   - norm1
DEBUG:   - self_attn
DEBUG: torch_nn_linear: linear=0x5e4b358b0a00, x=0x70d7de02ecf0
DEBUG:   - weight=0x70d9e16106e0 (transformer_layers_6_self_attn_in_proj_weight, type=12), bias=(nil) (NULL)
DEBUG:   - ggml_mul_mat returned y=0x70d7de02ee60
DEBUG: torch_nn_linear: linear=0x5e4b358b0a40, x=0x70d7de034610
DEBUG:   - weight=0x70d9e1610850 (transformer_layers_6_self_attn_out_proj_weight, type=12), bias=(nil) (NULL)
DEBUG:   - ggml_mul_mat returned y=0x70d7de034780
DEBUG:   - layer_scale_1
DEBUG:   - norm2
DEBUG:   - gating/ff
DEBUG: torch_nn_linear: linear=0x5e4b358b0ac0, x=0x70d7de034bd0
DEBUG:   - weight=0x70d9e16109c0 (transformer_layers_6_gating_linear_in_weight, type=40), bias=(nil) (NULL)
DEBUG:   - ggml_mul_mat returned y=0x70d7de034d40
DEBUG: torch_nn_linear: linear=0x5e4b358b0ae0, x=0x70d7de035300
DEBUG:   - weight=0x70d9e1610b30 (transformer_layers_6_gating_linear_out_weight, type=40), bias=(nil) (NULL)
DEBUG:   - ggml_mul_mat returned y=0x70d7de035470
DEBUG:   - layer done
DEBUG: moshi_streaming_transformer building layer 7 (second loop)
DEBUG:   - norm1
DEBUG:   - self_attn
DEBUG: torch_nn_linear: linear=0x5e4b358b0c40, x=0x70d7de0358c0
DEBUG:   - weight=0x70d9e1610ca0 (transformer_layers_7_self_attn_in_proj_weight, type=12), bias=(nil) (NULL)
DEBUG:   - ggml_mul_mat returned y=0x70d7de035a30
DEBUG: torch_nn_linear: linear=0x5e4b358b0c80, x=0x70d7de03b1e0
DEBUG:   - weight=0x70d9e1610e10 (transformer_layers_7_self_attn_out_proj_weight, type=12), bias=(nil) (NULL)
DEBUG:   - ggml_mul_mat returned y=0x70d7de03b350
DEBUG:   - layer_scale_1
DEBUG:   - norm2
DEBUG:   - gating/ff
DEBUG: torch_nn_linear: linear=0x5e4b358b0d00, x=0x70d7de03b7a0
DEBUG:   - weight=0x70d9e1610f80 (transformer_layers_7_gating_linear_in_weight, type=40), bias=(nil) (NULL)
DEBUG:   - ggml_mul_mat returned y=0x70d7de03b910
DEBUG: torch_nn_linear: linear=0x5e4b358b0d20, x=0x70d7de03bed0
DEBUG:   - weight=0x70d9e16110f0 (transformer_layers_7_gating_linear_out_weight, type=40), bias=(nil) (NULL)
DEBUG:   - ggml_mul_mat returned y=0x70d7de03c040
DEBUG:   - layer done
DEBUG: moshi_streaming_transformer building layer 8 (second loop)
DEBUG:   - norm1
DEBUG:   - self_attn
DEBUG: torch_nn_linear: linear=0x5e4b358b0e80, x=0x70d7de03c490
DEBUG:   - weight=0x70d9e1611260 (transformer_layers_8_self_attn_in_proj_weight, type=12), bias=(nil) (NULL)
DEBUG:   - ggml_mul_mat returned y=0x70d7de03c600
DEBUG: torch_nn_linear: linear=0x5e4b358b0ec0, x=0x70d7de041db0
DEBUG:   - weight=0x70d9e16113d0 (transformer_layers_8_self_attn_out_proj_weight, type=12), bias=(nil) (NULL)
DEBUG:   - ggml_mul_mat returned y=0x70d7de041f20
DEBUG:   - layer_scale_1
DEBUG:   - norm2
DEBUG:   - gating/ff
DEBUG: torch_nn_linear: linear=0x5e4b358b0f40, x=0x70d7de042370
DEBUG:   - weight=0x70d9e1611540 (transformer_layers_8_gating_linear_in_weight, type=40), bias=(nil) (NULL)
DEBUG:   - ggml_mul_mat returned y=0x70d7de0424e0
DEBUG: torch_nn_linear: linear=0x5e4b358b0f60, x=0x70d7de042aa0
DEBUG:   - weight=0x70d9e16116b0 (transformer_layers_8_gating_linear_out_weight, type=40), bias=(nil) (NULL)
DEBUG:   - ggml_mul_mat returned y=0x70d7de042c10
DEBUG:   - layer done
DEBUG: moshi_streaming_transformer building layer 9 (second loop)
DEBUG:   - norm1
DEBUG:   - self_attn
DEBUG: torch_nn_linear: linear=0x5e4b358b10c0, x=0x70d7de043060
DEBUG:   - weight=0x70d9e1611820 (transformer_layers_9_self_attn_in_proj_weight, type=12), bias=(nil) (NULL)
DEBUG:   - ggml_mul_mat returned y=0x70d7de0431d0
DEBUG: torch_nn_linear: linear=0x5e4b358b1100, x=0x70d7de048980
DEBUG:   - weight=0x70d9e1611990 (transformer_layers_9_self_attn_out_proj_weight, type=12), bias=(nil) (NULL)
DEBUG:   - ggml_mul_mat returned y=0x70d7de048af0
DEBUG:   - layer_scale_1
DEBUG:   - norm2
DEBUG:   - gating/ff
DEBUG: torch_nn_linear: linear=0x5e4b358b1180, x=0x70d7de048f40
DEBUG:   - weight=0x70d9e1611b00 (transformer_layers_9_gating_linear_in_weight, type=40), bias=(nil) (NULL)
DEBUG:   - ggml_mul_mat returned y=0x70d7de0490b0
DEBUG: torch_nn_linear: linear=0x5e4b358b11a0, x=0x70d7de049670
DEBUG:   - weight=0x70d9e1611c70 (transformer_layers_9_gating_linear_out_weight, type=40), bias=(nil) (NULL)
DEBUG:   - ggml_mul_mat returned y=0x70d7de0497e0
DEBUG:   - layer done
DEBUG: moshi_streaming_transformer building layer 10 (second loop)
DEBUG:   - norm1
DEBUG:   - self_attn
DEBUG: torch_nn_linear: linear=0x5e4b358b1300, x=0x70d7de049c30
DEBUG:   - weight=0x70d9e1611de0 (transformer_layers_10_self_attn_in_proj_weight, type=12), bias=(nil) (NULL)
DEBUG:   - ggml_mul_mat returned y=0x70d7de049da0
DEBUG: torch_nn_linear: linear=0x5e4b358b1340, x=0x70d7de04f550
DEBUG:   - weight=0x70d9e1611f50 (transformer_layers_10_self_attn_out_proj_weight, type=12), bias=(nil) (NULL)
DEBUG:   - ggml_mul_mat returned y=0x70d7de04f6c0
DEBUG:   - layer_scale_1
DEBUG:   - norm2
DEBUG:   - gating/ff
DEBUG: torch_nn_linear: linear=0x5e4b359567e0, x=0x70d7de04fb10
DEBUG:   - weight=0x70d9e16120c0 (transformer_layers_10_gating_linear_in_weight, type=40), bias=(nil) (NULL)
DEBUG:   - ggml_mul_mat returned y=0x70d7de04fc80
DEBUG: torch_nn_linear: linear=0x5e4b35956800, x=0x70d7de050240
DEBUG:   - weight=0x70d9e1612230 (transformer_layers_10_gating_linear_out_weight, type=40), bias=(nil) (NULL)
DEBUG:   - ggml_mul_mat returned y=0x70d7de0503b0
DEBUG:   - layer done
DEBUG: moshi_streaming_transformer building layer 11 (second loop)
DEBUG:   - norm1
DEBUG:   - self_attn
DEBUG: torch_nn_linear: linear=0x5e4b35956960, x=0x70d7de050800
DEBUG:   - weight=0x70d9e16123a0 (transformer_layers_11_self_attn_in_proj_weight, type=12), bias=(nil) (NULL)
DEBUG:   - ggml_mul_mat returned y=0x70d7de050970
DEBUG: torch_nn_linear: linear=0x5e4b359569a0, x=0x70d7de056120
DEBUG:   - weight=0x70d9e1612510 (transformer_layers_11_self_attn_out_proj_weight, type=12), bias=(nil) (NULL)
DEBUG:   - ggml_mul_mat returned y=0x70d7de056290
DEBUG:   - layer_scale_1
DEBUG:   - norm2
DEBUG:   - gating/ff
DEBUG: torch_nn_linear: linear=0x5e4b35956a20, x=0x70d7de0566e0
DEBUG:   - weight=0x70d9e1612680 (transformer_layers_11_gating_linear_in_weight, type=40), bias=(nil) (NULL)
DEBUG:   - ggml_mul_mat returned y=0x70d7de056850
DEBUG: torch_nn_linear: linear=0x5e4b35956a40, x=0x70d7de056e10
DEBUG:   - weight=0x70d9e16127f0 (transformer_layers_11_gating_linear_out_weight, type=40), bias=(nil) (NULL)
DEBUG:   - ggml_mul_mat returned y=0x70d7de056f80
DEBUG:   - layer done
DEBUG: moshi_streaming_transformer building layer 12 (second loop)
DEBUG:   - norm1
DEBUG:   - self_attn
DEBUG: torch_nn_linear: linear=0x5e4b35956ba0, x=0x70d7de0573d0
DEBUG:   - weight=0x70d9e1612960 (transformer_layers_12_self_attn_in_proj_weight, type=12), bias=(nil) (NULL)
DEBUG:   - ggml_mul_mat returned y=0x70d7de057540
DEBUG: torch_nn_linear: linear=0x5e4b35956be0, x=0x70d7de05ccf0
DEBUG:   - weight=0x70d9e1612ad0 (transformer_layers_12_self_attn_out_proj_weight, type=12), bias=(nil) (NULL)
DEBUG:   - ggml_mul_mat returned y=0x70d7de05ce60
DEBUG:   - layer_scale_1
DEBUG:   - norm2
DEBUG:   - gating/ff
DEBUG: torch_nn_linear: linear=0x5e4b35956c60, x=0x70d7de05d2b0
DEBUG:   - weight=0x70d9e1612c40 (transformer_layers_12_gating_linear_in_weight, type=40), bias=(nil) (NULL)
DEBUG:   - ggml_mul_mat returned y=0x70d7de05d420
DEBUG: torch_nn_linear: linear=0x5e4b35956c80, x=0x70d7de05d9e0
DEBUG:   - weight=0x70d9e1612db0 (transformer_layers_12_gating_linear_out_weight, type=40), bias=(nil) (NULL)
DEBUG:   - ggml_mul_mat returned y=0x70d7de05db50
DEBUG:   - layer done
DEBUG: moshi_streaming_transformer building layer 13 (second loop)
DEBUG:   - norm1
DEBUG:   - self_attn
DEBUG: torch_nn_linear: linear=0x5e4b35956de0, x=0x70d7de05dfa0
DEBUG:   - weight=0x70d9e1612f20 (transformer_layers_13_self_attn_in_proj_weight, type=12), bias=(nil) (NULL)
DEBUG:   - ggml_mul_mat returned y=0x70d7de05e110
DEBUG: torch_nn_linear: linear=0x5e4b35956e20, x=0x70d7de0638c0
DEBUG:   - weight=0x70d9e1613090 (transformer_layers_13_self_attn_out_proj_weight, type=12), bias=(nil) (NULL)
DEBUG:   - ggml_mul_mat returned y=0x70d7de063a30
DEBUG:   - layer_scale_1
DEBUG:   - norm2
DEBUG:   - gating/ff
DEBUG: torch_nn_linear: linear=0x5e4b35956ea0, x=0x70d7de063e80
DEBUG:   - weight=0x70d9e1613200 (transformer_layers_13_gating_linear_in_weight, type=40), bias=(nil) (NULL)
DEBUG:   - ggml_mul_mat returned y=0x70d7de063ff0
DEBUG: torch_nn_linear: linear=0x5e4b35956ec0, x=0x70d7de0645b0
DEBUG:   - weight=0x70d9e1613370 (transformer_layers_13_gating_linear_out_weight, type=40), bias=(nil) (NULL)
DEBUG:   - ggml_mul_mat returned y=0x70d7de064720
DEBUG:   - layer done
DEBUG: moshi_streaming_transformer building layer 14 (second loop)
DEBUG:   - norm1
DEBUG:   - self_attn
DEBUG: torch_nn_linear: linear=0x5e4b35957020, x=0x70d7de064b70
DEBUG:   - weight=0x70d9e16134e0 (transformer_layers_14_self_attn_in_proj_weight, type=12), bias=(nil) (NULL)
DEBUG:   - ggml_mul_mat returned y=0x70d7de064ce0
DEBUG: torch_nn_linear: linear=0x5e4b35957060, x=0x70d7de06a490
DEBUG:   - weight=0x70d9e1613650 (transformer_layers_14_self_attn_out_proj_weight, type=12), bias=(nil) (NULL)
DEBUG:   - ggml_mul_mat returned y=0x70d7de06a600
DEBUG:   - layer_scale_1
DEBUG:   - norm2
DEBUG:   - gating/ff
DEBUG: torch_nn_linear: linear=0x5e4b359570e0, x=0x70d7de06aa50
DEBUG:   - weight=0x70d9e16137c0 (transformer_layers_14_gating_linear_in_weight, type=40), bias=(nil) (NULL)
DEBUG:   - ggml_mul_mat returned y=0x70d7de06abc0
DEBUG: torch_nn_linear: linear=0x5e4b35957100, x=0x70d7de06b180
DEBUG:   - weight=0x70d9e1613930 (transformer_layers_14_gating_linear_out_weight, type=40), bias=(nil) (NULL)
DEBUG:   - ggml_mul_mat returned y=0x70d7de06b2f0
DEBUG:   - layer done
DEBUG: moshi_streaming_transformer building layer 15 (second loop)
DEBUG:   - norm1
DEBUG:   - self_attn
DEBUG: torch_nn_linear: linear=0x5e4b35957260, x=0x70d7de06b740
DEBUG:   - weight=0x70d9e1613aa0 (transformer_layers_15_self_attn_in_proj_weight, type=12), bias=(nil) (NULL)
DEBUG:   - ggml_mul_mat returned y=0x70d7de06b8b0
DEBUG: torch_nn_linear: linear=0x5e4b359572a0, x=0x70d7de071060
DEBUG:   - weight=0x70d9e1613c10 (transformer_layers_15_self_attn_out_proj_weight, type=12), bias=(nil) (NULL)
DEBUG:   - ggml_mul_mat returned y=0x70d7de0711d0
DEBUG:   - layer_scale_1
DEBUG:   - norm2
DEBUG:   - gating/ff
DEBUG: torch_nn_linear: linear=0x5e4b35957320, x=0x70d7de071620
DEBUG:   - weight=0x70d9e1613d80 (transformer_layers_15_gating_linear_in_weight, type=40), bias=(nil) (NULL)
DEBUG:   - ggml_mul_mat returned y=0x70d7de071790
DEBUG: torch_nn_linear: linear=0x5e4b35957340, x=0x70d7de071d50
DEBUG:   - weight=0x70d9e1613ef0 (transformer_layers_15_gating_linear_out_weight, type=40), bias=(nil) (NULL)
DEBUG:   - ggml_mul_mat returned y=0x70d7de071ec0
DEBUG:   - layer done
DEBUG: moshi_streaming_transformer building layer 16 (second loop)
DEBUG:   - norm1
DEBUG:   - self_attn
DEBUG: torch_nn_linear: linear=0x5e4b359574a0, x=0x70d7de072310
DEBUG:   - weight=0x70d9e1614060 (transformer_layers_16_self_attn_in_proj_weight, type=12), bias=(nil) (NULL)
DEBUG:   - ggml_mul_mat returned y=0x70d7de072480
DEBUG: torch_nn_linear: linear=0x5e4b359574e0, x=0x70d7de077c30
DEBUG:   - weight=0x70d9e16141d0 (transformer_layers_16_self_attn_out_proj_weight, type=12), bias=(nil) (NULL)
DEBUG:   - ggml_mul_mat returned y=0x70d7de077da0
DEBUG:   - layer_scale_1
DEBUG:   - norm2
DEBUG:   - gating/ff
DEBUG: torch_nn_linear: linear=0x5e4b35957560, x=0x70d7de0781f0
DEBUG:   - weight=0x70d9e1614340 (transformer_layers_16_gating_linear_in_weight, type=40), bias=(nil) (NULL)
DEBUG:   - ggml_mul_mat returned y=0x70d7de078360
DEBUG: torch_nn_linear: linear=0x5e4b35957580, x=0x70d7de078920
DEBUG:   - weight=0x70d9e16144b0 (transformer_layers_16_gating_linear_out_weight, type=40), bias=(nil) (NULL)
DEBUG:   - ggml_mul_mat returned y=0x70d7de078a90
DEBUG:   - layer done
DEBUG: moshi_streaming_transformer building layer 17 (second loop)
DEBUG:   - norm1
DEBUG:   - self_attn
DEBUG: torch_nn_linear: linear=0x5e4b359576e0, x=0x70d7de078ee0
DEBUG:   - weight=0x70d9e1614620 (transformer_layers_17_self_attn_in_proj_weight, type=12), bias=(nil) (NULL)
DEBUG:   - ggml_mul_mat returned y=0x70d7de079050
DEBUG: torch_nn_linear: linear=0x5e4b35957720, x=0x70d7de07e800
DEBUG:   - weight=0x70d9e1614790 (transformer_layers_17_self_attn_out_proj_weight, type=12), bias=(nil) (NULL)
DEBUG:   - ggml_mul_mat returned y=0x70d7de07e970
DEBUG:   - layer_scale_1
DEBUG:   - norm2
DEBUG:   - gating/ff
DEBUG: torch_nn_linear: linear=0x5e4b359577a0, x=0x70d7de07edc0
DEBUG:   - weight=0x70d9e1614900 (transformer_layers_17_gating_linear_in_weight, type=40), bias=(nil) (NULL)
DEBUG:   - ggml_mul_mat returned y=0x70d7de07ef30
DEBUG: torch_nn_linear: linear=0x5e4b359577c0, x=0x70d7de07f4f0
DEBUG:   - weight=0x70d9e1614a70 (transformer_layers_17_gating_linear_out_weight, type=40), bias=(nil) (NULL)
DEBUG:   - ggml_mul_mat returned y=0x70d7de07f660
DEBUG:   - layer done
DEBUG: moshi_streaming_transformer building layer 18 (second loop)
DEBUG:   - norm1
DEBUG:   - self_attn
DEBUG: torch_nn_linear: linear=0x5e4b35957920, x=0x70d7de07fab0
DEBUG:   - weight=0x70d9e1614be0 (transformer_layers_18_self_attn_in_proj_weight, type=12), bias=(nil) (NULL)
DEBUG:   - ggml_mul_mat returned y=0x70d7de07fc20
DEBUG: torch_nn_linear: linear=0x5e4b35957960, x=0x70d7de0853d0
DEBUG:   - weight=0x70d9e1614d50 (transformer_layers_18_self_attn_out_proj_weight, type=12), bias=(nil) (NULL)
DEBUG:   - ggml_mul_mat returned y=0x70d7de085540
DEBUG:   - layer_scale_1
DEBUG:   - norm2
DEBUG:   - gating/ff
DEBUG: torch_nn_linear: linear=0x5e4b359579e0, x=0x70d7de085990
DEBUG:   - weight=0x70d9e1614ec0 (transformer_layers_18_gating_linear_in_weight, type=40), bias=(nil) (NULL)
DEBUG:   - ggml_mul_mat returned y=0x70d7de085b00
DEBUG: torch_nn_linear: linear=0x5e4b35957a00, x=0x70d7de0860c0
DEBUG:   - weight=0x70d9e1615030 (transformer_layers_18_gating_linear_out_weight, type=40), bias=(nil) (NULL)
DEBUG:   - ggml_mul_mat returned y=0x70d7de086230
DEBUG:   - layer done
DEBUG: moshi_streaming_transformer building layer 19 (second loop)
DEBUG:   - norm1
DEBUG:   - self_attn
DEBUG: torch_nn_linear: linear=0x5e4b35957b60, x=0x70d7de086680
DEBUG:   - weight=0x70d9e16151a0 (transformer_layers_19_self_attn_in_proj_weight, type=12), bias=(nil) (NULL)
DEBUG:   - ggml_mul_mat returned y=0x70d7de0867f0
DEBUG: torch_nn_linear: linear=0x5e4b35957ba0, x=0x70d7de08bfa0
DEBUG:   - weight=0x70d9e1615310 (transformer_layers_19_self_attn_out_proj_weight, type=12), bias=(nil) (NULL)
DEBUG:   - ggml_mul_mat returned y=0x70d7de08c110
DEBUG:   - layer_scale_1
DEBUG:   - norm2
DEBUG:   - gating/ff
DEBUG: torch_nn_linear: linear=0x5e4b35957c20, x=0x70d7de08c560
DEBUG:   - weight=0x70d9e1615480 (transformer_layers_19_gating_linear_in_weight, type=40), bias=(nil) (NULL)
DEBUG:   - ggml_mul_mat returned y=0x70d7de08c6d0
DEBUG: torch_nn_linear: linear=0x5e4b35957c40, x=0x70d7de08cc90
DEBUG:   - weight=0x70d9e16155f0 (transformer_layers_19_gating_linear_out_weight, type=40), bias=(nil) (NULL)
DEBUG:   - ggml_mul_mat returned y=0x70d7de08ce00
DEBUG:   - layer done
DEBUG: moshi_streaming_transformer building layer 20 (second loop)
DEBUG:   - norm1
DEBUG:   - self_attn
DEBUG: torch_nn_linear: linear=0x5e4b35957da0, x=0x70d7de08d250
DEBUG:   - weight=0x70d9e1615760 (transformer_layers_20_self_attn_in_proj_weight, type=12), bias=(nil) (NULL)
DEBUG:   - ggml_mul_mat returned y=0x70d7de08d3c0
DEBUG: torch_nn_linear: linear=0x5e4b35957de0, x=0x70d7de092b70
DEBUG:   - weight=0x70d9e16158d0 (transformer_layers_20_self_attn_out_proj_weight, type=12), bias=(nil) (NULL)
DEBUG:   - ggml_mul_mat returned y=0x70d7de092ce0
DEBUG:   - layer_scale_1
DEBUG:   - norm2
DEBUG:   - gating/ff
DEBUG: torch_nn_linear: linear=0x5e4b35957e60, x=0x70d7de093130
DEBUG:   - weight=0x70d9e1615a40 (transformer_layers_20_gating_linear_in_weight, type=40), bias=(nil) (NULL)
DEBUG:   - ggml_mul_mat returned y=0x70d7de0932a0
DEBUG: torch_nn_linear: linear=0x5e4b35957e80, x=0x70d7de093860
DEBUG:   - weight=0x70d9e1615bb0 (transformer_layers_20_gating_linear_out_weight, type=40), bias=(nil) (NULL)
DEBUG:   - ggml_mul_mat returned y=0x70d7de0939d0
DEBUG:   - layer done
DEBUG: moshi_streaming_transformer building layer 21 (second loop)
DEBUG:   - norm1
DEBUG:   - self_attn
DEBUG: torch_nn_linear: linear=0x5e4b35957fe0, x=0x70d7de093e20
DEBUG:   - weight=0x70d9e1615d20 (transformer_layers_21_self_attn_in_proj_weight, type=12), bias=(nil) (NULL)
DEBUG:   - ggml_mul_mat returned y=0x70d7de093f90
DEBUG: torch_nn_linear: linear=0x5e4b35958020, x=0x70d7de099740
DEBUG:   - weight=0x70d9e1615e90 (transformer_layers_21_self_attn_out_proj_weight, type=12), bias=(nil) (NULL)
DEBUG:   - ggml_mul_mat returned y=0x70d7de0998b0
DEBUG:   - layer_scale_1
DEBUG:   - norm2
DEBUG:   - gating/ff
DEBUG: torch_nn_linear: linear=0x5e4b359580a0, x=0x70d7de099d00
DEBUG:   - weight=0x70d9e1616000 (transformer_layers_21_gating_linear_in_weight, type=40), bias=(nil) (NULL)
DEBUG:   - ggml_mul_mat returned y=0x70d7de099e70
DEBUG: torch_nn_linear: linear=0x5e4b359580c0, x=0x70d7de09a430
DEBUG:   - weight=0x70d9e1616170 (transformer_layers_21_gating_linear_out_weight, type=40), bias=(nil) (NULL)
DEBUG:   - ggml_mul_mat returned y=0x70d7de09a5a0
DEBUG:   - layer done
DEBUG: moshi_streaming_transformer building layer 22 (second loop)
DEBUG:   - norm1
DEBUG:   - self_attn
DEBUG: torch_nn_linear: linear=0x5e4b35958220, x=0x70d7de09a9f0
DEBUG:   - weight=0x70d9e16162e0 (transformer_layers_22_self_attn_in_proj_weight, type=12), bias=(nil) (NULL)
DEBUG:   - ggml_mul_mat returned y=0x70d7de09ab60
DEBUG: torch_nn_linear: linear=0x5e4b35958260, x=0x70d7de0a0310
DEBUG:   - weight=0x70d9e1616450 (transformer_layers_22_self_attn_out_proj_weight, type=12), bias=(nil) (NULL)
DEBUG:   - ggml_mul_mat returned y=0x70d7de0a0480
DEBUG:   - layer_scale_1
DEBUG:   - norm2
DEBUG:   - gating/ff
DEBUG: torch_nn_linear: linear=0x5e4b359582e0, x=0x70d7de0a08d0
DEBUG:   - weight=0x70d9e16165c0 (transformer_layers_22_gating_linear_in_weight, type=40), bias=(nil) (NULL)
DEBUG:   - ggml_mul_mat returned y=0x70d7de0a0a40
DEBUG: torch_nn_linear: linear=0x5e4b35958300, x=0x70d7de0a1000
DEBUG:   - weight=0x70d9e1616730 (transformer_layers_22_gating_linear_out_weight, type=40), bias=(nil) (NULL)
DEBUG:   - ggml_mul_mat returned y=0x70d7de0a1170
DEBUG:   - layer done
DEBUG: moshi_streaming_transformer building layer 23 (second loop)
DEBUG:   - norm1
DEBUG:   - self_attn
DEBUG: torch_nn_linear: linear=0x5e4b35958460, x=0x70d7de0a15c0
DEBUG:   - weight=0x70d9e16168a0 (transformer_layers_23_self_attn_in_proj_weight, type=12), bias=(nil) (NULL)
DEBUG:   - ggml_mul_mat returned y=0x70d7de0a1730
DEBUG: torch_nn_linear: linear=0x5e4b359584a0, x=0x70d7de0a6ee0
DEBUG:   - weight=0x70d9e1616a10 (transformer_layers_23_self_attn_out_proj_weight, type=12), bias=(nil) (NULL)
DEBUG:   - ggml_mul_mat returned y=0x70d7de0a7050
DEBUG:   - layer_scale_1
DEBUG:   - norm2
DEBUG:   - gating/ff
DEBUG: torch_nn_linear: linear=0x5e4b35958520, x=0x70d7de0a74a0
DEBUG:   - weight=0x70d9e1616b80 (transformer_layers_23_gating_linear_in_weight, type=40), bias=(nil) (NULL)
DEBUG:   - ggml_mul_mat returned y=0x70d7de0a7610
DEBUG: torch_nn_linear: linear=0x5e4b35958540, x=0x70d7de0a7bd0
DEBUG:   - weight=0x70d9e1616cf0 (transformer_layers_23_gating_linear_out_weight, type=40), bias=(nil) (NULL)
DEBUG:   - ggml_mul_mat returned y=0x70d7de0a7d40
DEBUG:   - layer done
DEBUG: moshi_streaming_transformer building layer 24 (second loop)
DEBUG:   - norm1
DEBUG:   - self_attn
DEBUG: torch_nn_linear: linear=0x5e4b359586a0, x=0x70d7de0a8190
DEBUG:   - weight=0x70d9e1616e60 (transformer_layers_24_self_attn_in_proj_weight, type=12), bias=(nil) (NULL)
DEBUG:   - ggml_mul_mat returned y=0x70d7de0a8300
DEBUG: torch_nn_linear: linear=0x5e4b359586e0, x=0x70d7de0adab0
DEBUG:   - weight=0x70d9e1616fd0 (transformer_layers_24_self_attn_out_proj_weight, type=12), bias=(nil) (NULL)
DEBUG:   - ggml_mul_mat returned y=0x70d7de0adc20
DEBUG:   - layer_scale_1
DEBUG:   - norm2
DEBUG:   - gating/ff
DEBUG: torch_nn_linear: linear=0x5e4b35958760, x=0x70d7de0ae070
DEBUG:   - weight=0x70d9e1617140 (transformer_layers_24_gating_linear_in_weight, type=40), bias=(nil) (NULL)
DEBUG:   - ggml_mul_mat returned y=0x70d7de0ae1e0
DEBUG: torch_nn_linear: linear=0x5e4b35958780, x=0x70d7de0ae7a0
DEBUG:   - weight=0x70d9e16172b0 (transformer_layers_24_gating_linear_out_weight, type=40), bias=(nil) (NULL)
DEBUG:   - ggml_mul_mat returned y=0x70d7de0ae910
DEBUG:   - layer done
DEBUG: moshi_streaming_transformer building layer 25 (second loop)
DEBUG:   - norm1
DEBUG:   - self_attn
DEBUG: torch_nn_linear: linear=0x5e4b359588e0, x=0x70d7de0aed60
DEBUG:   - weight=0x70d9e1617420 (transformer_layers_25_self_attn_in_proj_weight, type=12), bias=(nil) (NULL)
DEBUG:   - ggml_mul_mat returned y=0x70d7de0aeed0
DEBUG: torch_nn_linear: linear=0x5e4b35958920, x=0x70d7de0b4680
DEBUG:   - weight=0x70d9e1617590 (transformer_layers_25_self_attn_out_proj_weight, type=12), bias=(nil) (NULL)
DEBUG:   - ggml_mul_mat returned y=0x70d7de0b47f0
DEBUG:   - layer_scale_1
DEBUG:   - norm2
DEBUG:   - gating/ff
DEBUG: torch_nn_linear: linear=0x5e4b359589a0, x=0x70d7de0b4c40
DEBUG:   - weight=0x70d9e1617700 (transformer_layers_25_gating_linear_in_weight, type=40), bias=(nil) (NULL)
DEBUG:   - ggml_mul_mat returned y=0x70d7de0b4db0
DEBUG: torch_nn_linear: linear=0x5e4b359589c0, x=0x70d7de0b5370
DEBUG:   - weight=0x70d9e1617870 (transformer_layers_25_gating_linear_out_weight, type=40), bias=(nil) (NULL)
DEBUG:   - ggml_mul_mat returned y=0x70d7de0b54e0
DEBUG:   - layer done
DEBUG: moshi_streaming_transformer building layer 26 (second loop)
DEBUG:   - norm1
DEBUG:   - self_attn
DEBUG: torch_nn_linear: linear=0x5e4b35958b20, x=0x70d7de0b5930
DEBUG:   - weight=0x70d9e16179e0 (transformer_layers_26_self_attn_in_proj_weight, type=12), bias=(nil) (NULL)
DEBUG:   - ggml_mul_mat returned y=0x70d7de0b5aa0
DEBUG: torch_nn_linear: linear=0x5e4b35958b60, x=0x70d7de0bb250
DEBUG:   - weight=0x70d9e1617b50 (transformer_layers_26_self_attn_out_proj_weight, type=12), bias=(nil) (NULL)
DEBUG:   - ggml_mul_mat returned y=0x70d7de0bb3c0
DEBUG:   - layer_scale_1
DEBUG:   - norm2
DEBUG:   - gating/ff
DEBUG: torch_nn_linear: linear=0x5e4b35958be0, x=0x70d7de0bb810
DEBUG:   - weight=0x70d9e1617cc0 (transformer_layers_26_gating_linear_in_weight, type=40), bias=(nil) (NULL)
DEBUG:   - ggml_mul_mat returned y=0x70d7de0bb980
DEBUG: torch_nn_linear: linear=0x5e4b35958c00, x=0x70d7de0bbf40
DEBUG:   - weight=0x70d9e1617e30 (transformer_layers_26_gating_linear_out_weight, type=40), bias=(nil) (NULL)
DEBUG:   - ggml_mul_mat returned y=0x70d7de0bc0b0
DEBUG:   - layer done
DEBUG: moshi_streaming_transformer building layer 27 (second loop)
DEBUG:   - norm1
DEBUG:   - self_attn
DEBUG: torch_nn_linear: linear=0x5e4b35958d60, x=0x70d7de0bc500
DEBUG:   - weight=0x70d9e1617fa0 (transformer_layers_27_self_attn_in_proj_weight, type=12), bias=(nil) (NULL)
DEBUG:   - ggml_mul_mat returned y=0x70d7de0bc670
DEBUG: torch_nn_linear: linear=0x5e4b35958da0, x=0x70d7de0c1e20
DEBUG:   - weight=0x70d9e1618110 (transformer_layers_27_self_attn_out_proj_weight, type=12), bias=(nil) (NULL)
DEBUG:   - ggml_mul_mat returned y=0x70d7de0c1f90
DEBUG:   - layer_scale_1
DEBUG:   - norm2
DEBUG:   - gating/ff
DEBUG: torch_nn_linear: linear=0x5e4b35958e20, x=0x70d7de0c23e0
DEBUG:   - weight=0x70d9e1618280 (transformer_layers_27_gating_linear_in_weight, type=40), bias=(nil) (NULL)
DEBUG:   - ggml_mul_mat returned y=0x70d7de0c2550
DEBUG: torch_nn_linear: linear=0x5e4b35958e40, x=0x70d7de0c2b10
DEBUG:   - weight=0x70d9e16183f0 (transformer_layers_27_gating_linear_out_weight, type=40), bias=(nil) (NULL)
DEBUG:   - ggml_mul_mat returned y=0x70d7de0c2c80
DEBUG:   - layer done
DEBUG: moshi_streaming_transformer building layer 28 (second loop)
DEBUG:   - norm1
DEBUG:   - self_attn
DEBUG: torch_nn_linear: linear=0x5e4b35958fa0, x=0x70d7de0c30d0
DEBUG:   - weight=0x70d9e1618560 (transformer_layers_28_self_attn_in_proj_weight, type=12), bias=(nil) (NULL)
DEBUG:   - ggml_mul_mat returned y=0x70d7de0c3240
DEBUG: torch_nn_linear: linear=0x5e4b35958fe0, x=0x70d7de0c89f0
DEBUG:   - weight=0x70d9e16186d0 (transformer_layers_28_self_attn_out_proj_weight, type=12), bias=(nil) (NULL)
DEBUG:   - ggml_mul_mat returned y=0x70d7de0c8b60
DEBUG:   - layer_scale_1
DEBUG:   - norm2
DEBUG:   - gating/ff
DEBUG: torch_nn_linear: linear=0x5e4b35959060, x=0x70d7de0c8fb0
DEBUG:   - weight=0x70d9e1618840 (transformer_layers_28_gating_linear_in_weight, type=40), bias=(nil) (NULL)
DEBUG:   - ggml_mul_mat returned y=0x70d7de0c9120
DEBUG: torch_nn_linear: linear=0x5e4b35959080, x=0x70d7de0c96e0
DEBUG:   - weight=0x70d9e16189b0 (transformer_layers_28_gating_linear_out_weight, type=40), bias=(nil) (NULL)
DEBUG:   - ggml_mul_mat returned y=0x70d7de0c9850
DEBUG:   - layer done
DEBUG: moshi_streaming_transformer building layer 29 (second loop)
DEBUG:   - norm1
DEBUG:   - self_attn
DEBUG: torch_nn_linear: linear=0x5e4b359591e0, x=0x70d7de0c9ca0
DEBUG:   - weight=0x70d9e1618b20 (transformer_layers_29_self_attn_in_proj_weight, type=12), bias=(nil) (NULL)
DEBUG:   - ggml_mul_mat returned y=0x70d7de0c9e10
DEBUG: torch_nn_linear: linear=0x5e4b35959220, x=0x70d7de0cf5c0
DEBUG:   - weight=0x70d9e1618c90 (transformer_layers_29_self_attn_out_proj_weight, type=12), bias=(nil) (NULL)
DEBUG:   - ggml_mul_mat returned y=0x70d7de0cf730
DEBUG:   - layer_scale_1
DEBUG:   - norm2
DEBUG:   - gating/ff
DEBUG: torch_nn_linear: linear=0x5e4b359592a0, x=0x70d7de0cfb80
DEBUG:   - weight=0x70d9e1618e00 (transformer_layers_29_gating_linear_in_weight, type=40), bias=(nil) (NULL)
DEBUG:   - ggml_mul_mat returned y=0x70d7de0cfcf0
DEBUG: torch_nn_linear: linear=0x5e4b359592c0, x=0x70d7de0d02b0
DEBUG:   - weight=0x70d9e1618f70 (transformer_layers_29_gating_linear_out_weight, type=40), bias=(nil) (NULL)
DEBUG:   - ggml_mul_mat returned y=0x70d7de0d0420
DEBUG:   - layer done
DEBUG: moshi_streaming_transformer building layer 30 (second loop)
DEBUG:   - norm1
DEBUG:   - self_attn
DEBUG: torch_nn_linear: linear=0x5e4b35959420, x=0x70d7de0d0870
DEBUG:   - weight=0x70d9e16190e0 (transformer_layers_30_self_attn_in_proj_weight, type=12), bias=(nil) (NULL)
DEBUG:   - ggml_mul_mat returned y=0x70d7de0d09e0
DEBUG: torch_nn_linear: linear=0x5e4b35959460, x=0x70d7de0d6190
DEBUG:   - weight=0x70d9e1619250 (transformer_layers_30_self_attn_out_proj_weight, type=12), bias=(nil) (NULL)
DEBUG:   - ggml_mul_mat returned y=0x70d7de0d6300
DEBUG:   - layer_scale_1
DEBUG:   - norm2
DEBUG:   - gating/ff
DEBUG: torch_nn_linear: linear=0x5e4b359594e0, x=0x70d7de0d6750
DEBUG:   - weight=0x70d9e16193c0 (transformer_layers_30_gating_linear_in_weight, type=40), bias=(nil) (NULL)
DEBUG:   - ggml_mul_mat returned y=0x70d7de0d68c0
DEBUG: torch_nn_linear: linear=0x5e4b35959500, x=0x70d7de0d6e80
DEBUG:   - weight=0x70d9e1619530 (transformer_layers_30_gating_linear_out_weight, type=40), bias=(nil) (NULL)
DEBUG:   - ggml_mul_mat returned y=0x70d7de0d6ff0
DEBUG:   - layer done
DEBUG: moshi_streaming_transformer building layer 31 (second loop)
DEBUG:   - norm1
DEBUG:   - self_attn
DEBUG: torch_nn_linear: linear=0x5e4b35959660, x=0x70d7de0d7440
DEBUG:   - weight=0x5e4b3593cc90 (transformer_layers_31_self_attn_in_proj_weight, type=1), bias=(nil) (NULL)
DEBUG:   - ggml_mul_mat returned y=0x70d7de0d75b0
DEBUG: torch_nn_linear: linear=0x5e4b359596a0, x=0x70d7de0dcd60
DEBUG:   - weight=0x5e4b358cd4a0 (transformer_layers_31_self_attn_out_proj_weight, type=1), bias=(nil) (NULL)
DEBUG:   - ggml_mul_mat returned y=0x70d7de0dced0
DEBUG:   - layer_scale_1
DEBUG:   - norm2
DEBUG:   - gating/ff
DEBUG: torch_nn_linear: linear=0x5e4b35959720, x=0x70d7de0dd320
DEBUG:   - weight=0x5e4b3593ce00 (transformer_layers_31_gating_linear_in_weight, type=1), bias=(nil) (NULL)
DEBUG:   - ggml_mul_mat returned y=0x70d7de0dd490
DEBUG: torch_nn_linear: linear=0x5e4b35959740, x=0x70d7de0dda50
DEBUG:   - weight=0x5e4b3593cf70 (transformer_layers_31_gating_linear_out_weight, type=1), bias=(nil) (NULL)
DEBUG:   - ggml_mul_mat returned y=0x70d7de0ddbc0
DEBUG:   - layer done
DEBUG: inside forward_text_build - calling torch_nn_linear
DEBUG: torch_nn_linear: linear=0x5e4b35a0a9d0, x=0x70d7de0de010
DEBUG:   - weight=0x5e4b359564d0 (text_linear.weight, type=2), bias=(nil) (NULL)
DEBUG:   - ggml_mul_mat returned y=0x70d7de0de180
DEBUG: after forward_text_build
DEBUG: before graph.alloc()
DEBUG: after graph.alloc()
DEBUG: before forward_text_step
DEBUG: after forward_text_step
DEBUG: before scratch.compute()
DEBUG: after scratch.compute()
DEBUG: before graph.compute()
DEBUG: after graph.compute()
DEBUG: torch_nn_linear: linear=0x5e4b35a0aaa0, x=0x5e4b36959440
DEBUG:   - weight=0x5e4b359508d0 (depformer_in.0.weight, type=2), bias=(nil) (NULL)
DEBUG:   - ggml_mul_mat returned y=0x70d7cdffd790
DEBUG: moshi_streaming_transformer building layer 0 (first loop)
DEBUG:   - norm1
DEBUG:   - self_attn
DEBUG: torch_nn_linear: linear=0x5e4b35959b10, x=0x70d7cdffe310
DEBUG:   - weight=0x70d9e15fd060 (depformer_layers_0_self_attn_in_proj_weight (view), type=2), bias=(nil) (NULL)
DEBUG:   - ggml_mul_mat returned y=0x70d7cdffe480
DEBUG: torch_nn_linear: linear=0x5e4b35959b30, x=0x70d7ce001280
DEBUG:   - weight=0x70d9e15fe760 (depformer_layers_0_self_attn_out_proj_weight (view), type=2), bias=(nil) (NULL)
DEBUG:   - ggml_mul_mat returned y=0x70d7ce0013f0
DEBUG:   - layer_scale_1
DEBUG:   - norm2
DEBUG:   - gating/ff
DEBUG: torch_nn_linear: linear=0x5e4b35959b70, x=0x70d7ce0019b0
DEBUG:   - weight=0x5e4b3593d6a0 (depformer_layers_0_gating_0_linear_in_weight, type=2), bias=(nil) (NULL)
DEBUG:   - ggml_mul_mat returned y=0x70d7ce001b20
DEBUG: torch_nn_linear: linear=0x5e4b35959b90, x=0x70d7ce0020e0
DEBUG:   - weight=0x5e4b3593d810 (depformer_layers_0_gating_0_linear_out_weight, type=2), bias=(nil) (NULL)
DEBUG:   - ggml_mul_mat returned y=0x70d7ce002250
DEBUG:   - layer done
DEBUG: moshi_streaming_transformer building layer 1 (first loop)
DEBUG:   - norm1
DEBUG:   - self_attn
DEBUG: torch_nn_linear: linear=0x5e4b3595a800, x=0x70d7ce002810
DEBUG:   - weight=0x70d9e15ffe60 (depformer_layers_1_self_attn_in_proj_weight (view), type=2), bias=(nil) (NULL)
DEBUG:   - ggml_mul_mat returned y=0x70d7ce002980
DEBUG: torch_nn_linear: linear=0x5e4b3595a820, x=0x70d7ce005780
DEBUG:   - weight=0x70d9e1601560 (depformer_layers_1_self_attn_out_proj_weight (view), type=2), bias=(nil) (NULL)
DEBUG:   - ggml_mul_mat returned y=0x70d7ce0058f0
DEBUG:   - layer_scale_1
DEBUG:   - norm2
DEBUG:   - gating/ff
DEBUG: torch_nn_linear: linear=0x5e4b3595a860, x=0x70d7ce005eb0
DEBUG:   - weight=0x5e4b35940a60 (depformer_layers_1_gating_0_linear_in_weight, type=2), bias=(nil) (NULL)
DEBUG:   - ggml_mul_mat returned y=0x70d7ce006020
DEBUG: torch_nn_linear: linear=0x5e4b3595a880, x=0x70d7ce0065e0
DEBUG:   - weight=0x5e4b35940bd0 (depformer_layers_1_gating_0_linear_out_weight, type=2), bias=(nil) (NULL)
DEBUG:   - ggml_mul_mat returned y=0x70d7ce006750
DEBUG:   - layer done
DEBUG: moshi_streaming_transformer building layer 2 (first loop)
DEBUG:   - norm1
DEBUG:   - self_attn
DEBUG: torch_nn_linear: linear=0x5e4b3595b4f0, x=0x70d7ce006d10
DEBUG:   - weight=0x70d9e1602c60 (depformer_layers_2_self_attn_in_proj_weight (view), type=2), bias=(nil) (NULL)
DEBUG:   - ggml_mul_mat returned y=0x70d7ce006e80
DEBUG: torch_nn_linear: linear=0x5e4b3595b510, x=0x70d7ce009c80
DEBUG:   - weight=0x70d9e1604360 (depformer_layers_2_self_attn_out_proj_weight (view), type=2), bias=(nil) (NULL)
DEBUG:   - ggml_mul_mat returned y=0x70d7ce009df0
DEBUG:   - layer_scale_1
DEBUG:   - norm2
DEBUG:   - gating/ff
DEBUG: torch_nn_linear: linear=0x5e4b3595b550, x=0x70d7ce00a3b0
DEBUG:   - weight=0x5e4b35943e20 (depformer_layers_2_gating_0_linear_in_weight, type=2), bias=(nil) (NULL)
DEBUG:   - ggml_mul_mat returned y=0x70d7ce00a520
DEBUG: torch_nn_linear: linear=0x5e4b3595b570, x=0x70d7ce00aae0
DEBUG:   - weight=0x5e4b35943f90 (depformer_layers_2_gating_0_linear_out_weight, type=2), bias=(nil) (NULL)
DEBUG:   - ggml_mul_mat returned y=0x70d7ce00ac50
DEBUG:   - layer done
DEBUG: moshi_streaming_transformer building layer 3 (first loop)
DEBUG:   - norm1
DEBUG:   - self_attn
DEBUG: torch_nn_linear: linear=0x5e4b3595c1e0, x=0x70d7ce00b210
DEBUG:   - weight=0x70d9e1605a60 (depformer_layers_3_self_attn_in_proj_weight (view), type=2), bias=(nil) (NULL)
DEBUG:   - ggml_mul_mat returned y=0x70d7ce00b380
DEBUG: torch_nn_linear: linear=0x5e4b3595c200, x=0x70d7ce00e180
DEBUG:   - weight=0x70d9e1607160 (depformer_layers_3_self_attn_out_proj_weight (view), type=2), bias=(nil) (NULL)
DEBUG:   - ggml_mul_mat returned y=0x70d7ce00e2f0
DEBUG:   - layer_scale_1
DEBUG:   - norm2
DEBUG:   - gating/ff
DEBUG: torch_nn_linear: linear=0x5e4b3595c240, x=0x70d7ce00e8b0
DEBUG:   - weight=0x5e4b359471e0 (depformer_layers_3_gating_0_linear_in_weight, type=2), bias=(nil) (NULL)
DEBUG:   - ggml_mul_mat returned y=0x70d7ce00ea20
DEBUG: torch_nn_linear: linear=0x5e4b3595c260, x=0x70d7ce00efe0
DEBUG:   - weight=0x5e4b35947350 (depformer_layers_3_gating_0_linear_out_weight, type=2), bias=(nil) (NULL)
DEBUG:   - ggml_mul_mat returned y=0x70d7ce00f150
DEBUG:   - layer done
DEBUG: moshi_streaming_transformer building layer 4 (first loop)
DEBUG:   - norm1
DEBUG:   - self_attn
DEBUG: torch_nn_linear: linear=0x5e4b35a08ef0, x=0x70d7ce00f710
DEBUG:   - weight=0x70d9e1608860 (depformer_layers_4_self_attn_in_proj_weight (view), type=2), bias=(nil) (NULL)
DEBUG:   - ggml_mul_mat returned y=0x70d7ce00f880
DEBUG: torch_nn_linear: linear=0x5e4b35a08f10, x=0x70d7ce012680
DEBUG:   - weight=0x70d9e1609f60 (depformer_layers_4_self_attn_out_proj_weight (view), type=2), bias=(nil) (NULL)
DEBUG:   - ggml_mul_mat returned y=0x70d7ce0127f0
DEBUG:   - layer_scale_1
DEBUG:   - norm2
DEBUG:   - gating/ff
DEBUG: torch_nn_linear: linear=0x5e4b35a08f50, x=0x70d7ce012db0
DEBUG:   - weight=0x5e4b3594a5a0 (depformer_layers_4_gating_0_linear_in_weight, type=2), bias=(nil) (NULL)
DEBUG:   - ggml_mul_mat returned y=0x70d7ce012f20
DEBUG: torch_nn_linear: linear=0x5e4b35a08f70, x=0x70d7ce0134e0
DEBUG:   - weight=0x5e4b3594a710 (depformer_layers_4_gating_0_linear_out_weight, type=2), bias=(nil) (NULL)
DEBUG:   - ggml_mul_mat returned y=0x70d7ce013650
DEBUG:   - layer done
DEBUG: moshi_streaming_transformer building layer 5 (first loop)
DEBUG:   - norm1
DEBUG:   - self_attn
DEBUG: torch_nn_linear: linear=0x5e4b35a09be0, x=0x70d7ce013c10
DEBUG:   - weight=0x70d9e160b660 (depformer_layers_5_self_attn_in_proj_weight (view), type=2), bias=(nil) (NULL)
DEBUG:   - ggml_mul_mat returned y=0x70d7ce013d80
DEBUG: torch_nn_linear: linear=0x5e4b35a09c00, x=0x70d7ce016b80
DEBUG:   - weight=0x70d9e160cd60 (depformer_layers_5_self_attn_out_proj_weight (view), type=2), bias=(nil) (NULL)
DEBUG:   - ggml_mul_mat returned y=0x70d7ce016cf0
DEBUG:   - layer_scale_1
DEBUG:   - norm2
DEBUG:   - gating/ff
DEBUG: torch_nn_linear: linear=0x5e4b35a09c40, x=0x70d7ce0172b0
DEBUG:   - weight=0x5e4b3594d960 (depformer_layers_5_gating_0_linear_in_weight, type=2), bias=(nil) (NULL)
DEBUG:   - ggml_mul_mat returned y=0x70d7ce017420
DEBUG: torch_nn_linear: linear=0x5e4b35a09c60, x=0x70d7ce0179e0
DEBUG:   - weight=0x5e4b3594dad0 (depformer_layers_5_gating_0_linear_out_weight, type=2), bias=(nil) (NULL)
DEBUG:   - ggml_mul_mat returned y=0x70d7ce017b50
DEBUG:   - layer done
DEBUG: torch_nn_linear: linear=0x5e4b35a0af30, x=0x70d7ce017cc0
DEBUG:   - weight=0x5e4b35950bb0 (linears.0.weight, type=1), bias=(nil) (NULL)
DEBUG:   - ggml_mul_mat returned y=0x70d7ce017e30
DEBUG: torch_nn_linear: linear=0x5e4b35a0aac0, x=0x5e4b36959440
DEBUG:   - weight=0x5e4b35950e90 (depformer_in.1.weight, type=2), bias=(nil) (NULL)
DEBUG:   - ggml_mul_mat returned y=0x70d7ce06a4c0
DEBUG: moshi_streaming_transformer building layer 0 (first loop)
DEBUG:   - norm1
DEBUG:   - self_attn
DEBUG: torch_nn_linear: linear=0x5e4b35959bb0, x=0x70d7ce06b040
DEBUG:   - weight=0x70d9e15fd1d0 (depformer_layers_0_self_attn_in_proj_weight (view), type=2), bias=(nil) (NULL)
DEBUG:   - ggml_mul_mat returned y=0x70d7ce06b1b0
DEBUG: torch_nn_linear: linear=0x5e4b35959bd0, x=0x70d7ce06dfb0
DEBUG:   - weight=0x70d9e15fe8d0 (depformer_layers_0_self_attn_out_proj_weight (view), type=2), bias=(nil) (NULL)
DEBUG:   - ggml_mul_mat returned y=0x70d7ce06e120
DEBUG:   - layer_scale_1
DEBUG:   - norm2
DEBUG:   - gating/ff
DEBUG: torch_nn_linear: linear=0x5e4b35959c10, x=0x70d7ce06e6e0
DEBUG:   - weight=0x5e4b3593d980 (depformer_layers_0_gating_1_linear_in_weight, type=2), bias=(nil) (NULL)
DEBUG:   - ggml_mul_mat returned y=0x70d7ce06e850
DEBUG: torch_nn_linear: linear=0x5e4b35959c30, x=0x70d7ce06ee10
DEBUG:   - weight=0x5e4b3593daf0 (depformer_layers_0_gating_1_linear_out_weight, type=2), bias=(nil) (NULL)
DEBUG:   - ggml_mul_mat returned y=0x70d7ce06ef80
DEBUG:   - layer done
DEBUG: moshi_streaming_transformer building layer 1 (first loop)
DEBUG:   - norm1
DEBUG:   - self_attn
DEBUG: torch_nn_linear: linear=0x5e4b3595a8a0, x=0x70d7ce06f540
DEBUG:   - weight=0x70d9e15fffd0 (depformer_layers_1_self_attn_in_proj_weight (view), type=2), bias=(nil) (NULL)
DEBUG:   - ggml_mul_mat returned y=0x70d7ce06f6b0
DEBUG: torch_nn_linear: linear=0x5e4b3595a8c0, x=0x70d7ce0724b0
DEBUG:   - weight=0x70d9e16016d0 (depformer_layers_1_self_attn_out_proj_weight (view), type=2), bias=(nil) (NULL)
DEBUG:   - ggml_mul_mat returned y=0x70d7ce072620
DEBUG:   - layer_scale_1
DEBUG:   - norm2
DEBUG:   - gating/ff
DEBUG: torch_nn_linear: linear=0x5e4b3595a900, x=0x70d7ce072be0
DEBUG:   - weight=0x5e4b35940d40 (depformer_layers_1_gating_1_linear_in_weight, type=2), bias=(nil) (NULL)
DEBUG:   - ggml_mul_mat returned y=0x70d7ce072d50
DEBUG: torch_nn_linear: linear=0x5e4b3595a920, x=0x70d7ce073310
DEBUG:   - weight=0x5e4b35940eb0 (depformer_layers_1_gating_1_linear_out_weight, type=2), bias=(nil) (NULL)
DEBUG:   - ggml_mul_mat returned y=0x70d7ce073480
DEBUG:   - layer done
DEBUG: moshi_streaming_transformer building layer 2 (first loop)
DEBUG:   - norm1
DEBUG:   - self_attn
DEBUG: torch_nn_linear: linear=0x5e4b3595b590, x=0x70d7ce073a40
DEBUG:   - weight=0x70d9e1602dd0 (depformer_layers_2_self_attn_in_proj_weight (view), type=2), bias=(nil) (NULL)
DEBUG:   - ggml_mul_mat returned y=0x70d7ce073bb0
DEBUG: torch_nn_linear: linear=0x5e4b3595b5b0, x=0x70d7ce0769b0
DEBUG:   - weight=0x70d9e16044d0 (depformer_layers_2_self_attn_out_proj_weight (view), type=2), bias=(nil) (NULL)
DEBUG:   - ggml_mul_mat returned y=0x70d7ce076b20
DEBUG:   - layer_scale_1
DEBUG:   - norm2
DEBUG:   - gating/ff
DEBUG: torch_nn_linear: linear=0x5e4b3595b5f0, x=0x70d7ce0770e0
DEBUG:   - weight=0x5e4b35944100 (depformer_layers_2_gating_1_linear_in_weight, type=2), bias=(nil) (NULL)
DEBUG:   - ggml_mul_mat returned y=0x70d7ce077250
DEBUG: torch_nn_linear: linear=0x5e4b3595b610, x=0x70d7ce077810
DEBUG:   - weight=0x5e4b35944270 (depformer_layers_2_gating_1_linear_out_weight, type=2), bias=(nil) (NULL)
DEBUG:   - ggml_mul_mat returned y=0x70d7ce077980
DEBUG:   - layer done
DEBUG: moshi_streaming_transformer building layer 3 (first loop)
DEBUG:   - norm1
DEBUG:   - self_attn
DEBUG: torch_nn_linear: linear=0x5e4b3595c280, x=0x70d7ce077f40
DEBUG:   - weight=0x70d9e1605bd0 (depformer_layers_3_self_attn_in_proj_weight (view), type=2), bias=(nil) (NULL)
DEBUG:   - ggml_mul_mat returned y=0x70d7ce0780b0
DEBUG: torch_nn_linear: linear=0x5e4b3595c2a0, x=0x70d7ce07aeb0
DEBUG:   - weight=0x70d9e16072d0 (depformer_layers_3_self_attn_out_proj_weight (view), type=2), bias=(nil) (NULL)
DEBUG:   - ggml_mul_mat returned y=0x70d7ce07b020
DEBUG:   - layer_scale_1
DEBUG:   - norm2
DEBUG:   - gating/ff
DEBUG: torch_nn_linear: linear=0x5e4b3595c2e0, x=0x70d7ce07b5e0
DEBUG:   - weight=0x5e4b359474c0 (depformer_layers_3_gating_1_linear_in_weight, type=2), bias=(nil) (NULL)
DEBUG:   - ggml_mul_mat returned y=0x70d7ce07b750
DEBUG: torch_nn_linear: linear=0x5e4b3595c300, x=0x70d7ce07bd10
DEBUG:   - weight=0x5e4b35947630 (depformer_layers_3_gating_1_linear_out_weight, type=2), bias=(nil) (NULL)
DEBUG:   - ggml_mul_mat returned y=0x70d7ce07be80
DEBUG:   - layer done
DEBUG: moshi_streaming_transformer building layer 4 (first loop)
DEBUG:   - norm1
DEBUG:   - self_attn
DEBUG: torch_nn_linear: linear=0x5e4b35a08f90, x=0x70d7ce07c440
DEBUG:   - weight=0x70d9e16089d0 (depformer_layers_4_self_attn_in_proj_weight (view), type=2), bias=(nil) (NULL)
DEBUG:   - ggml_mul_mat returned y=0x70d7ce07c5b0
DEBUG: torch_nn_linear: linear=0x5e4b35a08fb0, x=0x70d7ce07f3b0
DEBUG:   - weight=0x70d9e160a0d0 (depformer_layers_4_self_attn_out_proj_weight (view), type=2), bias=(nil) (NULL)
DEBUG:   - ggml_mul_mat returned y=0x70d7ce07f520
DEBUG:   - layer_scale_1
DEBUG:   - norm2
DEBUG:   - gating/ff
DEBUG: torch_nn_linear: linear=0x5e4b35a08ff0, x=0x70d7ce07fae0
DEBUG:   - weight=0x5e4b3594a880 (depformer_layers_4_gating_1_linear_in_weight, type=2), bias=(nil) (NULL)
DEBUG:   - ggml_mul_mat returned y=0x70d7ce07fc50
DEBUG: torch_nn_linear: linear=0x5e4b35a09010, x=0x70d7ce080210
DEBUG:   - weight=0x5e4b3594a9f0 (depformer_layers_4_gating_1_linear_out_weight, type=2), bias=(nil) (NULL)
DEBUG:   - ggml_mul_mat returned y=0x70d7ce080380
DEBUG:   - layer done
DEBUG: moshi_streaming_transformer building layer 5 (first loop)
DEBUG:   - norm1
DEBUG:   - self_attn
DEBUG: torch_nn_linear: linear=0x5e4b35a09c80, x=0x70d7ce080940
DEBUG:   - weight=0x70d9e160b7d0 (depformer_layers_5_self_attn_in_proj_weight (view), type=2), bias=(nil) (NULL)
DEBUG:   - ggml_mul_mat returned y=0x70d7ce080ab0
DEBUG: torch_nn_linear: linear=0x5e4b35a09ca0, x=0x70d7ce0838b0
DEBUG:   - weight=0x70d9e160ced0 (depformer_layers_5_self_attn_out_proj_weight (view), type=2), bias=(nil) (NULL)
DEBUG:   - ggml_mul_mat returned y=0x70d7ce083a20
DEBUG:   - layer_scale_1
DEBUG:   - norm2
DEBUG:   - gating/ff
DEBUG: torch_nn_linear: linear=0x5e4b35a09ce0, x=0x70d7ce083fe0
DEBUG:   - weight=0x5e4b3594dc40 (depformer_layers_5_gating_1_linear_in_weight, type=2), bias=(nil) (NULL)
DEBUG:   - ggml_mul_mat returned y=0x70d7ce084150
DEBUG: torch_nn_linear: linear=0x5e4b35a09d00, x=0x70d7ce084710
DEBUG:   - weight=0x5e4b3594ddb0 (depformer_layers_5_gating_1_linear_out_weight, type=2), bias=(nil) (NULL)
DEBUG:   - ggml_mul_mat returned y=0x70d7ce084880
DEBUG:   - layer done
DEBUG: torch_nn_linear: linear=0x5e4b35a0af50, x=0x70d7ce0849f0
DEBUG:   - weight=0x5e4b35951170 (linears.1.weight, type=1), bias=(nil) (NULL)
DEBUG:   - ggml_mul_mat returned y=0x70d7ce084b60
DEBUG: torch_nn_linear: linear=0x5e4b35a0aae0, x=0x5e4b36959440
DEBUG:   - weight=0x5e4b35951450 (depformer_in.2.weight, type=2), bias=(nil) (NULL)
DEBUG:   - ggml_mul_mat returned y=0x70d7ce086820
DEBUG: moshi_streaming_transformer building layer 0 (first loop)
DEBUG:   - norm1
DEBUG:   - self_attn
DEBUG: torch_nn_linear: linear=0x5e4b35959c50, x=0x70d7ce0873a0
DEBUG:   - weight=0x70d9e15fd340 (depformer_layers_0_self_attn_in_proj_weight (view), type=2), bias=(nil) (NULL)
DEBUG:   - ggml_mul_mat returned y=0x70d7ce087510
DEBUG: torch_nn_linear: linear=0x5e4b35959c70, x=0x70d7ce08a310
DEBUG:   - weight=0x70d9e15fea40 (depformer_layers_0_self_attn_out_proj_weight (view), type=2), bias=(nil) (NULL)
DEBUG:   - ggml_mul_mat returned y=0x70d7ce08a480
DEBUG:   - layer_scale_1
DEBUG:   - norm2
DEBUG:   - gating/ff
DEBUG: torch_nn_linear: linear=0x5e4b35959cb0, x=0x70d7ce08aa40
DEBUG:   - weight=0x5e4b3593dc60 (depformer_layers_0_gating_2_linear_in_weight, type=2), bias=(nil) (NULL)
DEBUG:   - ggml_mul_mat returned y=0x70d7ce08abb0
DEBUG: torch_nn_linear: linear=0x5e4b35959cd0, x=0x70d7ce08b170
DEBUG:   - weight=0x5e4b3593ddd0 (depformer_layers_0_gating_2_linear_out_weight, type=2), bias=(nil) (NULL)
DEBUG:   - ggml_mul_mat returned y=0x70d7ce08b2e0
DEBUG:   - layer done
DEBUG: moshi_streaming_transformer building layer 1 (first loop)
DEBUG:   - norm1
DEBUG:   - self_attn
DEBUG: torch_nn_linear: linear=0x5e4b3595a940, x=0x70d7ce08b8a0
DEBUG:   - weight=0x70d9e1600140 (depformer_layers_1_self_attn_in_proj_weight (view), type=2), bias=(nil) (NULL)
DEBUG:   - ggml_mul_mat returned y=0x70d7ce08ba10
DEBUG: torch_nn_linear: linear=0x5e4b3595a960, x=0x70d7ce08e810
DEBUG:   - weight=0x70d9e1601840 (depformer_layers_1_self_attn_out_proj_weight (view), type=2), bias=(nil) (NULL)
DEBUG:   - ggml_mul_mat returned y=0x70d7ce08e980
DEBUG:   - layer_scale_1
DEBUG:   - norm2
DEBUG:   - gating/ff
DEBUG: torch_nn_linear: linear=0x5e4b3595a9a0, x=0x70d7ce08ef40
DEBUG:   - weight=0x5e4b35941020 (depformer_layers_1_gating_2_linear_in_weight, type=2), bias=(nil) (NULL)
DEBUG:   - ggml_mul_mat returned y=0x70d7ce08f0b0
DEBUG: torch_nn_linear: linear=0x5e4b3595a9c0, x=0x70d7ce08f670
DEBUG:   - weight=0x5e4b35941190 (depformer_layers_1_gating_2_linear_out_weight, type=2), bias=(nil) (NULL)
DEBUG:   - ggml_mul_mat returned y=0x70d7ce08f7e0
DEBUG:   - layer done
DEBUG: moshi_streaming_transformer building layer 2 (first loop)
DEBUG:   - norm1
DEBUG:   - self_attn
DEBUG: torch_nn_linear: linear=0x5e4b3595b630, x=0x70d7ce08fda0
DEBUG:   - weight=0x70d9e1602f40 (depformer_layers_2_self_attn_in_proj_weight (view), type=2), bias=(nil) (NULL)
DEBUG:   - ggml_mul_mat returned y=0x70d7ce08ff10
DEBUG: torch_nn_linear: linear=0x5e4b3595b650, x=0x70d7ce092d10
DEBUG:   - weight=0x70d9e1604640 (depformer_layers_2_self_attn_out_proj_weight (view), type=2), bias=(nil) (NULL)
DEBUG:   - ggml_mul_mat returned y=0x70d7ce092e80
DEBUG:   - layer_scale_1
DEBUG:   - norm2
DEBUG:   - gating/ff
DEBUG: torch_nn_linear: linear=0x5e4b3595b690, x=0x70d7ce093440
DEBUG:   - weight=0x5e4b359443e0 (depformer_layers_2_gating_2_linear_in_weight, type=2), bias=(nil) (NULL)
DEBUG:   - ggml_mul_mat returned y=0x70d7ce0935b0
DEBUG: torch_nn_linear: linear=0x5e4b3595b6b0, x=0x70d7ce093b70
DEBUG:   - weight=0x5e4b35944550 (depformer_layers_2_gating_2_linear_out_weight, type=2), bias=(nil) (NULL)
DEBUG:   - ggml_mul_mat returned y=0x70d7ce093ce0
DEBUG:   - layer done
DEBUG: moshi_streaming_transformer building layer 3 (first loop)
DEBUG:   - norm1
DEBUG:   - self_attn
DEBUG: torch_nn_linear: linear=0x5e4b3595c320, x=0x70d7ce0942a0
DEBUG:   - weight=0x70d9e1605d40 (depformer_layers_3_self_attn_in_proj_weight (view), type=2), bias=(nil) (NULL)
DEBUG:   - ggml_mul_mat returned y=0x70d7ce094410
DEBUG: torch_nn_linear: linear=0x5e4b3595c340, x=0x70d7ce097210
DEBUG:   - weight=0x70d9e1607440 (depformer_layers_3_self_attn_out_proj_weight (view), type=2), bias=(nil) (NULL)
DEBUG:   - ggml_mul_mat returned y=0x70d7ce097380
DEBUG:   - layer_scale_1
DEBUG:   - norm2
DEBUG:   - gating/ff
DEBUG: torch_nn_linear: linear=0x5e4b3595c380, x=0x70d7ce097940
DEBUG:   - weight=0x5e4b359477a0 (depformer_layers_3_gating_2_linear_in_weight, type=2), bias=(nil) (NULL)
DEBUG:   - ggml_mul_mat returned y=0x70d7ce097ab0
DEBUG: torch_nn_linear: linear=0x5e4b3595c3a0, x=0x70d7ce098070
DEBUG:   - weight=0x5e4b35947910 (depformer_layers_3_gating_2_linear_out_weight, type=2), bias=(nil) (NULL)
DEBUG:   - ggml_mul_mat returned y=0x70d7ce0981e0
DEBUG:   - layer done
DEBUG: moshi_streaming_transformer building layer 4 (first loop)
DEBUG:   - norm1
DEBUG:   - self_attn
DEBUG: torch_nn_linear: linear=0x5e4b35a09030, x=0x70d7ce0987a0
DEBUG:   - weight=0x70d9e1608b40 (depformer_layers_4_self_attn_in_proj_weight (view), type=2), bias=(nil) (NULL)
DEBUG:   - ggml_mul_mat returned y=0x70d7ce098910
DEBUG: torch_nn_linear: linear=0x5e4b35a09050, x=0x70d7ce09b710
DEBUG:   - weight=0x70d9e160a240 (depformer_layers_4_self_attn_out_proj_weight (view), type=2), bias=(nil) (NULL)
DEBUG:   - ggml_mul_mat returned y=0x70d7ce09b880
DEBUG:   - layer_scale_1
DEBUG:   - norm2
DEBUG:   - gating/ff
DEBUG: torch_nn_linear: linear=0x5e4b35a09090, x=0x70d7ce09be40
DEBUG:   - weight=0x5e4b3594ab60 (depformer_layers_4_gating_2_linear_in_weight, type=2), bias=(nil) (NULL)
DEBUG:   - ggml_mul_mat returned y=0x70d7ce09bfb0
DEBUG: torch_nn_linear: linear=0x5e4b35a090b0, x=0x70d7ce09c570
DEBUG:   - weight=0x5e4b3594acd0 (depformer_layers_4_gating_2_linear_out_weight, type=2), bias=(nil) (NULL)
DEBUG:   - ggml_mul_mat returned y=0x70d7ce09c6e0
DEBUG:   - layer done
DEBUG: moshi_streaming_transformer building layer 5 (first loop)
DEBUG:   - norm1
DEBUG:   - self_attn
DEBUG: torch_nn_linear: linear=0x5e4b35a09d20, x=0x70d7ce09cca0
DEBUG:   - weight=0x70d9e160b940 (depformer_layers_5_self_attn_in_proj_weight (view), type=2), bias=(nil) (NULL)
DEBUG:   - ggml_mul_mat returned y=0x70d7ce09ce10
DEBUG: torch_nn_linear: linear=0x5e4b35a09d40, x=0x70d7ce09fc10
DEBUG:   - weight=0x70d9e160d040 (depformer_layers_5_self_attn_out_proj_weight (view), type=2), bias=(nil) (NULL)
DEBUG:   - ggml_mul_mat returned y=0x70d7ce09fd80
DEBUG:   - layer_scale_1
DEBUG:   - norm2
DEBUG:   - gating/ff
DEBUG: torch_nn_linear: linear=0x5e4b35a09d80, x=0x70d7ce0a0340
DEBUG:   - weight=0x5e4b3594df20 (depformer_layers_5_gating_2_linear_in_weight, type=2), bias=(nil) (NULL)
DEBUG:   - ggml_mul_mat returned y=0x70d7ce0a04b0
DEBUG: torch_nn_linear: linear=0x5e4b35a09da0, x=0x70d7ce0a0a70
DEBUG:   - weight=0x5e4b3594e090 (depformer_layers_5_gating_2_linear_out_weight, type=2), bias=(nil) (NULL)
DEBUG:   - ggml_mul_mat returned y=0x70d7ce0a0be0
DEBUG:   - layer done
DEBUG: torch_nn_linear: linear=0x5e4b35a0af70, x=0x70d7ce0a0d50
DEBUG:   - weight=0x5e4b35951730 (linears.2.weight, type=1), bias=(nil) (NULL)
DEBUG:   - ggml_mul_mat returned y=0x70d7ce0a0ec0
DEBUG: torch_nn_linear: linear=0x5e4b35a0ab00, x=0x5e4b36959440
DEBUG:   - weight=0x5e4b35951a10 (depformer_in.3.weight, type=2), bias=(nil) (NULL)
DEBUG:   - ggml_mul_mat returned y=0x70d7ce0a2b80
DEBUG: moshi_streaming_transformer building layer 0 (first loop)
DEBUG:   - norm1
DEBUG:   - self_attn
DEBUG: torch_nn_linear: linear=0x5e4b35959cf0, x=0x70d7ce0a3700
DEBUG:   - weight=0x70d9e15fd4b0 (depformer_layers_0_self_attn_in_proj_weight (view), type=2), bias=(nil) (NULL)
DEBUG:   - ggml_mul_mat returned y=0x70d7ce0a3870
DEBUG: torch_nn_linear: linear=0x5e4b35959d10, x=0x70d7ce0a6670
DEBUG:   - weight=0x70d9e15febb0 (depformer_layers_0_self_attn_out_proj_weight (view), type=2), bias=(nil) (NULL)
DEBUG:   - ggml_mul_mat returned y=0x70d7ce0a67e0
DEBUG:   - layer_scale_1
DEBUG:   - norm2
DEBUG:   - gating/ff
DEBUG: torch_nn_linear: linear=0x5e4b35959d50, x=0x70d7ce0a6da0
DEBUG:   - weight=0x5e4b3593df40 (depformer_layers_0_gating_3_linear_in_weight, type=2), bias=(nil) (NULL)
DEBUG:   - ggml_mul_mat returned y=0x70d7ce0a6f10
DEBUG: torch_nn_linear: linear=0x5e4b35959d70, x=0x70d7ce0a74d0
DEBUG:   - weight=0x5e4b3593e0b0 (depformer_layers_0_gating_3_linear_out_weight, type=2), bias=(nil) (NULL)
DEBUG:   - ggml_mul_mat returned y=0x70d7ce0a7640
DEBUG:   - layer done
DEBUG: moshi_streaming_transformer building layer 1 (first loop)
DEBUG:   - norm1
DEBUG:   - self_attn
DEBUG: torch_nn_linear: linear=0x5e4b3595a9e0, x=0x70d7ce0a7c00
DEBUG:   - weight=0x70d9e16002b0 (depformer_layers_1_self_attn_in_proj_weight (view), type=2), bias=(nil) (NULL)
DEBUG:   - ggml_mul_mat returned y=0x70d7ce0a7d70
DEBUG: torch_nn_linear: linear=0x5e4b3595aa00, x=0x70d7ce0aab70
DEBUG:   - weight=0x70d9e16019b0 (depformer_layers_1_self_attn_out_proj_weight (view), type=2), bias=(nil) (NULL)
DEBUG:   - ggml_mul_mat returned y=0x70d7ce0aace0
DEBUG:   - layer_scale_1
DEBUG:   - norm2
DEBUG:   - gating/ff
DEBUG: torch_nn_linear: linear=0x5e4b3595aa40, x=0x70d7ce0ab2a0
DEBUG:   - weight=0x5e4b35941300 (depformer_layers_1_gating_3_linear_in_weight, type=2), bias=(nil) (NULL)
DEBUG:   - ggml_mul_mat returned y=0x70d7ce0ab410
DEBUG: torch_nn_linear: linear=0x5e4b3595aa60, x=0x70d7ce0ab9d0
DEBUG:   - weight=0x5e4b35941470 (depformer_layers_1_gating_3_linear_out_weight, type=2), bias=(nil) (NULL)
DEBUG:   - ggml_mul_mat returned y=0x70d7ce0abb40
DEBUG:   - layer done
DEBUG: moshi_streaming_transformer building layer 2 (first loop)
DEBUG:   - norm1
DEBUG:   - self_attn
DEBUG: torch_nn_linear: linear=0x5e4b3595b6d0, x=0x70d7ce0ac100
DEBUG:   - weight=0x70d9e16030b0 (depformer_layers_2_self_attn_in_proj_weight (view), type=2), bias=(nil) (NULL)
DEBUG:   - ggml_mul_mat returned y=0x70d7ce0ac270
DEBUG: torch_nn_linear: linear=0x5e4b3595b6f0, x=0x70d7ce0af070
DEBUG:   - weight=0x70d9e16047b0 (depformer_layers_2_self_attn_out_proj_weight (view), type=2), bias=(nil) (NULL)
DEBUG:   - ggml_mul_mat returned y=0x70d7ce0af1e0
DEBUG:   - layer_scale_1
DEBUG:   - norm2
DEBUG:   - gating/ff
DEBUG: torch_nn_linear: linear=0x5e4b3595b730, x=0x70d7ce0af7a0
DEBUG:   - weight=0x5e4b359446c0 (depformer_layers_2_gating_3_linear_in_weight, type=2), bias=(nil) (NULL)
DEBUG:   - ggml_mul_mat returned y=0x70d7ce0af910
DEBUG: torch_nn_linear: linear=0x5e4b3595b750, x=0x70d7ce0afed0
DEBUG:   - weight=0x5e4b35944830 (depformer_layers_2_gating_3_linear_out_weight, type=2), bias=(nil) (NULL)
DEBUG:   - ggml_mul_mat returned y=0x70d7ce0b0040
DEBUG:   - layer done
DEBUG: moshi_streaming_transformer building layer 3 (first loop)
DEBUG:   - norm1
DEBUG:   - self_attn
DEBUG: torch_nn_linear: linear=0x5e4b3595c3c0, x=0x70d7ce0b0600
DEBUG:   - weight=0x70d9e1605eb0 (depformer_layers_3_self_attn_in_proj_weight (view), type=2), bias=(nil) (NULL)
DEBUG:   - ggml_mul_mat returned y=0x70d7ce0b0770
DEBUG: torch_nn_linear: linear=0x5e4b3595c3e0, x=0x70d7ce0b3570
DEBUG:   - weight=0x70d9e16075b0 (depformer_layers_3_self_attn_out_proj_weight (view), type=2), bias=(nil) (NULL)
DEBUG:   - ggml_mul_mat returned y=0x70d7ce0b36e0
DEBUG:   - layer_scale_1
DEBUG:   - norm2
DEBUG:   - gating/ff
DEBUG: torch_nn_linear: linear=0x5e4b3595c420, x=0x70d7ce0b3ca0
DEBUG:   - weight=0x5e4b35947a80 (depformer_layers_3_gating_3_linear_in_weight, type=2), bias=(nil) (NULL)
DEBUG:   - ggml_mul_mat returned y=0x70d7ce0b3e10
DEBUG: torch_nn_linear: linear=0x5e4b3595c440, x=0x70d7ce0b43d0
DEBUG:   - weight=0x5e4b35947bf0 (depformer_layers_3_gating_3_linear_out_weight, type=2), bias=(nil) (NULL)
DEBUG:   - ggml_mul_mat returned y=0x70d7ce0b4540
DEBUG:   - layer done
DEBUG: moshi_streaming_transformer building layer 4 (first loop)
DEBUG:   - norm1
DEBUG:   - self_attn
DEBUG: torch_nn_linear: linear=0x5e4b35a090d0, x=0x70d7ce0b4b00
DEBUG:   - weight=0x70d9e1608cb0 (depformer_layers_4_self_attn_in_proj_weight (view), type=2), bias=(nil) (NULL)
DEBUG:   - ggml_mul_mat returned y=0x70d7ce0b4c70
DEBUG: torch_nn_linear: linear=0x5e4b35a090f0, x=0x70d7ce0b7a70
DEBUG:   - weight=0x70d9e160a3b0 (depformer_layers_4_self_attn_out_proj_weight (view), type=2), bias=(nil) (NULL)
DEBUG:   - ggml_mul_mat returned y=0x70d7ce0b7be0
DEBUG:   - layer_scale_1
DEBUG:   - norm2
DEBUG:   - gating/ff
DEBUG: torch_nn_linear: linear=0x5e4b35a09130, x=0x70d7ce0b81a0
DEBUG:   - weight=0x5e4b3594ae40 (depformer_layers_4_gating_3_linear_in_weight, type=2), bias=(nil) (NULL)
DEBUG:   - ggml_mul_mat returned y=0x70d7ce0b8310
DEBUG: torch_nn_linear: linear=0x5e4b35a09150, x=0x70d7ce0b88d0
DEBUG:   - weight=0x5e4b3594afb0 (depformer_layers_4_gating_3_linear_out_weight, type=2), bias=(nil) (NULL)
DEBUG:   - ggml_mul_mat returned y=0x70d7ce0b8a40
DEBUG:   - layer done
DEBUG: moshi_streaming_transformer building layer 5 (first loop)
DEBUG:   - norm1
DEBUG:   - self_attn
DEBUG: torch_nn_linear: linear=0x5e4b35a09dc0, x=0x70d7ce0b9000
DEBUG:   - weight=0x70d9e160bab0 (depformer_layers_5_self_attn_in_proj_weight (view), type=2), bias=(nil) (NULL)
DEBUG:   - ggml_mul_mat returned y=0x70d7ce0b9170
DEBUG: torch_nn_linear: linear=0x5e4b35a09de0, x=0x70d7ce0bbf70
DEBUG:   - weight=0x70d9e160d1b0 (depformer_layers_5_self_attn_out_proj_weight (view), type=2), bias=(nil) (NULL)
DEBUG:   - ggml_mul_mat returned y=0x70d7ce0bc0e0
DEBUG:   - layer_scale_1
DEBUG:   - norm2
DEBUG:   - gating/ff
DEBUG: torch_nn_linear: linear=0x5e4b35a09e20, x=0x70d7ce0bc6a0
DEBUG:   - weight=0x5e4b3594e200 (depformer_layers_5_gating_3_linear_in_weight, type=2), bias=(nil) (NULL)
DEBUG:   - ggml_mul_mat returned y=0x70d7ce0bc810
DEBUG: torch_nn_linear: linear=0x5e4b35a09e40, x=0x70d7ce0bcdd0
DEBUG:   - weight=0x5e4b3594e370 (depformer_layers_5_gating_3_linear_out_weight, type=2), bias=(nil) (NULL)
DEBUG:   - ggml_mul_mat returned y=0x70d7ce0bcf40
DEBUG:   - layer done
DEBUG: torch_nn_linear: linear=0x5e4b35a0af90, x=0x70d7ce0bd0b0
DEBUG:   - weight=0x5e4b35951cf0 (linears.3.weight, type=1), bias=(nil) (NULL)
DEBUG:   - ggml_mul_mat returned y=0x70d7ce0bd220
DEBUG: torch_nn_linear: linear=0x5e4b35a0ab20, x=0x5e4b36959440
DEBUG:   - weight=0x5e4b35951fd0 (depformer_in.4.weight, type=2), bias=(nil) (NULL)
DEBUG:   - ggml_mul_mat returned y=0x70d7ce0beee0
DEBUG: moshi_streaming_transformer building layer 0 (first loop)
DEBUG:   - norm1
DEBUG:   - self_attn
DEBUG: torch_nn_linear: linear=0x5e4b35959d90, x=0x70d7ce0bfa60
DEBUG:   - weight=0x70d9e15fd620 (depformer_layers_0_self_attn_in_proj_weight (view), type=2), bias=(nil) (NULL)
DEBUG:   - ggml_mul_mat returned y=0x70d7ce0bfbd0
DEBUG: torch_nn_linear: linear=0x5e4b35959db0, x=0x70d7ce0c29d0
DEBUG:   - weight=0x70d9e15fed20 (depformer_layers_0_self_attn_out_proj_weight (view), type=2), bias=(nil) (NULL)
DEBUG:   - ggml_mul_mat returned y=0x70d7ce0c2b40
DEBUG:   - layer_scale_1
DEBUG:   - norm2
DEBUG:   - gating/ff
DEBUG: torch_nn_linear: linear=0x5e4b35959df0, x=0x70d7ce0c3100
DEBUG:   - weight=0x5e4b3593e220 (depformer_layers_0_gating_4_linear_in_weight, type=2), bias=(nil) (NULL)
DEBUG:   - ggml_mul_mat returned y=0x70d7ce0c3270
DEBUG: torch_nn_linear: linear=0x5e4b35959e10, x=0x70d7ce0c3830
DEBUG:   - weight=0x5e4b3593e390 (depformer_layers_0_gating_4_linear_out_weight, type=2), bias=(nil) (NULL)
DEBUG:   - ggml_mul_mat returned y=0x70d7ce0c39a0
DEBUG:   - layer done
DEBUG: moshi_streaming_transformer building layer 1 (first loop)
DEBUG:   - norm1
DEBUG:   - self_attn
DEBUG: torch_nn_linear: linear=0x5e4b3595aa80, x=0x70d7ce0c3f60
DEBUG:   - weight=0x70d9e1600420 (depformer_layers_1_self_attn_in_proj_weight (view), type=2), bias=(nil) (NULL)
DEBUG:   - ggml_mul_mat returned y=0x70d7ce0c40d0
DEBUG: torch_nn_linear: linear=0x5e4b3595aaa0, x=0x70d7ce0c6ed0
DEBUG:   - weight=0x70d9e1601b20 (depformer_layers_1_self_attn_out_proj_weight (view), type=2), bias=(nil) (NULL)
DEBUG:   - ggml_mul_mat returned y=0x70d7ce0c7040
DEBUG:   - layer_scale_1
DEBUG:   - norm2
DEBUG:   - gating/ff
DEBUG: torch_nn_linear: linear=0x5e4b3595aae0, x=0x70d7ce0c7600
DEBUG:   - weight=0x5e4b359415e0 (depformer_layers_1_gating_4_linear_in_weight, type=2), bias=(nil) (NULL)
DEBUG:   - ggml_mul_mat returned y=0x70d7ce0c7770
DEBUG: torch_nn_linear: linear=0x5e4b3595ab00, x=0x70d7ce0c7d30
DEBUG:   - weight=0x5e4b35941750 (depformer_layers_1_gating_4_linear_out_weight, type=2), bias=(nil) (NULL)
DEBUG:   - ggml_mul_mat returned y=0x70d7ce0c7ea0
DEBUG:   - layer done
DEBUG: moshi_streaming_transformer building layer 2 (first loop)
DEBUG:   - norm1
DEBUG:   - self_attn
DEBUG: torch_nn_linear: linear=0x5e4b3595b770, x=0x70d7ce0c8460
DEBUG:   - weight=0x70d9e1603220 (depformer_layers_2_self_attn_in_proj_weight (view), type=2), bias=(nil) (NULL)
DEBUG:   - ggml_mul_mat returned y=0x70d7ce0c85d0
DEBUG: torch_nn_linear: linear=0x5e4b3595b790, x=0x70d7ce0cb3d0
DEBUG:   - weight=0x70d9e1604920 (depformer_layers_2_self_attn_out_proj_weight (view), type=2), bias=(nil) (NULL)
DEBUG:   - ggml_mul_mat returned y=0x70d7ce0cb540
DEBUG:   - layer_scale_1
DEBUG:   - norm2
DEBUG:   - gating/ff
DEBUG: torch_nn_linear: linear=0x5e4b3595b7d0, x=0x70d7ce0cbb00
DEBUG:   - weight=0x5e4b359449a0 (depformer_layers_2_gating_4_linear_in_weight, type=2), bias=(nil) (NULL)
DEBUG:   - ggml_mul_mat returned y=0x70d7ce0cbc70
DEBUG: torch_nn_linear: linear=0x5e4b3595b7f0, x=0x70d7ce0cc230
DEBUG:   - weight=0x5e4b35944b10 (depformer_layers_2_gating_4_linear_out_weight, type=2), bias=(nil) (NULL)
DEBUG:   - ggml_mul_mat returned y=0x70d7ce0cc3a0
DEBUG:   - layer done
DEBUG: moshi_streaming_transformer building layer 3 (first loop)
DEBUG:   - norm1
DEBUG:   - self_attn
DEBUG: torch_nn_linear: linear=0x5e4b3595c460, x=0x70d7ce0cc960
DEBUG:   - weight=0x70d9e1606020 (depformer_layers_3_self_attn_in_proj_weight (view), type=2), bias=(nil) (NULL)
DEBUG:   - ggml_mul_mat returned y=0x70d7ce0ccad0
DEBUG: torch_nn_linear: linear=0x5e4b3595c480, x=0x70d7ce0cf8d0
DEBUG:   - weight=0x70d9e1607720 (depformer_layers_3_self_attn_out_proj_weight (view), type=2), bias=(nil) (NULL)
DEBUG:   - ggml_mul_mat returned y=0x70d7ce0cfa40
DEBUG:   - layer_scale_1
DEBUG:   - norm2
DEBUG:   - gating/ff
DEBUG: torch_nn_linear: linear=0x5e4b3595c4c0, x=0x70d7ce0d0000
DEBUG:   - weight=0x5e4b35947d60 (depformer_layers_3_gating_4_linear_in_weight, type=2), bias=(nil) (NULL)
DEBUG:   - ggml_mul_mat returned y=0x70d7ce0d0170
DEBUG: torch_nn_linear: linear=0x5e4b3595c4e0, x=0x70d7ce0d0730
DEBUG:   - weight=0x5e4b35947ed0 (depformer_layers_3_gating_4_linear_out_weight, type=2), bias=(nil) (NULL)
DEBUG:   - ggml_mul_mat returned y=0x70d7ce0d08a0
DEBUG:   - layer done
DEBUG: moshi_streaming_transformer building layer 4 (first loop)
DEBUG:   - norm1
DEBUG:   - self_attn
DEBUG: torch_nn_linear: linear=0x5e4b35a09170, x=0x70d7ce0d0e60
DEBUG:   - weight=0x70d9e1608e20 (depformer_layers_4_self_attn_in_proj_weight (view), type=2), bias=(nil) (NULL)
DEBUG:   - ggml_mul_mat returned y=0x70d7ce0d0fd0
DEBUG: torch_nn_linear: linear=0x5e4b35a09190, x=0x70d7ce0d3dd0
DEBUG:   - weight=0x70d9e160a520 (depformer_layers_4_self_attn_out_proj_weight (view), type=2), bias=(nil) (NULL)
DEBUG:   - ggml_mul_mat returned y=0x70d7ce0d3f40
DEBUG:   - layer_scale_1
DEBUG:   - norm2
DEBUG:   - gating/ff
DEBUG: torch_nn_linear: linear=0x5e4b35a091d0, x=0x70d7ce0d4500
DEBUG:   - weight=0x5e4b3594b120 (depformer_layers_4_gating_4_linear_in_weight, type=2), bias=(nil) (NULL)
DEBUG:   - ggml_mul_mat returned y=0x70d7ce0d4670
DEBUG: torch_nn_linear: linear=0x5e4b35a091f0, x=0x70d7ce0d4c30
DEBUG:   - weight=0x5e4b3594b290 (depformer_layers_4_gating_4_linear_out_weight, type=2), bias=(nil) (NULL)
DEBUG:   - ggml_mul_mat returned y=0x70d7ce0d4da0
DEBUG:   - layer done
DEBUG: moshi_streaming_transformer building layer 5 (first loop)
DEBUG:   - norm1
DEBUG:   - self_attn
DEBUG: torch_nn_linear: linear=0x5e4b35a09e60, x=0x70d7ce0d5360
DEBUG:   - weight=0x70d9e160bc20 (depformer_layers_5_self_attn_in_proj_weight (view), type=2), bias=(nil) (NULL)
DEBUG:   - ggml_mul_mat returned y=0x70d7ce0d54d0
DEBUG: torch_nn_linear: linear=0x5e4b35a09e80, x=0x70d7ce0d82d0
DEBUG:   - weight=0x70d9e160d320 (depformer_layers_5_self_attn_out_proj_weight (view), type=2), bias=(nil) (NULL)
DEBUG:   - ggml_mul_mat returned y=0x70d7ce0d8440
DEBUG:   - layer_scale_1
DEBUG:   - norm2
DEBUG:   - gating/ff
DEBUG: torch_nn_linear: linear=0x5e4b35a09ec0, x=0x70d7ce0d8a00
DEBUG:   - weight=0x5e4b3594e4e0 (depformer_layers_5_gating_4_linear_in_weight, type=2), bias=(nil) (NULL)
DEBUG:   - ggml_mul_mat returned y=0x70d7ce0d8b70
DEBUG: torch_nn_linear: linear=0x5e4b35a09ee0, x=0x70d7ce0d9130
DEBUG:   - weight=0x5e4b3594e650 (depformer_layers_5_gating_4_linear_out_weight, type=2), bias=(nil) (NULL)
DEBUG:   - ggml_mul_mat returned y=0x70d7ce0d92a0
DEBUG:   - layer done
DEBUG: torch_nn_linear: linear=0x5e4b35a0afb0, x=0x70d7ce0d9410
DEBUG:   - weight=0x5e4b359522b0 (linears.4.weight, type=1), bias=(nil) (NULL)
DEBUG:   - ggml_mul_mat returned y=0x70d7ce0d9580
DEBUG: torch_nn_linear: linear=0x5e4b35a0ab40, x=0x5e4b36959440
DEBUG:   - weight=0x5e4b35952590 (depformer_in.5.weight, type=2), bias=(nil) (NULL)
DEBUG:   - ggml_mul_mat returned y=0x70d7ce0db240
DEBUG: moshi_streaming_transformer building layer 0 (first loop)
DEBUG:   - norm1
DEBUG:   - self_attn
DEBUG: torch_nn_linear: linear=0x5e4b35959e30, x=0x70d7ce0dbdc0
DEBUG:   - weight=0x70d9e15fd790 (depformer_layers_0_self_attn_in_proj_weight (view), type=2), bias=(nil) (NULL)
DEBUG:   - ggml_mul_mat returned y=0x70d7ce0dbf30
DEBUG: torch_nn_linear: linear=0x5e4b35959e50, x=0x70d7ce0ded30
DEBUG:   - weight=0x70d9e15fee90 (depformer_layers_0_self_attn_out_proj_weight (view), type=2), bias=(nil) (NULL)
DEBUG:   - ggml_mul_mat returned y=0x70d7ce0deea0
DEBUG:   - layer_scale_1
DEBUG:   - norm2
DEBUG:   - gating/ff
DEBUG: torch_nn_linear: linear=0x5e4b35959e90, x=0x70d7ce0df460
DEBUG:   - weight=0x5e4b3593e500 (depformer_layers_0_gating_5_linear_in_weight, type=2), bias=(nil) (NULL)
DEBUG:   - ggml_mul_mat returned y=0x70d7ce0df5d0
DEBUG: torch_nn_linear: linear=0x5e4b35959eb0, x=0x70d7ce0dfb90
DEBUG:   - weight=0x5e4b3593e670 (depformer_layers_0_gating_5_linear_out_weight, type=2), bias=(nil) (NULL)
DEBUG:   - ggml_mul_mat returned y=0x70d7ce0dfd00
DEBUG:   - layer done
DEBUG: moshi_streaming_transformer building layer 1 (first loop)
DEBUG:   - norm1
DEBUG:   - self_attn
DEBUG: torch_nn_linear: linear=0x5e4b3595ab20, x=0x70d7ce0e02c0
DEBUG:   - weight=0x70d9e1600590 (depformer_layers_1_self_attn_in_proj_weight (view), type=2), bias=(nil) (NULL)
DEBUG:   - ggml_mul_mat returned y=0x70d7ce0e0430
DEBUG: torch_nn_linear: linear=0x5e4b3595ab40, x=0x70d7ce0e3230
DEBUG:   - weight=0x70d9e1601c90 (depformer_layers_1_self_attn_out_proj_weight (view), type=2), bias=(nil) (NULL)
DEBUG:   - ggml_mul_mat returned y=0x70d7ce0e33a0
DEBUG:   - layer_scale_1
DEBUG:   - norm2
DEBUG:   - gating/ff
DEBUG: torch_nn_linear: linear=0x5e4b3595ab80, x=0x70d7ce0e3960
DEBUG:   - weight=0x5e4b359418c0 (depformer_layers_1_gating_5_linear_in_weight, type=2), bias=(nil) (NULL)
DEBUG:   - ggml_mul_mat returned y=0x70d7ce0e3ad0
DEBUG: torch_nn_linear: linear=0x5e4b3595aba0, x=0x70d7ce0e4090
DEBUG:   - weight=0x5e4b35941a30 (depformer_layers_1_gating_5_linear_out_weight, type=2), bias=(nil) (NULL)
DEBUG:   - ggml_mul_mat returned y=0x70d7ce0e4200
DEBUG:   - layer done
DEBUG: moshi_streaming_transformer building layer 2 (first loop)
DEBUG:   - norm1
DEBUG:   - self_attn
DEBUG: torch_nn_linear: linear=0x5e4b3595b810, x=0x70d7ce0e47c0
DEBUG:   - weight=0x70d9e1603390 (depformer_layers_2_self_attn_in_proj_weight (view), type=2), bias=(nil) (NULL)
DEBUG:   - ggml_mul_mat returned y=0x70d7ce0e4930
DEBUG: torch_nn_linear: linear=0x5e4b3595b830, x=0x70d7ce0e7730
DEBUG:   - weight=0x70d9e1604a90 (depformer_layers_2_self_attn_out_proj_weight (view), type=2), bias=(nil) (NULL)
DEBUG:   - ggml_mul_mat returned y=0x70d7ce0e78a0
DEBUG:   - layer_scale_1
DEBUG:   - norm2
DEBUG:   - gating/ff
DEBUG: torch_nn_linear: linear=0x5e4b3595b870, x=0x70d7ce0e7e60
DEBUG:   - weight=0x5e4b35944c80 (depformer_layers_2_gating_5_linear_in_weight, type=2), bias=(nil) (NULL)
DEBUG:   - ggml_mul_mat returned y=0x70d7ce0e7fd0
DEBUG: torch_nn_linear: linear=0x5e4b3595b890, x=0x70d7ce0e8590
DEBUG:   - weight=0x5e4b35944df0 (depformer_layers_2_gating_5_linear_out_weight, type=2), bias=(nil) (NULL)
DEBUG:   - ggml_mul_mat returned y=0x70d7ce0e8700
DEBUG:   - layer done
DEBUG: moshi_streaming_transformer building layer 3 (first loop)
DEBUG:   - norm1
DEBUG:   - self_attn
DEBUG: torch_nn_linear: linear=0x5e4b3595c500, x=0x70d7ce0e8cc0
DEBUG:   - weight=0x70d9e1606190 (depformer_layers_3_self_attn_in_proj_weight (view), type=2), bias=(nil) (NULL)
DEBUG:   - ggml_mul_mat returned y=0x70d7ce0e8e30
DEBUG: torch_nn_linear: linear=0x5e4b3595c520, x=0x70d7ce0ebc30
DEBUG:   - weight=0x70d9e1607890 (depformer_layers_3_self_attn_out_proj_weight (view), type=2), bias=(nil) (NULL)
DEBUG:   - ggml_mul_mat returned y=0x70d7ce0ebda0
DEBUG:   - layer_scale_1
DEBUG:   - norm2
DEBUG:   - gating/ff
DEBUG: torch_nn_linear: linear=0x5e4b3595c560, x=0x70d7ce0ec360
DEBUG:   - weight=0x5e4b35948040 (depformer_layers_3_gating_5_linear_in_weight, type=2), bias=(nil) (NULL)
DEBUG:   - ggml_mul_mat returned y=0x70d7ce0ec4d0
DEBUG: torch_nn_linear: linear=0x5e4b3595c580, x=0x70d7ce0eca90
DEBUG:   - weight=0x5e4b359481b0 (depformer_layers_3_gating_5_linear_out_weight, type=2), bias=(nil) (NULL)
DEBUG:   - ggml_mul_mat returned y=0x70d7ce0ecc00
DEBUG:   - layer done
DEBUG: moshi_streaming_transformer building layer 4 (first loop)
DEBUG:   - norm1
DEBUG:   - self_attn
DEBUG: torch_nn_linear: linear=0x5e4b35a09210, x=0x70d7ce0ed1c0
DEBUG:   - weight=0x70d9e1608f90 (depformer_layers_4_self_attn_in_proj_weight (view), type=2), bias=(nil) (NULL)
DEBUG:   - ggml_mul_mat returned y=0x70d7ce0ed330
DEBUG: torch_nn_linear: linear=0x5e4b35a09230, x=0x70d7ce0f0130
DEBUG:   - weight=0x70d9e160a690 (depformer_layers_4_self_attn_out_proj_weight (view), type=2), bias=(nil) (NULL)
DEBUG:   - ggml_mul_mat returned y=0x70d7ce0f02a0
DEBUG:   - layer_scale_1
DEBUG:   - norm2
DEBUG:   - gating/ff
DEBUG: torch_nn_linear: linear=0x5e4b35a09270, x=0x70d7ce0f0860
DEBUG:   - weight=0x5e4b3594b400 (depformer_layers_4_gating_5_linear_in_weight, type=2), bias=(nil) (NULL)
DEBUG:   - ggml_mul_mat returned y=0x70d7ce0f09d0
DEBUG: torch_nn_linear: linear=0x5e4b35a09290, x=0x70d7ce0f0f90
DEBUG:   - weight=0x5e4b3594b570 (depformer_layers_4_gating_5_linear_out_weight, type=2), bias=(nil) (NULL)
DEBUG:   - ggml_mul_mat returned y=0x70d7ce0f1100
DEBUG:   - layer done
DEBUG: moshi_streaming_transformer building layer 5 (first loop)
DEBUG:   - norm1
DEBUG:   - self_attn
DEBUG: torch_nn_linear: linear=0x5e4b35a09f00, x=0x70d7ce0f16c0
DEBUG:   - weight=0x70d9e160bd90 (depformer_layers_5_self_attn_in_proj_weight (view), type=2), bias=(nil) (NULL)
DEBUG:   - ggml_mul_mat returned y=0x70d7ce0f1830
DEBUG: torch_nn_linear: linear=0x5e4b35a09f20, x=0x70d7ce0f4630
DEBUG:   - weight=0x70d9e160d490 (depformer_layers_5_self_attn_out_proj_weight (view), type=2), bias=(nil) (NULL)
DEBUG:   - ggml_mul_mat returned y=0x70d7ce0f47a0
DEBUG:   - layer_scale_1
DEBUG:   - norm2
DEBUG:   - gating/ff
DEBUG: torch_nn_linear: linear=0x5e4b35a09f60, x=0x70d7ce0f4d60
DEBUG:   - weight=0x5e4b3594e7c0 (depformer_layers_5_gating_5_linear_in_weight, type=2), bias=(nil) (NULL)
DEBUG:   - ggml_mul_mat returned y=0x70d7ce0f4ed0
DEBUG: torch_nn_linear: linear=0x5e4b35a09f80, x=0x70d7ce0f5490
DEBUG:   - weight=0x5e4b3594e930 (depformer_layers_5_gating_5_linear_out_weight, type=2), bias=(nil) (NULL)
DEBUG:   - ggml_mul_mat returned y=0x70d7ce0f5600
DEBUG:   - layer done
DEBUG: torch_nn_linear: linear=0x5e4b35a0afd0, x=0x70d7ce0f5770
DEBUG:   - weight=0x5e4b35952870 (linears.5.weight, type=1), bias=(nil) (NULL)
DEBUG:   - ggml_mul_mat returned y=0x70d7ce0f58e0
DEBUG: torch_nn_linear: linear=0x5e4b35a0ab60, x=0x5e4b36959440
DEBUG:   - weight=0x5e4b35952b50 (depformer_in.6.weight, type=2), bias=(nil) (NULL)
DEBUG:   - ggml_mul_mat returned y=0x70d7ce0f75a0
DEBUG: moshi_streaming_transformer building layer 0 (first loop)
DEBUG:   - norm1
DEBUG:   - self_attn
DEBUG: torch_nn_linear: linear=0x5e4b35959ed0, x=0x70d7ce0f8120
DEBUG:   - weight=0x70d9e15fd900 (depformer_layers_0_self_attn_in_proj_weight (view), type=2), bias=(nil) (NULL)
DEBUG:   - ggml_mul_mat returned y=0x70d7ce0f8290
DEBUG: torch_nn_linear: linear=0x5e4b35959ef0, x=0x70d7ce0fb090
DEBUG:   - weight=0x70d9e15ff000 (depformer_layers_0_self_attn_out_proj_weight (view), type=2), bias=(nil) (NULL)
DEBUG:   - ggml_mul_mat returned y=0x70d7ce0fb200
DEBUG:   - layer_scale_1
DEBUG:   - norm2
DEBUG:   - gating/ff
DEBUG: torch_nn_linear: linear=0x5e4b35959f30, x=0x70d7ce0fb7c0
DEBUG:   - weight=0x5e4b3593e7e0 (depformer_layers_0_gating_6_linear_in_weight, type=2), bias=(nil) (NULL)
DEBUG:   - ggml_mul_mat returned y=0x70d7ce0fb930
DEBUG: torch_nn_linear: linear=0x5e4b35959f50, x=0x70d7ce0fbef0
DEBUG:   - weight=0x5e4b3593e950 (depformer_layers_0_gating_6_linear_out_weight, type=2), bias=(nil) (NULL)
DEBUG:   - ggml_mul_mat returned y=0x70d7ce0fc060
DEBUG:   - layer done
DEBUG: moshi_streaming_transformer building layer 1 (first loop)
DEBUG:   - norm1
DEBUG:   - self_attn
DEBUG: torch_nn_linear: linear=0x5e4b3595abc0, x=0x70d7ce0fc620
DEBUG:   - weight=0x70d9e1600700 (depformer_layers_1_self_attn_in_proj_weight (view), type=2), bias=(nil) (NULL)
DEBUG:   - ggml_mul_mat returned y=0x70d7ce0fc790
DEBUG: torch_nn_linear: linear=0x5e4b3595abe0, x=0x70d7ce0ff590
DEBUG:   - weight=0x70d9e1601e00 (depformer_layers_1_self_attn_out_proj_weight (view), type=2), bias=(nil) (NULL)
DEBUG:   - ggml_mul_mat returned y=0x70d7ce0ff700
DEBUG:   - layer_scale_1
DEBUG:   - norm2
DEBUG:   - gating/ff
DEBUG: torch_nn_linear: linear=0x5e4b3595ac20, x=0x70d7ce0ffcc0
DEBUG:   - weight=0x5e4b35941ba0 (depformer_layers_1_gating_6_linear_in_weight, type=2), bias=(nil) (NULL)
DEBUG:   - ggml_mul_mat returned y=0x70d7ce0ffe30
DEBUG: torch_nn_linear: linear=0x5e4b3595ac40, x=0x70d7ce1003f0
DEBUG:   - weight=0x5e4b35941d10 (depformer_layers_1_gating_6_linear_out_weight, type=2), bias=(nil) (NULL)
DEBUG:   - ggml_mul_mat returned y=0x70d7ce100560
DEBUG:   - layer done
DEBUG: moshi_streaming_transformer building layer 2 (first loop)
DEBUG:   - norm1
DEBUG:   - self_attn
DEBUG: torch_nn_linear: linear=0x5e4b3595b8b0, x=0x70d7ce100b20
DEBUG:   - weight=0x70d9e1603500 (depformer_layers_2_self_attn_in_proj_weight (view), type=2), bias=(nil) (NULL)
DEBUG:   - ggml_mul_mat returned y=0x70d7ce100c90
DEBUG: torch_nn_linear: linear=0x5e4b3595b8d0, x=0x70d7ce103a90
DEBUG:   - weight=0x70d9e1604c00 (depformer_layers_2_self_attn_out_proj_weight (view), type=2), bias=(nil) (NULL)
DEBUG:   - ggml_mul_mat returned y=0x70d7ce103c00
DEBUG:   - layer_scale_1
DEBUG:   - norm2
DEBUG:   - gating/ff
DEBUG: torch_nn_linear: linear=0x5e4b3595b910, x=0x70d7ce1041c0
DEBUG:   - weight=0x5e4b35944f60 (depformer_layers_2_gating_6_linear_in_weight, type=2), bias=(nil) (NULL)
DEBUG:   - ggml_mul_mat returned y=0x70d7ce104330
DEBUG: torch_nn_linear: linear=0x5e4b3595b930, x=0x70d7ce1048f0
DEBUG:   - weight=0x5e4b359450d0 (depformer_layers_2_gating_6_linear_out_weight, type=2), bias=(nil) (NULL)
DEBUG:   - ggml_mul_mat returned y=0x70d7ce104a60
DEBUG:   - layer done
DEBUG: moshi_streaming_transformer building layer 3 (first loop)
DEBUG:   - norm1
DEBUG:   - self_attn
DEBUG: torch_nn_linear: linear=0x5e4b3595c5a0, x=0x70d7ce105020
DEBUG:   - weight=0x70d9e1606300 (depformer_layers_3_self_attn_in_proj_weight (view), type=2), bias=(nil) (NULL)
DEBUG:   - ggml_mul_mat returned y=0x70d7ce105190
DEBUG: torch_nn_linear: linear=0x5e4b3595c5c0, x=0x70d7ce107f90
DEBUG:   - weight=0x70d9e1607a00 (depformer_layers_3_self_attn_out_proj_weight (view), type=2), bias=(nil) (NULL)
DEBUG:   - ggml_mul_mat returned y=0x70d7ce108100
DEBUG:   - layer_scale_1
DEBUG:   - norm2
DEBUG:   - gating/ff
DEBUG: torch_nn_linear: linear=0x5e4b3595c600, x=0x70d7ce1086c0
DEBUG:   - weight=0x5e4b35948320 (depformer_layers_3_gating_6_linear_in_weight, type=2), bias=(nil) (NULL)
DEBUG:   - ggml_mul_mat returned y=0x70d7ce108830
DEBUG: torch_nn_linear: linear=0x5e4b3595c620, x=0x70d7ce108df0
DEBUG:   - weight=0x5e4b35948490 (depformer_layers_3_gating_6_linear_out_weight, type=2), bias=(nil) (NULL)
DEBUG:   - ggml_mul_mat returned y=0x70d7ce108f60
DEBUG:   - layer done
DEBUG: moshi_streaming_transformer building layer 4 (first loop)
DEBUG:   - norm1
DEBUG:   - self_attn
DEBUG: torch_nn_linear: linear=0x5e4b35a092b0, x=0x70d7ce109520
DEBUG:   - weight=0x70d9e1609100 (depformer_layers_4_self_attn_in_proj_weight (view), type=2), bias=(nil) (NULL)
DEBUG:   - ggml_mul_mat returned y=0x70d7ce109690
DEBUG: torch_nn_linear: linear=0x5e4b35a092d0, x=0x70d7ce10c490
DEBUG:   - weight=0x70d9e160a800 (depformer_layers_4_self_attn_out_proj_weight (view), type=2), bias=(nil) (NULL)
DEBUG:   - ggml_mul_mat returned y=0x70d7ce10c600
DEBUG:   - layer_scale_1
DEBUG:   - norm2
DEBUG:   - gating/ff
DEBUG: torch_nn_linear: linear=0x5e4b35a09310, x=0x70d7ce10cbc0
DEBUG:   - weight=0x5e4b3594b6e0 (depformer_layers_4_gating_6_linear_in_weight, type=2), bias=(nil) (NULL)
DEBUG:   - ggml_mul_mat returned y=0x70d7ce10cd30
DEBUG: torch_nn_linear: linear=0x5e4b35a09330, x=0x70d7ce10d2f0
DEBUG:   - weight=0x5e4b3594b850 (depformer_layers_4_gating_6_linear_out_weight, type=2), bias=(nil) (NULL)
DEBUG:   - ggml_mul_mat returned y=0x70d7ce10d460
DEBUG:   - layer done
DEBUG: moshi_streaming_transformer building layer 5 (first loop)
DEBUG:   - norm1
DEBUG:   - self_attn
DEBUG: torch_nn_linear: linear=0x5e4b35a09fa0, x=0x70d7ce10da20
DEBUG:   - weight=0x70d9e160bf00 (depformer_layers_5_self_attn_in_proj_weight (view), type=2), bias=(nil) (NULL)
DEBUG:   - ggml_mul_mat returned y=0x70d7ce10db90
DEBUG: torch_nn_linear: linear=0x5e4b35a09fc0, x=0x70d7ce110990
DEBUG:   - weight=0x70d9e160d600 (depformer_layers_5_self_attn_out_proj_weight (view), type=2), bias=(nil) (NULL)
DEBUG:   - ggml_mul_mat returned y=0x70d7ce110b00
DEBUG:   - layer_scale_1
DEBUG:   - norm2
DEBUG:   - gating/ff
DEBUG: torch_nn_linear: linear=0x5e4b35a0a000, x=0x70d7ce1110c0
DEBUG:   - weight=0x5e4b3594eaa0 (depformer_layers_5_gating_6_linear_in_weight, type=2), bias=(nil) (NULL)
DEBUG:   - ggml_mul_mat returned y=0x70d7ce111230
DEBUG: torch_nn_linear: linear=0x5e4b35a0a020, x=0x70d7ce1117f0
DEBUG:   - weight=0x5e4b3594ec10 (depformer_layers_5_gating_6_linear_out_weight, type=2), bias=(nil) (NULL)
DEBUG:   - ggml_mul_mat returned y=0x70d7ce111960
DEBUG:   - layer done
DEBUG: torch_nn_linear: linear=0x5e4b35a0aff0, x=0x70d7ce111ad0
DEBUG:   - weight=0x5e4b35952e30 (linears.6.weight, type=1), bias=(nil) (NULL)
DEBUG:   - ggml_mul_mat returned y=0x70d7ce111c40
DEBUG: torch_nn_linear: linear=0x5e4b35a0ab80, x=0x5e4b36959440
DEBUG:   - weight=0x5e4b35953110 (depformer_in.7.weight, type=2), bias=(nil) (NULL)
DEBUG:   - ggml_mul_mat returned y=0x70d7ce113900
DEBUG: moshi_streaming_transformer building layer 0 (first loop)
DEBUG:   - norm1
DEBUG:   - self_attn
DEBUG: torch_nn_linear: linear=0x5e4b35959f70, x=0x70d7ce114480
DEBUG:   - weight=0x70d9e15fda70 (depformer_layers_0_self_attn_in_proj_weight (view), type=2), bias=(nil) (NULL)
DEBUG:   - ggml_mul_mat returned y=0x70d7ce1145f0
DEBUG: torch_nn_linear: linear=0x5e4b35959f90, x=0x70d7ce1173f0
DEBUG:   - weight=0x70d9e15ff170 (depformer_layers_0_self_attn_out_proj_weight (view), type=2), bias=(nil) (NULL)
DEBUG:   - ggml_mul_mat returned y=0x70d7ce117560
DEBUG:   - layer_scale_1
DEBUG:   - norm2
DEBUG:   - gating/ff
DEBUG: torch_nn_linear: linear=0x5e4b35959fd0, x=0x70d7ce117b20
DEBUG:   - weight=0x5e4b3593eac0 (depformer_layers_0_gating_7_linear_in_weight, type=2), bias=(nil) (NULL)
DEBUG:   - ggml_mul_mat returned y=0x70d7ce117c90
DEBUG: torch_nn_linear: linear=0x5e4b35959ff0, x=0x70d7ce118250
DEBUG:   - weight=0x5e4b3593ec30 (depformer_layers_0_gating_7_linear_out_weight, type=2), bias=(nil) (NULL)
DEBUG:   - ggml_mul_mat returned y=0x70d7ce1183c0
DEBUG:   - layer done
DEBUG: moshi_streaming_transformer building layer 1 (first loop)
DEBUG:   - norm1
DEBUG:   - self_attn
DEBUG: torch_nn_linear: linear=0x5e4b3595ac60, x=0x70d7ce118980
DEBUG:   - weight=0x70d9e1600870 (depformer_layers_1_self_attn_in_proj_weight (view), type=2), bias=(nil) (NULL)
DEBUG:   - ggml_mul_mat returned y=0x70d7ce118af0
DEBUG: torch_nn_linear: linear=0x5e4b3595ac80, x=0x70d7ce11b8f0
DEBUG:   - weight=0x70d9e1601f70 (depformer_layers_1_self_attn_out_proj_weight (view), type=2), bias=(nil) (NULL)
DEBUG:   - ggml_mul_mat returned y=0x70d7ce11ba60
DEBUG:   - layer_scale_1
DEBUG:   - norm2
DEBUG:   - gating/ff
DEBUG: torch_nn_linear: linear=0x5e4b3595acc0, x=0x70d7ce11c020
DEBUG:   - weight=0x5e4b35941e80 (depformer_layers_1_gating_7_linear_in_weight, type=2), bias=(nil) (NULL)
DEBUG:   - ggml_mul_mat returned y=0x70d7ce11c190
DEBUG: torch_nn_linear: linear=0x5e4b3595ace0, x=0x70d7ce11c750
DEBUG:   - weight=0x5e4b35941ff0 (depformer_layers_1_gating_7_linear_out_weight, type=2), bias=(nil) (NULL)
DEBUG:   - ggml_mul_mat returned y=0x70d7ce11c8c0
DEBUG:   - layer done
DEBUG: moshi_streaming_transformer building layer 2 (first loop)
DEBUG:   - norm1
DEBUG:   - self_attn
DEBUG: torch_nn_linear: linear=0x5e4b3595b950, x=0x70d7ce11ce80
DEBUG:   - weight=0x70d9e1603670 (depformer_layers_2_self_attn_in_proj_weight (view), type=2), bias=(nil) (NULL)
DEBUG:   - ggml_mul_mat returned y=0x70d7ce11cff0
DEBUG: torch_nn_linear: linear=0x5e4b3595b970, x=0x70d7ce11fdf0
DEBUG:   - weight=0x70d9e1604d70 (depformer_layers_2_self_attn_out_proj_weight (view), type=2), bias=(nil) (NULL)
DEBUG:   - ggml_mul_mat returned y=0x70d7ce11ff60
DEBUG:   - layer_scale_1
DEBUG:   - norm2
DEBUG:   - gating/ff
DEBUG: torch_nn_linear: linear=0x5e4b3595b9b0, x=0x70d7ce120520
DEBUG:   - weight=0x5e4b35945240 (depformer_layers_2_gating_7_linear_in_weight, type=2), bias=(nil) (NULL)
DEBUG:   - ggml_mul_mat returned y=0x70d7ce120690
DEBUG: torch_nn_linear: linear=0x5e4b3595b9d0, x=0x70d7ce120c50
DEBUG:   - weight=0x5e4b359453b0 (depformer_layers_2_gating_7_linear_out_weight, type=2), bias=(nil) (NULL)
DEBUG:   - ggml_mul_mat returned y=0x70d7ce120dc0
DEBUG:   - layer done
DEBUG: moshi_streaming_transformer building layer 3 (first loop)
DEBUG:   - norm1
DEBUG:   - self_attn
DEBUG: torch_nn_linear: linear=0x5e4b3595c640, x=0x70d7ce121380
DEBUG:   - weight=0x70d9e1606470 (depformer_layers_3_self_attn_in_proj_weight (view), type=2), bias=(nil) (NULL)
DEBUG:   - ggml_mul_mat returned y=0x70d7ce1214f0
DEBUG: torch_nn_linear: linear=0x5e4b3595c660, x=0x70d7ce1242f0
DEBUG:   - weight=0x70d9e1607b70 (depformer_layers_3_self_attn_out_proj_weight (view), type=2), bias=(nil) (NULL)
DEBUG:   - ggml_mul_mat returned y=0x70d7ce124460
DEBUG:   - layer_scale_1
DEBUG:   - norm2
DEBUG:   - gating/ff
DEBUG: torch_nn_linear: linear=0x5e4b3595c6a0, x=0x70d7ce124a20
DEBUG:   - weight=0x5e4b35948600 (depformer_layers_3_gating_7_linear_in_weight, type=2), bias=(nil) (NULL)
DEBUG:   - ggml_mul_mat returned y=0x70d7ce124b90
DEBUG: torch_nn_linear: linear=0x5e4b3595c6c0, x=0x70d7ce125150
DEBUG:   - weight=0x5e4b35948770 (depformer_layers_3_gating_7_linear_out_weight, type=2), bias=(nil) (NULL)
DEBUG:   - ggml_mul_mat returned y=0x70d7ce1252c0
DEBUG:   - layer done
DEBUG: moshi_streaming_transformer building layer 4 (first loop)
DEBUG:   - norm1
DEBUG:   - self_attn
DEBUG: torch_nn_linear: linear=0x5e4b35a09350, x=0x70d7ce125880
DEBUG:   - weight=0x70d9e1609270 (depformer_layers_4_self_attn_in_proj_weight (view), type=2), bias=(nil) (NULL)
DEBUG:   - ggml_mul_mat returned y=0x70d7ce1259f0
DEBUG: torch_nn_linear: linear=0x5e4b35a09370, x=0x70d7ce1287f0
DEBUG:   - weight=0x70d9e160a970 (depformer_layers_4_self_attn_out_proj_weight (view), type=2), bias=(nil) (NULL)
DEBUG:   - ggml_mul_mat returned y=0x70d7ce128960
DEBUG:   - layer_scale_1
DEBUG:   - norm2
DEBUG:   - gating/ff
DEBUG: torch_nn_linear: linear=0x5e4b35a093b0, x=0x70d7ce128f20
DEBUG:   - weight=0x5e4b3594b9c0 (depformer_layers_4_gating_7_linear_in_weight, type=2), bias=(nil) (NULL)
DEBUG:   - ggml_mul_mat returned y=0x70d7ce129090
DEBUG: torch_nn_linear: linear=0x5e4b35a093d0, x=0x70d7ce129650
DEBUG:   - weight=0x5e4b3594bb30 (depformer_layers_4_gating_7_linear_out_weight, type=2), bias=(nil) (NULL)
DEBUG:   - ggml_mul_mat returned y=0x70d7ce1297c0
DEBUG:   - layer done
DEBUG: moshi_streaming_transformer building layer 5 (first loop)
DEBUG:   - norm1
DEBUG:   - self_attn
DEBUG: torch_nn_linear: linear=0x5e4b35a0a040, x=0x70d7ce129d80
DEBUG:   - weight=0x70d9e160c070 (depformer_layers_5_self_attn_in_proj_weight (view), type=2), bias=(nil) (NULL)
DEBUG:   - ggml_mul_mat returned y=0x70d7ce129ef0
DEBUG: torch_nn_linear: linear=0x5e4b35a0a060, x=0x70d7ce12ccf0
DEBUG:   - weight=0x70d9e160d770 (depformer_layers_5_self_attn_out_proj_weight (view), type=2), bias=(nil) (NULL)
DEBUG:   - ggml_mul_mat returned y=0x70d7ce12ce60
DEBUG:   - layer_scale_1
DEBUG:   - norm2
DEBUG:   - gating/ff
DEBUG: torch_nn_linear: linear=0x5e4b35a0a0a0, x=0x70d7ce12d420
DEBUG:   - weight=0x5e4b3594ed80 (depformer_layers_5_gating_7_linear_in_weight, type=2), bias=(nil) (NULL)
DEBUG:   - ggml_mul_mat returned y=0x70d7ce12d590
DEBUG: torch_nn_linear: linear=0x5e4b35a0a0c0, x=0x70d7ce12db50
DEBUG:   - weight=0x5e4b3594eef0 (depformer_layers_5_gating_7_linear_out_weight, type=2), bias=(nil) (NULL)
DEBUG:   - ggml_mul_mat returned y=0x70d7ce12dcc0
DEBUG:   - layer done
DEBUG: torch_nn_linear: linear=0x5e4b35a0b010, x=0x70d7ce12de30
DEBUG:   - weight=0x5e4b359533f0 (linears.7.weight, type=1), bias=(nil) (NULL)
DEBUG:   - ggml_mul_mat returned y=0x70d7ce12dfa0
DEBUG: torch_nn_linear: linear=0x5e4b35a0aba0, x=0x5e4b36959440
DEBUG:   - weight=0x5e4b359536d0 (depformer_in.8.weight, type=2), bias=(nil) (NULL)
DEBUG:   - ggml_mul_mat returned y=0x70d7ce12fc60
DEBUG: moshi_streaming_transformer building layer 0 (first loop)
DEBUG:   - norm1
DEBUG:   - self_attn
DEBUG: torch_nn_linear: linear=0x5e4b3595a010, x=0x70d7ce1307e0
DEBUG:   - weight=0x70d9e15fdbe0 (depformer_layers_0_self_attn_in_proj_weight (view), type=2), bias=(nil) (NULL)
DEBUG:   - ggml_mul_mat returned y=0x70d7ce130950
DEBUG: torch_nn_linear: linear=0x5e4b3595a030, x=0x70d7ce133750
DEBUG:   - weight=0x70d9e15ff2e0 (depformer_layers_0_self_attn_out_proj_weight (view), type=2), bias=(nil) (NULL)
DEBUG:   - ggml_mul_mat returned y=0x70d7ce1338c0
DEBUG:   - layer_scale_1
DEBUG:   - norm2
DEBUG:   - gating/ff
DEBUG: torch_nn_linear: linear=0x5e4b3595a070, x=0x70d7ce133e80
DEBUG:   - weight=0x5e4b3593eda0 (depformer_layers_0_gating_8_linear_in_weight, type=2), bias=(nil) (NULL)
DEBUG:   - ggml_mul_mat returned y=0x70d7ce133ff0
DEBUG: torch_nn_linear: linear=0x5e4b3595a090, x=0x70d7ce1345b0
DEBUG:   - weight=0x5e4b3593ef10 (depformer_layers_0_gating_8_linear_out_weight, type=2), bias=(nil) (NULL)
DEBUG:   - ggml_mul_mat returned y=0x70d7ce134720
DEBUG:   - layer done
DEBUG: moshi_streaming_transformer building layer 1 (first loop)
DEBUG:   - norm1
DEBUG:   - self_attn
DEBUG: torch_nn_linear: linear=0x5e4b3595ad00, x=0x70d7ce134ce0
DEBUG:   - weight=0x70d9e16009e0 (depformer_layers_1_self_attn_in_proj_weight (view), type=2), bias=(nil) (NULL)
DEBUG:   - ggml_mul_mat returned y=0x70d7ce134e50
DEBUG: torch_nn_linear: linear=0x5e4b3595ad20, x=0x70d7ce137c50
DEBUG:   - weight=0x70d9e16020e0 (depformer_layers_1_self_attn_out_proj_weight (view), type=2), bias=(nil) (NULL)
DEBUG:   - ggml_mul_mat returned y=0x70d7ce137dc0
DEBUG:   - layer_scale_1
DEBUG:   - norm2
DEBUG:   - gating/ff
DEBUG: torch_nn_linear: linear=0x5e4b3595ad60, x=0x70d7ce138380
DEBUG:   - weight=0x5e4b35942160 (depformer_layers_1_gating_8_linear_in_weight, type=2), bias=(nil) (NULL)
DEBUG:   - ggml_mul_mat returned y=0x70d7ce1384f0
DEBUG: torch_nn_linear: linear=0x5e4b3595ad80, x=0x70d7ce138ab0
DEBUG:   - weight=0x5e4b359422d0 (depformer_layers_1_gating_8_linear_out_weight, type=2), bias=(nil) (NULL)
DEBUG:   - ggml_mul_mat returned y=0x70d7ce138c20
DEBUG:   - layer done
DEBUG: moshi_streaming_transformer building layer 2 (first loop)
DEBUG:   - norm1
DEBUG:   - self_attn
DEBUG: torch_nn_linear: linear=0x5e4b3595b9f0, x=0x70d7ce1391e0
DEBUG:   - weight=0x70d9e16037e0 (depformer_layers_2_self_attn_in_proj_weight (view), type=2), bias=(nil) (NULL)
DEBUG:   - ggml_mul_mat returned y=0x70d7ce139350
DEBUG: torch_nn_linear: linear=0x5e4b3595ba10, x=0x70d7ce13c150
DEBUG:   - weight=0x70d9e1604ee0 (depformer_layers_2_self_attn_out_proj_weight (view), type=2), bias=(nil) (NULL)
DEBUG:   - ggml_mul_mat returned y=0x70d7ce13c2c0
DEBUG:   - layer_scale_1
DEBUG:   - norm2
DEBUG:   - gating/ff
DEBUG: torch_nn_linear: linear=0x5e4b3595ba50, x=0x70d7ce13c880
DEBUG:   - weight=0x5e4b35945520 (depformer_layers_2_gating_8_linear_in_weight, type=2), bias=(nil) (NULL)
DEBUG:   - ggml_mul_mat returned y=0x70d7ce13c9f0
DEBUG: torch_nn_linear: linear=0x5e4b3595ba70, x=0x70d7ce13cfb0
DEBUG:   - weight=0x5e4b35945690 (depformer_layers_2_gating_8_linear_out_weight, type=2), bias=(nil) (NULL)
DEBUG:   - ggml_mul_mat returned y=0x70d7ce13d120
DEBUG:   - layer done
DEBUG: moshi_streaming_transformer building layer 3 (first loop)
DEBUG:   - norm1
DEBUG:   - self_attn
DEBUG: torch_nn_linear: linear=0x5e4b3595c6e0, x=0x70d7ce13d6e0
DEBUG:   - weight=0x70d9e16065e0 (depformer_layers_3_self_attn_in_proj_weight (view), type=2), bias=(nil) (NULL)
DEBUG:   - ggml_mul_mat returned y=0x70d7ce13d850
DEBUG: torch_nn_linear: linear=0x5e4b3595c700, x=0x70d7ce140650
DEBUG:   - weight=0x70d9e1607ce0 (depformer_layers_3_self_attn_out_proj_weight (view), type=2), bias=(nil) (NULL)
DEBUG:   - ggml_mul_mat returned y=0x70d7ce1407c0
DEBUG:   - layer_scale_1
DEBUG:   - norm2
DEBUG:   - gating/ff
DEBUG: torch_nn_linear: linear=0x5e4b3595c740, x=0x70d7ce140d80
DEBUG:   - weight=0x5e4b359488e0 (depformer_layers_3_gating_8_linear_in_weight, type=2), bias=(nil) (NULL)
DEBUG:   - ggml_mul_mat returned y=0x70d7ce140ef0
DEBUG: torch_nn_linear: linear=0x5e4b3595c760, x=0x70d7ce1414b0
DEBUG:   - weight=0x5e4b35948a50 (depformer_layers_3_gating_8_linear_out_weight, type=2), bias=(nil) (NULL)
DEBUG:   - ggml_mul_mat returned y=0x70d7ce141620
DEBUG:   - layer done
DEBUG: moshi_streaming_transformer building layer 4 (first loop)
DEBUG:   - norm1
DEBUG:   - self_attn
DEBUG: torch_nn_linear: linear=0x5e4b35a093f0, x=0x70d7ce141be0
DEBUG:   - weight=0x70d9e16093e0 (depformer_layers_4_self_attn_in_proj_weight (view), type=2), bias=(nil) (NULL)
DEBUG:   - ggml_mul_mat returned y=0x70d7ce141d50
DEBUG: torch_nn_linear: linear=0x5e4b35a09410, x=0x70d7ce144b50
DEBUG:   - weight=0x70d9e160aae0 (depformer_layers_4_self_attn_out_proj_weight (view), type=2), bias=(nil) (NULL)
DEBUG:   - ggml_mul_mat returned y=0x70d7ce144cc0
DEBUG:   - layer_scale_1
DEBUG:   - norm2
DEBUG:   - gating/ff
DEBUG: torch_nn_linear: linear=0x5e4b35a09450, x=0x70d7ce145280
DEBUG:   - weight=0x5e4b3594bca0 (depformer_layers_4_gating_8_linear_in_weight, type=2), bias=(nil) (NULL)
DEBUG:   - ggml_mul_mat returned y=0x70d7ce1453f0
DEBUG: torch_nn_linear: linear=0x5e4b35a09470, x=0x70d7ce1459b0
DEBUG:   - weight=0x5e4b3594be10 (depformer_layers_4_gating_8_linear_out_weight, type=2), bias=(nil) (NULL)
DEBUG:   - ggml_mul_mat returned y=0x70d7ce145b20
DEBUG:   - layer done
DEBUG: moshi_streaming_transformer building layer 5 (first loop)
DEBUG:   - norm1
DEBUG:   - self_attn
DEBUG: torch_nn_linear: linear=0x5e4b35a0a0e0, x=0x70d7ce1460e0
DEBUG:   - weight=0x70d9e160c1e0 (depformer_layers_5_self_attn_in_proj_weight (view), type=2), bias=(nil) (NULL)
DEBUG:   - ggml_mul_mat returned y=0x70d7ce146250
DEBUG: torch_nn_linear: linear=0x5e4b35a0a100, x=0x70d7ce149050
DEBUG:   - weight=0x70d9e160d8e0 (depformer_layers_5_self_attn_out_proj_weight (view), type=2), bias=(nil) (NULL)
DEBUG:   - ggml_mul_mat returned y=0x70d7ce1491c0
DEBUG:   - layer_scale_1
DEBUG:   - norm2
DEBUG:   - gating/ff
DEBUG: torch_nn_linear: linear=0x5e4b35a0a140, x=0x70d7ce149780
DEBUG:   - weight=0x5e4b3594f060 (depformer_layers_5_gating_8_linear_in_weight, type=2), bias=(nil) (NULL)
DEBUG:   - ggml_mul_mat returned y=0x70d7ce1498f0
DEBUG: torch_nn_linear: linear=0x5e4b35a0a160, x=0x70d7ce149eb0
DEBUG:   - weight=0x5e4b3594f1d0 (depformer_layers_5_gating_8_linear_out_weight, type=2), bias=(nil) (NULL)
DEBUG:   - ggml_mul_mat returned y=0x70d7ce14a020
DEBUG:   - layer done
DEBUG: torch_nn_linear: linear=0x5e4b35a0b030, x=0x70d7ce14a190
DEBUG:   - weight=0x5e4b359539b0 (linears.8.weight, type=1), bias=(nil) (NULL)
DEBUG:   - ggml_mul_mat returned y=0x70d7ce14a300
DEBUG: torch_nn_linear: linear=0x5e4b35a0abc0, x=0x5e4b36959440
DEBUG:   - weight=0x5e4b35953c90 (depformer_in.9.weight, type=2), bias=(nil) (NULL)
DEBUG:   - ggml_mul_mat returned y=0x70d7ce14bfc0
DEBUG: moshi_streaming_transformer building layer 0 (first loop)
DEBUG:   - norm1
DEBUG:   - self_attn
DEBUG: torch_nn_linear: linear=0x5e4b3595a0b0, x=0x70d7ce14cb40
DEBUG:   - weight=0x70d9e15fdd50 (depformer_layers_0_self_attn_in_proj_weight (view), type=2), bias=(nil) (NULL)
DEBUG:   - ggml_mul_mat returned y=0x70d7ce14ccb0
DEBUG: torch_nn_linear: linear=0x5e4b3595a0d0, x=0x70d7ce14fab0
DEBUG:   - weight=0x70d9e15ff450 (depformer_layers_0_self_attn_out_proj_weight (view), type=2), bias=(nil) (NULL)
DEBUG:   - ggml_mul_mat returned y=0x70d7ce14fc20
DEBUG:   - layer_scale_1
DEBUG:   - norm2
DEBUG:   - gating/ff
DEBUG: torch_nn_linear: linear=0x5e4b3595a110, x=0x70d7ce1501e0
DEBUG:   - weight=0x5e4b3593f080 (depformer_layers_0_gating_9_linear_in_weight, type=2), bias=(nil) (NULL)
DEBUG:   - ggml_mul_mat returned y=0x70d7ce150350
DEBUG: torch_nn_linear: linear=0x5e4b3595a130, x=0x70d7ce150910
DEBUG:   - weight=0x5e4b3593f1f0 (depformer_layers_0_gating_9_linear_out_weight, type=2), bias=(nil) (NULL)
DEBUG:   - ggml_mul_mat returned y=0x70d7ce150a80
DEBUG:   - layer done
DEBUG: moshi_streaming_transformer building layer 1 (first loop)
DEBUG:   - norm1
DEBUG:   - self_attn
DEBUG: torch_nn_linear: linear=0x5e4b3595ada0, x=0x70d7ce151040
DEBUG:   - weight=0x70d9e1600b50 (depformer_layers_1_self_attn_in_proj_weight (view), type=2), bias=(nil) (NULL)
DEBUG:   - ggml_mul_mat returned y=0x70d7ce1511b0
DEBUG: torch_nn_linear: linear=0x5e4b3595adc0, x=0x70d7ce153fb0
DEBUG:   - weight=0x70d9e1602250 (depformer_layers_1_self_attn_out_proj_weight (view), type=2), bias=(nil) (NULL)
DEBUG:   - ggml_mul_mat returned y=0x70d7ce154120
DEBUG:   - layer_scale_1
DEBUG:   - norm2
DEBUG:   - gating/ff
DEBUG: torch_nn_linear: linear=0x5e4b3595ae00, x=0x70d7ce1546e0
DEBUG:   - weight=0x5e4b35942440 (depformer_layers_1_gating_9_linear_in_weight, type=2), bias=(nil) (NULL)
DEBUG:   - ggml_mul_mat returned y=0x70d7ce154850
DEBUG: torch_nn_linear: linear=0x5e4b3595ae20, x=0x70d7ce154e10
DEBUG:   - weight=0x5e4b359425b0 (depformer_layers_1_gating_9_linear_out_weight, type=2), bias=(nil) (NULL)
DEBUG:   - ggml_mul_mat returned y=0x70d7ce154f80
DEBUG:   - layer done
DEBUG: moshi_streaming_transformer building layer 2 (first loop)
DEBUG:   - norm1
DEBUG:   - self_attn
DEBUG: torch_nn_linear: linear=0x5e4b3595ba90, x=0x70d7ce155540
DEBUG:   - weight=0x70d9e1603950 (depformer_layers_2_self_attn_in_proj_weight (view), type=2), bias=(nil) (NULL)
DEBUG:   - ggml_mul_mat returned y=0x70d7ce1556b0
DEBUG: torch_nn_linear: linear=0x5e4b3595bab0, x=0x70d7ce1584b0
DEBUG:   - weight=0x70d9e1605050 (depformer_layers_2_self_attn_out_proj_weight (view), type=2), bias=(nil) (NULL)
DEBUG:   - ggml_mul_mat returned y=0x70d7ce158620
DEBUG:   - layer_scale_1
DEBUG:   - norm2
DEBUG:   - gating/ff
DEBUG: torch_nn_linear: linear=0x5e4b3595baf0, x=0x70d7ce158be0
DEBUG:   - weight=0x5e4b35945800 (depformer_layers_2_gating_9_linear_in_weight, type=2), bias=(nil) (NULL)
DEBUG:   - ggml_mul_mat returned y=0x70d7ce158d50
DEBUG: torch_nn_linear: linear=0x5e4b3595bb10, x=0x70d7ce159310
DEBUG:   - weight=0x5e4b35945970 (depformer_layers_2_gating_9_linear_out_weight, type=2), bias=(nil) (NULL)
DEBUG:   - ggml_mul_mat returned y=0x70d7ce159480
DEBUG:   - layer done
DEBUG: moshi_streaming_transformer building layer 3 (first loop)
DEBUG:   - norm1
DEBUG:   - self_attn
DEBUG: torch_nn_linear: linear=0x5e4b3595c780, x=0x70d7ce159a40
DEBUG:   - weight=0x70d9e1606750 (depformer_layers_3_self_attn_in_proj_weight (view), type=2), bias=(nil) (NULL)
DEBUG:   - ggml_mul_mat returned y=0x70d7ce159bb0
DEBUG: torch_nn_linear: linear=0x5e4b3595c7a0, x=0x70d7ce15c9b0
DEBUG:   - weight=0x70d9e1607e50 (depformer_layers_3_self_attn_out_proj_weight (view), type=2), bias=(nil) (NULL)
DEBUG:   - ggml_mul_mat returned y=0x70d7ce15cb20
DEBUG:   - layer_scale_1
DEBUG:   - norm2
DEBUG:   - gating/ff
DEBUG: torch_nn_linear: linear=0x5e4b3595c7e0, x=0x70d7ce15d0e0
DEBUG:   - weight=0x5e4b35948bc0 (depformer_layers_3_gating_9_linear_in_weight, type=2), bias=(nil) (NULL)
DEBUG:   - ggml_mul_mat returned y=0x70d7ce15d250
DEBUG: torch_nn_linear: linear=0x5e4b3595c800, x=0x70d7ce15d810
DEBUG:   - weight=0x5e4b35948d30 (depformer_layers_3_gating_9_linear_out_weight, type=2), bias=(nil) (NULL)
DEBUG:   - ggml_mul_mat returned y=0x70d7ce15d980
DEBUG:   - layer done
DEBUG: moshi_streaming_transformer building layer 4 (first loop)
DEBUG:   - norm1
DEBUG:   - self_attn
DEBUG: torch_nn_linear: linear=0x5e4b35a09490, x=0x70d7ce15df40
DEBUG:   - weight=0x70d9e1609550 (depformer_layers_4_self_attn_in_proj_weight (view), type=2), bias=(nil) (NULL)
DEBUG:   - ggml_mul_mat returned y=0x70d7ce15e0b0
DEBUG: torch_nn_linear: linear=0x5e4b35a094b0, x=0x70d7ce160eb0
DEBUG:   - weight=0x70d9e160ac50 (depformer_layers_4_self_attn_out_proj_weight (view), type=2), bias=(nil) (NULL)
DEBUG:   - ggml_mul_mat returned y=0x70d7ce161020
DEBUG:   - layer_scale_1
DEBUG:   - norm2
DEBUG:   - gating/ff
DEBUG: torch_nn_linear: linear=0x5e4b35a094f0, x=0x70d7ce1615e0
DEBUG:   - weight=0x5e4b3594bf80 (depformer_layers_4_gating_9_linear_in_weight, type=2), bias=(nil) (NULL)
DEBUG:   - ggml_mul_mat returned y=0x70d7ce161750
DEBUG: torch_nn_linear: linear=0x5e4b35a09510, x=0x70d7ce161d10
DEBUG:   - weight=0x5e4b3594c0f0 (depformer_layers_4_gating_9_linear_out_weight, type=2), bias=(nil) (NULL)
DEBUG:   - ggml_mul_mat returned y=0x70d7ce161e80
DEBUG:   - layer done
DEBUG: moshi_streaming_transformer building layer 5 (first loop)
DEBUG:   - norm1
DEBUG:   - self_attn
DEBUG: torch_nn_linear: linear=0x5e4b35a0a180, x=0x70d7ce162440
DEBUG:   - weight=0x70d9e160c350 (depformer_layers_5_self_attn_in_proj_weight (view), type=2), bias=(nil) (NULL)
DEBUG:   - ggml_mul_mat returned y=0x70d7ce1625b0
DEBUG: torch_nn_linear: linear=0x5e4b35a0a1a0, x=0x70d7ce1653b0
DEBUG:   - weight=0x70d9e160da50 (depformer_layers_5_self_attn_out_proj_weight (view), type=2), bias=(nil) (NULL)
DEBUG:   - ggml_mul_mat returned y=0x70d7ce165520
DEBUG:   - layer_scale_1
DEBUG:   - norm2
DEBUG:   - gating/ff
DEBUG: torch_nn_linear: linear=0x5e4b35a0a1e0, x=0x70d7ce165ae0
DEBUG:   - weight=0x5e4b3594f340 (depformer_layers_5_gating_9_linear_in_weight, type=2), bias=(nil) (NULL)
DEBUG:   - ggml_mul_mat returned y=0x70d7ce165c50
DEBUG: torch_nn_linear: linear=0x5e4b35a0a200, x=0x70d7ce166210
DEBUG:   - weight=0x5e4b3594f4b0 (depformer_layers_5_gating_9_linear_out_weight, type=2), bias=(nil) (NULL)
DEBUG:   - ggml_mul_mat returned y=0x70d7ce166380
DEBUG:   - layer done
DEBUG: torch_nn_linear: linear=0x5e4b35a0b050, x=0x70d7ce1664f0
DEBUG:   - weight=0x5e4b35953f70 (linears.9.weight, type=1), bias=(nil) (NULL)
DEBUG:   - ggml_mul_mat returned y=0x70d7ce166660
DEBUG: torch_nn_linear: linear=0x5e4b35a0abe0, x=0x5e4b36959440
DEBUG:   - weight=0x5e4b35954250 (depformer_in.10.weight, type=2), bias=(nil) (NULL)
DEBUG:   - ggml_mul_mat returned y=0x70d7ce168320
DEBUG: moshi_streaming_transformer building layer 0 (first loop)
DEBUG:   - norm1
DEBUG:   - self_attn
DEBUG: torch_nn_linear: linear=0x5e4b3595a150, x=0x70d7ce168ea0
DEBUG:   - weight=0x70d9e15fdec0 (depformer_layers_0_self_attn_in_proj_weight (view), type=2), bias=(nil) (NULL)
DEBUG:   - ggml_mul_mat returned y=0x70d7ce169010
DEBUG: torch_nn_linear: linear=0x5e4b3595a170, x=0x70d7ce16be10
DEBUG:   - weight=0x70d9e15ff5c0 (depformer_layers_0_self_attn_out_proj_weight (view), type=2), bias=(nil) (NULL)
DEBUG:   - ggml_mul_mat returned y=0x70d7ce16bf80
DEBUG:   - layer_scale_1
DEBUG:   - norm2
DEBUG:   - gating/ff
DEBUG: torch_nn_linear: linear=0x5e4b3595a1b0, x=0x70d7ce16c540
DEBUG:   - weight=0x5e4b3593f360 (depformer_layers_0_gating_10_linear_in_weight, type=2), bias=(nil) (NULL)
DEBUG:   - ggml_mul_mat returned y=0x70d7ce16c6b0
DEBUG: torch_nn_linear: linear=0x5e4b3595a1d0, x=0x70d7ce16cc70
DEBUG:   - weight=0x5e4b3593f4d0 (depformer_layers_0_gating_10_linear_out_weight, type=2), bias=(nil) (NULL)
DEBUG:   - ggml_mul_mat returned y=0x70d7ce16cde0
DEBUG:   - layer done
DEBUG: moshi_streaming_transformer building layer 1 (first loop)
DEBUG:   - norm1
DEBUG:   - self_attn
DEBUG: torch_nn_linear: linear=0x5e4b3595ae40, x=0x70d7ce16d3a0
DEBUG:   - weight=0x70d9e1600cc0 (depformer_layers_1_self_attn_in_proj_weight (view), type=2), bias=(nil) (NULL)
DEBUG:   - ggml_mul_mat returned y=0x70d7ce16d510
DEBUG: torch_nn_linear: linear=0x5e4b3595ae60, x=0x70d7ce170310
DEBUG:   - weight=0x70d9e16023c0 (depformer_layers_1_self_attn_out_proj_weight (view), type=2), bias=(nil) (NULL)
DEBUG:   - ggml_mul_mat returned y=0x70d7ce170480
DEBUG:   - layer_scale_1
DEBUG:   - norm2
DEBUG:   - gating/ff
DEBUG: torch_nn_linear: linear=0x5e4b3595aea0, x=0x70d7ce170a40
DEBUG:   - weight=0x5e4b35942720 (depformer_layers_1_gating_10_linear_in_weight, type=2), bias=(nil) (NULL)
DEBUG:   - ggml_mul_mat returned y=0x70d7ce170bb0
DEBUG: torch_nn_linear: linear=0x5e4b3595aec0, x=0x70d7ce171170
DEBUG:   - weight=0x5e4b35942890 (depformer_layers_1_gating_10_linear_out_weight, type=2), bias=(nil) (NULL)
DEBUG:   - ggml_mul_mat returned y=0x70d7ce1712e0
DEBUG:   - layer done
DEBUG: moshi_streaming_transformer building layer 2 (first loop)
DEBUG:   - norm1
DEBUG:   - self_attn
DEBUG: torch_nn_linear: linear=0x5e4b3595bb30, x=0x70d7ce1718a0
DEBUG:   - weight=0x70d9e1603ac0 (depformer_layers_2_self_attn_in_proj_weight (view), type=2), bias=(nil) (NULL)
DEBUG:   - ggml_mul_mat returned y=0x70d7ce171a10
DEBUG: torch_nn_linear: linear=0x5e4b3595bb50, x=0x70d7ce174810
DEBUG:   - weight=0x70d9e16051c0 (depformer_layers_2_self_attn_out_proj_weight (view), type=2), bias=(nil) (NULL)
DEBUG:   - ggml_mul_mat returned y=0x70d7ce174980
DEBUG:   - layer_scale_1
DEBUG:   - norm2
DEBUG:   - gating/ff
DEBUG: torch_nn_linear: linear=0x5e4b3595bb90, x=0x70d7ce174f40
DEBUG:   - weight=0x5e4b35945ae0 (depformer_layers_2_gating_10_linear_in_weight, type=2), bias=(nil) (NULL)
DEBUG:   - ggml_mul_mat returned y=0x70d7ce1750b0
DEBUG: torch_nn_linear: linear=0x5e4b3595bbb0, x=0x70d7ce175670
DEBUG:   - weight=0x5e4b35945c50 (depformer_layers_2_gating_10_linear_out_weight, type=2), bias=(nil) (NULL)
DEBUG:   - ggml_mul_mat returned y=0x70d7ce1757e0
DEBUG:   - layer done
DEBUG: moshi_streaming_transformer building layer 3 (first loop)
DEBUG:   - norm1
DEBUG:   - self_attn
DEBUG: torch_nn_linear: linear=0x5e4b3595c820, x=0x70d7ce175da0
DEBUG:   - weight=0x70d9e16068c0 (depformer_layers_3_self_attn_in_proj_weight (view), type=2), bias=(nil) (NULL)
DEBUG:   - ggml_mul_mat returned y=0x70d7ce175f10
DEBUG: torch_nn_linear: linear=0x5e4b3595c840, x=0x70d7ce178d10
DEBUG:   - weight=0x70d9e1607fc0 (depformer_layers_3_self_attn_out_proj_weight (view), type=2), bias=(nil) (NULL)
DEBUG:   - ggml_mul_mat returned y=0x70d7ce178e80
DEBUG:   - layer_scale_1
DEBUG:   - norm2
DEBUG:   - gating/ff
DEBUG: torch_nn_linear: linear=0x5e4b3595c880, x=0x70d7ce179440
DEBUG:   - weight=0x5e4b35948ea0 (depformer_layers_3_gating_10_linear_in_weight, type=2), bias=(nil) (NULL)
DEBUG:   - ggml_mul_mat returned y=0x70d7ce1795b0
DEBUG: torch_nn_linear: linear=0x5e4b3595c8a0, x=0x70d7ce179b70
DEBUG:   - weight=0x5e4b35949010 (depformer_layers_3_gating_10_linear_out_weight, type=2), bias=(nil) (NULL)
DEBUG:   - ggml_mul_mat returned y=0x70d7ce179ce0
DEBUG:   - layer done
DEBUG: moshi_streaming_transformer building layer 4 (first loop)
DEBUG:   - norm1
DEBUG:   - self_attn
DEBUG: torch_nn_linear: linear=0x5e4b35a09530, x=0x70d7ce17a2a0
DEBUG:   - weight=0x70d9e16096c0 (depformer_layers_4_self_attn_in_proj_weight (view), type=2), bias=(nil) (NULL)
DEBUG:   - ggml_mul_mat returned y=0x70d7ce17a410
DEBUG: torch_nn_linear: linear=0x5e4b35a09550, x=0x70d7ce17d210
DEBUG:   - weight=0x70d9e160adc0 (depformer_layers_4_self_attn_out_proj_weight (view), type=2), bias=(nil) (NULL)
DEBUG:   - ggml_mul_mat returned y=0x70d7ce17d380
DEBUG:   - layer_scale_1
DEBUG:   - norm2
DEBUG:   - gating/ff
DEBUG: torch_nn_linear: linear=0x5e4b35a09590, x=0x70d7ce17d940
DEBUG:   - weight=0x5e4b3594c260 (depformer_layers_4_gating_10_linear_in_weight, type=2), bias=(nil) (NULL)
DEBUG:   - ggml_mul_mat returned y=0x70d7ce17dab0
DEBUG: torch_nn_linear: linear=0x5e4b35a095b0, x=0x70d7ce17e070
DEBUG:   - weight=0x5e4b3594c3d0 (depformer_layers_4_gating_10_linear_out_weight, type=2), bias=(nil) (NULL)
DEBUG:   - ggml_mul_mat returned y=0x70d7ce17e1e0
DEBUG:   - layer done
DEBUG: moshi_streaming_transformer building layer 5 (first loop)
DEBUG:   - norm1
DEBUG:   - self_attn
DEBUG: torch_nn_linear: linear=0x5e4b35a0a220, x=0x70d7ce17e7a0
DEBUG:   - weight=0x70d9e160c4c0 (depformer_layers_5_self_attn_in_proj_weight (view), type=2), bias=(nil) (NULL)
DEBUG:   - ggml_mul_mat returned y=0x70d7ce17e910
DEBUG: torch_nn_linear: linear=0x5e4b35a0a240, x=0x70d7ce181710
DEBUG:   - weight=0x70d9e160dbc0 (depformer_layers_5_self_attn_out_proj_weight (view), type=2), bias=(nil) (NULL)
DEBUG:   - ggml_mul_mat returned y=0x70d7ce181880
DEBUG:   - layer_scale_1
DEBUG:   - norm2
DEBUG:   - gating/ff
DEBUG: torch_nn_linear: linear=0x5e4b35a0a280, x=0x70d7ce181e40
DEBUG:   - weight=0x5e4b3594f620 (depformer_layers_5_gating_10_linear_in_weight, type=2), bias=(nil) (NULL)
DEBUG:   - ggml_mul_mat returned y=0x70d7ce181fb0
DEBUG: torch_nn_linear: linear=0x5e4b35a0a2a0, x=0x70d7ce182570
DEBUG:   - weight=0x5e4b3594f790 (depformer_layers_5_gating_10_linear_out_weight, type=2), bias=(nil) (NULL)
DEBUG:   - ggml_mul_mat returned y=0x70d7ce1826e0
DEBUG:   - layer done
DEBUG: torch_nn_linear: linear=0x5e4b35a0b070, x=0x70d7ce182850
DEBUG:   - weight=0x5e4b35954530 (linears.10.weight, type=1), bias=(nil) (NULL)
DEBUG:   - ggml_mul_mat returned y=0x70d7ce1829c0
DEBUG: torch_nn_linear: linear=0x5e4b35a0ac00, x=0x5e4b36959440
DEBUG:   - weight=0x5e4b35954810 (depformer_in.11.weight, type=2), bias=(nil) (NULL)
DEBUG:   - ggml_mul_mat returned y=0x70d7ce184680
DEBUG: moshi_streaming_transformer building layer 0 (first loop)
DEBUG:   - norm1
DEBUG:   - self_attn
DEBUG: torch_nn_linear: linear=0x5e4b3595a1f0, x=0x70d7ce185200
DEBUG:   - weight=0x70d9e15fe030 (depformer_layers_0_self_attn_in_proj_weight (view), type=2), bias=(nil) (NULL)
DEBUG:   - ggml_mul_mat returned y=0x70d7ce185370
DEBUG: torch_nn_linear: linear=0x5e4b3595a210, x=0x70d7ce188170
DEBUG:   - weight=0x70d9e15ff730 (depformer_layers_0_self_attn_out_proj_weight (view), type=2), bias=(nil) (NULL)
DEBUG:   - ggml_mul_mat returned y=0x70d7ce1882e0
DEBUG:   - layer_scale_1
DEBUG:   - norm2
DEBUG:   - gating/ff
DEBUG: torch_nn_linear: linear=0x5e4b3595a250, x=0x70d7ce1888a0
DEBUG:   - weight=0x5e4b3593f640 (depformer_layers_0_gating_11_linear_in_weight, type=2), bias=(nil) (NULL)
DEBUG:   - ggml_mul_mat returned y=0x70d7ce188a10
DEBUG: torch_nn_linear: linear=0x5e4b3595a270, x=0x70d7ce188fd0
DEBUG:   - weight=0x5e4b3593f7b0 (depformer_layers_0_gating_11_linear_out_weight, type=2), bias=(nil) (NULL)
DEBUG:   - ggml_mul_mat returned y=0x70d7ce189140
DEBUG:   - layer done
DEBUG: moshi_streaming_transformer building layer 1 (first loop)
DEBUG:   - norm1
DEBUG:   - self_attn
DEBUG: torch_nn_linear: linear=0x5e4b3595aee0, x=0x70d7ce189700
DEBUG:   - weight=0x70d9e1600e30 (depformer_layers_1_self_attn_in_proj_weight (view), type=2), bias=(nil) (NULL)
DEBUG:   - ggml_mul_mat returned y=0x70d7ce189870
DEBUG: torch_nn_linear: linear=0x5e4b3595af00, x=0x70d7ce18c670
DEBUG:   - weight=0x70d9e1602530 (depformer_layers_1_self_attn_out_proj_weight (view), type=2), bias=(nil) (NULL)
DEBUG:   - ggml_mul_mat returned y=0x70d7ce18c7e0
DEBUG:   - layer_scale_1
DEBUG:   - norm2
DEBUG:   - gating/ff
DEBUG: torch_nn_linear: linear=0x5e4b3595af40, x=0x70d7ce18cda0
DEBUG:   - weight=0x5e4b35942a00 (depformer_layers_1_gating_11_linear_in_weight, type=2), bias=(nil) (NULL)
DEBUG:   - ggml_mul_mat returned y=0x70d7ce18cf10
DEBUG: torch_nn_linear: linear=0x5e4b3595af60, x=0x70d7ce18d4d0
DEBUG:   - weight=0x5e4b35942b70 (depformer_layers_1_gating_11_linear_out_weight, type=2), bias=(nil) (NULL)
DEBUG:   - ggml_mul_mat returned y=0x70d7ce18d640
DEBUG:   - layer done
DEBUG: moshi_streaming_transformer building layer 2 (first loop)
DEBUG:   - norm1
DEBUG:   - self_attn
DEBUG: torch_nn_linear: linear=0x5e4b3595bbd0, x=0x70d7ce18dc00
DEBUG:   - weight=0x70d9e1603c30 (depformer_layers_2_self_attn_in_proj_weight (view), type=2), bias=(nil) (NULL)
DEBUG:   - ggml_mul_mat returned y=0x70d7ce18dd70
DEBUG: torch_nn_linear: linear=0x5e4b3595bbf0, x=0x70d7ce190b70
DEBUG:   - weight=0x70d9e1605330 (depformer_layers_2_self_attn_out_proj_weight (view), type=2), bias=(nil) (NULL)
DEBUG:   - ggml_mul_mat returned y=0x70d7ce190ce0
DEBUG:   - layer_scale_1
DEBUG:   - norm2
DEBUG:   - gating/ff
DEBUG: torch_nn_linear: linear=0x5e4b3595bc30, x=0x70d7ce1912a0
DEBUG:   - weight=0x5e4b35945dc0 (depformer_layers_2_gating_11_linear_in_weight, type=2), bias=(nil) (NULL)
DEBUG:   - ggml_mul_mat returned y=0x70d7ce191410
DEBUG: torch_nn_linear: linear=0x5e4b3595bc50, x=0x70d7ce1919d0
DEBUG:   - weight=0x5e4b35945f30 (depformer_layers_2_gating_11_linear_out_weight, type=2), bias=(nil) (NULL)
DEBUG:   - ggml_mul_mat returned y=0x70d7ce191b40
DEBUG:   - layer done
DEBUG: moshi_streaming_transformer building layer 3 (first loop)
DEBUG:   - norm1
DEBUG:   - self_attn
DEBUG: torch_nn_linear: linear=0x5e4b3595c8c0, x=0x70d7ce192100
DEBUG:   - weight=0x70d9e1606a30 (depformer_layers_3_self_attn_in_proj_weight (view), type=2), bias=(nil) (NULL)
DEBUG:   - ggml_mul_mat returned y=0x70d7ce192270
DEBUG: torch_nn_linear: linear=0x5e4b3595c8e0, x=0x70d7ce195070
DEBUG:   - weight=0x70d9e1608130 (depformer_layers_3_self_attn_out_proj_weight (view), type=2), bias=(nil) (NULL)
DEBUG:   - ggml_mul_mat returned y=0x70d7ce1951e0
DEBUG:   - layer_scale_1
DEBUG:   - norm2
DEBUG:   - gating/ff
DEBUG: torch_nn_linear: linear=0x5e4b3595c920, x=0x70d7ce1957a0
DEBUG:   - weight=0x5e4b35949180 (depformer_layers_3_gating_11_linear_in_weight, type=2), bias=(nil) (NULL)
DEBUG:   - ggml_mul_mat returned y=0x70d7ce195910
DEBUG: torch_nn_linear: linear=0x5e4b3595c940, x=0x70d7ce195ed0
DEBUG:   - weight=0x5e4b359492f0 (depformer_layers_3_gating_11_linear_out_weight, type=2), bias=(nil) (NULL)
DEBUG:   - ggml_mul_mat returned y=0x70d7ce196040
DEBUG:   - layer done
DEBUG: moshi_streaming_transformer building layer 4 (first loop)
DEBUG:   - norm1
DEBUG:   - self_attn
DEBUG: torch_nn_linear: linear=0x5e4b35a095d0, x=0x70d7ce196600
DEBUG:   - weight=0x70d9e1609830 (depformer_layers_4_self_attn_in_proj_weight (view), type=2), bias=(nil) (NULL)
DEBUG:   - ggml_mul_mat returned y=0x70d7ce196770
DEBUG: torch_nn_linear: linear=0x5e4b35a095f0, x=0x70d7ce199570
DEBUG:   - weight=0x70d9e160af30 (depformer_layers_4_self_attn_out_proj_weight (view), type=2), bias=(nil) (NULL)
DEBUG:   - ggml_mul_mat returned y=0x70d7ce1996e0
DEBUG:   - layer_scale_1
DEBUG:   - norm2
DEBUG:   - gating/ff
DEBUG: torch_nn_linear: linear=0x5e4b35a09630, x=0x70d7ce199ca0
DEBUG:   - weight=0x5e4b3594c540 (depformer_layers_4_gating_11_linear_in_weight, type=2), bias=(nil) (NULL)
DEBUG:   - ggml_mul_mat returned y=0x70d7ce199e10
DEBUG: torch_nn_linear: linear=0x5e4b35a09650, x=0x70d7ce19a3d0
DEBUG:   - weight=0x5e4b3594c6b0 (depformer_layers_4_gating_11_linear_out_weight, type=2), bias=(nil) (NULL)
DEBUG:   - ggml_mul_mat returned y=0x70d7ce19a540
DEBUG:   - layer done
DEBUG: moshi_streaming_transformer building layer 5 (first loop)
DEBUG:   - norm1
DEBUG:   - self_attn
DEBUG: torch_nn_linear: linear=0x5e4b35a0a2c0, x=0x70d7ce19ab00
DEBUG:   - weight=0x70d9e160c630 (depformer_layers_5_self_attn_in_proj_weight (view), type=2), bias=(nil) (NULL)
DEBUG:   - ggml_mul_mat returned y=0x70d7ce19ac70
DEBUG: torch_nn_linear: linear=0x5e4b35a0a2e0, x=0x70d7ce19da70
DEBUG:   - weight=0x70d9e160dd30 (depformer_layers_5_self_attn_out_proj_weight (view), type=2), bias=(nil) (NULL)
DEBUG:   - ggml_mul_mat returned y=0x70d7ce19dbe0
DEBUG:   - layer_scale_1
DEBUG:   - norm2
DEBUG:   - gating/ff
DEBUG: torch_nn_linear: linear=0x5e4b35a0a320, x=0x70d7ce19e1a0
DEBUG:   - weight=0x5e4b3594f900 (depformer_layers_5_gating_11_linear_in_weight, type=2), bias=(nil) (NULL)
DEBUG:   - ggml_mul_mat returned y=0x70d7ce19e310
DEBUG: torch_nn_linear: linear=0x5e4b35a0a340, x=0x70d7ce19e8d0
DEBUG:   - weight=0x5e4b3594fa70 (depformer_layers_5_gating_11_linear_out_weight, type=2), bias=(nil) (NULL)
DEBUG:   - ggml_mul_mat returned y=0x70d7ce19ea40
DEBUG:   - layer done
DEBUG: torch_nn_linear: linear=0x5e4b35a0b090, x=0x70d7ce19ebb0
DEBUG:   - weight=0x5e4b35954af0 (linears.11.weight, type=1), bias=(nil) (NULL)
DEBUG:   - ggml_mul_mat returned y=0x70d7ce19ed20
DEBUG: torch_nn_linear: linear=0x5e4b35a0ac20, x=0x5e4b36959440
DEBUG:   - weight=0x5e4b35954dd0 (depformer_in.12.weight, type=2), bias=(nil) (NULL)
DEBUG:   - ggml_mul_mat returned y=0x70d7ce1a09e0
DEBUG: moshi_streaming_transformer building layer 0 (first loop)
DEBUG:   - norm1
DEBUG:   - self_attn
DEBUG: torch_nn_linear: linear=0x5e4b3595a290, x=0x70d7ce1a1560
DEBUG:   - weight=0x70d9e15fe1a0 (depformer_layers_0_self_attn_in_proj_weight (view), type=2), bias=(nil) (NULL)
DEBUG:   - ggml_mul_mat returned y=0x70d7ce1a16d0
DEBUG: torch_nn_linear: linear=0x5e4b3595a2b0, x=0x70d7ce1a44d0
DEBUG:   - weight=0x70d9e15ff8a0 (depformer_layers_0_self_attn_out_proj_weight (view), type=2), bias=(nil) (NULL)
DEBUG:   - ggml_mul_mat returned y=0x70d7ce1a4640
DEBUG:   - layer_scale_1
DEBUG:   - norm2
DEBUG:   - gating/ff
DEBUG: torch_nn_linear: linear=0x5e4b3595a2f0, x=0x70d7ce1a4c00
DEBUG:   - weight=0x5e4b3593f920 (depformer_layers_0_gating_12_linear_in_weight, type=2), bias=(nil) (NULL)
DEBUG:   - ggml_mul_mat returned y=0x70d7ce1a4d70
DEBUG: torch_nn_linear: linear=0x5e4b3595a310, x=0x70d7ce1a5330
DEBUG:   - weight=0x5e4b3593fa90 (depformer_layers_0_gating_12_linear_out_weight, type=2), bias=(nil) (NULL)
DEBUG:   - ggml_mul_mat returned y=0x70d7ce1a54a0
DEBUG:   - layer done
DEBUG: moshi_streaming_transformer building layer 1 (first loop)
DEBUG:   - norm1
DEBUG:   - self_attn
DEBUG: torch_nn_linear: linear=0x5e4b3595af80, x=0x70d7ce1a5a60
DEBUG:   - weight=0x70d9e1600fa0 (depformer_layers_1_self_attn_in_proj_weight (view), type=2), bias=(nil) (NULL)
DEBUG:   - ggml_mul_mat returned y=0x70d7ce1a5bd0
DEBUG: torch_nn_linear: linear=0x5e4b3595afa0, x=0x70d7ce1a89d0
DEBUG:   - weight=0x70d9e16026a0 (depformer_layers_1_self_attn_out_proj_weight (view), type=2), bias=(nil) (NULL)
DEBUG:   - ggml_mul_mat returned y=0x70d7ce1a8b40
DEBUG:   - layer_scale_1
DEBUG:   - norm2
DEBUG:   - gating/ff
DEBUG: torch_nn_linear: linear=0x5e4b3595afe0, x=0x70d7ce1a9100
DEBUG:   - weight=0x5e4b35942ce0 (depformer_layers_1_gating_12_linear_in_weight, type=2), bias=(nil) (NULL)
DEBUG:   - ggml_mul_mat returned y=0x70d7ce1a9270
DEBUG: torch_nn_linear: linear=0x5e4b3595b000, x=0x70d7ce1a9830
DEBUG:   - weight=0x5e4b35942e50 (depformer_layers_1_gating_12_linear_out_weight, type=2), bias=(nil) (NULL)
DEBUG:   - ggml_mul_mat returned y=0x70d7ce1a99a0
DEBUG:   - layer done
DEBUG: moshi_streaming_transformer building layer 2 (first loop)
DEBUG:   - norm1
DEBUG:   - self_attn
DEBUG: torch_nn_linear: linear=0x5e4b3595bc70, x=0x70d7ce1a9f60
DEBUG:   - weight=0x70d9e1603da0 (depformer_layers_2_self_attn_in_proj_weight (view), type=2), bias=(nil) (NULL)
DEBUG:   - ggml_mul_mat returned y=0x70d7ce1aa0d0
DEBUG: torch_nn_linear: linear=0x5e4b3595bc90, x=0x70d7ce1aced0
DEBUG:   - weight=0x70d9e16054a0 (depformer_layers_2_self_attn_out_proj_weight (view), type=2), bias=(nil) (NULL)
DEBUG:   - ggml_mul_mat returned y=0x70d7ce1ad040
DEBUG:   - layer_scale_1
DEBUG:   - norm2
DEBUG:   - gating/ff
DEBUG: torch_nn_linear: linear=0x5e4b3595bcd0, x=0x70d7ce1ad600
DEBUG:   - weight=0x5e4b359460a0 (depformer_layers_2_gating_12_linear_in_weight, type=2), bias=(nil) (NULL)
DEBUG:   - ggml_mul_mat returned y=0x70d7ce1ad770
DEBUG: torch_nn_linear: linear=0x5e4b3595bcf0, x=0x70d7ce1add30
DEBUG:   - weight=0x5e4b35946210 (depformer_layers_2_gating_12_linear_out_weight, type=2), bias=(nil) (NULL)
DEBUG:   - ggml_mul_mat returned y=0x70d7ce1adea0
DEBUG:   - layer done
DEBUG: moshi_streaming_transformer building layer 3 (first loop)
DEBUG:   - norm1
DEBUG:   - self_attn
DEBUG: torch_nn_linear: linear=0x5e4b35a08980, x=0x70d7ce1ae460
DEBUG:   - weight=0x70d9e1606ba0 (depformer_layers_3_self_attn_in_proj_weight (view), type=2), bias=(nil) (NULL)
DEBUG:   - ggml_mul_mat returned y=0x70d7ce1ae5d0
DEBUG: torch_nn_linear: linear=0x5e4b35a089a0, x=0x70d7ce1b13d0
DEBUG:   - weight=0x70d9e16082a0 (depformer_layers_3_self_attn_out_proj_weight (view), type=2), bias=(nil) (NULL)
DEBUG:   - ggml_mul_mat returned y=0x70d7ce1b1540
DEBUG:   - layer_scale_1
DEBUG:   - norm2
DEBUG:   - gating/ff
DEBUG: torch_nn_linear: linear=0x5e4b35a089e0, x=0x70d7ce1b1b00
DEBUG:   - weight=0x5e4b35949460 (depformer_layers_3_gating_12_linear_in_weight, type=2), bias=(nil) (NULL)
DEBUG:   - ggml_mul_mat returned y=0x70d7ce1b1c70
DEBUG: torch_nn_linear: linear=0x5e4b35a08a00, x=0x70d7ce1b2230
DEBUG:   - weight=0x5e4b359495d0 (depformer_layers_3_gating_12_linear_out_weight, type=2), bias=(nil) (NULL)
DEBUG:   - ggml_mul_mat returned y=0x70d7ce1b23a0
DEBUG:   - layer done
DEBUG: moshi_streaming_transformer building layer 4 (first loop)
DEBUG:   - norm1
DEBUG:   - self_attn
DEBUG: torch_nn_linear: linear=0x5e4b35a09670, x=0x70d7ce1b2960
DEBUG:   - weight=0x70d9e16099a0 (depformer_layers_4_self_attn_in_proj_weight (view), type=2), bias=(nil) (NULL)
DEBUG:   - ggml_mul_mat returned y=0x70d7ce1b2ad0
DEBUG: torch_nn_linear: linear=0x5e4b35a09690, x=0x70d7ce1b58d0
DEBUG:   - weight=0x70d9e160b0a0 (depformer_layers_4_self_attn_out_proj_weight (view), type=2), bias=(nil) (NULL)
DEBUG:   - ggml_mul_mat returned y=0x70d7ce1b5a40
DEBUG:   - layer_scale_1
DEBUG:   - norm2
DEBUG:   - gating/ff
DEBUG: torch_nn_linear: linear=0x5e4b35a096d0, x=0x70d7ce1b6000
DEBUG:   - weight=0x5e4b3594c820 (depformer_layers_4_gating_12_linear_in_weight, type=2), bias=(nil) (NULL)
DEBUG:   - ggml_mul_mat returned y=0x70d7ce1b6170
DEBUG: torch_nn_linear: linear=0x5e4b35a096f0, x=0x70d7ce1b6730
DEBUG:   - weight=0x5e4b3594c990 (depformer_layers_4_gating_12_linear_out_weight, type=2), bias=(nil) (NULL)
DEBUG:   - ggml_mul_mat returned y=0x70d7ce1b68a0
DEBUG:   - layer done
DEBUG: moshi_streaming_transformer building layer 5 (first loop)
DEBUG:   - norm1
DEBUG:   - self_attn
DEBUG: torch_nn_linear: linear=0x5e4b35a0a360, x=0x70d7ce1b6e60
DEBUG:   - weight=0x70d9e160c7a0 (depformer_layers_5_self_attn_in_proj_weight (view), type=2), bias=(nil) (NULL)
DEBUG:   - ggml_mul_mat returned y=0x70d7ce1b6fd0
DEBUG: torch_nn_linear: linear=0x5e4b35a0a380, x=0x70d7ce1b9dd0
DEBUG:   - weight=0x70d9e160dea0 (depformer_layers_5_self_attn_out_proj_weight (view), type=2), bias=(nil) (NULL)
DEBUG:   - ggml_mul_mat returned y=0x70d7ce1b9f40
DEBUG:   - layer_scale_1
DEBUG:   - norm2
DEBUG:   - gating/ff
DEBUG: torch_nn_linear: linear=0x5e4b35a0a3c0, x=0x70d7ce1ba500
DEBUG:   - weight=0x5e4b3594fbe0 (depformer_layers_5_gating_12_linear_in_weight, type=2), bias=(nil) (NULL)
DEBUG:   - ggml_mul_mat returned y=0x70d7ce1ba670
DEBUG: torch_nn_linear: linear=0x5e4b35a0a3e0, x=0x70d7ce1bac30
DEBUG:   - weight=0x5e4b3594fd50 (depformer_layers_5_gating_12_linear_out_weight, type=2), bias=(nil) (NULL)
DEBUG:   - ggml_mul_mat returned y=0x70d7ce1bada0
DEBUG:   - layer done
DEBUG: torch_nn_linear: linear=0x5e4b35a0b0b0, x=0x70d7ce1baf10
DEBUG:   - weight=0x5e4b359550b0 (linears.12.weight, type=1), bias=(nil) (NULL)
DEBUG:   - ggml_mul_mat returned y=0x70d7ce1bb080
DEBUG: torch_nn_linear: linear=0x5e4b35a0ac40, x=0x5e4b36959440
DEBUG:   - weight=0x5e4b35955390 (depformer_in.13.weight, type=2), bias=(nil) (NULL)
DEBUG:   - ggml_mul_mat returned y=0x70d7ce1bcd40
DEBUG: moshi_streaming_transformer building layer 0 (first loop)
DEBUG:   - norm1
DEBUG:   - self_attn
DEBUG: torch_nn_linear: linear=0x5e4b3595a330, x=0x70d7ce1bd8c0
DEBUG:   - weight=0x70d9e15fe310 (depformer_layers_0_self_attn_in_proj_weight (view), type=2), bias=(nil) (NULL)
DEBUG:   - ggml_mul_mat returned y=0x70d7ce1bda30
DEBUG: torch_nn_linear: linear=0x5e4b3595a350, x=0x70d7ce1c0830
DEBUG:   - weight=0x70d9e15ffa10 (depformer_layers_0_self_attn_out_proj_weight (view), type=2), bias=(nil) (NULL)
DEBUG:   - ggml_mul_mat returned y=0x70d7ce1c09a0
DEBUG:   - layer_scale_1
DEBUG:   - norm2
DEBUG:   - gating/ff
DEBUG: torch_nn_linear: linear=0x5e4b3595a390, x=0x70d7ce1c0f60
DEBUG:   - weight=0x5e4b3593fc00 (depformer_layers_0_gating_13_linear_in_weight, type=2), bias=(nil) (NULL)
DEBUG:   - ggml_mul_mat returned y=0x70d7ce1c10d0
DEBUG: torch_nn_linear: linear=0x5e4b3595a3b0, x=0x70d7ce1c1690
DEBUG:   - weight=0x5e4b3593fd70 (depformer_layers_0_gating_13_linear_out_weight, type=2), bias=(nil) (NULL)
DEBUG:   - ggml_mul_mat returned y=0x70d7ce1c1800
DEBUG:   - layer done
DEBUG: moshi_streaming_transformer building layer 1 (first loop)
DEBUG:   - norm1
DEBUG:   - self_attn
DEBUG: torch_nn_linear: linear=0x5e4b3595b020, x=0x70d7ce1c1dc0
DEBUG:   - weight=0x70d9e1601110 (depformer_layers_1_self_attn_in_proj_weight (view), type=2), bias=(nil) (NULL)
DEBUG:   - ggml_mul_mat returned y=0x70d7ce1c1f30
DEBUG: torch_nn_linear: linear=0x5e4b3595b040, x=0x70d7ce1c4d30
DEBUG:   - weight=0x70d9e1602810 (depformer_layers_1_self_attn_out_proj_weight (view), type=2), bias=(nil) (NULL)
DEBUG:   - ggml_mul_mat returned y=0x70d7ce1c4ea0
DEBUG:   - layer_scale_1
DEBUG:   - norm2
DEBUG:   - gating/ff
DEBUG: torch_nn_linear: linear=0x5e4b3595b080, x=0x70d7ce1c5460
DEBUG:   - weight=0x5e4b35942fc0 (depformer_layers_1_gating_13_linear_in_weight, type=2), bias=(nil) (NULL)
DEBUG:   - ggml_mul_mat returned y=0x70d7ce1c55d0
DEBUG: torch_nn_linear: linear=0x5e4b3595b0a0, x=0x70d7ce1c5b90
DEBUG:   - weight=0x5e4b35943130 (depformer_layers_1_gating_13_linear_out_weight, type=2), bias=(nil) (NULL)
DEBUG:   - ggml_mul_mat returned y=0x70d7ce1c5d00
DEBUG:   - layer done
DEBUG: moshi_streaming_transformer building layer 2 (first loop)
DEBUG:   - norm1
DEBUG:   - self_attn
DEBUG: torch_nn_linear: linear=0x5e4b3595bd10, x=0x70d7ce1c62c0
DEBUG:   - weight=0x70d9e1603f10 (depformer_layers_2_self_attn_in_proj_weight (view), type=2), bias=(nil) (NULL)
DEBUG:   - ggml_mul_mat returned y=0x70d7ce1c6430
DEBUG: torch_nn_linear: linear=0x5e4b3595bd30, x=0x70d7ce1c9230
DEBUG:   - weight=0x70d9e1605610 (depformer_layers_2_self_attn_out_proj_weight (view), type=2), bias=(nil) (NULL)
DEBUG:   - ggml_mul_mat returned y=0x70d7ce1c93a0
DEBUG:   - layer_scale_1
DEBUG:   - norm2
DEBUG:   - gating/ff
DEBUG: torch_nn_linear: linear=0x5e4b3595bd70, x=0x70d7ce1c9960
DEBUG:   - weight=0x5e4b35946380 (depformer_layers_2_gating_13_linear_in_weight, type=2), bias=(nil) (NULL)
DEBUG:   - ggml_mul_mat returned y=0x70d7ce1c9ad0
DEBUG: torch_nn_linear: linear=0x5e4b3595bd90, x=0x70d7ce1ca090
DEBUG:   - weight=0x5e4b359464f0 (depformer_layers_2_gating_13_linear_out_weight, type=2), bias=(nil) (NULL)
DEBUG:   - ggml_mul_mat returned y=0x70d7ce1ca200
DEBUG:   - layer done
DEBUG: moshi_streaming_transformer building layer 3 (first loop)
DEBUG:   - norm1
DEBUG:   - self_attn
DEBUG: torch_nn_linear: linear=0x5e4b35a08a20, x=0x70d7ce1ca7c0
DEBUG:   - weight=0x70d9e1606d10 (depformer_layers_3_self_attn_in_proj_weight (view), type=2), bias=(nil) (NULL)
DEBUG:   - ggml_mul_mat returned y=0x70d7ce1ca930
DEBUG: torch_nn_linear: linear=0x5e4b35a08a40, x=0x70d7ce1cd730
DEBUG:   - weight=0x70d9e1608410 (depformer_layers_3_self_attn_out_proj_weight (view), type=2), bias=(nil) (NULL)
DEBUG:   - ggml_mul_mat returned y=0x70d7ce1cd8a0
DEBUG:   - layer_scale_1
DEBUG:   - norm2
DEBUG:   - gating/ff
DEBUG: torch_nn_linear: linear=0x5e4b35a08a80, x=0x70d7ce1cde60
DEBUG:   - weight=0x5e4b35949740 (depformer_layers_3_gating_13_linear_in_weight, type=2), bias=(nil) (NULL)
DEBUG:   - ggml_mul_mat returned y=0x70d7ce1cdfd0
DEBUG: torch_nn_linear: linear=0x5e4b35a08aa0, x=0x70d7ce1ce590
DEBUG:   - weight=0x5e4b359498b0 (depformer_layers_3_gating_13_linear_out_weight, type=2), bias=(nil) (NULL)
DEBUG:   - ggml_mul_mat returned y=0x70d7ce1ce700
DEBUG:   - layer done
DEBUG: moshi_streaming_transformer building layer 4 (first loop)
DEBUG:   - norm1
DEBUG:   - self_attn
DEBUG: torch_nn_linear: linear=0x5e4b35a09710, x=0x70d7ce1cecc0
DEBUG:   - weight=0x70d9e1609b10 (depformer_layers_4_self_attn_in_proj_weight (view), type=2), bias=(nil) (NULL)
DEBUG:   - ggml_mul_mat returned y=0x70d7ce1cee30
DEBUG: torch_nn_linear: linear=0x5e4b35a09730, x=0x70d7ce1d1c30
DEBUG:   - weight=0x70d9e160b210 (depformer_layers_4_self_attn_out_proj_weight (view), type=2), bias=(nil) (NULL)
DEBUG:   - ggml_mul_mat returned y=0x70d7ce1d1da0
DEBUG:   - layer_scale_1
DEBUG:   - norm2
DEBUG:   - gating/ff
DEBUG: torch_nn_linear: linear=0x5e4b35a09770, x=0x70d7ce1d2360
DEBUG:   - weight=0x5e4b3594cb00 (depformer_layers_4_gating_13_linear_in_weight, type=2), bias=(nil) (NULL)
DEBUG:   - ggml_mul_mat returned y=0x70d7ce1d24d0
DEBUG: torch_nn_linear: linear=0x5e4b35a09790, x=0x70d7ce1d2a90
DEBUG:   - weight=0x5e4b3594cc70 (depformer_layers_4_gating_13_linear_out_weight, type=2), bias=(nil) (NULL)
DEBUG:   - ggml_mul_mat returned y=0x70d7ce1d2c00
DEBUG:   - layer done
DEBUG: moshi_streaming_transformer building layer 5 (first loop)
DEBUG:   - norm1
DEBUG:   - self_attn
DEBUG: torch_nn_linear: linear=0x5e4b35a0a400, x=0x70d7ce1d31c0
DEBUG:   - weight=0x70d9e160c910 (depformer_layers_5_self_attn_in_proj_weight (view), type=2), bias=(nil) (NULL)
DEBUG:   - ggml_mul_mat returned y=0x70d7ce1d3330
DEBUG: torch_nn_linear: linear=0x5e4b35a0a420, x=0x70d7ce1d6130
DEBUG:   - weight=0x70d9e160e010 (depformer_layers_5_self_attn_out_proj_weight (view), type=2), bias=(nil) (NULL)
DEBUG:   - ggml_mul_mat returned y=0x70d7ce1d62a0
DEBUG:   - layer_scale_1
DEBUG:   - norm2
DEBUG:   - gating/ff
DEBUG: torch_nn_linear: linear=0x5e4b35a0a460, x=0x70d7ce1d6860
DEBUG:   - weight=0x5e4b3594fec0 (depformer_layers_5_gating_13_linear_in_weight, type=2), bias=(nil) (NULL)
DEBUG:   - ggml_mul_mat returned y=0x70d7ce1d69d0
DEBUG: torch_nn_linear: linear=0x5e4b35a0a480, x=0x70d7ce1d6f90
DEBUG:   - weight=0x5e4b35950030 (depformer_layers_5_gating_13_linear_out_weight, type=2), bias=(nil) (NULL)
DEBUG:   - ggml_mul_mat returned y=0x70d7ce1d7100
DEBUG:   - layer done
DEBUG: torch_nn_linear: linear=0x5e4b35a0b0d0, x=0x70d7ce1d7270
DEBUG:   - weight=0x5e4b35955670 (linears.13.weight, type=1), bias=(nil) (NULL)
DEBUG:   - ggml_mul_mat returned y=0x70d7ce1d73e0
DEBUG: torch_nn_linear: linear=0x5e4b35a0ac60, x=0x5e4b36959440
DEBUG:   - weight=0x5e4b35955950 (depformer_in.14.weight, type=2), bias=(nil) (NULL)
DEBUG:   - ggml_mul_mat returned y=0x70d7ce1d90a0
DEBUG: moshi_streaming_transformer building layer 0 (first loop)
DEBUG:   - norm1
DEBUG:   - self_attn
DEBUG: torch_nn_linear: linear=0x5e4b3595a3d0, x=0x70d7ce1d9c20
DEBUG:   - weight=0x70d9e15fe480 (depformer_layers_0_self_attn_in_proj_weight (view), type=2), bias=(nil) (NULL)
DEBUG:   - ggml_mul_mat returned y=0x70d7ce1d9d90
DEBUG: torch_nn_linear: linear=0x5e4b3595a3f0, x=0x70d7ce1dcb90
DEBUG:   - weight=0x70d9e15ffb80 (depformer_layers_0_self_attn_out_proj_weight (view), type=2), bias=(nil) (NULL)
DEBUG:   - ggml_mul_mat returned y=0x70d7ce1dcd00
DEBUG:   - layer_scale_1
DEBUG:   - norm2
DEBUG:   - gating/ff
DEBUG: torch_nn_linear: linear=0x5e4b3595a430, x=0x70d7ce1dd2c0
DEBUG:   - weight=0x5e4b3593fee0 (depformer_layers_0_gating_14_linear_in_weight, type=2), bias=(nil) (NULL)
DEBUG:   - ggml_mul_mat returned y=0x70d7ce1dd430
DEBUG: torch_nn_linear: linear=0x5e4b3595a450, x=0x70d7ce1dd9f0
DEBUG:   - weight=0x5e4b35940050 (depformer_layers_0_gating_14_linear_out_weight, type=2), bias=(nil) (NULL)
DEBUG:   - ggml_mul_mat returned y=0x70d7ce1ddb60
DEBUG:   - layer done
DEBUG: moshi_streaming_transformer building layer 1 (first loop)
DEBUG:   - norm1
DEBUG:   - self_attn
DEBUG: torch_nn_linear: linear=0x5e4b3595b0c0, x=0x70d7ce1de120
DEBUG:   - weight=0x70d9e1601280 (depformer_layers_1_self_attn_in_proj_weight (view), type=2), bias=(nil) (NULL)
DEBUG:   - ggml_mul_mat returned y=0x70d7ce1de290
DEBUG: torch_nn_linear: linear=0x5e4b3595b0e0, x=0x70d7ce1e1090
DEBUG:   - weight=0x70d9e1602980 (depformer_layers_1_self_attn_out_proj_weight (view), type=2), bias=(nil) (NULL)
DEBUG:   - ggml_mul_mat returned y=0x70d7ce1e1200
DEBUG:   - layer_scale_1
DEBUG:   - norm2
DEBUG:   - gating/ff
DEBUG: torch_nn_linear: linear=0x5e4b3595b120, x=0x70d7ce1e17c0
DEBUG:   - weight=0x5e4b359432a0 (depformer_layers_1_gating_14_linear_in_weight, type=2), bias=(nil) (NULL)
DEBUG:   - ggml_mul_mat returned y=0x70d7ce1e1930
DEBUG: torch_nn_linear: linear=0x5e4b3595b140, x=0x70d7ce1e1ef0
DEBUG:   - weight=0x5e4b35943410 (depformer_layers_1_gating_14_linear_out_weight, type=2), bias=(nil) (NULL)
DEBUG:   - ggml_mul_mat returned y=0x70d7ce1e2060
DEBUG:   - layer done
DEBUG: moshi_streaming_transformer building layer 2 (first loop)
DEBUG:   - norm1
DEBUG:   - self_attn
DEBUG: torch_nn_linear: linear=0x5e4b3595bdb0, x=0x70d7ce1e2620
DEBUG:   - weight=0x70d9e1604080 (depformer_layers_2_self_attn_in_proj_weight (view), type=2), bias=(nil) (NULL)
DEBUG:   - ggml_mul_mat returned y=0x70d7ce1e2790
DEBUG: torch_nn_linear: linear=0x5e4b3595bdd0, x=0x70d7ce1e5590
DEBUG:   - weight=0x70d9e1605780 (depformer_layers_2_self_attn_out_proj_weight (view), type=2), bias=(nil) (NULL)
DEBUG:   - ggml_mul_mat returned y=0x70d7ce1e5700
DEBUG:   - layer_scale_1
DEBUG:   - norm2
DEBUG:   - gating/ff
DEBUG: torch_nn_linear: linear=0x5e4b3595be10, x=0x70d7ce1e5cc0
DEBUG:   - weight=0x5e4b35946660 (depformer_layers_2_gating_14_linear_in_weight, type=2), bias=(nil) (NULL)
DEBUG:   - ggml_mul_mat returned y=0x70d7ce1e5e30
DEBUG: torch_nn_linear: linear=0x5e4b3595be30, x=0x70d7ce1e63f0
DEBUG:   - weight=0x5e4b359467d0 (depformer_layers_2_gating_14_linear_out_weight, type=2), bias=(nil) (NULL)
DEBUG:   - ggml_mul_mat returned y=0x70d7ce1e6560
DEBUG:   - layer done
DEBUG: moshi_streaming_transformer building layer 3 (first loop)
DEBUG:   - norm1
DEBUG:   - self_attn
DEBUG: torch_nn_linear: linear=0x5e4b35a08ac0, x=0x70d7ce1e6b20
DEBUG:   - weight=0x70d9e1606e80 (depformer_layers_3_self_attn_in_proj_weight (view), type=2), bias=(nil) (NULL)
DEBUG:   - ggml_mul_mat returned y=0x70d7ce1e6c90
DEBUG: torch_nn_linear: linear=0x5e4b35a08ae0, x=0x70d7ce1e9a90
DEBUG:   - weight=0x70d9e1608580 (depformer_layers_3_self_attn_out_proj_weight (view), type=2), bias=(nil) (NULL)
DEBUG:   - ggml_mul_mat returned y=0x70d7ce1e9c00
DEBUG:   - layer_scale_1
DEBUG:   - norm2
DEBUG:   - gating/ff
DEBUG: torch_nn_linear: linear=0x5e4b35a08b20, x=0x70d7ce1ea1c0
DEBUG:   - weight=0x5e4b35949a20 (depformer_layers_3_gating_14_linear_in_weight, type=2), bias=(nil) (NULL)
DEBUG:   - ggml_mul_mat returned y=0x70d7ce1ea330
DEBUG: torch_nn_linear: linear=0x5e4b35a08b40, x=0x70d7ce1ea8f0
DEBUG:   - weight=0x5e4b35949b90 (depformer_layers_3_gating_14_linear_out_weight, type=2), bias=(nil) (NULL)
DEBUG:   - ggml_mul_mat returned y=0x70d7ce1eaa60
DEBUG:   - layer done
DEBUG: moshi_streaming_transformer building layer 4 (first loop)
DEBUG:   - norm1
DEBUG:   - self_attn
DEBUG: torch_nn_linear: linear=0x5e4b35a097b0, x=0x70d7ce1eb020
DEBUG:   - weight=0x70d9e1609c80 (depformer_layers_4_self_attn_in_proj_weight (view), type=2), bias=(nil) (NULL)
DEBUG:   - ggml_mul_mat returned y=0x70d7ce1eb190
DEBUG: torch_nn_linear: linear=0x5e4b35a097d0, x=0x70d7ce1edf90
DEBUG:   - weight=0x70d9e160b380 (depformer_layers_4_self_attn_out_proj_weight (view), type=2), bias=(nil) (NULL)
DEBUG:   - ggml_mul_mat returned y=0x70d7ce1ee100
DEBUG:   - layer_scale_1
DEBUG:   - norm2
DEBUG:   - gating/ff
DEBUG: torch_nn_linear: linear=0x5e4b35a09810, x=0x70d7ce1ee6c0
DEBUG:   - weight=0x5e4b3594cde0 (depformer_layers_4_gating_14_linear_in_weight, type=2), bias=(nil) (NULL)
DEBUG:   - ggml_mul_mat returned y=0x70d7ce1ee830
DEBUG: torch_nn_linear: linear=0x5e4b35a09830, x=0x70d7ce1eedf0
DEBUG:   - weight=0x5e4b3594cf50 (depformer_layers_4_gating_14_linear_out_weight, type=2), bias=(nil) (NULL)
DEBUG:   - ggml_mul_mat returned y=0x70d7ce1eef60
DEBUG:   - layer done
DEBUG: moshi_streaming_transformer building layer 5 (first loop)
DEBUG:   - norm1
DEBUG:   - self_attn
DEBUG: torch_nn_linear: linear=0x5e4b35a0a4a0, x=0x70d7ce1ef520
DEBUG:   - weight=0x70d9e160ca80 (depformer_layers_5_self_attn_in_proj_weight (view), type=2), bias=(nil) (NULL)
DEBUG:   - ggml_mul_mat returned y=0x70d7ce1ef690
DEBUG: torch_nn_linear: linear=0x5e4b35a0a4c0, x=0x70d7ce1f2490
DEBUG:   - weight=0x70d9e160e180 (depformer_layers_5_self_attn_out_proj_weight (view), type=2), bias=(nil) (NULL)
DEBUG:   - ggml_mul_mat returned y=0x70d7ce1f2600
DEBUG:   - layer_scale_1
DEBUG:   - norm2
DEBUG:   - gating/ff
DEBUG: torch_nn_linear: linear=0x5e4b35a0a500, x=0x70d7ce1f2bc0
DEBUG:   - weight=0x5e4b359501a0 (depformer_layers_5_gating_14_linear_in_weight, type=2), bias=(nil) (NULL)
DEBUG:   - ggml_mul_mat returned y=0x70d7ce1f2d30
DEBUG: torch_nn_linear: linear=0x5e4b35a0a520, x=0x70d7ce1f32f0
DEBUG:   - weight=0x5e4b35950310 (depformer_layers_5_gating_14_linear_out_weight, type=2), bias=(nil) (NULL)
DEBUG:   - ggml_mul_mat returned y=0x70d7ce1f3460
DEBUG:   - layer done
DEBUG: torch_nn_linear: linear=0x5e4b35a0b0f0, x=0x70d7ce1f35d0
DEBUG:   - weight=0x5e4b35955c30 (linears.14.weight, type=1), bias=(nil) (NULL)
DEBUG:   - ggml_mul_mat returned y=0x70d7ce1f3740
DEBUG: torch_nn_linear: linear=0x5e4b35a0ac80, x=0x5e4b36959440
DEBUG:   - weight=0x5e4b35955f10 (depformer_in.15.weight, type=2), bias=(nil) (NULL)
DEBUG:   - ggml_mul_mat returned y=0x70d7ce1f5400
DEBUG: moshi_streaming_transformer building layer 0 (first loop)
DEBUG:   - norm1
DEBUG:   - self_attn
DEBUG: torch_nn_linear: linear=0x5e4b3595a470, x=0x70d7ce1f5f80
DEBUG:   - weight=0x70d9e15fe5f0 (depformer_layers_0_self_attn_in_proj_weight (view), type=2), bias=(nil) (NULL)
DEBUG:   - ggml_mul_mat returned y=0x70d7ce1f60f0
DEBUG: torch_nn_linear: linear=0x5e4b3595a490, x=0x70d7ce1f8ef0
DEBUG:   - weight=0x70d9e15ffcf0 (depformer_layers_0_self_attn_out_proj_weight (view), type=2), bias=(nil) (NULL)
DEBUG:   - ggml_mul_mat returned y=0x70d7ce1f9060
DEBUG:   - layer_scale_1
DEBUG:   - norm2
DEBUG:   - gating/ff
DEBUG: torch_nn_linear: linear=0x5e4b3595a4d0, x=0x70d7ce1f9620
DEBUG:   - weight=0x5e4b359401c0 (depformer_layers_0_gating_15_linear_in_weight, type=2), bias=(nil) (NULL)
DEBUG:   - ggml_mul_mat returned y=0x70d7ce1f9790
DEBUG: torch_nn_linear: linear=0x5e4b3595a4f0, x=0x70d7ce1f9d50
DEBUG:   - weight=0x5e4b35940330 (depformer_layers_0_gating_15_linear_out_weight, type=2), bias=(nil) (NULL)
DEBUG:   - ggml_mul_mat returned y=0x70d7ce1f9ec0
DEBUG:   - layer done
DEBUG: moshi_streaming_transformer building layer 1 (first loop)
DEBUG:   - norm1
DEBUG:   - self_attn
DEBUG: torch_nn_linear: linear=0x5e4b3595b160, x=0x70d7ce1fa480
DEBUG:   - weight=0x70d9e16013f0 (depformer_layers_1_self_attn_in_proj_weight (view), type=2), bias=(nil) (NULL)
DEBUG:   - ggml_mul_mat returned y=0x70d7ce1fa5f0
DEBUG: torch_nn_linear: linear=0x5e4b3595b180, x=0x70d7ce1fd3f0
DEBUG:   - weight=0x70d9e1602af0 (depformer_layers_1_self_attn_out_proj_weight (view), type=2), bias=(nil) (NULL)
DEBUG:   - ggml_mul_mat returned y=0x70d7ce1fd560
DEBUG:   - layer_scale_1
DEBUG:   - norm2
DEBUG:   - gating/ff
DEBUG: torch_nn_linear: linear=0x5e4b3595b1c0, x=0x70d7ce1fdb20
DEBUG:   - weight=0x5e4b35943580 (depformer_layers_1_gating_15_linear_in_weight, type=2), bias=(nil) (NULL)
DEBUG:   - ggml_mul_mat returned y=0x70d7ce1fdc90
DEBUG: torch_nn_linear: linear=0x5e4b3595b1e0, x=0x70d7ce1fe250
DEBUG:   - weight=0x5e4b359436f0 (depformer_layers_1_gating_15_linear_out_weight, type=2), bias=(nil) (NULL)
DEBUG:   - ggml_mul_mat returned y=0x70d7ce1fe3c0
DEBUG:   - layer done
DEBUG: moshi_streaming_transformer building layer 2 (first loop)
DEBUG:   - norm1
DEBUG:   - self_attn
DEBUG: torch_nn_linear: linear=0x5e4b3595be50, x=0x70d7ce1fe980
DEBUG:   - weight=0x70d9e16041f0 (depformer_layers_2_self_attn_in_proj_weight (view), type=2), bias=(nil) (NULL)
DEBUG:   - ggml_mul_mat returned y=0x70d7ce1feaf0
DEBUG: torch_nn_linear: linear=0x5e4b3595be70, x=0x70d7ce2018f0
DEBUG:   - weight=0x70d9e16058f0 (depformer_layers_2_self_attn_out_proj_weight (view), type=2), bias=(nil) (NULL)
DEBUG:   - ggml_mul_mat returned y=0x70d7ce201a60
DEBUG:   - layer_scale_1
DEBUG:   - norm2
DEBUG:   - gating/ff
DEBUG: torch_nn_linear: linear=0x5e4b3595beb0, x=0x70d7ce202020
DEBUG:   - weight=0x5e4b35946940 (depformer_layers_2_gating_15_linear_in_weight, type=2), bias=(nil) (NULL)
DEBUG:   - ggml_mul_mat returned y=0x70d7ce202190
DEBUG: torch_nn_linear: linear=0x5e4b3595bed0, x=0x70d7ce202750
DEBUG:   - weight=0x5e4b35946ab0 (depformer_layers_2_gating_15_linear_out_weight, type=2), bias=(nil) (NULL)
DEBUG:   - ggml_mul_mat returned y=0x70d7ce2028c0
DEBUG:   - layer done
DEBUG: moshi_streaming_transformer building layer 3 (first loop)
DEBUG:   - norm1
DEBUG:   - self_attn
DEBUG: torch_nn_linear: linear=0x5e4b35a08b60, x=0x70d7ce202e80
DEBUG:   - weight=0x70d9e1606ff0 (depformer_layers_3_self_attn_in_proj_weight (view), type=2), bias=(nil) (NULL)
DEBUG:   - ggml_mul_mat returned y=0x70d7ce202ff0
DEBUG: torch_nn_linear: linear=0x5e4b35a08b80, x=0x70d7ce205df0
DEBUG:   - weight=0x70d9e16086f0 (depformer_layers_3_self_attn_out_proj_weight (view), type=2), bias=(nil) (NULL)
DEBUG:   - ggml_mul_mat returned y=0x70d7ce205f60
DEBUG:   - layer_scale_1
DEBUG:   - norm2
DEBUG:   - gating/ff
DEBUG: torch_nn_linear: linear=0x5e4b35a08bc0, x=0x70d7ce206520
DEBUG:   - weight=0x5e4b35949d00 (depformer_layers_3_gating_15_linear_in_weight, type=2), bias=(nil) (NULL)
DEBUG:   - ggml_mul_mat returned y=0x70d7ce206690
DEBUG: torch_nn_linear: linear=0x5e4b35a08be0, x=0x70d7ce206c50
DEBUG:   - weight=0x5e4b35949e70 (depformer_layers_3_gating_15_linear_out_weight, type=2), bias=(nil) (NULL)
DEBUG:   - ggml_mul_mat returned y=0x70d7ce206dc0
DEBUG:   - layer done
DEBUG: moshi_streaming_transformer building layer 4 (first loop)
DEBUG:   - norm1
DEBUG:   - self_attn
DEBUG: torch_nn_linear: linear=0x5e4b35a09850, x=0x70d7ce207380
DEBUG:   - weight=0x70d9e1609df0 (depformer_layers_4_self_attn_in_proj_weight (view), type=2), bias=(nil) (NULL)
DEBUG:   - ggml_mul_mat returned y=0x70d7ce2074f0
DEBUG: torch_nn_linear: linear=0x5e4b35a09870, x=0x70d7ce20a2f0
DEBUG:   - weight=0x70d9e160b4f0 (depformer_layers_4_self_attn_out_proj_weight (view), type=2), bias=(nil) (NULL)
DEBUG:   - ggml_mul_mat returned y=0x70d7ce20a460
DEBUG:   - layer_scale_1
DEBUG:   - norm2
DEBUG:   - gating/ff
DEBUG: torch_nn_linear: linear=0x5e4b35a098b0, x=0x70d7ce20aa20
DEBUG:   - weight=0x5e4b3594d0c0 (depformer_layers_4_gating_15_linear_in_weight, type=2), bias=(nil) (NULL)
DEBUG:   - ggml_mul_mat returned y=0x70d7ce20ab90
DEBUG: torch_nn_linear: linear=0x5e4b35a098d0, x=0x70d7ce20b150
DEBUG:   - weight=0x5e4b3594d230 (depformer_layers_4_gating_15_linear_out_weight, type=2), bias=(nil) (NULL)
DEBUG:   - ggml_mul_mat returned y=0x70d7ce20b2c0
DEBUG:   - layer done
DEBUG: moshi_streaming_transformer building layer 5 (first loop)
DEBUG:   - norm1
DEBUG:   - self_attn
DEBUG: torch_nn_linear: linear=0x5e4b35a0a540, x=0x70d7ce20b880
DEBUG:   - weight=0x70d9e160cbf0 (depformer_layers_5_self_attn_in_proj_weight (view), type=2), bias=(nil) (NULL)
DEBUG:   - ggml_mul_mat returned y=0x70d7ce20b9f0
DEBUG: torch_nn_linear: linear=0x5e4b35a0a560, x=0x70d7ce20e7f0
DEBUG:   - weight=0x70d9e160e2f0 (depformer_layers_5_self_attn_out_proj_weight (view), type=2), bias=(nil) (NULL)
DEBUG:   - ggml_mul_mat returned y=0x70d7ce20e960
DEBUG:   - layer_scale_1
DEBUG:   - norm2
DEBUG:   - gating/ff
DEBUG: torch_nn_linear: linear=0x5e4b35a0a5a0, x=0x70d7ce20ef20
DEBUG:   - weight=0x5e4b35950480 (depformer_layers_5_gating_15_linear_in_weight, type=2), bias=(nil) (NULL)
DEBUG:   - ggml_mul_mat returned y=0x70d7ce20f090
DEBUG: torch_nn_linear: linear=0x5e4b35a0a5c0, x=0x70d7ce20f650
DEBUG:   - weight=0x5e4b359505f0 (depformer_layers_5_gating_15_linear_out_weight, type=2), bias=(nil) (NULL)
DEBUG:   - ggml_mul_mat returned y=0x70d7ce20f7c0
DEBUG:   - layer done
DEBUG: torch_nn_linear: linear=0x5e4b35a0b110, x=0x70d7ce20f930
DEBUG:   - weight=0x5e4b35956080 (linears.15.weight, type=1), bias=(nil) (NULL)
DEBUG:   - ggml_mul_mat returned y=0x70d7ce20faa0
DEBUG: before forward_text_step
DEBUG: after forward_text_step
DEBUG: before scratch.compute()
DEBUG: after scratch.compute()
DEBUG: before graph.compute()
DEBUG: after graph.compute()
DEBUG: before forward_text_step
DEBUG: after forward_text_step
DEBUG: before scratch.compute()
DEBUG: after scratch.compute()
DEBUG: before graph.compute()
DEBUG: after graph.compute()
DEBUG: before forward_text_step
DEBUG: after forward_text_step
DEBUG: before scratch.compute()
DEBUG: after scratch.compute()
DEBUG: before graph.compute()
DEBUG: after graph.compute()
DEBUG: before forward_text_step
DEBUG: after forward_text_step
DEBUG: before scratch.compute()
DEBUG: after scratch.compute()
DEBUG: before graph.compute()
DEBUG: after graph.compute()
DEBUG: before forward_text_step
DEBUG: after forward_text_step
DEBUG: before scratch.compute()
DEBUG: after scratch.compute()
DEBUG: before graph.compute()
DEBUG: after graph.compute()
DEBUG: before forward_text_step
DEBUG: after forward_text_step
DEBUG: before scratch.compute()
DEBUG: after scratch.compute()
DEBUG: before graph.compute()
DEBUG: after graph.compute()
DEBUG: before forward_text_step
DEBUG: after forward_text_step
DEBUG: before scratch.compute()
DEBUG: after scratch.compute()
DEBUG: before graph.compute()
DEBUG: after graph.compute()
DEBUG: before forward_text_step
DEBUG: after forward_text_step
DEBUG: before scratch.compute()
DEBUG: after scratch.compute()
DEBUG: before graph.compute()
DEBUG: after graph.compute()
DEBUG: before forward_text_step
DEBUG: after forward_text_step
DEBUG: before scratch.compute()
DEBUG: after scratch.compute()
DEBUG: before graph.compute()
DEBUG: after graph.compute()
DEBUG: before forward_text_step
DEBUG: after forward_text_step
DEBUG: before scratch.compute()
DEBUG: after scratch.compute()
DEBUG: before graph.compute()
DEBUG: after graph.compute()
DEBUG: before forward_text_step
DEBUG: after forward_text_step
DEBUG: before scratch.compute()
DEBUG: after scratch.compute()
DEBUG: before graph.compute()
DEBUG: after graph.compute()
DEBUG: before forward_text_step
DEBUG: after forward_text_step
DEBUG: before scratch.compute()
DEBUG: after scratch.compute()
DEBUG: before graph.compute()
DEBUG: after graph.compute()
DEBUG: before forward_text_step
DEBUG: after forward_text_step
DEBUG: before scratch.compute()
DEBUG: after scratch.compute()
DEBUG: before graph.compute()
DEBUG: after graph.compute()
DEBUG: before forward_text_step
DEBUG: after forward_text_step
DEBUG: before scratch.compute()
DEBUG: after scratch.compute()
DEBUG: before graph.compute()
DEBUG: after graph.compute()
DEBUG: before forward_text_step
DEBUG: after forward_text_step
DEBUG: before scratch.compute()
DEBUG: after scratch.compute()
DEBUG: before graph.compute()
DEBUG: after graph.compute()
DEBUG: before forward_text_step
DEBUG: after forward_text_step
DEBUG: before scratch.compute()
DEBUG: after scratch.compute()
DEBUG: before graph.compute()
DEBUG: after graph.compute()
DEBUG: before forward_text_step
DEBUG: after forward_text_step
DEBUG: before scratch.compute()
DEBUG: after scratch.compute()
DEBUG: before graph.compute()
DEBUG: after graph.compute()
DEBUG: before forward_text_step
DEBUG: after forward_text_step
DEBUG: before scratch.compute()
DEBUG: after scratch.compute()
DEBUG: before graph.compute()
DEBUG: after graph.compute()
DEBUG: before forward_text_step
DEBUG: after forward_text_step
DEBUG: before scratch.compute()
DEBUG: after scratch.compute()
DEBUG: before graph.compute()
DEBUG: after graph.compute()
DEBUG: before forward_text_step
DEBUG: after forward_text_step
DEBUG: before scratch.compute()
DEBUG: after scratch.compute()
DEBUG: before graph.compute()
DEBUG: after graph.compute()
DEBUG: before forward_text_step
DEBUG: after forward_text_step
DEBUG: before scratch.compute()
DEBUG: after scratch.compute()
DEBUG: before graph.compute()
DEBUG: after graph.compute()
DEBUG: before forward_text_step
DEBUG: after forward_text_step
DEBUG: before scratch.compute()
DEBUG: after scratch.compute()
DEBUG: before graph.compute()
DEBUG: after graph.compute()
DEBUG: before forward_text_step
DEBUG: after forward_text_step
DEBUG: before scratch.compute()
DEBUG: after scratch.compute()
DEBUG: before graph.compute()
DEBUG: after graph.compute()
DEBUG: before forward_text_step
DEBUG: after forward_text_step
DEBUG: before scratch.compute()
DEBUG: after scratch.compute()
DEBUG: before graph.compute()
DEBUG: after graph.compute()
DEBUG: before forward_text_step
DEBUG: after forward_text_step
DEBUG: before scratch.compute()
DEBUG: after scratch.compute()
DEBUG: before graph.compute()
DEBUG: after graph.compute()
DEBUG: before forward_text_step
DEBUG: after forward_text_step
DEBUG: before scratch.compute()
DEBUG: after scratch.compute()
DEBUG: before graph.compute()
DEBUG: after graph.compute()
DEBUG: before forward_text_step
DEBUG: after forward_text_step
DEBUG: before scratch.compute()
DEBUG: after scratch.compute()
DEBUG: before graph.compute()
DEBUG: after graph.compute()
DEBUG: before forward_text_step
DEBUG: after forward_text_step
DEBUG: before scratch.compute()
DEBUG: after scratch.compute()
DEBUG: before graph.compute()
DEBUG: after graph.compute()
DEBUG: before forward_text_step
DEBUG: after forward_text_step
DEBUG: before scratch.compute()
DEBUG: after scratch.compute()
DEBUG: before graph.compute()
DEBUG: after graph.compute()
DEBUG: before forward_text_step
DEBUG: after forward_text_step
DEBUG: before scratch.compute()
DEBUG: after scratch.compute()
DEBUG: before graph.compute()
DEBUG: after graph.compute()
DEBUG: before forward_text_step
DEBUG: after forward_text_step
DEBUG: before scratch.compute()
DEBUG: after scratch.compute()
DEBUG: before graph.compute()
DEBUG: after graph.compute()
DEBUG: before forward_text_step
DEBUG: after forward_text_step
DEBUG: before scratch.compute()
DEBUG: after scratch.compute()
DEBUG: before graph.compute()
DEBUG: after graph.compute()
DEBUG: before forward_text_step
DEBUG: after forward_text_step
DEBUG: before scratch.compute()
DEBUG: after scratch.compute()
DEBUG: before graph.compute()
DEBUG: after graph.compute()
DEBUG: before forward_text_step
DEBUG: after forward_text_step
DEBUG: before scratch.compute()
DEBUG: after scratch.compute()
DEBUG: before graph.compute()
DEBUG: after graph.compute()
DEBUG: before forward_text_step
DEBUG: after forward_text_step
DEBUG: before scratch.compute()
DEBUG: after scratch.compute()
DEBUG: before graph.compute()
DEBUG: after graph.compute()
DEBUG: before forward_text_step
DEBUG: after forward_text_step
DEBUG: before scratch.compute()
DEBUG: after scratch.compute()
DEBUG: before graph.compute()
DEBUG: after graph.compute()
DEBUG: before forward_text_step
DEBUG: after forward_text_step
DEBUG: before scratch.compute()
DEBUG: after scratch.compute()
DEBUG: before graph.compute()
DEBUG: after graph.compute()
DEBUG: before forward_text_step
DEBUG: after forward_text_step
DEBUG: before scratch.compute()
DEBUG: after scratch.compute()
DEBUG: before graph.compute()
DEBUG: after graph.compute()
DEBUG: before forward_text_step
DEBUG: after forward_text_step
DEBUG: before scratch.compute()
DEBUG: after scratch.compute()
DEBUG: before graph.compute()
DEBUG: after graph.compute()
DEBUG: before forward_text_step
DEBUG: after forward_text_step
DEBUG: before scratch.compute()
DEBUG: after scratch.compute()
DEBUG: before graph.compute()
DEBUG: after graph.compute()
DEBUG: before forward_text_step
DEBUG: after forward_text_step
DEBUG: before scratch.compute()
DEBUG: after scratch.compute()
DEBUG: before graph.compute()
DEBUG: after graph.compute()
DEBUG: before forward_text_step
DEBUG: after forward_text_step
DEBUG: before scratch.compute()
DEBUG: after scratch.compute()
DEBUG: before graph.compute()
DEBUG: after graph.compute()
DEBUG: before forward_text_step
DEBUG: after forward_text_step
DEBUG: before scratch.compute()
DEBUG: after scratch.compute()
DEBUG: before graph.compute()
DEBUG: after graph.compute()
DEBUG: before forward_text_step
DEBUG: after forward_text_step
DEBUG: before scratch.compute()
DEBUG: after scratch.compute()
DEBUG: before graph.compute()
DEBUG: after graph.compute()
DEBUG: before forward_text_step
DEBUG: after forward_text_step
DEBUG: before scratch.compute()
DEBUG: after scratch.compute()
DEBUG: before graph.compute()
DEBUG: after graph.compute()
DEBUG: before forward_text_step
DEBUG: after forward_text_step
DEBUG: before scratch.compute()
DEBUG: after scratch.compute()
DEBUG: before graph.compute()
DEBUG: after graph.compute()
DEBUG: before forward_text_step
DEBUG: after forward_text_step
DEBUG: before scratch.compute()
DEBUG: after scratch.compute()
DEBUG: before graph.compute()
DEBUG: after graph.compute()
DEBUG: before forward_text_step
DEBUG: after forward_text_step
DEBUG: before scratch.compute()
DEBUG: after scratch.compute()
DEBUG: before graph.compute()
DEBUG: after graph.compute()
DEBUG: before forward_text_step
DEBUG: after forward_text_step
DEBUG: before scratch.compute()
DEBUG: after scratch.compute()
DEBUG: before graph.compute()
DEBUG: after graph.compute()
DEBUG: before forward_text_step
DEBUG: after forward_text_step
DEBUG: before scratch.compute()
DEBUG: after scratch.compute()
DEBUG: before graph.compute()
DEBUG: after graph.compute()
DEBUG: before forward_text_step
DEBUG: after forward_text_step
DEBUG: before scratch.compute()
DEBUG: after scratch.compute()
DEBUG: before graph.compute()
DEBUG: after graph.compute()
DEBUG: before forward_text_step
DEBUG: after forward_text_step
DEBUG: before scratch.compute()
DEBUG: after scratch.compute()
DEBUG: before graph.compute()
DEBUG: after graph.compute()
DEBUG: before forward_text_step
DEBUG: after forward_text_step
DEBUG: before scratch.compute()
DEBUG: after scratch.compute()
DEBUG: before graph.compute()
DEBUG: after graph.compute()
DEBUG: before forward_text_step
DEBUG: after forward_text_step
DEBUG: before scratch.compute()
DEBUG: after scratch.compute()
DEBUG: before graph.compute()
DEBUG: after graph.compute()
DEBUG: before forward_text_step
DEBUG: after forward_text_step
DEBUG: before scratch.compute()
DEBUG: after scratch.compute()
DEBUG: before graph.compute()
DEBUG: after graph.compute()
DEBUG: before forward_text_step
DEBUG: after forward_text_step
DEBUG: before scratch.compute()
DEBUG: after scratch.compute()
DEBUG: before graph.compute()
DEBUG: after graph.compute()
DEBUG: before forward_text_step
DEBUG: after forward_text_step
DEBUG: before scratch.compute()
DEBUG: after scratch.compute()
DEBUG: before graph.compute()
DEBUG: after graph.compute()
DEBUG: before forward_text_step
DEBUG: after forward_text_step
DEBUG: before scratch.compute()
DEBUG: after scratch.compute()
DEBUG: before graph.compute()
DEBUG: after graph.compute()
DEBUG: before forward_text_step
DEBUG: after forward_text_step
DEBUG: before scratch.compute()
DEBUG: after scratch.compute()
DEBUG: before graph.compute()
DEBUG: after graph.compute()
DEBUG: before forward_text_step
DEBUG: after forward_text_step
DEBUG: before scratch.compute()
DEBUG: after scratch.compute()
DEBUG: before graph.compute()
DEBUG: after graph.compute()
DEBUG: before forward_text_step
DEBUG: after forward_text_step
DEBUG: before scratch.compute()
DEBUG: after scratch.compute()
DEBUG: before graph.compute()
DEBUG: after graph.compute()
DEBUG: before forward_text_step
DEBUG: after forward_text_step
DEBUG: before scratch.compute()
DEBUG: after scratch.compute()
DEBUG: before graph.compute()
DEBUG: after graph.compute()
DEBUG: before forward_text_step
DEBUG: after forward_text_step
DEBUG: before scratch.compute()
DEBUG: after scratch.compute()
DEBUG: before graph.compute()
DEBUG: after graph.compute()
DEBUG: before forward_text_step
DEBUG: after forward_text_step
DEBUG: before scratch.compute()
DEBUG: after scratch.compute()
DEBUG: before graph.compute()
DEBUG: after graph.compute()
DEBUG: before forward_text_step
DEBUG: after forward_text_step
DEBUG: before scratch.compute()
DEBUG: after scratch.compute()
DEBUG: before graph.compute()
DEBUG: after graph.compute()
DEBUG: before forward_text_step
DEBUG: after forward_text_step
DEBUG: before scratch.compute()
DEBUG: after scratch.compute()
DEBUG: before graph.compute()
DEBUG: after graph.compute()
DEBUG: before forward_text_step
DEBUG: after forward_text_step
DEBUG: before scratch.compute()
DEBUG: after scratch.compute()
DEBUG: before graph.compute()
DEBUG: after graph.compute()
DEBUG: before forward_text_step
DEBUG: after forward_text_step
DEBUG: before scratch.compute()
DEBUG: after scratch.compute()
DEBUG: before graph.compute()
DEBUG: after graph.compute()
DEBUG: before forward_text_step
DEBUG: after forward_text_step
DEBUG: before scratch.compute()
DEBUG: after scratch.compute()
DEBUG: before graph.compute()
DEBUG: after graph.compute()
DEBUG: before forward_text_step
DEBUG: after forward_text_step
DEBUG: before scratch.compute()
DEBUG: after scratch.compute()
DEBUG: before graph.compute()
DEBUG: after graph.compute()
DEBUG: before forward_text_step
DEBUG: after forward_text_step
DEBUG: before scratch.compute()
DEBUG: after scratch.compute()
DEBUG: before graph.compute()
DEBUG: after graph.compute()
DEBUG: before forward_text_step
DEBUG: after forward_text_step
DEBUG: before scratch.compute()
DEBUG: after scratch.compute()
DEBUG: before graph.compute()
DEBUG: after graph.compute()
DEBUG: before forward_text_step
DEBUG: after forward_text_step
DEBUG: before scratch.compute()
DEBUG: after scratch.compute()
DEBUG: before graph.compute()
DEBUG: after graph.compute()
DEBUG: before forward_text_step
DEBUG: after forward_text_step
DEBUG: before scratch.compute()
DEBUG: after scratch.compute()
DEBUG: before graph.compute()
DEBUG: after graph.compute()
DEBUG: before forward_text_step
DEBUG: after forward_text_step
DEBUG: before scratch.compute()
DEBUG: after scratch.compute()
DEBUG: before graph.compute()
DEBUG: after graph.compute()
DEBUG: before forward_text_step
DEBUG: after forward_text_step
DEBUG: before scratch.compute()
DEBUG: after scratch.compute()
DEBUG: before graph.compute()
DEBUG: after graph.compute()
DEBUG: before forward_text_step
DEBUG: after forward_text_step
DEBUG: before scratch.compute()
DEBUG: after scratch.compute()
DEBUG: before graph.compute()
DEBUG: after graph.compute()
DEBUG: before forward_text_step
DEBUG: after forward_text_step
DEBUG: before scratch.compute()
DEBUG: after scratch.compute()
DEBUG: before graph.compute()
DEBUG: after graph.compute()
DEBUG: before forward_text_step
DEBUG: after forward_text_step
DEBUG: before scratch.compute()
DEBUG: after scratch.compute()
DEBUG: before graph.compute()
DEBUG: after graph.compute()
DEBUG: before forward_text_step
DEBUG: after forward_text_step
DEBUG: before scratch.compute()
DEBUG: after scratch.compute()
DEBUG: before graph.compute()
DEBUG: after graph.compute()
DEBUG: before forward_text_step
DEBUG: after forward_text_step
DEBUG: before scratch.compute()
DEBUG: after scratch.compute()
DEBUG: before graph.compute()
DEBUG: after graph.compute()
DEBUG: before forward_text_step
DEBUG: after forward_text_step
DEBUG: before scratch.compute()
DEBUG: after scratch.compute()
DEBUG: before graph.compute()
DEBUG: after graph.compute()
DEBUG: before forward_text_step
DEBUG: after forward_text_step
DEBUG: before scratch.compute()
DEBUG: after scratch.compute()
DEBUG: before graph.compute()
DEBUG: after graph.compute()
DEBUG: before forward_text_step
DEBUG: after forward_text_step
DEBUG: before scratch.compute()
DEBUG: after scratch.compute()
DEBUG: before graph.compute()
DEBUG: after graph.compute()
DEBUG: before forward_text_step
DEBUG: after forward_text_step
DEBUG: before scratch.compute()
DEBUG: after scratch.compute()
DEBUG: before graph.compute()
DEBUG: after graph.compute()
DEBUG: before forward_text_step
DEBUG: after forward_text_step
DEBUG: before scratch.compute()
DEBUG: after scratch.compute()
DEBUG: before graph.compute()
DEBUG: after graph.compute()
DEBUG: before forward_text_step
DEBUG: after forward_text_step
DEBUG: before scratch.compute()
DEBUG: after scratch.compute()
DEBUG: before graph.compute()
DEBUG: after graph.compute()
DEBUG: before forward_text_step
DEBUG: after forward_text_step
DEBUG: before scratch.compute()
DEBUG: after scratch.compute()
DEBUG: before graph.compute()
DEBUG: after graph.compute()
DEBUG: before forward_text_step
DEBUG: after forward_text_step
DEBUG: before scratch.compute()
DEBUG: after scratch.compute()
DEBUG: before graph.compute()
DEBUG: after graph.compute()
DEBUG: before forward_text_step
DEBUG: after forward_text_step
DEBUG: before scratch.compute()
DEBUG: after scratch.compute()
DEBUG: before graph.compute()
DEBUG: after graph.compute()
DEBUG: before forward_text_step
DEBUG: after forward_text_step
DEBUG: before scratch.compute()
DEBUG: after scratch.compute()
DEBUG: before graph.compute()
DEBUG: after graph.compute()
DEBUG: before forward_text_step
DEBUG: after forward_text_step
DEBUG: before scratch.compute()
DEBUG: after scratch.compute()
DEBUG: before graph.compute()
DEBUG: after graph.compute()
DEBUG: before forward_text_step
DEBUG: after forward_text_step
DEBUG: before scratch.compute()
DEBUG: after scratch.compute()
DEBUG: before graph.compute()
DEBUG: after graph.compute()
DEBUG: before forward_text_step
DEBUG: after forward_text_step
DEBUG: before scratch.compute()
DEBUG: after scratch.compute()
DEBUG: before graph.compute()
DEBUG: after graph.compute()
DEBUG: before forward_text_step
DEBUG: after forward_text_step
DEBUG: before scratch.compute()
DEBUG: after scratch.compute()
DEBUG: before graph.compute()
DEBUG: after graph.compute()
DEBUG: before forward_text_step
DEBUG: after forward_text_step
DEBUG: before scratch.compute()
DEBUG: after scratch.compute()
DEBUG: before graph.compute()
DEBUG: after graph.compute()
DEBUG: before forward_text_step
DEBUG: after forward_text_step
DEBUG: before scratch.compute()
DEBUG: after scratch.compute()
DEBUG: before graph.compute()
DEBUG: after graph.compute()
DEBUG: before forward_text_step
DEBUG: after forward_text_step
DEBUG: before scratch.compute()
DEBUG: after scratch.compute()
DEBUG: before graph.compute()
DEBUG: after graph.compute()
DEBUG: before forward_text_step
DEBUG: after forward_text_step
DEBUG: before scratch.compute()
DEBUG: after scratch.compute()
DEBUG: before graph.compute()
DEBUG: after graph.compute()
DEBUG: before forward_text_step
DEBUG: after forward_text_step
DEBUG: before scratch.compute()
DEBUG: after scratch.compute()
DEBUG: before graph.compute()
DEBUG: after graph.compute()
DEBUG: before forward_text_step
DEBUG: after forward_text_step
DEBUG: before scratch.compute()
DEBUG: after scratch.compute()
DEBUG: before graph.compute()
DEBUG: after graph.compute()
DEBUG: before forward_text_step
DEBUG: after forward_text_step
DEBUG: before scratch.compute()
DEBUG: after scratch.compute()
DEBUG: before graph.compute()
DEBUG: after graph.compute()
DEBUG: before forward_text_step
DEBUG: after forward_text_step
DEBUG: before scratch.compute()
DEBUG: after scratch.compute()
DEBUG: before graph.compute()
DEBUG: after graph.compute()
DEBUG: before forward_text_step
DEBUG: after forward_text_step
DEBUG: before scratch.compute()
DEBUG: after scratch.compute()
DEBUG: before graph.compute()
DEBUG: after graph.compute()
DEBUG: before forward_text_step
DEBUG: after forward_text_step
DEBUG: before scratch.compute()
DEBUG: after scratch.compute()
DEBUG: before graph.compute()
DEBUG: after graph.compute()
DEBUG: before forward_text_step
DEBUG: after forward_text_step
DEBUG: before scratch.compute()
DEBUG: after scratch.compute()
DEBUG: before graph.compute()
DEBUG: after graph.compute()
DEBUG: before forward_text_step
DEBUG: after forward_text_step
DEBUG: before scratch.compute()
DEBUG: after scratch.compute()
DEBUG: before graph.compute()
DEBUG: after graph.compute()
DEBUG: before forward_text_step
DEBUG: after forward_text_step
DEBUG: before scratch.compute()
DEBUG: after scratch.compute()
DEBUG: before graph.compute()
DEBUG: after graph.compute()
DEBUG: before forward_text_step
DEBUG: after forward_text_step
DEBUG: before scratch.compute()
DEBUG: after scratch.compute()
DEBUG: before graph.compute()
DEBUG: after graph.compute()
DEBUG: before forward_text_step
DEBUG: after forward_text_step
DEBUG: before scratch.compute()
DEBUG: after scratch.compute()
DEBUG: before graph.compute()
DEBUG: after graph.compute()
DEBUG: before forward_text_step
DEBUG: after forward_text_step
DEBUG: before scratch.compute()
DEBUG: after scratch.compute()
DEBUG: before graph.compute()
DEBUG: after graph.compute()
DEBUG: before forward_text_step
DEBUG: after forward_text_step
DEBUG: before scratch.compute()
DEBUG: after scratch.compute()
DEBUG: before graph.compute()
DEBUG: after graph.compute()
DEBUG: before forward_text_step
DEBUG: after forward_text_step
DEBUG: before scratch.compute()
DEBUG: after scratch.compute()
DEBUG: before graph.compute()
DEBUG: after graph.compute()
DEBUG: before forward_text_step
DEBUG: after forward_text_step
DEBUG: before scratch.compute()
DEBUG: after scratch.compute()
DEBUG: before graph.compute()
DEBUG: after graph.compute()
DEBUG: before forward_text_step
DEBUG: after forward_text_step
DEBUG: before scratch.compute()
DEBUG: after scratch.compute()
DEBUG: before graph.compute()
DEBUG: after graph.compute()
DEBUG: before forward_text_step
DEBUG: after forward_text_step
DEBUG: before scratch.compute()
DEBUG: after scratch.compute()
DEBUG: before graph.compute()
DEBUG: after graph.compute()
DEBUG: before forward_text_step
DEBUG: after forward_text_step
DEBUG: before scratch.compute()
DEBUG: after scratch.compute()
DEBUG: before graph.compute()
DEBUG: after graph.compute()
DEBUG: before forward_text_step
DEBUG: after forward_text_step
DEBUG: before scratch.compute()
DEBUG: after scratch.compute()
DEBUG: before graph.compute()
DEBUG: after graph.compute()
DEBUG: before forward_text_step
DEBUG: after forward_text_step
DEBUG: before scratch.compute()
DEBUG: after scratch.compute()
DEBUG: before graph.compute()
DEBUG: after graph.compute()
DEBUG: before forward_text_step
DEBUG: after forward_text_step
DEBUG: before scratch.compute()
DEBUG: after scratch.compute()
DEBUG: before graph.compute()
DEBUG: after graph.compute()
DEBUG: before forward_text_step
DEBUG: after forward_text_step
DEBUG: before scratch.compute()
DEBUG: after scratch.compute()
DEBUG: before graph.compute()
DEBUG: after graph.compute()
DEBUG: before forward_text_step
DEBUG: after forward_text_step
DEBUG: before scratch.compute()
DEBUG: after scratch.compute()
DEBUG: before graph.compute()
DEBUG: after graph.compute()
DEBUG: before forward_text_step
DEBUG: after forward_text_step
DEBUG: before scratch.compute()
DEBUG: after scratch.compute()
DEBUG: before graph.compute()
DEBUG: after graph.compute()
DEBUG: before forward_text_step
DEBUG: after forward_text_step
DEBUG: before scratch.compute()
DEBUG: after scratch.compute()
DEBUG: before graph.compute()
DEBUG: after graph.compute()
DEBUG: before forward_text_step
DEBUG: after forward_text_step
DEBUG: before scratch.compute()
DEBUG: after scratch.compute()
DEBUG: before graph.compute()
DEBUG: after graph.compute()
DEBUG: before forward_text_step
DEBUG: after forward_text_step
DEBUG: before scratch.compute()
DEBUG: after scratch.compute()
DEBUG: before graph.compute()
DEBUG: after graph.compute()
DEBUG: before forward_text_step
DEBUG: after forward_text_step
DEBUG: before scratch.compute()
DEBUG: after scratch.compute()
DEBUG: before graph.compute()
DEBUG: after graph.compute()
DEBUG: before forward_text_step
DEBUG: after forward_text_step
DEBUG: before scratch.compute()
DEBUG: after scratch.compute()
DEBUG: before graph.compute()
DEBUG: after graph.compute()
DEBUG: before forward_text_step
DEBUG: after forward_text_step
DEBUG: before scratch.compute()
DEBUG: after scratch.compute()
DEBUG: before graph.compute()
DEBUG: after graph.compute()
DEBUG: before forward_text_step
DEBUG: after forward_text_step
DEBUG: before scratch.compute()
DEBUG: after scratch.compute()
DEBUG: before graph.compute()
DEBUG: after graph.compute()
DEBUG: before forward_text_step
DEBUG: after forward_text_step
DEBUG: before scratch.compute()
DEBUG: after scratch.compute()
DEBUG: before graph.compute()
DEBUG: after graph.compute()
DEBUG: before forward_text_step
DEBUG: after forward_text_step
DEBUG: before scratch.compute()
DEBUG: after scratch.compute()
DEBUG: before graph.compute()
DEBUG: after graph.compute()
DEBUG: before forward_text_step
DEBUG: after forward_text_step
DEBUG: before scratch.compute()
DEBUG: after scratch.compute()
DEBUG: before graph.compute()
DEBUG: after graph.compute()
DEBUG: before forward_text_step
DEBUG: after forward_text_step
DEBUG: before scratch.compute()
DEBUG: after scratch.compute()
DEBUG: before graph.compute()
DEBUG: after graph.compute()
DEBUG: before forward_text_step
DEBUG: after forward_text_step
DEBUG: before scratch.compute()
DEBUG: after scratch.compute()
DEBUG: before graph.compute()
DEBUG: after graph.compute()
DEBUG: before forward_text_step
DEBUG: after forward_text_step
DEBUG: before scratch.compute()
DEBUG: after scratch.compute()
DEBUG: before graph.compute()
DEBUG: after graph.compute()
DEBUG: before forward_text_step
DEBUG: after forward_text_step
DEBUG: before scratch.compute()
DEBUG: after scratch.compute()
DEBUG: before graph.compute()
DEBUG: after graph.compute()
DEBUG: before forward_text_step
DEBUG: after forward_text_step
DEBUG: before scratch.compute()
DEBUG: after scratch.compute()
DEBUG: before graph.compute()
DEBUG: after graph.compute()
DEBUG: before forward_text_step
DEBUG: after forward_text_step
DEBUG: before scratch.compute()
DEBUG: after scratch.compute()
DEBUG: before graph.compute()
DEBUG: after graph.compute()
DEBUG: before forward_text_step
DEBUG: after forward_text_step
DEBUG: before scratch.compute()
DEBUG: after scratch.compute()
DEBUG: before graph.compute()
DEBUG: after graph.compute()
DEBUG: before forward_text_step
DEBUG: after forward_text_step
DEBUG: before scratch.compute()
DEBUG: after scratch.compute()
DEBUG: before graph.compute()
DEBUG: after graph.compute()
DEBUG: before forward_text_step
DEBUG: after forward_text_step
DEBUG: before scratch.compute()
DEBUG: after scratch.compute()
DEBUG: before graph.compute()
DEBUG: after graph.compute()
DEBUG: before forward_text_step
DEBUG: after forward_text_step
DEBUG: before scratch.compute()
DEBUG: after scratch.compute()
DEBUG: before graph.compute()
DEBUG: after graph.compute()
DEBUG: before forward_text_step
DEBUG: after forward_text_step
DEBUG: before scratch.compute()
DEBUG: after scratch.compute()
DEBUG: before graph.compute()
DEBUG: after graph.compute()
DEBUG: before forward_text_step
DEBUG: after forward_text_step
DEBUG: before scratch.compute()
DEBUG: after scratch.compute()
DEBUG: before graph.compute()
DEBUG: after graph.compute()
DEBUG: before forward_text_step
DEBUG: after forward_text_step
DEBUG: before scratch.compute()
DEBUG: after scratch.compute()
DEBUG: before graph.compute()
DEBUG: after graph.compute()
DEBUG: before forward_text_step
DEBUG: after forward_text_step
DEBUG: before scratch.compute()
DEBUG: after scratch.compute()
DEBUG: before graph.compute()
DEBUG: after graph.compute()
DEBUG: before forward_text_step
DEBUG: after forward_text_step
DEBUG: before scratch.compute()
DEBUG: after scratch.compute()
DEBUG: before graph.compute()
DEBUG: after graph.compute()
DEBUG: before forward_text_step
DEBUG: after forward_text_step
DEBUG: before scratch.compute()
DEBUG: after scratch.compute()
DEBUG: before graph.compute()
DEBUG: after graph.compute()
DEBUG: before forward_text_step
DEBUG: after forward_text_step
DEBUG: before scratch.compute()
DEBUG: after scratch.compute()
DEBUG: before graph.compute()
DEBUG: after graph.compute()
DEBUG: before forward_text_step
DEBUG: after forward_text_step
DEBUG: before scratch.compute()
DEBUG: after scratch.compute()
DEBUG: before graph.compute()
DEBUG: after graph.compute()
DEBUG: before forward_text_step
DEBUG: after forward_text_step
DEBUG: before scratch.compute()
DEBUG: after scratch.compute()
DEBUG: before graph.compute()
DEBUG: after graph.compute()
DEBUG: before forward_text_step
DEBUG: after forward_text_step
DEBUG: before scratch.compute()
DEBUG: after scratch.compute()
DEBUG: before graph.compute()
DEBUG: after graph.compute()
DEBUG: before forward_text_step
DEBUG: after forward_text_step
DEBUG: before scratch.compute()
DEBUG: after scratch.compute()
DEBUG: before graph.compute()
DEBUG: after graph.compute()
DEBUG: before forward_text_step
DEBUG: after forward_text_step
DEBUG: before scratch.compute()
DEBUG: after scratch.compute()
DEBUG: before graph.compute()
DEBUG: after graph.compute()
DEBUG: before forward_text_step
DEBUG: after forward_text_step
DEBUG: before scratch.compute()
DEBUG: after scratch.compute()
DEBUG: before graph.compute()
DEBUG: after graph.compute()
DEBUG: before forward_text_step
DEBUG: after forward_text_step
DEBUG: before scratch.compute()
DEBUG: after scratch.compute()
DEBUG: before graph.compute()
DEBUG: after graph.compute()
DEBUG: before forward_text_step
DEBUG: after forward_text_step
DEBUG: before scratch.compute()
DEBUG: after scratch.compute()
DEBUG: before graph.compute()
DEBUG: after graph.compute()
DEBUG: before forward_text_step
DEBUG: after forward_text_step
DEBUG: before scratch.compute()
DEBUG: after scratch.compute()
DEBUG: before graph.compute()
DEBUG: after graph.compute()
DEBUG: before forward_text_step
DEBUG: after forward_text_step
DEBUG: before scratch.compute()
DEBUG: after scratch.compute()
DEBUG: before graph.compute()
DEBUG: after graph.compute()
DEBUG: before forward_text_step
DEBUG: after forward_text_step
DEBUG: before scratch.compute()
DEBUG: after scratch.compute()
DEBUG: before graph.compute()
DEBUG: after graph.compute()
DEBUG: before forward_text_step
DEBUG: after forward_text_step
DEBUG: before scratch.compute()
DEBUG: after scratch.compute()
DEBUG: before graph.compute()
DEBUG: after graph.compute()
DEBUG: before forward_text_step
DEBUG: after forward_text_step
DEBUG: before scratch.compute()
DEBUG: after scratch.compute()
DEBUG: before graph.compute()
DEBUG: after graph.compute()
DEBUG: before forward_text_step
DEBUG: after forward_text_step
DEBUG: before scratch.compute()
DEBUG: after scratch.compute()
DEBUG: before graph.compute()
DEBUG: after graph.compute()
DEBUG: before forward_text_step
DEBUG: after forward_text_step
DEBUG: before scratch.compute()
DEBUG: after scratch.compute()
DEBUG: before graph.compute()
DEBUG: after graph.compute()
DEBUG: before forward_text_step
DEBUG: after forward_text_step
DEBUG: before scratch.compute()
DEBUG: after scratch.compute()
DEBUG: before graph.compute()
DEBUG: after graph.compute()
DEBUG: before forward_text_step
DEBUG: after forward_text_step
DEBUG: before scratch.compute()
DEBUG: after scratch.compute()
DEBUG: before graph.compute()
DEBUG: after graph.compute()
DEBUG: before forward_text_step
DEBUG: after forward_text_step
DEBUG: before scratch.compute()
DEBUG: after scratch.compute()
DEBUG: before graph.compute()
DEBUG: after graph.compute()
DEBUG: before forward_text_step
DEBUG: after forward_text_step
DEBUG: before scratch.compute()
DEBUG: after scratch.compute()
DEBUG: before graph.compute()
DEBUG: after graph.compute()
DEBUG: before forward_text_step
DEBUG: after forward_text_step
DEBUG: before scratch.compute()
DEBUG: after scratch.compute()
DEBUG: before graph.compute()
DEBUG: after graph.compute()
DEBUG: before forward_text_step
DEBUG: after forward_text_step
DEBUG: before scratch.compute()
DEBUG: after scratch.compute()
DEBUG: before graph.compute()
DEBUG: after graph.compute()
DEBUG: before forward_text_step
DEBUG: after forward_text_step
DEBUG: before scratch.compute()
DEBUG: after scratch.compute()
DEBUG: before graph.compute()
DEBUG: after graph.compute()
DEBUG: before forward_text_step
DEBUG: after forward_text_step
DEBUG: before scratch.compute()
DEBUG: after scratch.compute()
DEBUG: before graph.compute()
DEBUG: after graph.compute()
DEBUG: before forward_text_step
DEBUG: after forward_text_step
DEBUG: before scratch.compute()
DEBUG: after scratch.compute()
DEBUG: before graph.compute()
DEBUG: after graph.compute()
DEBUG: before forward_text_step
DEBUG: after forward_text_step
DEBUG: before scratch.compute()
DEBUG: after scratch.compute()
DEBUG: before graph.compute()
DEBUG: after graph.compute()
DEBUG: before forward_text_step
DEBUG: after forward_text_step
DEBUG: before scratch.compute()
DEBUG: after scratch.compute()
DEBUG: before graph.compute()
DEBUG: after graph.compute()
DEBUG: before forward_text_step
DEBUG: after forward_text_step
DEBUG: before scratch.compute()
DEBUG: after scratch.compute()
DEBUG: before graph.compute()
DEBUG: after graph.compute()
DEBUG: before forward_text_step
DEBUG: after forward_text_step
DEBUG: before scratch.compute()
DEBUG: after scratch.compute()
DEBUG: before graph.compute()
DEBUG: after graph.compute()
DEBUG: before forward_text_step
DEBUG: after forward_text_step
DEBUG: before scratch.compute()
DEBUG: after scratch.compute()
DEBUG: before graph.compute()
DEBUG: after graph.compute()
DEBUG: before forward_text_step
DEBUG: after forward_text_step
DEBUG: before scratch.compute()
DEBUG: after scratch.compute()
DEBUG: before graph.compute()
DEBUG: after graph.compute()
DEBUG: before forward_text_step
DEBUG: after forward_text_step
DEBUG: before scratch.compute()
DEBUG: after scratch.compute()
DEBUG: before graph.compute()
DEBUG: after graph.compute()
DEBUG: before forward_text_step
DEBUG: after forward_text_step
DEBUG: before scratch.compute()
DEBUG: after scratch.compute()
DEBUG: before graph.compute()
DEBUG: after graph.compute()
DEBUG: before forward_text_step
DEBUG: after forward_text_step
DEBUG: before scratch.compute()
DEBUG: after scratch.compute()
DEBUG: before graph.compute()
DEBUG: after graph.compute()
DEBUG: before forward_text_step
DEBUG: after forward_text_step
DEBUG: before scratch.compute()
DEBUG: after scratch.compute()
DEBUG: before graph.compute()
DEBUG: after graph.compute()
DEBUG: before forward_text_step
DEBUG: after forward_text_step
DEBUG: before scratch.compute()
DEBUG: after scratch.compute()
DEBUG: before graph.compute()
DEBUG: after graph.compute()
DEBUG: before forward_text_step
DEBUG: after forward_text_step
DEBUG: before scratch.compute()
DEBUG: after scratch.compute()
DEBUG: before graph.compute()
DEBUG: after graph.compute()
DEBUG: before forward_text_step
DEBUG: after forward_text_step
DEBUG: before scratch.compute()
DEBUG: after scratch.compute()
DEBUG: before graph.compute()
DEBUG: after graph.compute()
DEBUG: before forward_text_step
DEBUG: after forward_text_step
DEBUG: before scratch.compute()
DEBUG: after scratch.compute()
DEBUG: before graph.compute()
DEBUG: after graph.compute()
DEBUG: before forward_text_step
DEBUG: after forward_text_step
DEBUG: before scratch.compute()
DEBUG: after scratch.compute()
DEBUG: before graph.compute()
DEBUG: after graph.compute()
DEBUG: before forward_text_step
DEBUG: after forward_text_step
DEBUG: before scratch.compute()
DEBUG: after scratch.compute()
DEBUG: before graph.compute()
DEBUG: after graph.compute()
DEBUG: before forward_text_step
DEBUG: after forward_text_step
DEBUG: before scratch.compute()
DEBUG: after scratch.compute()
DEBUG: before graph.compute()
DEBUG: after graph.compute()
DEBUG: before forward_text_step
DEBUG: after forward_text_step
DEBUG: before scratch.compute()
DEBUG: after scratch.compute()
DEBUG: before graph.compute()
DEBUG: after graph.compute()
DEBUG: before forward_text_step
DEBUG: after forward_text_step
DEBUG: before scratch.compute()
DEBUG: after scratch.compute()
DEBUG: before graph.compute()
DEBUG: after graph.compute()
DEBUG: before forward_text_step
DEBUG: after forward_text_step
DEBUG: before scratch.compute()
DEBUG: after scratch.compute()
DEBUG: before graph.compute()
DEBUG: after graph.compute()
DEBUG: before forward_text_step
DEBUG: after forward_text_step
DEBUG: before scratch.compute()
DEBUG: after scratch.compute()
DEBUG: before graph.compute()
DEBUG: after graph.compute()
DEBUG: before forward_text_step
DEBUG: after forward_text_step
DEBUG: before scratch.compute()
DEBUG: after scratch.compute()
DEBUG: before graph.compute()
DEBUG: after graph.compute()
DEBUG: before forward_text_step
DEBUG: after forward_text_step
DEBUG: before scratch.compute()
DEBUG: after scratch.compute()
DEBUG: before graph.compute()
DEBUG: after graph.compute()
DEBUG: before forward_text_step
DEBUG: after forward_text_step
DEBUG: before scratch.compute()
DEBUG: after scratch.compute()
DEBUG: before graph.compute()
DEBUG: after graph.compute()
DEBUG: before forward_text_step
DEBUG: after forward_text_step
DEBUG: before scratch.compute()
DEBUG: after scratch.compute()
DEBUG: before graph.compute()
DEBUG: after graph.compute()
DEBUG: before forward_text_step
DEBUG: after forward_text_step
DEBUG: before scratch.compute()
DEBUG: after scratch.compute()
DEBUG: before graph.compute()
DEBUG: after graph.compute()
DEBUG: before forward_text_step
DEBUG: after forward_text_step
DEBUG: before scratch.compute()
DEBUG: after scratch.compute()
DEBUG: before graph.compute()
DEBUG: after graph.compute()
DEBUG: before forward_text_step
DEBUG: after forward_text_step
DEBUG: before scratch.compute()
DEBUG: after scratch.compute()
DEBUG: before graph.compute()
DEBUG: after graph.compute()
DEBUG: before forward_text_step
DEBUG: after forward_text_step
DEBUG: before scratch.compute()
DEBUG: after scratch.compute()
DEBUG: before graph.compute()
DEBUG: after graph.compute()
DEBUG: before forward_text_step
DEBUG: after forward_text_step
DEBUG: before scratch.compute()
DEBUG: after scratch.compute()
DEBUG: before graph.compute()
DEBUG: after graph.compute()
DEBUG: before forward_text_step
DEBUG: after forward_text_step
DEBUG: before scratch.compute()
DEBUG: after scratch.compute()
DEBUG: before graph.compute()
DEBUG: after graph.compute()
DEBUG: before forward_text_step
DEBUG: after forward_text_step
DEBUG: before scratch.compute()
DEBUG: after scratch.compute()
DEBUG: before graph.compute()
DEBUG: after graph.compute()
DEBUG: before forward_text_step
DEBUG: after forward_text_step
DEBUG: before scratch.compute()
DEBUG: after scratch.compute()
DEBUG: before graph.compute()
DEBUG: after graph.compute()
DEBUG: before forward_text_step
DEBUG: after forward_text_step
DEBUG: before scratch.compute()
DEBUG: after scratch.compute()
DEBUG: before graph.compute()
DEBUG: after graph.compute()
DEBUG: before forward_text_step
DEBUG: after forward_text_step
DEBUG: before scratch.compute()
DEBUG: after scratch.compute()
DEBUG: before graph.compute()
DEBUG: after graph.compute()
DEBUG: before forward_text_step
DEBUG: after forward_text_step
DEBUG: before scratch.compute()
DEBUG: after scratch.compute()
DEBUG: before graph.compute()
DEBUG: after graph.compute()
DEBUG: before forward_text_step
DEBUG: after forward_text_step
DEBUG: before scratch.compute()
DEBUG: after scratch.compute()
DEBUG: before graph.compute()
DEBUG: after graph.compute()
DEBUG: before forward_text_step
DEBUG: after forward_text_step
DEBUG: before scratch.compute()
DEBUG: after scratch.compute()
DEBUG: before graph.compute()
DEBUG: after graph.compute()
DEBUG: before forward_text_step
DEBUG: after forward_text_step
DEBUG: before scratch.compute()
DEBUG: after scratch.compute()
DEBUG: before graph.compute()
DEBUG: after graph.compute()
DEBUG: before forward_text_step
DEBUG: after forward_text_step
DEBUG: before scratch.compute()
DEBUG: after scratch.compute()
DEBUG: before graph.compute()
DEBUG: after graph.compute()
DEBUG: before forward_text_step
DEBUG: after forward_text_step
DEBUG: before scratch.compute()
DEBUG: after scratch.compute()
DEBUG: before graph.compute()
DEBUG: after graph.compute()
DEBUG: before forward_text_step
DEBUG: after forward_text_step
DEBUG: before scratch.compute()
DEBUG: after scratch.compute()
DEBUG: before graph.compute()
DEBUG: after graph.compute()
DEBUG: before forward_text_step
DEBUG: after forward_text_step
DEBUG: before scratch.compute()
DEBUG: after scratch.compute()
DEBUG: before graph.compute()
DEBUG: after graph.compute()
DEBUG: before forward_text_step
DEBUG: after forward_text_step
DEBUG: before scratch.compute()
DEBUG: after scratch.compute()
DEBUG: before graph.compute()
DEBUG: after graph.compute()
DEBUG: before forward_text_step
DEBUG: after forward_text_step
DEBUG: before scratch.compute()
DEBUG: after scratch.compute()
DEBUG: before graph.compute()
DEBUG: after graph.compute()
DEBUG: before forward_text_step
DEBUG: after forward_text_step
DEBUG: before scratch.compute()
DEBUG: after scratch.compute()
DEBUG: before graph.compute()
DEBUG: after graph.compute()
DEBUG: before forward_text_step
DEBUG: after forward_text_step
DEBUG: before scratch.compute()
DEBUG: after scratch.compute()
DEBUG: before graph.compute()
DEBUG: after graph.compute()
DEBUG: before forward_text_step
DEBUG: after forward_text_step
DEBUG: before scratch.compute()
DEBUG: after scratch.compute()
DEBUG: before graph.compute()
DEBUG: after graph.compute()
DEBUG: before forward_text_step
DEBUG: after forward_text_step
DEBUG: before scratch.compute()
DEBUG: after scratch.compute()
DEBUG: before graph.compute()
DEBUG: after graph.compute()
DEBUG: before forward_text_step
DEBUG: after forward_text_step
DEBUG: before scratch.compute()
DEBUG: after scratch.compute()
DEBUG: before graph.compute()
DEBUG: after graph.compute()
DEBUG: before forward_text_step
DEBUG: after forward_text_step
DEBUG: before scratch.compute()
DEBUG: after scratch.compute()
DEBUG: before graph.compute()
DEBUG: after graph.compute()
DEBUG: before forward_text_step
DEBUG: after forward_text_step
DEBUG: before scratch.compute()
DEBUG: after scratch.compute()
DEBUG: before graph.compute()
DEBUG: after graph.compute()
DEBUG: before forward_text_step
DEBUG: after forward_text_step
DEBUG: before scratch.compute()
DEBUG: after scratch.compute()
DEBUG: before graph.compute()
DEBUG: after graph.compute()
DEBUG: before forward_text_step
DEBUG: after forward_text_step
DEBUG: before scratch.compute()
DEBUG: after scratch.compute()
DEBUG: before graph.compute()
DEBUG: after graph.compute()
DEBUG: before forward_text_step
DEBUG: after forward_text_step
DEBUG: before scratch.compute()
DEBUG: after scratch.compute()
DEBUG: before graph.compute()
DEBUG: after graph.compute()
DEBUG: before forward_text_step
DEBUG: after forward_text_step
DEBUG: before scratch.compute()
DEBUG: after scratch.compute()
DEBUG: before graph.compute()
DEBUG: after graph.compute()
DEBUG: before forward_text_step
DEBUG: after forward_text_step
DEBUG: before scratch.compute()
DEBUG: after scratch.compute()
DEBUG: before graph.compute()
DEBUG: after graph.compute()
DEBUG: before forward_text_step
DEBUG: after forward_text_step
DEBUG: before scratch.compute()
DEBUG: after scratch.compute()
DEBUG: before graph.compute()
DEBUG: after graph.compute()
DEBUG: before forward_text_step
DEBUG: after forward_text_step
DEBUG: before scratch.compute()
DEBUG: after scratch.compute()
DEBUG: before graph.compute()
DEBUG: after graph.compute()
DEBUG: before forward_text_step
DEBUG: after forward_text_step
DEBUG: before scratch.compute()
DEBUG: after scratch.compute()
DEBUG: before graph.compute()
DEBUG: after graph.compute()
DEBUG: before forward_text_step
DEBUG: after forward_text_step
DEBUG: before scratch.compute()
DEBUG: after scratch.compute()
DEBUG: before graph.compute()
DEBUG: after graph.compute()
DEBUG: before forward_text_step
DEBUG: after forward_text_step
DEBUG: before scratch.compute()
DEBUG: after scratch.compute()
DEBUG: before graph.compute()
DEBUG: after graph.compute()
DEBUG: before forward_text_step
DEBUG: after forward_text_step
DEBUG: before scratch.compute()
DEBUG: after scratch.compute()
DEBUG: before graph.compute()
DEBUG: after graph.compute()
DEBUG: system prompts processed successfully
DEBUG: moshi_lm_start ending
DEBUG: moshi_lm_start returned successfully
ready
DEBUG: calling mimi_encode_send
DEBUG: after mimi_encode_send
DEBUG: calling mimi_encode_receive
DEBUG: mimi_encode start, frame.size()=1920
DEBUG: mimi_encode: copying input data
DEBUG: mimi_encode: calling projected_transformer_graph_step
DEBUG: mimi_encode: calling scratch compute
DEBUG: mimi_encode: calling graph compute
DEBUG: mimi_encode: fetching codes
DEBUG: mimi_encode done
DEBUG: after mimi_encode_receive
DEBUG: calling moshi_lm_send2
DEBUG: after moshi_lm_send2
DEBUG: calling moshi_lm_receive
DEBUG: before forward_text_step
DEBUG: after forward_text_step
DEBUG: before scratch.compute()
DEBUG: after scratch.compute()
DEBUG: before graph.compute()
DEBUG: after graph.compute()
DEBUG: after moshi_lm_receive
TOKEN_GEN: frame=0 text=3 audio=948,1211,783,546,267,1030,1978,1648,
DEBUG: moshi_streaming_transformer building layer 0 (second loop)
DEBUG:   - norm1
DEBUG:   - self_attn
DEBUG: torch_nn_linear: linear=0x5e4b36057ef0, x=0x70d7be0044a0
DEBUG:   - weight=0x5e4b36027230 (deaa0000, type=0), bias=(nil) (NULL)
DEBUG:   - ggml_mul_mat returned y=0x70d7be004610
DEBUG: torch_nn_linear: linear=0x5e4b36057f30, x=0x70d7be0093b0
DEBUG:   - weight=0x5e4b360273a0 (d4380000, type=0), bias=(nil) (NULL)
DEBUG:   - ggml_mul_mat returned y=0x70d7be009520
DEBUG:   - layer_scale_1
DEBUG:   - norm2
DEBUG:   - gating/ff
DEBUG: torch_nn_linear: linear=0x5e4b36057fb0, x=0x70d7be009c50
DEBUG:   - weight=0x5e4b36027960 (mimi.decoder_transformer.transformer.layers.0.linear1.weight, type=0), bias=(nil) (NULL)
DEBUG:   - ggml_mul_mat returned y=0x70d7be009dc0
DEBUG: torch_nn_linear: linear=0x5e4b36057fd0, x=0x70d7be009f30
DEBUG:   - weight=0x5e4b36027ad0 (mimi.decoder_transformer.transformer.layers.0.linear2.weight, type=0), bias=(nil) (NULL)
DEBUG:   - ggml_mul_mat returned y=0x70d7be00a0a0
DEBUG:   - layer_scale_2
DEBUG:   - layer done
DEBUG: moshi_streaming_transformer building layer 1 (second loop)
DEBUG:   - norm1
DEBUG:   - self_attn
DEBUG: torch_nn_linear: linear=0x5e4b360580a0, x=0x70d7be00a7d0
DEBUG:   - weight=0x5e4b36028090 (97d90000, type=0), bias=(nil) (NULL)
DEBUG:   - ggml_mul_mat returned y=0x70d7be00a940
DEBUG: torch_nn_linear: linear=0x5e4b360580e0, x=0x70d7be00f6e0
DEBUG:   - weight=0x5e4b36028200 (57340000, type=0), bias=(nil) (NULL)
DEBUG:   - ggml_mul_mat returned y=0x70d7be00f850
DEBUG:   - layer_scale_1
DEBUG:   - norm2
DEBUG:   - gating/ff
DEBUG: torch_nn_linear: linear=0x5e4b36058160, x=0x70d7be00ff80
DEBUG:   - weight=0x5e4b360287c0 (mimi.decoder_transformer.transformer.layers.1.linear1.weight, type=0), bias=(nil) (NULL)
DEBUG:   - ggml_mul_mat returned y=0x70d7be0100f0
DEBUG: torch_nn_linear: linear=0x5e4b36058180, x=0x70d7be010260
DEBUG:   - weight=0x5e4b36028930 (mimi.decoder_transformer.transformer.layers.1.linear2.weight, type=0), bias=(nil) (NULL)
DEBUG:   - ggml_mul_mat returned y=0x70d7be0103d0
DEBUG:   - layer_scale_2
DEBUG:   - layer done
DEBUG: moshi_streaming_transformer building layer 2 (second loop)
DEBUG:   - norm1
DEBUG:   - self_attn
DEBUG: torch_nn_linear: linear=0x5e4b36058250, x=0x70d7be010b00
DEBUG:   - weight=0x5e4b36028ef0 (5c5c0000, type=0), bias=(nil) (NULL)
DEBUG:   - ggml_mul_mat returned y=0x70d7be010c70
DEBUG: torch_nn_linear: linear=0x5e4b36058290, x=0x70d7be015a10
DEBUG:   - weight=0x5e4b36029060 (d2200000, type=0), bias=(nil) (NULL)
DEBUG:   - ggml_mul_mat returned y=0x70d7be015b80
DEBUG:   - layer_scale_1
DEBUG:   - norm2
DEBUG:   - gating/ff
DEBUG: torch_nn_linear: linear=0x5e4b36058310, x=0x70d7be0162b0
DEBUG:   - weight=0x5e4b36029620 (mimi.decoder_transformer.transformer.layers.2.linear1.weight, type=0), bias=(nil) (NULL)
DEBUG:   - ggml_mul_mat returned y=0x70d7be016420
DEBUG: torch_nn_linear: linear=0x5e4b36058330, x=0x70d7be016590
DEBUG:   - weight=0x5e4b36029790 (mimi.decoder_transformer.transformer.layers.2.linear2.weight, type=0), bias=(nil) (NULL)
DEBUG:   - ggml_mul_mat returned y=0x70d7be016700
DEBUG:   - layer_scale_2
DEBUG:   - layer done
DEBUG: moshi_streaming_transformer building layer 3 (second loop)
DEBUG:   - norm1
DEBUG:   - self_attn
DEBUG: torch_nn_linear: linear=0x5e4b36058490, x=0x70d7be016e30
DEBUG:   - weight=0x5e4b36029d50 (152f0000, type=0), bias=(nil) (NULL)
DEBUG:   - ggml_mul_mat returned y=0x70d7be016fa0
DEBUG: torch_nn_linear: linear=0x5e4b360584d0, x=0x70d7be01bd40
DEBUG:   - weight=0x5e4b36029ec0 (512c0000, type=0), bias=(nil) (NULL)
DEBUG:   - ggml_mul_mat returned y=0x70d7be01beb0
DEBUG:   - layer_scale_1
DEBUG:   - norm2
DEBUG:   - gating/ff
DEBUG: torch_nn_linear: linear=0x5e4b36058550, x=0x70d7be01c5e0
DEBUG:   - weight=0x5e4b3602a480 (mimi.decoder_transformer.transformer.layers.3.linear1.weight, type=0), bias=(nil) (NULL)
DEBUG:   - ggml_mul_mat returned y=0x70d7be01c750
DEBUG: torch_nn_linear: linear=0x5e4b36058570, x=0x70d7be01c8c0
DEBUG:   - weight=0x5e4b3602a5f0 (mimi.decoder_transformer.transformer.layers.3.linear2.weight, type=0), bias=(nil) (NULL)
DEBUG:   - ggml_mul_mat returned y=0x70d7be01ca30
DEBUG:   - layer_scale_2
DEBUG:   - layer done
DEBUG: moshi_streaming_transformer building layer 4 (second loop)
DEBUG:   - norm1
DEBUG:   - self_attn
DEBUG: torch_nn_linear: linear=0x5e4b360586d0, x=0x70d7be01d160
DEBUG:   - weight=0x5e4b3602abb0 (cc4d0000, type=0), bias=(nil) (NULL)
DEBUG:   - ggml_mul_mat returned y=0x70d7be01d2d0
DEBUG: torch_nn_linear: linear=0x5e4b36058710, x=0x70d7be022070
DEBUG:   - weight=0x5e4b3602ad20 (d8090000, type=0), bias=(nil) (NULL)
DEBUG:   - ggml_mul_mat returned y=0x70d7be0221e0
DEBUG:   - layer_scale_1
DEBUG:   - norm2
DEBUG:   - gating/ff
DEBUG: torch_nn_linear: linear=0x5e4b36058790, x=0x70d7be022910
DEBUG:   - weight=0x5e4b3602b2e0 (mimi.decoder_transformer.transformer.layers.4.linear1.weight, type=0), bias=(nil) (NULL)
DEBUG:   - ggml_mul_mat returned y=0x70d7be022a80
DEBUG: torch_nn_linear: linear=0x5e4b360587b0, x=0x70d7be022bf0
DEBUG:   - weight=0x5e4b3602b450 (mimi.decoder_transformer.transformer.layers.4.linear2.weight, type=0), bias=(nil) (NULL)
DEBUG:   - ggml_mul_mat returned y=0x70d7be022d60
DEBUG:   - layer_scale_2
DEBUG:   - layer done
DEBUG: moshi_streaming_transformer building layer 5 (second loop)
DEBUG:   - norm1
DEBUG:   - self_attn
DEBUG: torch_nn_linear: linear=0x5e4b36058910, x=0x70d7be023490
DEBUG:   - weight=0x5e4b3602ba10 (853e0000, type=0), bias=(nil) (NULL)
DEBUG:   - ggml_mul_mat returned y=0x70d7be023600
DEBUG: torch_nn_linear: linear=0x5e4b36058950, x=0x70d7be0283a0
DEBUG:   - weight=0x5e4b3602bb80 (5b050000, type=0), bias=(nil) (NULL)
DEBUG:   - ggml_mul_mat returned y=0x70d7be028510
DEBUG:   - layer_scale_1
DEBUG:   - norm2
DEBUG:   - gating/ff
DEBUG: torch_nn_linear: linear=0x5e4b360589d0, x=0x70d7be028c40
DEBUG:   - weight=0x5e4b3602c140 (mimi.decoder_transformer.transformer.layers.5.linear1.weight, type=0), bias=(nil) (NULL)
DEBUG:   - ggml_mul_mat returned y=0x70d7be028db0
DEBUG: torch_nn_linear: linear=0x5e4b360589f0, x=0x70d7be028f20
DEBUG:   - weight=0x5e4b3602c2b0 (mimi.decoder_transformer.transformer.layers.5.linear2.weight, type=0), bias=(nil) (NULL)
DEBUG:   - ggml_mul_mat returned y=0x70d7be029090
DEBUG:   - layer_scale_2
DEBUG:   - layer done
DEBUG: moshi_streaming_transformer building layer 6 (second loop)
DEBUG:   - norm1
DEBUG:   - self_attn
DEBUG: torch_nn_linear: linear=0x5e4b36058b50, x=0x70d7be0297c0
DEBUG:   - weight=0x5e4b3602c870 (4ebb0000, type=0), bias=(nil) (NULL)
DEBUG:   - ggml_mul_mat returned y=0x70d7be029930
DEBUG: torch_nn_linear: linear=0x5e4b36058b90, x=0x70d7be02e6d0
DEBUG:   - weight=0x5e4b3602c9e0 (de110000, type=0), bias=(nil) (NULL)
DEBUG:   - ggml_mul_mat returned y=0x70d7be02e840
DEBUG:   - layer_scale_1
DEBUG:   - norm2
DEBUG:   - gating/ff
DEBUG: torch_nn_linear: linear=0x5e4b36058c10, x=0x70d7be02ef70
DEBUG:   - weight=0x5e4b3602cfa0 (mimi.decoder_transformer.transformer.layers.6.linear1.weight, type=0), bias=(nil) (NULL)
DEBUG:   - ggml_mul_mat returned y=0x70d7be02f0e0
DEBUG: torch_nn_linear: linear=0x5e4b36058c30, x=0x70d7be02f250
DEBUG:   - weight=0x5e4b3602d110 (mimi.decoder_transformer.transformer.layers.6.linear2.weight, type=0), bias=(nil) (NULL)
DEBUG:   - ggml_mul_mat returned y=0x70d7be02f3c0
DEBUG:   - layer_scale_2
DEBUG:   - layer done
DEBUG: moshi_streaming_transformer building layer 7 (second loop)
DEBUG:   - norm1
DEBUG:   - self_attn
DEBUG: torch_nn_linear: linear=0x5e4b36058d90, x=0x70d7be02faf0
DEBUG:   - weight=0x5e4b3602d6d0 (07c80000, type=0), bias=(nil) (NULL)
DEBUG:   - ggml_mul_mat returned y=0x70d7be02fc60
DEBUG: torch_nn_linear: linear=0x5e4b36058dd0, x=0x70d7be034a00
DEBUG:   - weight=0x5e4b3602d840 (5d1d0000, type=0), bias=(nil) (NULL)
DEBUG:   - ggml_mul_mat returned y=0x70d7be034b70
DEBUG:   - layer_scale_1
DEBUG:   - norm2
DEBUG:   - gating/ff
DEBUG: torch_nn_linear: linear=0x5e4b36058e50, x=0x70d7be0352a0
DEBUG:   - weight=0x5e4b3602de00 (mimi.decoder_transformer.transformer.layers.7.linear1.weight, type=0), bias=(nil) (NULL)
DEBUG:   - ggml_mul_mat returned y=0x70d7be035410
DEBUG: torch_nn_linear: linear=0x5e4b36058e70, x=0x70d7be035580
DEBUG:   - weight=0x5e4b3602df70 (mimi.decoder_transformer.transformer.layers.7.linear2.weight, type=0), bias=(nil) (NULL)
DEBUG:   - ggml_mul_mat returned y=0x70d7be0356f0
DEBUG:   - layer_scale_2
DEBUG:   - layer done
DEBUG: moshi_streaming_conv_1d prev=0x5e4b35bc2310 conv=0x5e4b360564c0 x=0x70d7be035b40
DEBUG: conv weights=0x5e4b3602e250 bias=0x5e4b3602e3c0 kernel_size=7 stride=1 in_channels=512
DEBUG: moshi_streaming_conv_1d prev=0x5e4b35bc25f0 conv=0x5e4b36056520 x=0x70d7be0881d0
DEBUG: conv weights=0x5e4b3602e810 bias=0x5e4b3602e980 kernel_size=3 stride=1 in_channels=512
DEBUG: moshi_streaming_conv_1d prev=0x5e4b35bc28d0 conv=0x5e4b36058f50 x=0x70d7be08aa10
DEBUG: conv weights=0x5e4b3602f0b0 bias=0x5e4b3602f220 kernel_size=3 stride=1 in_channels=256
DEBUG: moshi_streaming_conv_1d prev=0x5e4b35bc2bb0 conv=0x5e4b36059000 x=0x70d7be08d250
DEBUG: conv weights=0x5e4b3602f950 bias=0x5e4b3602fac0 kernel_size=3 stride=1 in_channels=128
DEBUG: moshi_streaming_conv_1d prev=0x5e4b35bc2e90 conv=0x5e4b360590b0 x=0x70d7be08fa90
DEBUG: conv weights=0x5e4b360301f0 bias=0x5e4b36030360 kernel_size=3 stride=1 in_channels=64
DEBUG: moshi_streaming_conv_1d prev=0x5e4b35bc3000 conv=0x5e4b36059110 x=0x70d7be091470
DEBUG: conv weights=0x5e4b360307b0 bias=0x5e4b36030920 kernel_size=3 stride=1 in_channels=64
DEBUG: calling mimi_encode_send
DEBUG: after mimi_encode_send
DEBUG: calling mimi_encode_receive
DEBUG: mimi_encode start, frame.size()=1920
DEBUG: mimi_encode: copying input data
DEBUG: mimi_encode: calling projected_transformer_graph_step
DEBUG: mimi_encode: calling scratch compute
DEBUG: mimi_encode: calling graph compute
DEBUG: mimi_encode: fetching codes
DEBUG: mimi_encode done
DEBUG: after mimi_encode_receive
DEBUG: calling moshi_lm_send2
DEBUG: after moshi_lm_send2
DEBUG: calling moshi_lm_receive
DEBUG: before forward_text_step
DEBUG: after forward_text_step
DEBUG: before scratch.compute()
DEBUG: after scratch.compute()
DEBUG: before graph.compute()
DEBUG: after graph.compute()
DEBUG: after moshi_lm_receive
TOKEN_GEN: frame=1 text=3 audio=1049,1211,1697,1348,340,347,1238,1180,
DEBUG: calling mimi_encode_send
DEBUG: after mimi_encode_send
DEBUG: calling mimi_encode_receive
DEBUG: mimi_encode start, frame.size()=1920
DEBUG: mimi_encode: copying input data
DEBUG: mimi_encode: calling projected_transformer_graph_step
DEBUG: mimi_encode: calling scratch compute
DEBUG: mimi_encode: calling graph compute
DEBUG: mimi_encode: fetching codes
DEBUG: mimi_encode done
DEBUG: after mimi_encode_receive
DEBUG: calling moshi_lm_send2
DEBUG: after moshi_lm_send2
DEBUG: calling moshi_lm_receive
DEBUG: before forward_text_step
DEBUG: after forward_text_step
DEBUG: before scratch.compute()
DEBUG: after scratch.compute()
DEBUG: before graph.compute()
DEBUG: after graph.compute()
DEBUG: after moshi_lm_receive
TOKEN_GEN: frame=2 text=3 audio=1316,1515,1742,164,340,516,671,948,
DEBUG: calling mimi_encode_send
DEBUG: after mimi_encode_send
DEBUG: calling mimi_encode_receive
DEBUG: mimi_encode start, frame.size()=1920
DEBUG: mimi_encode: copying input data
DEBUG: mimi_encode: calling projected_transformer_graph_step
DEBUG: mimi_encode: calling scratch compute
DEBUG: mimi_encode: calling graph compute
DEBUG: mimi_encode: fetching codes
DEBUG: mimi_encode done
DEBUG: after mimi_encode_receive
DEBUG: calling moshi_lm_send2
DEBUG: after moshi_lm_send2
DEBUG: calling moshi_lm_receive
DEBUG: before forward_text_step
DEBUG: after forward_text_step
DEBUG: before scratch.compute()
DEBUG: after scratch.compute()
DEBUG: before graph.compute()
DEBUG: after graph.compute()
DEBUG: after moshi_lm_receive
TOKEN_GEN: frame=3 text=3 audio=1316,243,783,164,306,1443,666,2008,
DEBUG: calling mimi_encode_send
DEBUG: after mimi_encode_send
DEBUG: calling mimi_encode_receive
DEBUG: mimi_encode start, frame.size()=1920
DEBUG: mimi_encode: copying input data
DEBUG: mimi_encode: calling projected_transformer_graph_step
DEBUG: mimi_encode: calling scratch compute
DEBUG: mimi_encode: calling graph compute
DEBUG: mimi_encode: fetching codes
DEBUG: mimi_encode done
DEBUG: after mimi_encode_receive
DEBUG: calling moshi_lm_send2
DEBUG: after moshi_lm_send2
DEBUG: calling moshi_lm_receive
DEBUG: before forward_text_step
DEBUG: after forward_text_step
DEBUG: before scratch.compute()
DEBUG: after scratch.compute()
DEBUG: before graph.compute()
DEBUG: after graph.compute()
DEBUG: after moshi_lm_receive
TOKEN_GEN: frame=4 text=3 audio=1316,243,1178,546,481,1572,825,1648,
DEBUG: calling mimi_encode_send
DEBUG: after mimi_encode_send
DEBUG: calling mimi_encode_receive
DEBUG: mimi_encode start, frame.size()=1920
DEBUG: mimi_encode: copying input data
DEBUG: mimi_encode: calling projected_transformer_graph_step
DEBUG: mimi_encode: calling scratch compute
DEBUG: mimi_encode: calling graph compute
DEBUG: mimi_encode: fetching codes
DEBUG: mimi_encode done
DEBUG: after mimi_encode_receive
DEBUG: calling moshi_lm_send2
DEBUG: after moshi_lm_send2
DEBUG: calling moshi_lm_receive
DEBUG: before forward_text_step
DEBUG: after forward_text_step
DEBUG: before scratch.compute()
DEBUG: after scratch.compute()
DEBUG: before graph.compute()
DEBUG: after graph.compute()
DEBUG: after moshi_lm_receive
TOKEN_GEN: frame=5 text=3 audio=1316,243,1178,546,481,1030,825,1648,
DEBUG: calling mimi_encode_send
DEBUG: after mimi_encode_send
DEBUG: calling mimi_encode_receive
DEBUG: mimi_encode start, frame.size()=1920
DEBUG: mimi_encode: copying input data
DEBUG: mimi_encode: calling projected_transformer_graph_step
DEBUG: mimi_encode: calling scratch compute
DEBUG: mimi_encode: calling graph compute
DEBUG: mimi_encode: fetching codes
DEBUG: mimi_encode done
DEBUG: after mimi_encode_receive
DEBUG: calling moshi_lm_send2
DEBUG: after moshi_lm_send2
DEBUG: calling moshi_lm_receive
DEBUG: before forward_text_step
DEBUG: after forward_text_step
DEBUG: before scratch.compute()
DEBUG: after scratch.compute()
DEBUG: before graph.compute()
DEBUG: after graph.compute()
DEBUG: after moshi_lm_receive
TOKEN_GEN: frame=6 text=3 audio=1316,243,1178,546,1736,1030,1978,1665,
DEBUG: calling mimi_encode_send
DEBUG: after mimi_encode_send
DEBUG: calling mimi_encode_receive
DEBUG: mimi_encode start, frame.size()=1920
DEBUG: mimi_encode: copying input data
DEBUG: mimi_encode: calling projected_transformer_graph_step
DEBUG: mimi_encode: calling scratch compute
DEBUG: mimi_encode: calling graph compute
DEBUG: mimi_encode: fetching codes
DEBUG: mimi_encode done
DEBUG: after mimi_encode_receive
DEBUG: calling moshi_lm_send2
DEBUG: after moshi_lm_send2
DEBUG: calling moshi_lm_receive
DEBUG: before forward_text_step
DEBUG: after forward_text_step
DEBUG: before scratch.compute()
DEBUG: after scratch.compute()
DEBUG: before graph.compute()
DEBUG: after graph.compute()
DEBUG: after moshi_lm_receive
TOKEN_GEN: frame=7 text=3 audio=1316,243,1178,546,481,1030,825,1648,
DEBUG: calling mimi_encode_send
DEBUG: after mimi_encode_send
DEBUG: calling mimi_encode_receive
DEBUG: mimi_encode start, frame.size()=1920
DEBUG: mimi_encode: copying input data
DEBUG: mimi_encode: calling projected_transformer_graph_step
DEBUG: mimi_encode: calling scratch compute
DEBUG: mimi_encode: calling graph compute
DEBUG: mimi_encode: fetching codes
DEBUG: mimi_encode done
DEBUG: after mimi_encode_receive
DEBUG: calling moshi_lm_send2
DEBUG: after moshi_lm_send2
DEBUG: calling moshi_lm_receive
DEBUG: before forward_text_step
DEBUG: after forward_text_step
DEBUG: before scratch.compute()
DEBUG: after scratch.compute()
DEBUG: before graph.compute()
DEBUG: after graph.compute()
DEBUG: after moshi_lm_receive
TOKEN_GEN: frame=8 text=3 audio=1316,243,1178,164,267,1572,825,1648,
DEBUG: calling mimi_encode_send
DEBUG: after mimi_encode_send
DEBUG: calling mimi_encode_receive
DEBUG: mimi_encode start, frame.size()=1920
DEBUG: mimi_encode: copying input data
DEBUG: mimi_encode: calling projected_transformer_graph_step
DEBUG: mimi_encode: calling scratch compute
DEBUG: mimi_encode: calling graph compute
DEBUG: mimi_encode: fetching codes
DEBUG: mimi_encode done
DEBUG: after mimi_encode_receive
DEBUG: calling moshi_lm_send2
DEBUG: after moshi_lm_send2
DEBUG: calling moshi_lm_receive
DEBUG: before forward_text_step
DEBUG: after forward_text_step
DEBUG: before scratch.compute()
DEBUG: after scratch.compute()
DEBUG: before graph.compute()
DEBUG: after graph.compute()
DEBUG: after moshi_lm_receive
TOKEN_GEN: frame=9 text=3 audio=1316,243,1178,142,481,1572,825,1648,
DEBUG: calling mimi_encode_send
DEBUG: after mimi_encode_send
DEBUG: calling mimi_encode_receive
DEBUG: mimi_encode start, frame.size()=1920
DEBUG: mimi_encode: copying input data
DEBUG: mimi_encode: calling projected_transformer_graph_step
DEBUG: mimi_encode: calling scratch compute
DEBUG: mimi_encode: calling graph compute
DEBUG: mimi_encode: fetching codes
DEBUG: mimi_encode done
DEBUG: after mimi_encode_receive
DEBUG: calling moshi_lm_send2
DEBUG: after moshi_lm_send2
DEBUG: calling moshi_lm_receive
DEBUG: before forward_text_step
DEBUG: after forward_text_step
DEBUG: before scratch.compute()
DEBUG: after scratch.compute()
DEBUG: before graph.compute()
DEBUG: after graph.compute()
DEBUG: after moshi_lm_receive
TOKEN_GEN: frame=10 text=3 audio=1316,243,1178,1348,1335,1572,666,1648,
DEBUG: calling mimi_encode_send
DEBUG: after mimi_encode_send
DEBUG: calling mimi_encode_receive
DEBUG: mimi_encode start, frame.size()=1920
DEBUG: mimi_encode: copying input data
DEBUG: mimi_encode: calling projected_transformer_graph_step
DEBUG: mimi_encode: calling scratch compute
DEBUG: mimi_encode: calling graph compute
DEBUG: mimi_encode: fetching codes
DEBUG: mimi_encode done
DEBUG: after mimi_encode_receive
DEBUG: calling moshi_lm_send2
DEBUG: after moshi_lm_send2
DEBUG: calling moshi_lm_receive
DEBUG: before forward_text_step
DEBUG: after forward_text_step
DEBUG: before scratch.compute()
DEBUG: after scratch.compute()
DEBUG: before graph.compute()
DEBUG: after graph.compute()
DEBUG: after moshi_lm_receive
TOKEN_GEN: frame=11 text=3 audio=1316,243,1178,142,481,1572,666,1648,
DEBUG: calling mimi_encode_send
DEBUG: after mimi_encode_send
DEBUG: calling mimi_encode_receive
DEBUG: mimi_encode start, frame.size()=1920
DEBUG: mimi_encode: copying input data
DEBUG: mimi_encode: calling projected_transformer_graph_step
DEBUG: mimi_encode: calling scratch compute
DEBUG: mimi_encode: calling graph compute
DEBUG: mimi_encode: fetching codes
DEBUG: mimi_encode done
DEBUG: after mimi_encode_receive
DEBUG: calling moshi_lm_send2
DEBUG: after moshi_lm_send2
DEBUG: calling moshi_lm_receive
DEBUG: before forward_text_step
DEBUG: after forward_text_step
DEBUG: before scratch.compute()
DEBUG: after scratch.compute()
DEBUG: before graph.compute()
DEBUG: after graph.compute()
DEBUG: after moshi_lm_receive
TOKEN_GEN: frame=12 text=3 audio=1316,243,1178,142,481,1572,666,1648,
DEBUG: calling mimi_encode_send
DEBUG: after mimi_encode_send
DEBUG: calling mimi_encode_receive
DEBUG: mimi_encode start, frame.size()=1920
DEBUG: mimi_encode: copying input data
DEBUG: mimi_encode: calling projected_transformer_graph_step
DEBUG: mimi_encode: calling scratch compute
DEBUG: mimi_encode: calling graph compute
DEBUG: mimi_encode: fetching codes
DEBUG: mimi_encode done
DEBUG: after mimi_encode_receive
DEBUG: calling moshi_lm_send2
DEBUG: after moshi_lm_send2
DEBUG: calling moshi_lm_receive
DEBUG: before forward_text_step
DEBUG: after forward_text_step
DEBUG: before scratch.compute()
DEBUG: after scratch.compute()
DEBUG: before graph.compute()
DEBUG: after graph.compute()
DEBUG: after moshi_lm_receive
TOKEN_GEN: frame=13 text=3 audio=1316,243,1178,142,481,1572,666,1648,
DEBUG: calling mimi_encode_send
DEBUG: after mimi_encode_send
DEBUG: calling mimi_encode_receive
DEBUG: mimi_encode start, frame.size()=1920
DEBUG: mimi_encode: copying input data
DEBUG: mimi_encode: calling projected_transformer_graph_step
DEBUG: mimi_encode: calling scratch compute
DEBUG: mimi_encode: calling graph compute
DEBUG: mimi_encode: fetching codes
DEBUG: mimi_encode done
DEBUG: after mimi_encode_receive
DEBUG: calling moshi_lm_send2
DEBUG: after moshi_lm_send2
DEBUG: calling moshi_lm_receive
DEBUG: before forward_text_step
DEBUG: after forward_text_step
DEBUG: before scratch.compute()
DEBUG: after scratch.compute()
DEBUG: before graph.compute()
DEBUG: after graph.compute()
DEBUG: after moshi_lm_receive
TOKEN_GEN: frame=14 text=3 audio=1316,243,1178,164,267,1030,825,1665,
DEBUG: calling mimi_encode_send
DEBUG: after mimi_encode_send
DEBUG: calling mimi_encode_receive
DEBUG: mimi_encode start, frame.size()=1920
DEBUG: mimi_encode: copying input data
DEBUG: mimi_encode: calling projected_transformer_graph_step
DEBUG: mimi_encode: calling scratch compute
DEBUG: mimi_encode: calling graph compute
DEBUG: mimi_encode: fetching codes
DEBUG: mimi_encode done
DEBUG: after mimi_encode_receive
DEBUG: calling moshi_lm_send2
DEBUG: after moshi_lm_send2
DEBUG: calling moshi_lm_receive
DEBUG: before forward_text_step
DEBUG: after forward_text_step
DEBUG: before scratch.compute()
DEBUG: after scratch.compute()
DEBUG: before graph.compute()
DEBUG: after graph.compute()
DEBUG: after moshi_lm_receive
TOKEN_GEN: frame=15 text=3 audio=1316,243,1178,142,481,1572,825,1648,
DEBUG: calling mimi_encode_send
DEBUG: after mimi_encode_send
DEBUG: calling mimi_encode_receive
DEBUG: mimi_encode start, frame.size()=1920
DEBUG: mimi_encode: copying input data
DEBUG: mimi_encode: calling projected_transformer_graph_step
DEBUG: mimi_encode: calling scratch compute
DEBUG: mimi_encode: calling graph compute
DEBUG: mimi_encode: fetching codes
DEBUG: mimi_encode done
DEBUG: after mimi_encode_receive
DEBUG: calling moshi_lm_send2
DEBUG: after moshi_lm_send2
DEBUG: calling moshi_lm_receive
DEBUG: before forward_text_step
DEBUG: after forward_text_step
DEBUG: before scratch.compute()
DEBUG: after scratch.compute()
DEBUG: before graph.compute()
DEBUG: after graph.compute()
DEBUG: after moshi_lm_receive
TOKEN_GEN: frame=16 text=3 audio=1316,1211,1697,164,267,1572,825,1648,
DEBUG: calling mimi_encode_send
DEBUG: after mimi_encode_send
DEBUG: calling mimi_encode_receive
DEBUG: mimi_encode start, frame.size()=1920
DEBUG: mimi_encode: copying input data
DEBUG: mimi_encode: calling projected_transformer_graph_step
DEBUG: mimi_encode: calling scratch compute
DEBUG: mimi_encode: calling graph compute
DEBUG: mimi_encode: fetching codes
DEBUG: mimi_encode done
DEBUG: after mimi_encode_receive
DEBUG: calling moshi_lm_send2
DEBUG: after moshi_lm_send2
DEBUG: calling moshi_lm_receive
DEBUG: before forward_text_step
DEBUG: after forward_text_step
DEBUG: before scratch.compute()
DEBUG: after scratch.compute()
DEBUG: before graph.compute()
DEBUG: after graph.compute()
DEBUG: after moshi_lm_receive
TOKEN_GEN: frame=17 text=3 audio=1316,1211,1697,546,1736,1572,825,1648,
DEBUG: calling mimi_encode_send
DEBUG: after mimi_encode_send
DEBUG: calling mimi_encode_receive
DEBUG: mimi_encode start, frame.size()=1920
DEBUG: mimi_encode: copying input data
DEBUG: mimi_encode: calling projected_transformer_graph_step
DEBUG: mimi_encode: calling scratch compute
DEBUG: mimi_encode: calling graph compute
DEBUG: mimi_encode: fetching codes
DEBUG: mimi_encode done
DEBUG: after mimi_encode_receive
DEBUG: calling moshi_lm_send2
DEBUG: after moshi_lm_send2
DEBUG: calling moshi_lm_receive
DEBUG: before forward_text_step
DEBUG: after forward_text_step
DEBUG: before scratch.compute()
DEBUG: after scratch.compute()
DEBUG: before graph.compute()
DEBUG: after graph.compute()
DEBUG: after moshi_lm_receive
TOKEN_GEN: frame=18 text=3 audio=1316,243,1178,142,481,1572,666,1648,
DEBUG: calling mimi_encode_send
DEBUG: after mimi_encode_send
DEBUG: calling mimi_encode_receive
DEBUG: mimi_encode start, frame.size()=1920
DEBUG: mimi_encode: copying input data
DEBUG: mimi_encode: calling projected_transformer_graph_step
DEBUG: mimi_encode: calling scratch compute
DEBUG: mimi_encode: calling graph compute
DEBUG: mimi_encode: fetching codes
DEBUG: mimi_encode done
DEBUG: after mimi_encode_receive
DEBUG: calling moshi_lm_send2
DEBUG: after moshi_lm_send2
DEBUG: calling moshi_lm_receive
DEBUG: before forward_text_step
DEBUG: after forward_text_step
DEBUG: before scratch.compute()
DEBUG: after scratch.compute()
DEBUG: before graph.compute()
DEBUG: after graph.compute()
DEBUG: after moshi_lm_receive
TOKEN_GEN: frame=19 text=3 audio=1316,243,1178,142,481,1572,666,1648,
DEBUG: calling mimi_encode_send
DEBUG: after mimi_encode_send
DEBUG: calling mimi_encode_receive
DEBUG: mimi_encode start, frame.size()=1920
DEBUG: mimi_encode: copying input data
DEBUG: mimi_encode: calling projected_transformer_graph_step
DEBUG: mimi_encode: calling scratch compute
DEBUG: mimi_encode: calling graph compute
DEBUG: mimi_encode: fetching codes
DEBUG: mimi_encode done
DEBUG: after mimi_encode_receive
DEBUG: calling moshi_lm_send2
DEBUG: after moshi_lm_send2
DEBUG: calling moshi_lm_receive
DEBUG: before forward_text_step
DEBUG: after forward_text_step
DEBUG: before scratch.compute()
DEBUG: after scratch.compute()
DEBUG: before graph.compute()
DEBUG: after graph.compute()
DEBUG: after moshi_lm_receive
TOKEN_GEN: frame=20 text=3 audio=1316,1211,1697,546,306,1569,43,2008,
DEBUG: calling mimi_encode_send
DEBUG: after mimi_encode_send
DEBUG: calling mimi_encode_receive
DEBUG: mimi_encode start, frame.size()=1920
DEBUG: mimi_encode: copying input data
DEBUG: mimi_encode: calling projected_transformer_graph_step
DEBUG: mimi_encode: calling scratch compute
DEBUG: mimi_encode: calling graph compute
DEBUG: mimi_encode: fetching codes
DEBUG: mimi_encode done
DEBUG: after mimi_encode_receive
DEBUG: calling moshi_lm_send2
DEBUG: after moshi_lm_send2
DEBUG: calling moshi_lm_receive
DEBUG: before forward_text_step
DEBUG: after forward_text_step
DEBUG: before scratch.compute()
DEBUG: after scratch.compute()
DEBUG: before graph.compute()
DEBUG: after graph.compute()
DEBUG: after moshi_lm_receive
TOKEN_GEN: frame=21 text=3 audio=1316,907,1178,1562,1327,347,1238,754,
DEBUG: calling mimi_encode_send
DEBUG: after mimi_encode_send
DEBUG: calling mimi_encode_receive
DEBUG: mimi_encode start, frame.size()=1920
DEBUG: mimi_encode: copying input data
DEBUG: mimi_encode: calling projected_transformer_graph_step
DEBUG: mimi_encode: calling scratch compute
DEBUG: mimi_encode: calling graph compute
DEBUG: mimi_encode: fetching codes
DEBUG: mimi_encode done
DEBUG: after mimi_encode_receive
DEBUG: calling moshi_lm_send2
DEBUG: after moshi_lm_send2
DEBUG: calling moshi_lm_receive
DEBUG: before forward_text_step
DEBUG: after forward_text_step
DEBUG: before scratch.compute()
DEBUG: after scratch.compute()
DEBUG: before graph.compute()
DEBUG: after graph.compute()
DEBUG: after moshi_lm_receive
TOKEN_GEN: frame=22 text=3 audio=48,287,1085,1617,1187,1132,1447,396,
DEBUG: calling mimi_encode_send
DEBUG: after mimi_encode_send
DEBUG: calling mimi_encode_receive
DEBUG: mimi_encode start, frame.size()=1920
DEBUG: mimi_encode: copying input data
DEBUG: mimi_encode: calling projected_transformer_graph_step
DEBUG: mimi_encode: calling scratch compute
DEBUG: mimi_encode: calling graph compute
DEBUG: mimi_encode: fetching codes
DEBUG: mimi_encode done
DEBUG: after mimi_encode_receive
DEBUG: calling moshi_lm_send2
DEBUG: after moshi_lm_send2
DEBUG: calling moshi_lm_receive
DEBUG: before forward_text_step
DEBUG: after forward_text_step
DEBUG: before scratch.compute()
DEBUG: after scratch.compute()
DEBUG: before graph.compute()
DEBUG: after graph.compute()
DEBUG: after moshi_lm_receive
TOKEN_GEN: frame=23 text=3 audio=1316,394,1237,482,1987,543,1825,1287,
DEBUG: calling mimi_encode_send
DEBUG: after mimi_encode_send
DEBUG: calling mimi_encode_receive
DEBUG: mimi_encode start, frame.size()=1920
DEBUG: mimi_encode: copying input data
DEBUG: mimi_encode: calling projected_transformer_graph_step
DEBUG: mimi_encode: calling scratch compute
DEBUG: mimi_encode: calling graph compute
DEBUG: mimi_encode: fetching codes
DEBUG: mimi_encode done
DEBUG: after mimi_encode_receive
DEBUG: calling moshi_lm_send2
DEBUG: after moshi_lm_send2
DEBUG: calling moshi_lm_receive
DEBUG: before forward_text_step
DEBUG: after forward_text_step
DEBUG: before scratch.compute()
DEBUG: after scratch.compute()
DEBUG: before graph.compute()
DEBUG: after graph.compute()
DEBUG: after moshi_lm_receive
TOKEN_GEN: frame=24 text=3 audio=1316,832,1622,405,61,1304,1589,2018,
VRAM_FRAME: frame=  25  M1_driver_delta_MiB= 6424  M2_phys_alloc_MiB= 2895  outside_ggml_MiB= 3528
DEBUG: calling mimi_encode_send
DEBUG: after mimi_encode_send
DEBUG: calling mimi_encode_receive
DEBUG: mimi_encode start, frame.size()=1920
DEBUG: mimi_encode: copying input data
DEBUG: mimi_encode: calling projected_transformer_graph_step
DEBUG: mimi_encode: calling scratch compute
DEBUG: mimi_encode: calling graph compute
DEBUG: mimi_encode: fetching codes
DEBUG: mimi_encode done
DEBUG: after mimi_encode_receive
DEBUG: calling moshi_lm_send2
DEBUG: after moshi_lm_send2
DEBUG: calling moshi_lm_receive
DEBUG: before forward_text_step
DEBUG: after forward_text_step
DEBUG: before scratch.compute()
DEBUG: after scratch.compute()
DEBUG: before graph.compute()
DEBUG: after graph.compute()
DEBUG: after moshi_lm_receive
TOKEN_GEN: frame=25 text=3 audio=1316,1801,1594,834,942,1545,784,1017,
DEBUG: calling mimi_encode_send
DEBUG: after mimi_encode_send
DEBUG: calling mimi_encode_receive
DEBUG: mimi_encode start, frame.size()=1920
DEBUG: mimi_encode: copying input data
DEBUG: mimi_encode: calling projected_transformer_graph_step
DEBUG: mimi_encode: calling scratch compute
DEBUG: mimi_encode: calling graph compute
DEBUG: mimi_encode: fetching codes
DEBUG: mimi_encode done
DEBUG: after mimi_encode_receive
DEBUG: calling moshi_lm_send2
DEBUG: after moshi_lm_send2
DEBUG: calling moshi_lm_receive
DEBUG: before forward_text_step
DEBUG: after forward_text_step
DEBUG: before scratch.compute()
DEBUG: after scratch.compute()
DEBUG: before graph.compute()
DEBUG: after graph.compute()
DEBUG: after moshi_lm_receive
TOKEN_GEN: frame=26 text=0 audio=1272,1700,1626,546,1019,1273,1871,1606,
DEBUG: calling mimi_encode_send
DEBUG: after mimi_encode_send
DEBUG: calling mimi_encode_receive
DEBUG: mimi_encode start, frame.size()=1920
DEBUG: mimi_encode: copying input data
DEBUG: mimi_encode: calling projected_transformer_graph_step
DEBUG: mimi_encode: calling scratch compute
DEBUG: mimi_encode: calling graph compute
DEBUG: mimi_encode: fetching codes
DEBUG: mimi_encode done
DEBUG: after mimi_encode_receive
DEBUG: calling moshi_lm_send2
DEBUG: after moshi_lm_send2
DEBUG: calling moshi_lm_receive
DEBUG: before forward_text_step
DEBUG: after forward_text_step
DEBUG: before scratch.compute()
DEBUG: after scratch.compute()
DEBUG: before graph.compute()
DEBUG: after graph.compute()
DEBUG: after moshi_lm_receive
TOKEN_GEN: frame=27 text=3 audio=1316,243,1178,546,1736,1572,666,1648,
DEBUG: calling mimi_encode_send
DEBUG: after mimi_encode_send
DEBUG: calling mimi_encode_receive
DEBUG: mimi_encode start, frame.size()=1920
DEBUG: mimi_encode: copying input data
DEBUG: mimi_encode: calling projected_transformer_graph_step
DEBUG: mimi_encode: calling scratch compute
DEBUG: mimi_encode: calling graph compute
DEBUG: mimi_encode: fetching codes
DEBUG: mimi_encode done
DEBUG: after mimi_encode_receive
DEBUG: calling moshi_lm_send2
DEBUG: after moshi_lm_send2
DEBUG: calling moshi_lm_receive
DEBUG: before forward_text_step
DEBUG: after forward_text_step
DEBUG: before scratch.compute()
DEBUG: after scratch.compute()
DEBUG: before graph.compute()
DEBUG: after graph.compute()
DEBUG: after moshi_lm_receive
TOKEN_GEN: frame=28 text=3 audio=1316,243,1559,142,1622,11,1978,1606,
DEBUG: calling mimi_encode_send
DEBUG: after mimi_encode_send
DEBUG: calling mimi_encode_receive
DEBUG: mimi_encode start, frame.size()=1920
DEBUG: mimi_encode: copying input data
DEBUG: mimi_encode: calling projected_transformer_graph_step
DEBUG: mimi_encode: calling scratch compute
DEBUG: mimi_encode: calling graph compute
DEBUG: mimi_encode: fetching codes
DEBUG: mimi_encode done
DEBUG: after mimi_encode_receive
DEBUG: calling moshi_lm_send2
DEBUG: after moshi_lm_send2
DEBUG: calling moshi_lm_receive
DEBUG: before forward_text_step
DEBUG: after forward_text_step
DEBUG: before scratch.compute()
DEBUG: after scratch.compute()
DEBUG: before graph.compute()
DEBUG: after graph.compute()
DEBUG: after moshi_lm_receive
TOKEN_GEN: frame=29 text=3 audio=1316,243,1178,546,340,347,825,1665,
DEBUG: calling mimi_encode_send
DEBUG: after mimi_encode_send
DEBUG: calling mimi_encode_receive
DEBUG: mimi_encode start, frame.size()=1920
DEBUG: mimi_encode: copying input data
DEBUG: mimi_encode: calling projected_transformer_graph_step
DEBUG: mimi_encode: calling scratch compute
DEBUG: mimi_encode: calling graph compute
DEBUG: mimi_encode: fetching codes
DEBUG: mimi_encode done
DEBUG: after mimi_encode_receive
DEBUG: calling moshi_lm_send2
DEBUG: after moshi_lm_send2
DEBUG: calling moshi_lm_receive
DEBUG: before forward_text_step
DEBUG: after forward_text_step
DEBUG: before scratch.compute()
DEBUG: after scratch.compute()
DEBUG: before graph.compute()
DEBUG: after graph.compute()
DEBUG: after moshi_lm_receive
TOKEN_GEN: frame=30 text=3 audio=1316,1515,1626,426,942,317,1285,1771,
DEBUG: calling mimi_encode_send
DEBUG: after mimi_encode_send
DEBUG: calling mimi_encode_receive
DEBUG: mimi_encode start, frame.size()=1920
DEBUG: mimi_encode: copying input data
DEBUG: mimi_encode: calling projected_transformer_graph_step
DEBUG: mimi_encode: calling scratch compute
DEBUG: mimi_encode: calling graph compute
DEBUG: mimi_encode: fetching codes
DEBUG: mimi_encode done
DEBUG: after mimi_encode_receive
DEBUG: calling moshi_lm_send2
DEBUG: after moshi_lm_send2
DEBUG: calling moshi_lm_receive
DEBUG: before forward_text_step
DEBUG: after forward_text_step
DEBUG: before scratch.compute()
DEBUG: after scratch.compute()
DEBUG: before graph.compute()
DEBUG: after graph.compute()
DEBUG: after moshi_lm_receive
TOKEN_GEN: frame=31 text=0 audio=2039,1700,1178,164,267,1572,825,1665,
DEBUG: calling mimi_encode_send
DEBUG: after mimi_encode_send
DEBUG: calling mimi_encode_receive
DEBUG: mimi_encode start, frame.size()=1920
DEBUG: mimi_encode: copying input data
DEBUG: mimi_encode: calling projected_transformer_graph_step
DEBUG: mimi_encode: calling scratch compute
DEBUG: mimi_encode: calling graph compute
DEBUG: mimi_encode: fetching codes
DEBUG: mimi_encode done
DEBUG: after mimi_encode_receive
DEBUG: calling moshi_lm_send2
DEBUG: after moshi_lm_send2
DEBUG: calling moshi_lm_receive
DEBUG: before forward_text_step
DEBUG: after forward_text_step
DEBUG: before scratch.compute()
DEBUG: after scratch.compute()
DEBUG: before graph.compute()
DEBUG: after graph.compute()
DEBUG: after moshi_lm_receive
TOKEN_GEN: frame=32 text=3 audio=1880,1700,1178,164,1019,1030,666,1606,
DEBUG: calling mimi_encode_send
DEBUG: after mimi_encode_send
DEBUG: calling mimi_encode_receive
DEBUG: mimi_encode start, frame.size()=1920
DEBUG: mimi_encode: copying input data
DEBUG: mimi_encode: calling projected_transformer_graph_step
DEBUG: mimi_encode: calling scratch compute
DEBUG: mimi_encode: calling graph compute
DEBUG: mimi_encode: fetching codes
DEBUG: mimi_encode done
DEBUG: after mimi_encode_receive
DEBUG: calling moshi_lm_send2
DEBUG: after moshi_lm_send2
DEBUG: calling moshi_lm_receive
DEBUG: before forward_text_step
DEBUG: after forward_text_step
DEBUG: before scratch.compute()
DEBUG: after scratch.compute()
DEBUG: before graph.compute()
DEBUG: after graph.compute()
DEBUG: after moshi_lm_receive
TOKEN_GEN: frame=33 text=3 audio=1316,1700,1178,164,481,1572,666,1665,
DEBUG: calling mimi_encode_send
DEBUG: after mimi_encode_send
DEBUG: calling mimi_encode_receive
DEBUG: mimi_encode start, frame.size()=1920
DEBUG: mimi_encode: copying input data
DEBUG: mimi_encode: calling projected_transformer_graph_step
DEBUG: mimi_encode: calling scratch compute
DEBUG: mimi_encode: calling graph compute
DEBUG: mimi_encode: fetching codes
DEBUG: mimi_encode done
DEBUG: after mimi_encode_receive
DEBUG: calling moshi_lm_send2
DEBUG: after moshi_lm_send2
DEBUG: calling moshi_lm_receive
DEBUG: before forward_text_step
DEBUG: after forward_text_step
DEBUG: before scratch.compute()
DEBUG: after scratch.compute()
DEBUG: before graph.compute()
DEBUG: after graph.compute()
DEBUG: after moshi_lm_receive
TOKEN_GEN: frame=34 text=3 audio=1316,243,1178,546,481,1030,666,1648,
DEBUG: calling mimi_encode_send
DEBUG: after mimi_encode_send
DEBUG: calling mimi_encode_receive
DEBUG: mimi_encode start, frame.size()=1920
DEBUG: mimi_encode: copying input data
DEBUG: mimi_encode: calling projected_transformer_graph_step
DEBUG: mimi_encode: calling scratch compute
DEBUG: mimi_encode: calling graph compute
DEBUG: mimi_encode: fetching codes
DEBUG: mimi_encode done
DEBUG: after mimi_encode_receive
DEBUG: calling moshi_lm_send2
DEBUG: after moshi_lm_send2
DEBUG: calling moshi_lm_receive
DEBUG: before forward_text_step
DEBUG: after forward_text_step
DEBUG: before scratch.compute()
DEBUG: after scratch.compute()
DEBUG: before graph.compute()
DEBUG: after graph.compute()
DEBUG: after moshi_lm_receive
TOKEN_GEN: frame=35 text=3 audio=1316,1700,1029,164,340,1652,976,1090,
DEBUG: calling mimi_encode_send
DEBUG: after mimi_encode_send
DEBUG: calling mimi_encode_receive
DEBUG: mimi_encode start, frame.size()=1920
DEBUG: mimi_encode: copying input data
DEBUG: mimi_encode: calling projected_transformer_graph_step
DEBUG: mimi_encode: calling scratch compute
DEBUG: mimi_encode: calling graph compute
DEBUG: mimi_encode: fetching codes
DEBUG: mimi_encode done
DEBUG: after mimi_encode_receive
DEBUG: calling moshi_lm_send2
DEBUG: after moshi_lm_send2
DEBUG: calling moshi_lm_receive
DEBUG: before forward_text_step
DEBUG: after forward_text_step
DEBUG: before scratch.compute()
DEBUG: after scratch.compute()
DEBUG: before graph.compute()
DEBUG: after graph.compute()
DEBUG: after moshi_lm_receive
TOKEN_GEN: frame=36 text=0 audio=1272,243,1178,546,481,1572,825,1648,
DEBUG: calling mimi_encode_send
DEBUG: after mimi_encode_send
DEBUG: calling mimi_encode_receive
DEBUG: mimi_encode start, frame.size()=1920
DEBUG: mimi_encode: copying input data
DEBUG: mimi_encode: calling projected_transformer_graph_step
DEBUG: mimi_encode: calling scratch compute
DEBUG: mimi_encode: calling graph compute
DEBUG: mimi_encode: fetching codes
DEBUG: mimi_encode done
DEBUG: after mimi_encode_receive
DEBUG: calling moshi_lm_send2
DEBUG: after moshi_lm_send2
DEBUG: calling moshi_lm_receive
DEBUG: before forward_text_step
DEBUG: after forward_text_step
DEBUG: before scratch.compute()
DEBUG: after scratch.compute()
DEBUG: before graph.compute()
DEBUG: after graph.compute()
DEBUG: after moshi_lm_receive
TOKEN_GEN: frame=37 text=0 audio=1272,759,551,1351,572,195,1537,1938,
DEBUG: calling mimi_encode_send
DEBUG: after mimi_encode_send
DEBUG: calling mimi_encode_receive
DEBUG: mimi_encode start, frame.size()=1920
DEBUG: mimi_encode: copying input data
DEBUG: mimi_encode: calling projected_transformer_graph_step
DEBUG: mimi_encode: calling scratch compute
DEBUG: mimi_encode: calling graph compute
DEBUG: mimi_encode: fetching codes
DEBUG: mimi_encode done
DEBUG: after mimi_encode_receive
DEBUG: calling moshi_lm_send2
DEBUG: after moshi_lm_send2
DEBUG: calling moshi_lm_receive
DEBUG: before forward_text_step
DEBUG: after forward_text_step
DEBUG: before scratch.compute()
DEBUG: after scratch.compute()
DEBUG: before graph.compute()
DEBUG: after graph.compute()
DEBUG: after moshi_lm_receive
TOKEN_GEN: frame=38 text=0 audio=472,91,480,1601,222,936,43,192,
DEBUG: calling mimi_encode_send
DEBUG: after mimi_encode_send
DEBUG: calling mimi_encode_receive
DEBUG: mimi_encode start, frame.size()=1920
DEBUG: mimi_encode: copying input data
DEBUG: mimi_encode: calling projected_transformer_graph_step
DEBUG: mimi_encode: calling scratch compute
DEBUG: mimi_encode: calling graph compute
DEBUG: mimi_encode: fetching codes
DEBUG: mimi_encode done
DEBUG: after mimi_encode_receive
DEBUG: calling moshi_lm_send2
DEBUG: after moshi_lm_send2
DEBUG: calling moshi_lm_receive
DEBUG: before forward_text_step
DEBUG: after forward_text_step
DEBUG: before scratch.compute()
DEBUG: after scratch.compute()
DEBUG: before graph.compute()
DEBUG: after graph.compute()
DEBUG: after moshi_lm_receive
TOKEN_GEN: frame=39 text=0 audio=1272,1700,1029,164,915,1652,666,1180,
DEBUG: calling mimi_encode_send
DEBUG: after mimi_encode_send
DEBUG: calling mimi_encode_receive
DEBUG: mimi_encode start, frame.size()=1920
DEBUG: mimi_encode: copying input data
DEBUG: mimi_encode: calling projected_transformer_graph_step
DEBUG: mimi_encode: calling scratch compute
DEBUG: mimi_encode: calling graph compute
DEBUG: mimi_encode: fetching codes
DEBUG: mimi_encode done
DEBUG: after mimi_encode_receive
DEBUG: calling moshi_lm_send2
DEBUG: after moshi_lm_send2
DEBUG: calling moshi_lm_receive
DEBUG: before forward_text_step
DEBUG: after forward_text_step
DEBUG: before scratch.compute()
DEBUG: after scratch.compute()
DEBUG: before graph.compute()
DEBUG: after graph.compute()
DEBUG: after moshi_lm_receive
TOKEN_GEN: frame=40 text=0 audio=1272,243,1178,546,481,11,1978,1648,
DEBUG: calling mimi_encode_send
DEBUG: after mimi_encode_send
DEBUG: calling mimi_encode_receive
DEBUG: mimi_encode start, frame.size()=1920
DEBUG: mimi_encode: copying input data
DEBUG: mimi_encode: calling projected_transformer_graph_step
DEBUG: mimi_encode: calling scratch compute
DEBUG: mimi_encode: calling graph compute
DEBUG: mimi_encode: fetching codes
DEBUG: mimi_encode done
DEBUG: after mimi_encode_receive
DEBUG: calling moshi_lm_send2
DEBUG: after moshi_lm_send2
DEBUG: calling moshi_lm_receive
DEBUG: before forward_text_step
DEBUG: after forward_text_step
DEBUG: before scratch.compute()
DEBUG: after scratch.compute()
DEBUG: before graph.compute()
DEBUG: after graph.compute()
DEBUG: after moshi_lm_receive
TOKEN_GEN: frame=41 text=3 audio=1316,243,1178,546,1736,1030,1978,1665,
DEBUG: calling mimi_encode_send
DEBUG: after mimi_encode_send
DEBUG: calling mimi_encode_receive
DEBUG: mimi_encode start, frame.size()=1920
DEBUG: mimi_encode: copying input data
DEBUG: mimi_encode: calling projected_transformer_graph_step
DEBUG: mimi_encode: calling scratch compute
DEBUG: mimi_encode: calling graph compute
DEBUG: mimi_encode: fetching codes
DEBUG: mimi_encode done
DEBUG: after mimi_encode_receive
DEBUG: calling moshi_lm_send2
DEBUG: after moshi_lm_send2
DEBUG: calling moshi_lm_receive
DEBUG: before forward_text_step
DEBUG: after forward_text_step
DEBUG: before scratch.compute()
DEBUG: after scratch.compute()
DEBUG: before graph.compute()
DEBUG: after graph.compute()
DEBUG: after moshi_lm_receive
TOKEN_GEN: frame=42 text=3 audio=1316,243,1178,546,1736,1572,825,1648,
DEBUG: calling mimi_encode_send
DEBUG: after mimi_encode_send
DEBUG: calling mimi_encode_receive
DEBUG: mimi_encode start, frame.size()=1920
DEBUG: mimi_encode: copying input data
DEBUG: mimi_encode: calling projected_transformer_graph_step
DEBUG: mimi_encode: calling scratch compute
DEBUG: mimi_encode: calling graph compute
DEBUG: mimi_encode: fetching codes
DEBUG: mimi_encode done
DEBUG: after mimi_encode_receive
DEBUG: calling moshi_lm_send2
DEBUG: after moshi_lm_send2
DEBUG: calling moshi_lm_receive
DEBUG: before forward_text_step
DEBUG: after forward_text_step
DEBUG: before scratch.compute()
DEBUG: after scratch.compute()
DEBUG: before graph.compute()
DEBUG: after graph.compute()
DEBUG: after moshi_lm_receive
TOKEN_GEN: frame=43 text=0 audio=1316,243,1178,546,267,1030,1978,2008,
DEBUG: calling mimi_encode_send
DEBUG: after mimi_encode_send
DEBUG: calling mimi_encode_receive
DEBUG: mimi_encode start, frame.size()=1920
DEBUG: mimi_encode: copying input data
DEBUG: mimi_encode: calling projected_transformer_graph_step
DEBUG: mimi_encode: calling scratch compute
DEBUG: mimi_encode: calling graph compute
DEBUG: mimi_encode: fetching codes
DEBUG: mimi_encode done
DEBUG: after mimi_encode_receive
DEBUG: calling moshi_lm_send2
DEBUG: after moshi_lm_send2
DEBUG: calling moshi_lm_receive
DEBUG: before forward_text_step
DEBUG: after forward_text_step
DEBUG: before scratch.compute()
DEBUG: after scratch.compute()
DEBUG: before graph.compute()
DEBUG: after graph.compute()
DEBUG: after moshi_lm_receive
TOKEN_GEN: frame=44 text=0 audio=1316,243,1178,546,1736,1572,1978,1648,
DEBUG: calling mimi_encode_send
DEBUG: after mimi_encode_send
DEBUG: calling mimi_encode_receive
DEBUG: mimi_encode start, frame.size()=1920
DEBUG: mimi_encode: copying input data
DEBUG: mimi_encode: calling projected_transformer_graph_step
DEBUG: mimi_encode: calling scratch compute
DEBUG: mimi_encode: calling graph compute
DEBUG: mimi_encode: fetching codes
DEBUG: mimi_encode done
DEBUG: after mimi_encode_receive
DEBUG: calling moshi_lm_send2
DEBUG: after moshi_lm_send2
DEBUG: calling moshi_lm_receive
DEBUG: before forward_text_step
DEBUG: after forward_text_step
DEBUG: before scratch.compute()
DEBUG: after scratch.compute()
DEBUG: before graph.compute()
DEBUG: after graph.compute()
DEBUG: after moshi_lm_receive
TOKEN_GEN: frame=45 text=0 audio=1316,243,783,546,481,1572,825,1648,
DEBUG: calling mimi_encode_send
DEBUG: after mimi_encode_send
DEBUG: calling mimi_encode_receive
DEBUG: mimi_encode start, frame.size()=1920
DEBUG: mimi_encode: copying input data
DEBUG: mimi_encode: calling projected_transformer_graph_step
DEBUG: mimi_encode: calling scratch compute
DEBUG: mimi_encode: calling graph compute
DEBUG: mimi_encode: fetching codes
DEBUG: mimi_encode done
DEBUG: after mimi_encode_receive
DEBUG: calling moshi_lm_send2
DEBUG: after moshi_lm_send2
DEBUG: calling moshi_lm_receive
DEBUG: before forward_text_step
DEBUG: after forward_text_step
DEBUG: before scratch.compute()
DEBUG: after scratch.compute()
DEBUG: before graph.compute()
DEBUG: after graph.compute()
DEBUG: after moshi_lm_receive
TOKEN_GEN: frame=46 text=3 audio=1316,243,1178,546,481,1030,825,1648,
DEBUG: calling mimi_encode_send
DEBUG: after mimi_encode_send
DEBUG: calling mimi_encode_receive
DEBUG: mimi_encode start, frame.size()=1920
DEBUG: mimi_encode: copying input data
DEBUG: mimi_encode: calling projected_transformer_graph_step
DEBUG: mimi_encode: calling scratch compute
DEBUG: mimi_encode: calling graph compute
DEBUG: mimi_encode: fetching codes
DEBUG: mimi_encode done
DEBUG: after mimi_encode_receive
DEBUG: calling moshi_lm_send2
DEBUG: after moshi_lm_send2
DEBUG: calling moshi_lm_receive
DEBUG: before forward_text_step
DEBUG: after forward_text_step
DEBUG: before scratch.compute()
DEBUG: after scratch.compute()
DEBUG: before graph.compute()
DEBUG: after graph.compute()
DEBUG: after moshi_lm_receive
TOKEN_GEN: frame=47 text=3 audio=1316,243,1178,546,481,1030,825,1665,
DEBUG: calling mimi_encode_send
DEBUG: after mimi_encode_send
DEBUG: calling mimi_encode_receive
DEBUG: mimi_encode start, frame.size()=1920
DEBUG: mimi_encode: copying input data
DEBUG: mimi_encode: calling projected_transformer_graph_step
DEBUG: mimi_encode: calling scratch compute
DEBUG: mimi_encode: calling graph compute
DEBUG: mimi_encode: fetching codes
DEBUG: mimi_encode done
DEBUG: after mimi_encode_receive
DEBUG: calling moshi_lm_send2
DEBUG: after moshi_lm_send2
DEBUG: calling moshi_lm_receive
DEBUG: before forward_text_step
DEBUG: after forward_text_step
DEBUG: before scratch.compute()
DEBUG: after scratch.compute()
DEBUG: before graph.compute()
DEBUG: after graph.compute()
DEBUG: after moshi_lm_receive
TOKEN_GEN: frame=48 text=0 audio=1316,243,1178,546,481,1572,825,1665,
DEBUG: calling mimi_encode_send
DEBUG: after mimi_encode_send
DEBUG: calling mimi_encode_receive
DEBUG: mimi_encode start, frame.size()=1920
DEBUG: mimi_encode: copying input data
DEBUG: mimi_encode: calling projected_transformer_graph_step
DEBUG: mimi_encode: calling scratch compute
DEBUG: mimi_encode: calling graph compute
DEBUG: mimi_encode: fetching codes
DEBUG: mimi_encode done
DEBUG: after mimi_encode_receive
DEBUG: calling moshi_lm_send2
DEBUG: after moshi_lm_send2
DEBUG: calling moshi_lm_receive
DEBUG: before forward_text_step
DEBUG: after forward_text_step
DEBUG: before scratch.compute()
DEBUG: after scratch.compute()
DEBUG: before graph.compute()
DEBUG: after graph.compute()
DEBUG: after moshi_lm_receive
TOKEN_GEN: frame=49 text=3 audio=1316,243,1178,546,481,1030,666,1665,
VRAM_FRAME: frame=  50  M1_driver_delta_MiB= 6424  M2_phys_alloc_MiB= 2895  outside_ggml_MiB= 3528
DEBUG: calling mimi_encode_send
DEBUG: after mimi_encode_send
DEBUG: calling mimi_encode_receive
DEBUG: mimi_encode start, frame.size()=1920
DEBUG: mimi_encode: copying input data
DEBUG: mimi_encode: calling projected_transformer_graph_step
DEBUG: mimi_encode: calling scratch compute
DEBUG: mimi_encode: calling graph compute
DEBUG: mimi_encode: fetching codes
DEBUG: mimi_encode done
DEBUG: after mimi_encode_receive
DEBUG: calling moshi_lm_send2
DEBUG: after moshi_lm_send2
DEBUG: calling moshi_lm_receive
DEBUG: before forward_text_step
DEBUG: after forward_text_step
DEBUG: before scratch.compute()
DEBUG: after scratch.compute()
DEBUG: before graph.compute()
DEBUG: after graph.compute()
DEBUG: after moshi_lm_receive
TOKEN_GEN: frame=50 text=0 audio=1316,243,783,546,481,1030,825,1665,
DEBUG: calling mimi_encode_send
DEBUG: after mimi_encode_send
DEBUG: calling mimi_encode_receive
DEBUG: mimi_encode start, frame.size()=1920
DEBUG: mimi_encode: copying input data
DEBUG: mimi_encode: calling projected_transformer_graph_step
DEBUG: mimi_encode: calling scratch compute
DEBUG: mimi_encode: calling graph compute
DEBUG: mimi_encode: fetching codes
DEBUG: mimi_encode done
DEBUG: after mimi_encode_receive
DEBUG: calling moshi_lm_send2
DEBUG: after moshi_lm_send2
DEBUG: calling moshi_lm_receive
DEBUG: before forward_text_step
DEBUG: after forward_text_step
DEBUG: before scratch.compute()
DEBUG: after scratch.compute()
DEBUG: before graph.compute()
DEBUG: after graph.compute()
DEBUG: after moshi_lm_receive
TOKEN_GEN: frame=51 text=3 audio=1316,243,1178,546,481,1572,666,1648,
DEBUG: calling mimi_encode_send
DEBUG: after mimi_encode_send
DEBUG: calling mimi_encode_receive
DEBUG: mimi_encode start, frame.size()=1920
DEBUG: mimi_encode: copying input data
DEBUG: mimi_encode: calling projected_transformer_graph_step
DEBUG: mimi_encode: calling scratch compute
DEBUG: mimi_encode: calling graph compute
DEBUG: mimi_encode: fetching codes
DEBUG: mimi_encode done
DEBUG: after mimi_encode_receive
DEBUG: calling moshi_lm_send2
DEBUG: after moshi_lm_send2
DEBUG: calling moshi_lm_receive
DEBUG: before forward_text_step
DEBUG: after forward_text_step
DEBUG: before scratch.compute()
DEBUG: after scratch.compute()
DEBUG: before graph.compute()
DEBUG: after graph.compute()
DEBUG: after moshi_lm_receive
TOKEN_GEN: frame=52 text=0 audio=1316,243,1178,546,481,347,825,2008,
DEBUG: calling mimi_encode_send
DEBUG: after mimi_encode_send
DEBUG: calling mimi_encode_receive
DEBUG: mimi_encode start, frame.size()=1920
DEBUG: mimi_encode: copying input data
DEBUG: mimi_encode: calling projected_transformer_graph_step
DEBUG: mimi_encode: calling scratch compute
DEBUG: mimi_encode: calling graph compute
DEBUG: mimi_encode: fetching codes
DEBUG: mimi_encode done
DEBUG: after mimi_encode_receive
DEBUG: calling moshi_lm_send2
DEBUG: after moshi_lm_send2
DEBUG: calling moshi_lm_receive
DEBUG: before forward_text_step
DEBUG: after forward_text_step
DEBUG: before scratch.compute()
DEBUG: after scratch.compute()
DEBUG: before graph.compute()
DEBUG: after graph.compute()
DEBUG: after moshi_lm_receive
TOKEN_GEN: frame=53 text=1402 audio=1316,243,1178,546,481,1572,825,1648,
 crossDEBUG: calling mimi_encode_send
DEBUG: after mimi_encode_send
DEBUG: calling mimi_encode_receive
DEBUG: mimi_encode start, frame.size()=1920
DEBUG: mimi_encode: copying input data
DEBUG: mimi_encode: calling projected_transformer_graph_step
DEBUG: mimi_encode: calling scratch compute
DEBUG: mimi_encode: calling graph compute
DEBUG: mimi_encode: fetching codes
DEBUG: mimi_encode done
DEBUG: after mimi_encode_receive
DEBUG: calling moshi_lm_send2
DEBUG: after moshi_lm_send2
DEBUG: calling moshi_lm_receive
DEBUG: before forward_text_step
DEBUG: after forward_text_step
DEBUG: before scratch.compute()
DEBUG: after scratch.compute()
DEBUG: before graph.compute()
DEBUG: after graph.compute()
DEBUG: after moshi_lm_receive
TOKEN_GEN: frame=54 text=0 audio=1316,243,1178,164,267,1572,825,1665,
DEBUG: calling mimi_encode_send
DEBUG: after mimi_encode_send
DEBUG: calling mimi_encode_receive
DEBUG: mimi_encode start, frame.size()=1920
DEBUG: mimi_encode: copying input data
DEBUG: mimi_encode: calling projected_transformer_graph_step
DEBUG: mimi_encode: calling scratch compute
DEBUG: mimi_encode: calling graph compute
DEBUG: mimi_encode: fetching codes
DEBUG: mimi_encode done
DEBUG: after mimi_encode_receive
DEBUG: calling moshi_lm_send2
DEBUG: after moshi_lm_send2
DEBUG: calling moshi_lm_receive
DEBUG: before forward_text_step
DEBUG: after forward_text_step
DEBUG: before scratch.compute()
DEBUG: after scratch.compute()
DEBUG: before graph.compute()
DEBUG: after graph.compute()
DEBUG: after moshi_lm_receive
TOKEN_GEN: frame=55 text=3 audio=1316,243,1178,142,481,1443,666,1744,
DEBUG: calling mimi_encode_send
DEBUG: after mimi_encode_send
DEBUG: calling mimi_encode_receive
DEBUG: mimi_encode start, frame.size()=1920
DEBUG: mimi_encode: copying input data
DEBUG: mimi_encode: calling projected_transformer_graph_step
DEBUG: mimi_encode: calling scratch compute
DEBUG: mimi_encode: calling graph compute
DEBUG: mimi_encode: fetching codes
DEBUG: mimi_encode done
DEBUG: after mimi_encode_receive
DEBUG: calling moshi_lm_send2
DEBUG: after moshi_lm_send2
DEBUG: calling moshi_lm_receive
DEBUG: before forward_text_step
DEBUG: after forward_text_step
DEBUG: before scratch.compute()
DEBUG: after scratch.compute()
DEBUG: before graph.compute()
DEBUG: after graph.compute()
DEBUG: after moshi_lm_receive
TOKEN_GEN: frame=56 text=0 audio=1316,243,1178,546,481,1030,825,1665,
DEBUG: calling mimi_encode_send
DEBUG: after mimi_encode_send
DEBUG: calling mimi_encode_receive
DEBUG: mimi_encode start, frame.size()=1920
DEBUG: mimi_encode: copying input data
DEBUG: mimi_encode: calling projected_transformer_graph_step
DEBUG: mimi_encode: calling scratch compute
DEBUG: mimi_encode: calling graph compute
DEBUG: mimi_encode: fetching codes
DEBUG: mimi_encode done
DEBUG: after mimi_encode_receive
DEBUG: calling moshi_lm_send2
DEBUG: after moshi_lm_send2
DEBUG: calling moshi_lm_receive
DEBUG: before forward_text_step
DEBUG: after forward_text_step
DEBUG: before scratch.compute()
DEBUG: after scratch.compute()
DEBUG: before graph.compute()
DEBUG: after graph.compute()
DEBUG: after moshi_lm_receive
TOKEN_GEN: frame=57 text=0 audio=1316,243,457,290,1736,347,1234,2008,
DEBUG: calling mimi_encode_send
DEBUG: after mimi_encode_send
DEBUG: calling mimi_encode_receive
DEBUG: mimi_encode start, frame.size()=1920
DEBUG: mimi_encode: copying input data
DEBUG: mimi_encode: calling projected_transformer_graph_step
DEBUG: mimi_encode: calling scratch compute
DEBUG: mimi_encode: calling graph compute
DEBUG: mimi_encode: fetching codes
DEBUG: mimi_encode done
DEBUG: after mimi_encode_receive
DEBUG: calling moshi_lm_send2
DEBUG: after moshi_lm_send2
DEBUG: calling moshi_lm_receive
DEBUG: before forward_text_step
DEBUG: after forward_text_step
DEBUG: before scratch.compute()
DEBUG: after scratch.compute()
DEBUG: before graph.compute()
DEBUG: after graph.compute()
DEBUG: after moshi_lm_receive
TOKEN_GEN: frame=58 text=3 audio=1316,243,1178,546,481,1030,666,1648,
DEBUG: calling mimi_encode_send
DEBUG: after mimi_encode_send
DEBUG: calling mimi_encode_receive
DEBUG: mimi_encode start, frame.size()=1920
DEBUG: mimi_encode: copying input data
DEBUG: mimi_encode: calling projected_transformer_graph_step
DEBUG: mimi_encode: calling scratch compute
DEBUG: mimi_encode: calling graph compute
DEBUG: mimi_encode: fetching codes
DEBUG: mimi_encode done
DEBUG: after mimi_encode_receive
DEBUG: calling moshi_lm_send2
DEBUG: after moshi_lm_send2
DEBUG: calling moshi_lm_receive
DEBUG: before forward_text_step
DEBUG: after forward_text_step
DEBUG: before scratch.compute()
DEBUG: after scratch.compute()
DEBUG: before graph.compute()
DEBUG: after graph.compute()
DEBUG: after moshi_lm_receive
TOKEN_GEN: frame=59 text=0 audio=1316,243,1178,546,1736,1030,1978,2008,
DEBUG: calling mimi_encode_send
DEBUG: after mimi_encode_send
DEBUG: calling mimi_encode_receive
DEBUG: mimi_encode start, frame.size()=1920
DEBUG: mimi_encode: copying input data
DEBUG: mimi_encode: calling projected_transformer_graph_step
DEBUG: mimi_encode: calling scratch compute
DEBUG: mimi_encode: calling graph compute
DEBUG: mimi_encode: fetching codes
DEBUG: mimi_encode done
DEBUG: after mimi_encode_receive
DEBUG: calling moshi_lm_send2
DEBUG: after moshi_lm_send2
DEBUG: calling moshi_lm_receive
DEBUG: before forward_text_step
DEBUG: after forward_text_step
DEBUG: before scratch.compute()
DEBUG: after scratch.compute()
DEBUG: before graph.compute()
DEBUG: after graph.compute()
DEBUG: after moshi_lm_receive
TOKEN_GEN: frame=60 text=0 audio=1316,243,1178,546,481,1572,825,1665,
DEBUG: calling mimi_encode_send
DEBUG: after mimi_encode_send
DEBUG: calling mimi_encode_receive
DEBUG: mimi_encode start, frame.size()=1920
DEBUG: mimi_encode: copying input data
DEBUG: mimi_encode: calling projected_transformer_graph_step
DEBUG: mimi_encode: calling scratch compute
DEBUG: mimi_encode: calling graph compute
DEBUG: mimi_encode: fetching codes
DEBUG: mimi_encode done
DEBUG: after mimi_encode_receive
DEBUG: calling moshi_lm_send2
DEBUG: after moshi_lm_send2
DEBUG: calling moshi_lm_receive
DEBUG: before forward_text_step
DEBUG: after forward_text_step
DEBUG: before scratch.compute()
DEBUG: after scratch.compute()
DEBUG: before graph.compute()
DEBUG: after graph.compute()
DEBUG: after moshi_lm_receive
TOKEN_GEN: frame=61 text=0 audio=1316,243,1178,546,481,1572,825,2008,
DEBUG: calling mimi_encode_send
DEBUG: after mimi_encode_send
DEBUG: calling mimi_encode_receive
DEBUG: mimi_encode start, frame.size()=1920
DEBUG: mimi_encode: copying input data
DEBUG: mimi_encode: calling projected_transformer_graph_step
DEBUG: mimi_encode: calling scratch compute
DEBUG: mimi_encode: calling graph compute
DEBUG: mimi_encode: fetching codes
DEBUG: mimi_encode done
DEBUG: after mimi_encode_receive
DEBUG: calling moshi_lm_send2
DEBUG: after moshi_lm_send2
DEBUG: calling moshi_lm_receive
DEBUG: before forward_text_step
DEBUG: after forward_text_step
DEBUG: before scratch.compute()
DEBUG: after scratch.compute()
DEBUG: before graph.compute()
DEBUG: after graph.compute()
DEBUG: after moshi_lm_receive
TOKEN_GEN: frame=62 text=0 audio=1316,243,1178,546,481,1030,666,2008,
DEBUG: calling mimi_encode_send
DEBUG: after mimi_encode_send
DEBUG: calling mimi_encode_receive
DEBUG: mimi_encode start, frame.size()=1920
DEBUG: mimi_encode: copying input data
DEBUG: mimi_encode: calling projected_transformer_graph_step
DEBUG: mimi_encode: calling scratch compute
DEBUG: mimi_encode: calling graph compute
DEBUG: mimi_encode: fetching codes
DEBUG: mimi_encode done
DEBUG: after mimi_encode_receive
DEBUG: calling moshi_lm_send2
DEBUG: after moshi_lm_send2
DEBUG: calling moshi_lm_receive
DEBUG: before forward_text_step
DEBUG: after forward_text_step
DEBUG: before scratch.compute()
DEBUG: after scratch.compute()
DEBUG: before graph.compute()
DEBUG: after graph.compute()
DEBUG: after moshi_lm_receive
TOKEN_GEN: frame=63 text=0 audio=1316,243,1178,546,481,1572,825,1665,
DEBUG: calling mimi_encode_send
DEBUG: after mimi_encode_send
DEBUG: calling mimi_encode_receive
DEBUG: mimi_encode start, frame.size()=1920
DEBUG: mimi_encode: copying input data
DEBUG: mimi_encode: calling projected_transformer_graph_step
DEBUG: mimi_encode: calling scratch compute
DEBUG: mimi_encode: calling graph compute
DEBUG: mimi_encode: fetching codes
DEBUG: mimi_encode done
DEBUG: after mimi_encode_receive
DEBUG: calling moshi_lm_send2
DEBUG: after moshi_lm_send2
DEBUG: calling moshi_lm_receive
DEBUG: before forward_text_step
DEBUG: after forward_text_step
DEBUG: before scratch.compute()
DEBUG: after scratch.compute()
DEBUG: before graph.compute()
DEBUG: after graph.compute()
DEBUG: after moshi_lm_receive
TOKEN_GEN: frame=64 text=3 audio=1316,243,783,164,267,1030,825,2008,
DEBUG: calling mimi_encode_send
DEBUG: after mimi_encode_send
DEBUG: calling mimi_encode_receive
DEBUG: mimi_encode start, frame.size()=1920
DEBUG: mimi_encode: copying input data
DEBUG: mimi_encode: calling projected_transformer_graph_step
DEBUG: mimi_encode: calling scratch compute
DEBUG: mimi_encode: calling graph compute
DEBUG: mimi_encode: fetching codes
DEBUG: mimi_encode done
DEBUG: after mimi_encode_receive
DEBUG: calling moshi_lm_send2
DEBUG: after moshi_lm_send2
DEBUG: calling moshi_lm_receive
DEBUG: before forward_text_step
DEBUG: after forward_text_step
DEBUG: before scratch.compute()
DEBUG: after scratch.compute()
DEBUG: before graph.compute()
DEBUG: after graph.compute()
DEBUG: after moshi_lm_receive
TOKEN_GEN: frame=65 text=9983 audio=1316,243,1178,546,1335,1572,976,2008,
 padDEBUG: calling mimi_encode_send
DEBUG: after mimi_encode_send
DEBUG: calling mimi_encode_receive
DEBUG: mimi_encode start, frame.size()=1920
DEBUG: mimi_encode: copying input data
DEBUG: mimi_encode: calling projected_transformer_graph_step
DEBUG: mimi_encode: calling scratch compute
DEBUG: mimi_encode: calling graph compute
DEBUG: mimi_encode: fetching codes
DEBUG: mimi_encode done
DEBUG: after mimi_encode_receive
DEBUG: calling moshi_lm_send2
DEBUG: after moshi_lm_send2
DEBUG: calling moshi_lm_receive
DEBUG: before forward_text_step
DEBUG: after forward_text_step
DEBUG: before scratch.compute()
DEBUG: after scratch.compute()
DEBUG: before graph.compute()
DEBUG: after graph.compute()
DEBUG: after moshi_lm_receive
TOKEN_GEN: frame=66 text=0 audio=1316,243,1178,546,481,1572,825,1665,
DEBUG: calling mimi_encode_send
DEBUG: after mimi_encode_send
DEBUG: calling mimi_encode_receive
DEBUG: mimi_encode start, frame.size()=1920
DEBUG: mimi_encode: copying input data
DEBUG: mimi_encode: calling projected_transformer_graph_step
DEBUG: mimi_encode: calling scratch compute
DEBUG: mimi_encode: calling graph compute
DEBUG: mimi_encode: fetching codes
DEBUG: mimi_encode done
DEBUG: after mimi_encode_receive
DEBUG: calling moshi_lm_send2
DEBUG: after moshi_lm_send2
DEBUG: calling moshi_lm_receive
DEBUG: before forward_text_step
DEBUG: after forward_text_step
DEBUG: before scratch.compute()
DEBUG: after scratch.compute()
DEBUG: before graph.compute()
DEBUG: after graph.compute()
DEBUG: after moshi_lm_receive
TOKEN_GEN: frame=67 text=0 audio=1316,1540,1212,1174,340,1198,1238,1551,
DEBUG: calling mimi_encode_send
DEBUG: after mimi_encode_send
DEBUG: calling mimi_encode_receive
DEBUG: mimi_encode start, frame.size()=1920
DEBUG: mimi_encode: copying input data
DEBUG: mimi_encode: calling projected_transformer_graph_step
DEBUG: mimi_encode: calling scratch compute
DEBUG: mimi_encode: calling graph compute
DEBUG: mimi_encode: fetching codes
DEBUG: mimi_encode done
DEBUG: after mimi_encode_receive
DEBUG: calling moshi_lm_send2
DEBUG: after moshi_lm_send2
DEBUG: calling moshi_lm_receive
DEBUG: before forward_text_step
DEBUG: after forward_text_step
DEBUG: before scratch.compute()
DEBUG: after scratch.compute()
DEBUG: before graph.compute()
DEBUG: after graph.compute()
DEBUG: after moshi_lm_receive
TOKEN_GEN: frame=68 text=3369 audio=780,243,1178,546,481,1572,825,1665,
 straightDEBUG: calling mimi_encode_send
DEBUG: after mimi_encode_send
DEBUG: calling mimi_encode_receive
DEBUG: mimi_encode start, frame.size()=1920
DEBUG: mimi_encode: copying input data
DEBUG: mimi_encode: calling projected_transformer_graph_step
DEBUG: mimi_encode: calling scratch compute
DEBUG: mimi_encode: calling graph compute
DEBUG: mimi_encode: fetching codes
DEBUG: mimi_encode done
DEBUG: after mimi_encode_receive
DEBUG: calling moshi_lm_send2
DEBUG: after moshi_lm_send2
DEBUG: calling moshi_lm_receive
DEBUG: before forward_text_step
DEBUG: after forward_text_step
DEBUG: before scratch.compute()
DEBUG: after scratch.compute()
DEBUG: before graph.compute()
DEBUG: after graph.compute()
DEBUG: after moshi_lm_receive
TOKEN_GEN: frame=69 text=0 audio=1614,1700,1626,164,1736,11,1978,1744,
DEBUG: calling mimi_encode_send
DEBUG: after mimi_encode_send
DEBUG: calling mimi_encode_receive
DEBUG: mimi_encode start, frame.size()=1920
DEBUG: mimi_encode: copying input data
DEBUG: mimi_encode: calling projected_transformer_graph_step
DEBUG: mimi_encode: calling scratch compute
DEBUG: mimi_encode: calling graph compute
DEBUG: mimi_encode: fetching codes
DEBUG: mimi_encode done
DEBUG: after mimi_encode_receive
DEBUG: calling moshi_lm_send2
DEBUG: after moshi_lm_send2
DEBUG: calling moshi_lm_receive
DEBUG: before forward_text_step
DEBUG: after forward_text_step
DEBUG: before scratch.compute()
DEBUG: after scratch.compute()
DEBUG: before graph.compute()
DEBUG: after graph.compute()
DEBUG: after moshi_lm_receive
TOKEN_GEN: frame=70 text=25737 audio=354,243,1178,290,1736,1443,666,1648,
 bellyDEBUG: calling mimi_encode_send
DEBUG: after mimi_encode_send
DEBUG: calling mimi_encode_receive
DEBUG: mimi_encode start, frame.size()=1920
DEBUG: mimi_encode: copying input data
DEBUG: mimi_encode: calling projected_transformer_graph_step
DEBUG: mimi_encode: calling scratch compute
DEBUG: mimi_encode: calling graph compute
DEBUG: mimi_encode: fetching codes
DEBUG: mimi_encode done
DEBUG: after mimi_encode_receive
DEBUG: calling moshi_lm_send2
DEBUG: after moshi_lm_send2
DEBUG: calling moshi_lm_receive
DEBUG: before forward_text_step
DEBUG: after forward_text_step
DEBUG: before scratch.compute()
DEBUG: after scratch.compute()
DEBUG: before graph.compute()
DEBUG: after graph.compute()
DEBUG: after moshi_lm_receive
TOKEN_GEN: frame=71 text=0 audio=1316,1700,1626,164,306,478,825,2008,
DEBUG: calling mimi_encode_send
DEBUG: after mimi_encode_send
DEBUG: calling mimi_encode_receive
DEBUG: mimi_encode start, frame.size()=1920
DEBUG: mimi_encode: copying input data
DEBUG: mimi_encode: calling projected_transformer_graph_step
DEBUG: mimi_encode: calling scratch compute
DEBUG: mimi_encode: calling graph compute
DEBUG: mimi_encode: fetching codes
DEBUG: mimi_encode done
DEBUG: after mimi_encode_receive
DEBUG: calling moshi_lm_send2
DEBUG: after moshi_lm_send2
DEBUG: calling moshi_lm_receive
DEBUG: before forward_text_step
DEBUG: after forward_text_step
DEBUG: before scratch.compute()
DEBUG: after scratch.compute()
DEBUG: before graph.compute()
DEBUG: after graph.compute()
DEBUG: after moshi_lm_receive
TOKEN_GEN: frame=72 text=9983 audio=1343,243,1178,1348,1335,1572,1978,1665,
 padDEBUG: calling mimi_encode_send
DEBUG: after mimi_encode_send
DEBUG: calling mimi_encode_receive
DEBUG: mimi_encode start, frame.size()=1920
DEBUG: mimi_encode: copying input data
DEBUG: mimi_encode: calling projected_transformer_graph_step
DEBUG: mimi_encode: calling scratch compute
DEBUG: mimi_encode: calling graph compute
DEBUG: mimi_encode: fetching codes
DEBUG: mimi_encode done
DEBUG: after mimi_encode_receive
DEBUG: calling moshi_lm_send2
DEBUG: after moshi_lm_send2
DEBUG: calling moshi_lm_receive
DEBUG: before forward_text_step
DEBUG: after forward_text_step
DEBUG: before scratch.compute()
DEBUG: after scratch.compute()
DEBUG: before graph.compute()
DEBUG: after graph.compute()
DEBUG: after moshi_lm_receive
TOKEN_GEN: frame=73 text=0 audio=1316,243,1178,142,481,1443,666,1665,
DEBUG: calling mimi_encode_send
DEBUG: after mimi_encode_send
DEBUG: calling mimi_encode_receive
DEBUG: mimi_encode start, frame.size()=1920
DEBUG: mimi_encode: copying input data
DEBUG: mimi_encode: calling projected_transformer_graph_step
DEBUG: mimi_encode: calling scratch compute
DEBUG: mimi_encode: calling graph compute
DEBUG: mimi_encode: fetching codes
DEBUG: mimi_encode done
DEBUG: after mimi_encode_receive
DEBUG: calling moshi_lm_send2
DEBUG: after moshi_lm_send2
DEBUG: calling moshi_lm_receive
DEBUG: before forward_text_step
DEBUG: after forward_text_step
DEBUG: before scratch.compute()
DEBUG: after scratch.compute()
DEBUG: before graph.compute()
DEBUG: after graph.compute()
DEBUG: after moshi_lm_receive
TOKEN_GEN: frame=74 text=0 audio=1316,243,1178,546,1335,1030,976,1744,
VRAM_FRAME: frame=  75  M1_driver_delta_MiB= 6424  M2_phys_alloc_MiB= 2895  outside_ggml_MiB= 3528
DEBUG: calling mimi_encode_send
DEBUG: after mimi_encode_send
DEBUG: calling mimi_encode_receive
DEBUG: mimi_encode start, frame.size()=1920
DEBUG: mimi_encode: copying input data
DEBUG: mimi_encode: calling projected_transformer_graph_step
DEBUG: mimi_encode: calling scratch compute
DEBUG: mimi_encode: calling graph compute
DEBUG: mimi_encode: fetching codes
DEBUG: mimi_encode done
DEBUG: after mimi_encode_receive
DEBUG: calling moshi_lm_send2
DEBUG: after moshi_lm_send2
DEBUG: calling moshi_lm_receive
DEBUG: before forward_text_step
DEBUG: after forward_text_step
DEBUG: before scratch.compute()
DEBUG: after scratch.compute()
DEBUG: before graph.compute()
DEBUG: after graph.compute()
DEBUG: after moshi_lm_receive
TOKEN_GEN: frame=75 text=0 audio=1316,243,1178,290,1736,1443,825,1665,
DEBUG: calling mimi_encode_send
DEBUG: after mimi_encode_send
DEBUG: calling mimi_encode_receive
DEBUG: mimi_encode start, frame.size()=1920
DEBUG: mimi_encode: copying input data
DEBUG: mimi_encode: calling projected_transformer_graph_step
DEBUG: mimi_encode: calling scratch compute
DEBUG: mimi_encode: calling graph compute
DEBUG: mimi_encode: fetching codes
DEBUG: mimi_encode done
DEBUG: after mimi_encode_receive
DEBUG: calling moshi_lm_send2
DEBUG: after moshi_lm_send2
DEBUG: calling moshi_lm_receive
DEBUG: before forward_text_step
DEBUG: after forward_text_step
DEBUG: before scratch.compute()
DEBUG: after scratch.compute()
DEBUG: before graph.compute()
DEBUG: after graph.compute()
DEBUG: after moshi_lm_receive
TOKEN_GEN: frame=76 text=0 audio=1316,243,1178,164,267,1443,825,1648,
DEBUG: calling mimi_encode_send
DEBUG: after mimi_encode_send
DEBUG: calling mimi_encode_receive
DEBUG: mimi_encode start, frame.size()=1920
DEBUG: mimi_encode: copying input data
DEBUG: mimi_encode: calling projected_transformer_graph_step
DEBUG: mimi_encode: calling scratch compute
DEBUG: mimi_encode: calling graph compute
DEBUG: mimi_encode: fetching codes
DEBUG: mimi_encode done
DEBUG: after mimi_encode_receive
DEBUG: calling moshi_lm_send2
DEBUG: after moshi_lm_send2
DEBUG: calling moshi_lm_receive
DEBUG: before forward_text_step
DEBUG: after forward_text_step
DEBUG: before scratch.compute()
DEBUG: after scratch.compute()
DEBUG: before graph.compute()
DEBUG: after graph.compute()
DEBUG: after moshi_lm_receive
TOKEN_GEN: frame=77 text=0 audio=1316,243,1178,290,1736,1030,666,1665,
DEBUG: calling mimi_encode_send
DEBUG: after mimi_encode_send
DEBUG: calling mimi_encode_receive
DEBUG: mimi_encode start, frame.size()=1920
DEBUG: mimi_encode: copying input data
DEBUG: mimi_encode: calling projected_transformer_graph_step
DEBUG: mimi_encode: calling scratch compute
DEBUG: mimi_encode: calling graph compute
DEBUG: mimi_encode: fetching codes
DEBUG: mimi_encode done
DEBUG: after mimi_encode_receive
DEBUG: calling moshi_lm_send2
DEBUG: after moshi_lm_send2
DEBUG: calling moshi_lm_receive
DEBUG: before forward_text_step
DEBUG: after forward_text_step
DEBUG: before scratch.compute()
DEBUG: after scratch.compute()
DEBUG: before graph.compute()
DEBUG: after graph.compute()
DEBUG: after moshi_lm_receive
TOKEN_GEN: frame=78 text=0 audio=1316,1211,1616,546,340,1335,825,1255,
DEBUG: calling mimi_encode_send
DEBUG: after mimi_encode_send
DEBUG: calling mimi_encode_receive
DEBUG: mimi_encode start, frame.size()=1920
DEBUG: mimi_encode: copying input data
DEBUG: mimi_encode: calling projected_transformer_graph_step
DEBUG: mimi_encode: calling scratch compute
DEBUG: mimi_encode: calling graph compute
DEBUG: mimi_encode: fetching codes
DEBUG: mimi_encode done
DEBUG: after mimi_encode_receive
DEBUG: calling moshi_lm_send2
DEBUG: after moshi_lm_send2
DEBUG: calling moshi_lm_receive
DEBUG: before forward_text_step
DEBUG: after forward_text_step
DEBUG: before scratch.compute()
DEBUG: after scratch.compute()
DEBUG: before graph.compute()
DEBUG: after graph.compute()
DEBUG: after moshi_lm_receive
TOKEN_GEN: frame=79 text=14060 audio=255,243,1178,290,1736,1443,666,1665,
 crossesDEBUG: calling mimi_encode_send
DEBUG: after mimi_encode_send
DEBUG: calling mimi_encode_receive
DEBUG: mimi_encode start, frame.size()=1920
DEBUG: mimi_encode: copying input data
DEBUG: mimi_encode: calling projected_transformer_graph_step
DEBUG: mimi_encode: calling scratch compute
DEBUG: mimi_encode: calling graph compute
DEBUG: mimi_encode: fetching codes
DEBUG: mimi_encode done
DEBUG: after mimi_encode_receive
DEBUG: calling moshi_lm_send2
DEBUG: after moshi_lm_send2
DEBUG: calling moshi_lm_receive
DEBUG: before forward_text_step
DEBUG: after forward_text_step
DEBUG: before scratch.compute()
DEBUG: after scratch.compute()
DEBUG: before graph.compute()
DEBUG: after graph.compute()
DEBUG: after moshi_lm_receive
TOKEN_GEN: frame=80 text=0 audio=1316,243,1178,142,481,1572,1978,1665,
DEBUG: calling mimi_encode_send
DEBUG: after mimi_encode_send
DEBUG: calling mimi_encode_receive
DEBUG: mimi_encode start, frame.size()=1920
DEBUG: mimi_encode: copying input data
DEBUG: mimi_encode: calling projected_transformer_graph_step
DEBUG: mimi_encode: calling scratch compute
DEBUG: mimi_encode: calling graph compute
DEBUG: mimi_encode: fetching codes
DEBUG: mimi_encode done
DEBUG: after mimi_encode_receive
DEBUG: calling moshi_lm_send2
DEBUG: after moshi_lm_send2
DEBUG: calling moshi_lm_receive
DEBUG: before forward_text_step
DEBUG: after forward_text_step
DEBUG: before scratch.compute()
DEBUG: after scratch.compute()
DEBUG: before graph.compute()
DEBUG: after graph.compute()
DEBUG: after moshi_lm_receive
TOKEN_GEN: frame=81 text=13742 audio=1316,243,1178,142,481,1443,825,1744,
 chipsDEBUG: calling mimi_encode_send
DEBUG: after mimi_encode_send
DEBUG: calling mimi_encode_receive
DEBUG: mimi_encode start, frame.size()=1920
DEBUG: mimi_encode: copying input data
DEBUG: mimi_encode: calling projected_transformer_graph_step
DEBUG: mimi_encode: calling scratch compute
DEBUG: mimi_encode: calling graph compute
DEBUG: mimi_encode: fetching codes
DEBUG: mimi_encode done
DEBUG: after mimi_encode_receive
DEBUG: calling moshi_lm_send2
DEBUG: after moshi_lm_send2
DEBUG: calling moshi_lm_receive
DEBUG: before forward_text_step
DEBUG: after forward_text_step
DEBUG: before scratch.compute()
DEBUG: after scratch.compute()
DEBUG: before graph.compute()
DEBUG: after graph.compute()
DEBUG: after moshi_lm_receive
TOKEN_GEN: frame=82 text=0 audio=1316,243,1178,142,481,1443,825,1665,
DEBUG: calling mimi_encode_send
DEBUG: after mimi_encode_send
DEBUG: calling mimi_encode_receive
DEBUG: mimi_encode start, frame.size()=1920
DEBUG: mimi_encode: copying input data
DEBUG: mimi_encode: calling projected_transformer_graph_step
DEBUG: mimi_encode: calling scratch compute
DEBUG: mimi_encode: calling graph compute
DEBUG: mimi_encode: fetching codes
DEBUG: mimi_encode done
DEBUG: after mimi_encode_receive
DEBUG: calling moshi_lm_send2
DEBUG: after moshi_lm_send2
DEBUG: calling moshi_lm_receive
DEBUG: before forward_text_step
DEBUG: after forward_text_step
DEBUG: before scratch.compute()
DEBUG: after scratch.compute()
DEBUG: before graph.compute()
DEBUG: after graph.compute()
DEBUG: after moshi_lm_receive
TOKEN_GEN: frame=83 text=0 audio=1316,243,1178,290,1736,1443,976,1648,
DEBUG: calling mimi_encode_send
DEBUG: after mimi_encode_send
DEBUG: calling mimi_encode_receive
DEBUG: mimi_encode start, frame.size()=1920
DEBUG: mimi_encode: copying input data
DEBUG: mimi_encode: calling projected_transformer_graph_step
DEBUG: mimi_encode: calling scratch compute
DEBUG: mimi_encode: calling graph compute
DEBUG: mimi_encode: fetching codes
DEBUG: mimi_encode done
DEBUG: after mimi_encode_receive
DEBUG: calling moshi_lm_send2
DEBUG: after moshi_lm_send2
DEBUG: calling moshi_lm_receive
DEBUG: before forward_text_step
DEBUG: after forward_text_step
DEBUG: before scratch.compute()
DEBUG: after scratch.compute()
DEBUG: before graph.compute()
DEBUG: after graph.compute()
DEBUG: after moshi_lm_receive
TOKEN_GEN: frame=84 text=0 audio=1316,243,1178,142,481,1443,825,1665,
DEBUG: calling mimi_encode_send
DEBUG: after mimi_encode_send
DEBUG: calling mimi_encode_receive
DEBUG: mimi_encode start, frame.size()=1920
DEBUG: mimi_encode: copying input data
DEBUG: mimi_encode: calling projected_transformer_graph_step
DEBUG: mimi_encode: calling scratch compute
DEBUG: mimi_encode: calling graph compute
DEBUG: mimi_encode: fetching codes
DEBUG: mimi_encode done
DEBUG: after mimi_encode_receive
DEBUG: calling moshi_lm_send2
DEBUG: after moshi_lm_send2
DEBUG: calling moshi_lm_receive
DEBUG: before forward_text_step
DEBUG: after forward_text_step
DEBUG: before scratch.compute()
DEBUG: after scratch.compute()
DEBUG: before graph.compute()
DEBUG: after graph.compute()
DEBUG: after moshi_lm_receive
TOKEN_GEN: frame=85 text=0 audio=1316,1211,1616,1620,340,1335,976,1665,
DEBUG: calling mimi_encode_send
DEBUG: after mimi_encode_send
DEBUG: calling mimi_encode_receive
DEBUG: mimi_encode start, frame.size()=1920
DEBUG: mimi_encode: copying input data
DEBUG: mimi_encode: calling projected_transformer_graph_step
DEBUG: mimi_encode: calling scratch compute
DEBUG: mimi_encode: calling graph compute
DEBUG: mimi_encode: fetching codes
DEBUG: mimi_encode done
DEBUG: after mimi_encode_receive
DEBUG: calling moshi_lm_send2
DEBUG: after moshi_lm_send2
DEBUG: calling moshi_lm_receive
DEBUG: before forward_text_step
DEBUG: after forward_text_step
DEBUG: before scratch.compute()
DEBUG: after scratch.compute()
DEBUG: before graph.compute()
DEBUG: after graph.compute()
DEBUG: after moshi_lm_receive
TOKEN_GEN: frame=86 text=14060 audio=1316,1211,1559,1348,1015,11,1433,1628,
 crossesDEBUG: calling mimi_encode_send
DEBUG: after mimi_encode_send
DEBUG: calling mimi_encode_receive
DEBUG: mimi_encode start, frame.size()=1920
DEBUG: mimi_encode: copying input data
DEBUG: mimi_encode: calling projected_transformer_graph_step
DEBUG: mimi_encode: calling scratch compute
DEBUG: mimi_encode: calling graph compute
DEBUG: mimi_encode: fetching codes
DEBUG: mimi_encode done
DEBUG: after mimi_encode_receive
DEBUG: calling moshi_lm_send2
DEBUG: after moshi_lm_send2
DEBUG: calling moshi_lm_receive
DEBUG: before forward_text_step
DEBUG: after forward_text_step
DEBUG: before scratch.compute()
DEBUG: after scratch.compute()
DEBUG: before graph.compute()
DEBUG: after graph.compute()
DEBUG: after moshi_lm_receive
TOKEN_GEN: frame=87 text=3 audio=1316,243,1178,546,481,1443,666,1744,
DEBUG: calling mimi_encode_send
DEBUG: after mimi_encode_send
DEBUG: calling mimi_encode_receive
DEBUG: mimi_encode start, frame.size()=1920
DEBUG: mimi_encode: copying input data
DEBUG: mimi_encode: calling projected_transformer_graph_step
DEBUG: mimi_encode: calling scratch compute
DEBUG: mimi_encode: calling graph compute
DEBUG: mimi_encode: fetching codes
DEBUG: mimi_encode done
DEBUG: after mimi_encode_receive
DEBUG: calling moshi_lm_send2
DEBUG: after moshi_lm_send2
DEBUG: calling moshi_lm_receive
DEBUG: before forward_text_step
DEBUG: after forward_text_step
DEBUG: before scratch.compute()
DEBUG: after scratch.compute()
DEBUG: before graph.compute()
DEBUG: after graph.compute()
DEBUG: after moshi_lm_receive
TOKEN_GEN: frame=88 text=0 audio=1316,243,1178,142,481,1572,666,1665,
DEBUG: calling mimi_encode_send
DEBUG: after mimi_encode_send
DEBUG: calling mimi_encode_receive
DEBUG: mimi_encode start, frame.size()=1920
DEBUG: mimi_encode: copying input data
DEBUG: mimi_encode: calling projected_transformer_graph_step
DEBUG: mimi_encode: calling scratch compute
DEBUG: mimi_encode: calling graph compute
DEBUG: mimi_encode: fetching codes
DEBUG: mimi_encode done
DEBUG: after mimi_encode_receive
DEBUG: calling moshi_lm_send2
DEBUG: after moshi_lm_send2
DEBUG: calling moshi_lm_receive
DEBUG: before forward_text_step
DEBUG: after forward_text_step
DEBUG: before scratch.compute()
DEBUG: after scratch.compute()
DEBUG: before graph.compute()
DEBUG: after graph.compute()
DEBUG: after moshi_lm_receive
TOKEN_GEN: frame=89 text=3 audio=1711,1211,1697,1348,306,482,666,156,
DEBUG: calling mimi_encode_send
DEBUG: after mimi_encode_send
DEBUG: calling mimi_encode_receive
DEBUG: mimi_encode start, frame.size()=1920
DEBUG: mimi_encode: copying input data
DEBUG: mimi_encode: calling projected_transformer_graph_step
DEBUG: mimi_encode: calling scratch compute
DEBUG: mimi_encode: calling graph compute
DEBUG: mimi_encode: fetching codes
DEBUG: mimi_encode done
DEBUG: after mimi_encode_receive
DEBUG: calling moshi_lm_send2
DEBUG: after moshi_lm_send2
DEBUG: calling moshi_lm_receive
DEBUG: before forward_text_step
DEBUG: after forward_text_step
DEBUG: before scratch.compute()
DEBUG: after scratch.compute()
DEBUG: before graph.compute()
DEBUG: after graph.compute()
DEBUG: after moshi_lm_receive
TOKEN_GEN: frame=90 text=0 audio=1316,1211,457,290,340,1509,666,1665,
DEBUG: calling mimi_encode_send
DEBUG: after mimi_encode_send
DEBUG: calling mimi_encode_receive
DEBUG: mimi_encode start, frame.size()=1920
DEBUG: mimi_encode: copying input data
DEBUG: mimi_encode: calling projected_transformer_graph_step
DEBUG: mimi_encode: calling scratch compute
DEBUG: mimi_encode: calling graph compute
DEBUG: mimi_encode: fetching codes
DEBUG: mimi_encode done
DEBUG: after mimi_encode_receive
DEBUG: calling moshi_lm_send2
DEBUG: after moshi_lm_send2
DEBUG: calling moshi_lm_receive
DEBUG: before forward_text_step
DEBUG: after forward_text_step
DEBUG: before scratch.compute()
DEBUG: after scratch.compute()
DEBUG: before graph.compute()
DEBUG: after graph.compute()
DEBUG: after moshi_lm_receive
TOKEN_GEN: frame=91 text=0 audio=1316,243,1178,290,1736,1030,976,1665,
DEBUG: calling mimi_encode_send
DEBUG: after mimi_encode_send
DEBUG: calling mimi_encode_receive
DEBUG: mimi_encode start, frame.size()=1920
DEBUG: mimi_encode: copying input data
DEBUG: mimi_encode: calling projected_transformer_graph_step
DEBUG: mimi_encode: calling scratch compute
DEBUG: mimi_encode: calling graph compute
DEBUG: mimi_encode: fetching codes
DEBUG: mimi_encode done
DEBUG: after mimi_encode_receive
DEBUG: calling moshi_lm_send2
DEBUG: after moshi_lm_send2
DEBUG: calling moshi_lm_receive
DEBUG: before forward_text_step
DEBUG: after forward_text_step
DEBUG: before scratch.compute()
DEBUG: after scratch.compute()
DEBUG: before graph.compute()
DEBUG: after graph.compute()
DEBUG: after moshi_lm_receive
TOKEN_GEN: frame=92 text=2890 audio=1316,1211,457,546,915,555,666,1665,
ckDEBUG: calling mimi_encode_send
DEBUG: after mimi_encode_send
DEBUG: calling mimi_encode_receive
DEBUG: mimi_encode start, frame.size()=1920
DEBUG: mimi_encode: copying input data
DEBUG: mimi_encode: calling projected_transformer_graph_step
DEBUG: mimi_encode: calling scratch compute
DEBUG: mimi_encode: calling graph compute
DEBUG: mimi_encode: fetching codes
DEBUG: mimi_encode done
DEBUG: after mimi_encode_receive
DEBUG: calling moshi_lm_send2
DEBUG: after moshi_lm_send2
DEBUG: calling moshi_lm_receive
DEBUG: before forward_text_step
DEBUG: after forward_text_step
DEBUG: before scratch.compute()
DEBUG: after scratch.compute()
DEBUG: before graph.compute()
DEBUG: after graph.compute()
DEBUG: after moshi_lm_receive
TOKEN_GEN: frame=93 text=0 audio=1118,1211,1016,488,267,300,837,1439,
DEBUG: calling mimi_encode_send
DEBUG: after mimi_encode_send
DEBUG: calling mimi_encode_receive
DEBUG: mimi_encode start, frame.size()=1920
DEBUG: mimi_encode: copying input data
DEBUG: mimi_encode: calling projected_transformer_graph_step
DEBUG: mimi_encode: calling scratch compute
DEBUG: mimi_encode: calling graph compute
DEBUG: mimi_encode: fetching codes
DEBUG: mimi_encode done
DEBUG: after mimi_encode_receive
DEBUG: calling moshi_lm_send2
DEBUG: after moshi_lm_send2
DEBUG: calling moshi_lm_receive
DEBUG: before forward_text_step
DEBUG: after forward_text_step
DEBUG: before scratch.compute()
DEBUG: after scratch.compute()
DEBUG: before graph.compute()
DEBUG: after graph.compute()
DEBUG: after moshi_lm_receive
TOKEN_GEN: frame=94 text=9034 audio=318,243,783,164,267,1030,1978,2008,
 lapDEBUG: calling mimi_encode_send
DEBUG: after mimi_encode_send
DEBUG: calling mimi_encode_receive
DEBUG: mimi_encode start, frame.size()=1920
DEBUG: mimi_encode: copying input data
DEBUG: mimi_encode: calling projected_transformer_graph_step
DEBUG: mimi_encode: calling scratch compute
DEBUG: mimi_encode: calling graph compute
DEBUG: mimi_encode: fetching codes
DEBUG: mimi_encode done
DEBUG: after mimi_encode_receive
DEBUG: calling moshi_lm_send2
DEBUG: after moshi_lm_send2
DEBUG: calling moshi_lm_receive
DEBUG: before forward_text_step
DEBUG: after forward_text_step
DEBUG: before scratch.compute()
DEBUG: after scratch.compute()
DEBUG: before graph.compute()
DEBUG: after graph.compute()
DEBUG: after moshi_lm_receive
TOKEN_GEN: frame=95 text=0 audio=1316,243,1178,164,1736,1572,666,1665,
DEBUG: calling mimi_encode_send
DEBUG: after mimi_encode_send
DEBUG: calling mimi_encode_receive
DEBUG: mimi_encode start, frame.size()=1920
DEBUG: mimi_encode: copying input data
DEBUG: mimi_encode: calling projected_transformer_graph_step
DEBUG: mimi_encode: calling scratch compute
DEBUG: mimi_encode: calling graph compute
DEBUG: mimi_encode: fetching codes
DEBUG: mimi_encode done
DEBUG: after mimi_encode_receive
DEBUG: calling moshi_lm_send2
DEBUG: after moshi_lm_send2
DEBUG: calling moshi_lm_receive
DEBUG: before forward_text_step
DEBUG: after forward_text_step
DEBUG: before scratch.compute()
DEBUG: after scratch.compute()
DEBUG: before graph.compute()
DEBUG: after graph.compute()
DEBUG: after moshi_lm_receive
TOKEN_GEN: frame=96 text=0 audio=1316,243,1178,546,481,1572,976,1665,
DEBUG: calling mimi_encode_send
DEBUG: after mimi_encode_send
DEBUG: calling mimi_encode_receive
DEBUG: mimi_encode start, frame.size()=1920
DEBUG: mimi_encode: copying input data
DEBUG: mimi_encode: calling projected_transformer_graph_step
DEBUG: mimi_encode: calling scratch compute
DEBUG: mimi_encode: calling graph compute
DEBUG: mimi_encode: fetching codes
DEBUG: mimi_encode done
DEBUG: after mimi_encode_receive
DEBUG: calling moshi_lm_send2
DEBUG: after moshi_lm_send2
DEBUG: calling moshi_lm_receive
DEBUG: before forward_text_step
DEBUG: after forward_text_step
DEBUG: before scratch.compute()
DEBUG: after scratch.compute()
DEBUG: before graph.compute()
DEBUG: after graph.compute()
DEBUG: after moshi_lm_receive
TOKEN_GEN: frame=97 text=3 audio=1316,243,1178,546,1335,1030,976,1665,
DEBUG: calling mimi_encode_send
DEBUG: after mimi_encode_send
DEBUG: calling mimi_encode_receive
DEBUG: mimi_encode start, frame.size()=1920
DEBUG: mimi_encode: copying input data
DEBUG: mimi_encode: calling projected_transformer_graph_step
DEBUG: mimi_encode: calling scratch compute
DEBUG: mimi_encode: calling graph compute
DEBUG: mimi_encode: fetching codes
DEBUG: mimi_encode done
DEBUG: after mimi_encode_receive
DEBUG: calling moshi_lm_send2
DEBUG: after moshi_lm_send2
DEBUG: calling moshi_lm_receive
DEBUG: before forward_text_step
DEBUG: after forward_text_step
DEBUG: before scratch.compute()
DEBUG: after scratch.compute()
DEBUG: before graph.compute()
DEBUG: after graph.compute()
DEBUG: after moshi_lm_receive
TOKEN_GEN: frame=98 text=0 audio=1118,243,1178,290,1019,1030,976,2008,
DEBUG: calling mimi_encode_send
DEBUG: after mimi_encode_send
DEBUG: calling mimi_encode_receive
DEBUG: mimi_encode start, frame.size()=1920
DEBUG: mimi_encode: copying input data
DEBUG: mimi_encode: calling projected_transformer_graph_step
DEBUG: mimi_encode: calling scratch compute
DEBUG: mimi_encode: calling graph compute
DEBUG: mimi_encode: fetching codes
DEBUG: mimi_encode done
DEBUG: after mimi_encode_receive
DEBUG: calling moshi_lm_send2
DEBUG: after moshi_lm_send2
DEBUG: calling moshi_lm_receive
DEBUG: before forward_text_step
DEBUG: after forward_text_step
DEBUG: before scratch.compute()
DEBUG: after scratch.compute()
DEBUG: before graph.compute()
DEBUG: after graph.compute()
DEBUG: after moshi_lm_receive
TOKEN_GEN: frame=99 text=14060 audio=835,243,1559,546,1335,165,1044,1665,
VRAM_FRAME: frame= 100  M1_driver_delta_MiB= 6424  M2_phys_alloc_MiB= 2895  outside_ggml_MiB= 3528
 crossesDEBUG: calling mimi_encode_send
DEBUG: after mimi_encode_send
DEBUG: calling mimi_encode_receive
DEBUG: mimi_encode start, frame.size()=1920
DEBUG: mimi_encode: copying input data
DEBUG: mimi_encode: calling projected_transformer_graph_step
DEBUG: mimi_encode: calling scratch compute
DEBUG: mimi_encode: calling graph compute
DEBUG: mimi_encode: fetching codes
DEBUG: mimi_encode done
DEBUG: after mimi_encode_receive
DEBUG: calling moshi_lm_send2
DEBUG: after moshi_lm_send2
DEBUG: calling moshi_lm_receive
DEBUG: before forward_text_step
DEBUG: after forward_text_step
DEBUG: before scratch.compute()
DEBUG: after scratch.compute()
DEBUG: before graph.compute()
DEBUG: after graph.compute()
DEBUG: after moshi_lm_receive
TOKEN_GEN: frame=100 text=3369 audio=48,1700,1626,142,946,1443,825,1665,
 straightDEBUG: calling mimi_encode_send
DEBUG: after mimi_encode_send
DEBUG: calling mimi_encode_receive
DEBUG: mimi_encode start, frame.size()=1920
DEBUG: mimi_encode: copying input data
DEBUG: mimi_encode: calling projected_transformer_graph_step
DEBUG: mimi_encode: calling scratch compute
DEBUG: mimi_encode: calling graph compute
DEBUG: mimi_encode: fetching codes
DEBUG: mimi_encode done
DEBUG: after mimi_encode_receive
DEBUG: calling moshi_lm_send2
DEBUG: after moshi_lm_send2
DEBUG: calling moshi_lm_receive
DEBUG: before forward_text_step
DEBUG: after forward_text_step
DEBUG: before scratch.compute()
DEBUG: after scratch.compute()
DEBUG: before graph.compute()
DEBUG: after graph.compute()
DEBUG: after moshi_lm_receive
TOKEN_GEN: frame=101 text=273 audio=1316,243,1029,142,1736,1443,1978,1665,
-DEBUG: calling mimi_encode_send
DEBUG: after mimi_encode_send
DEBUG: calling mimi_encode_receive
DEBUG: mimi_encode start, frame.size()=1920
DEBUG: mimi_encode: copying input data
DEBUG: mimi_encode: calling projected_transformer_graph_step
DEBUG: mimi_encode: calling scratch compute
DEBUG: mimi_encode: calling graph compute
DEBUG: mimi_encode: fetching codes
DEBUG: mimi_encode done
DEBUG: after mimi_encode_receive
DEBUG: calling moshi_lm_send2
DEBUG: after moshi_lm_send2
DEBUG: calling moshi_lm_receive
DEBUG: before forward_text_step
DEBUG: after forward_text_step
DEBUG: before scratch.compute()
DEBUG: after scratch.compute()
DEBUG: before graph.compute()
DEBUG: after graph.compute()
DEBUG: after moshi_lm_receive
TOKEN_GEN: frame=102 text=0 audio=1316,243,1178,142,267,1572,976,1665,
DEBUG: calling mimi_encode_send
DEBUG: after mimi_encode_send
DEBUG: calling mimi_encode_receive
DEBUG: mimi_encode start, frame.size()=1920
DEBUG: mimi_encode: copying input data
DEBUG: mimi_encode: calling projected_transformer_graph_step
DEBUG: mimi_encode: calling scratch compute
DEBUG: mimi_encode: calling graph compute
DEBUG: mimi_encode: fetching codes
DEBUG: mimi_encode done
DEBUG: after mimi_encode_receive
DEBUG: calling moshi_lm_send2
DEBUG: after moshi_lm_send2
DEBUG: calling moshi_lm_receive
DEBUG: before forward_text_step
DEBUG: after forward_text_step
DEBUG: before scratch.compute()
DEBUG: after scratch.compute()
DEBUG: before graph.compute()
DEBUG: after graph.compute()
DEBUG: after moshi_lm_receive
TOKEN_GEN: frame=103 text=0 audio=1316,243,1178,546,481,1030,825,2008,
DEBUG: calling mimi_encode_send
DEBUG: after mimi_encode_send
DEBUG: calling mimi_encode_receive
DEBUG: mimi_encode start, frame.size()=1920
DEBUG: mimi_encode: copying input data
DEBUG: mimi_encode: calling projected_transformer_graph_step
DEBUG: mimi_encode: calling scratch compute
DEBUG: mimi_encode: calling graph compute
DEBUG: mimi_encode: fetching codes
DEBUG: mimi_encode done
DEBUG: after mimi_encode_receive
DEBUG: calling moshi_lm_send2
DEBUG: after moshi_lm_send2
DEBUG: calling moshi_lm_receive
DEBUG: before forward_text_step
DEBUG: after forward_text_step
DEBUG: before scratch.compute()
DEBUG: after scratch.compute()
DEBUG: before graph.compute()
DEBUG: after graph.compute()
DEBUG: after moshi_lm_receive
TOKEN_GEN: frame=104 text=20086 audio=1118,243,1178,290,1736,1443,666,2008,
 affectionDEBUG: calling mimi_encode_send
DEBUG: after mimi_encode_send
DEBUG: calling mimi_encode_receive
DEBUG: mimi_encode start, frame.size()=1920
DEBUG: mimi_encode: copying input data
DEBUG: mimi_encode: calling projected_transformer_graph_step
DEBUG: mimi_encode: calling scratch compute
DEBUG: mimi_encode: calling graph compute
DEBUG: mimi_encode: fetching codes
DEBUG: mimi_encode done
DEBUG: after mimi_encode_receive
DEBUG: calling moshi_lm_send2
DEBUG: after moshi_lm_send2
DEBUG: calling moshi_lm_receive
DEBUG: before forward_text_step
DEBUG: after forward_text_step
DEBUG: before scratch.compute()
DEBUG: after scratch.compute()
DEBUG: before graph.compute()
DEBUG: after graph.compute()
DEBUG: after moshi_lm_receive
TOKEN_GEN: frame=105 text=31294 audio=1316,1211,457,290,267,11,43,1648,
 communismDEBUG: calling mimi_encode_send
DEBUG: after mimi_encode_send
DEBUG: calling mimi_encode_receive
DEBUG: mimi_encode start, frame.size()=1920
DEBUG: mimi_encode: copying input data
DEBUG: mimi_encode: calling projected_transformer_graph_step
DEBUG: mimi_encode: calling scratch compute
DEBUG: mimi_encode: calling graph compute
DEBUG: mimi_encode: fetching codes
DEBUG: mimi_encode done
DEBUG: after mimi_encode_receive
DEBUG: calling moshi_lm_send2
DEBUG: after moshi_lm_send2
DEBUG: calling moshi_lm_receive
DEBUG: before forward_text_step
DEBUG: after forward_text_step
DEBUG: before scratch.compute()
DEBUG: after scratch.compute()
DEBUG: before graph.compute()
DEBUG: after graph.compute()
DEBUG: after moshi_lm_receive
TOKEN_GEN: frame=106 text=0 audio=1316,1211,457,290,267,165,1978,2008,
DEBUG: calling mimi_encode_send
DEBUG: after mimi_encode_send
DEBUG: calling mimi_encode_receive
DEBUG: mimi_encode start, frame.size()=1920
DEBUG: mimi_encode: copying input data
DEBUG: mimi_encode: calling projected_transformer_graph_step
DEBUG: mimi_encode: calling scratch compute
DEBUG: mimi_encode: calling graph compute
DEBUG: mimi_encode: fetching codes
DEBUG: mimi_encode done
DEBUG: after mimi_encode_receive
DEBUG: calling moshi_lm_send2
DEBUG: after moshi_lm_send2
DEBUG: calling moshi_lm_receive
DEBUG: before forward_text_step
DEBUG: after forward_text_step
DEBUG: before scratch.compute()
DEBUG: after scratch.compute()
DEBUG: before graph.compute()
DEBUG: after graph.compute()
DEBUG: after moshi_lm_receive
TOKEN_GEN: frame=107 text=9034 audio=1316,243,1178,142,481,1443,666,1744,
 lapDEBUG: calling mimi_encode_send
DEBUG: after mimi_encode_send
DEBUG: calling mimi_encode_receive
DEBUG: mimi_encode start, frame.size()=1920
DEBUG: mimi_encode: copying input data
DEBUG: mimi_encode: calling projected_transformer_graph_step
DEBUG: mimi_encode: calling scratch compute
DEBUG: mimi_encode: calling graph compute
DEBUG: mimi_encode: fetching codes
DEBUG: mimi_encode done
DEBUG: after mimi_encode_receive
DEBUG: calling moshi_lm_send2
DEBUG: after moshi_lm_send2
DEBUG: calling moshi_lm_receive
DEBUG: before forward_text_step
DEBUG: after forward_text_step
DEBUG: before scratch.compute()
DEBUG: after scratch.compute()
DEBUG: before graph.compute()
DEBUG: after graph.compute()
DEBUG: after moshi_lm_receive
TOKEN_GEN: frame=108 text=0 audio=1316,243,1559,164,1736,1030,666,1665,
DEBUG: calling mimi_encode_send
DEBUG: after mimi_encode_send
DEBUG: calling mimi_encode_receive
DEBUG: mimi_encode start, frame.size()=1920
DEBUG: mimi_encode: copying input data
DEBUG: mimi_encode: calling projected_transformer_graph_step
DEBUG: mimi_encode: calling scratch compute
DEBUG: mimi_encode: calling graph compute
DEBUG: mimi_encode: fetching codes
DEBUG: mimi_encode done
DEBUG: after mimi_encode_receive
DEBUG: calling moshi_lm_send2
DEBUG: after moshi_lm_send2
DEBUG: calling moshi_lm_receive
DEBUG: before forward_text_step
DEBUG: after forward_text_step
DEBUG: before scratch.compute()
DEBUG: after scratch.compute()
DEBUG: before graph.compute()
DEBUG: after graph.compute()
DEBUG: after moshi_lm_receive
TOKEN_GEN: frame=109 text=12392 audio=1316,1211,1559,97,340,347,976,1665,
 upwardDEBUG: calling mimi_encode_send
DEBUG: after mimi_encode_send
DEBUG: calling mimi_encode_receive
DEBUG: mimi_encode start, frame.size()=1920
DEBUG: mimi_encode: copying input data
DEBUG: mimi_encode: calling projected_transformer_graph_step
DEBUG: mimi_encode: calling scratch compute
DEBUG: mimi_encode: calling graph compute
DEBUG: mimi_encode: fetching codes
DEBUG: mimi_encode done
DEBUG: after mimi_encode_receive
DEBUG: calling moshi_lm_send2
DEBUG: after moshi_lm_send2
DEBUG: calling moshi_lm_receive
DEBUG: before forward_text_step
DEBUG: after forward_text_step
DEBUG: before scratch.compute()
DEBUG: after scratch.compute()
DEBUG: before graph.compute()
DEBUG: after graph.compute()
DEBUG: after moshi_lm_receive
TOKEN_GEN: frame=110 text=25737 audio=1316,243,1178,1348,1335,1443,976,1648,
 bellyDEBUG: calling mimi_encode_send
DEBUG: after mimi_encode_send
DEBUG: calling mimi_encode_receive
DEBUG: mimi_encode start, frame.size()=1920
DEBUG: mimi_encode: copying input data
DEBUG: mimi_encode: calling projected_transformer_graph_step
DEBUG: mimi_encode: calling scratch compute
DEBUG: mimi_encode: calling graph compute
DEBUG: mimi_encode: fetching codes
DEBUG: mimi_encode done
DEBUG: after mimi_encode_receive
DEBUG: calling moshi_lm_send2
DEBUG: after moshi_lm_send2
DEBUG: calling moshi_lm_receive
DEBUG: before forward_text_step
DEBUG: after forward_text_step
DEBUG: before scratch.compute()
DEBUG: after scratch.compute()
DEBUG: before graph.compute()
DEBUG: after graph.compute()
DEBUG: after moshi_lm_receive
TOKEN_GEN: frame=111 text=14117 audio=1656,1042,1628,978,147,1986,744,1137,
 DaleDEBUG: calling mimi_encode_send
DEBUG: after mimi_encode_send
DEBUG: calling mimi_encode_receive
DEBUG: mimi_encode start, frame.size()=1920
DEBUG: mimi_encode: copying input data
DEBUG: mimi_encode: calling projected_transformer_graph_step
DEBUG: mimi_encode: calling scratch compute
DEBUG: mimi_encode: calling graph compute
DEBUG: mimi_encode: fetching codes
DEBUG: mimi_encode done
DEBUG: after mimi_encode_receive
DEBUG: calling moshi_lm_send2
DEBUG: after moshi_lm_send2
DEBUG: calling moshi_lm_receive
DEBUG: before forward_text_step
DEBUG: after forward_text_step
DEBUG: before scratch.compute()
DEBUG: after scratch.compute()
DEBUG: before graph.compute()
DEBUG: after graph.compute()
DEBUG: after moshi_lm_receive
TOKEN_GEN: frame=112 text=14117 audio=1584,1700,1626,142,1736,478,1978,2008,
 DaleDEBUG: calling mimi_encode_send
DEBUG: after mimi_encode_send
DEBUG: calling mimi_encode_receive
DEBUG: mimi_encode start, frame.size()=1920
DEBUG: mimi_encode: copying input data
DEBUG: mimi_encode: calling projected_transformer_graph_step
DEBUG: mimi_encode: calling scratch compute
DEBUG: mimi_encode: calling graph compute
DEBUG: mimi_encode: fetching codes
DEBUG: mimi_encode done
DEBUG: after mimi_encode_receive
DEBUG: calling moshi_lm_send2
DEBUG: after moshi_lm_send2
DEBUG: calling moshi_lm_receive
DEBUG: before forward_text_step
DEBUG: after forward_text_step
DEBUG: before scratch.compute()
DEBUG: after scratch.compute()
DEBUG: before graph.compute()
DEBUG: after graph.compute()
DEBUG: after moshi_lm_receive
TOKEN_GEN: frame=113 text=16020 audio=1608,1700,1626,164,946,11,976,1744,
gravDEBUG: calling mimi_encode_send
DEBUG: after mimi_encode_send
DEBUG: calling mimi_encode_receive
DEBUG: mimi_encode start, frame.size()=1920
DEBUG: mimi_encode: copying input data
DEBUG: mimi_encode: calling projected_transformer_graph_step
DEBUG: mimi_encode: calling scratch compute
DEBUG: mimi_encode: calling graph compute
DEBUG: mimi_encode: fetching codes
DEBUG: mimi_encode done
DEBUG: after mimi_encode_receive
DEBUG: calling moshi_lm_send2
DEBUG: after moshi_lm_send2
DEBUG: calling moshi_lm_receive
DEBUG: before forward_text_step
DEBUG: after forward_text_step
DEBUG: before scratch.compute()
DEBUG: after scratch.compute()
DEBUG: before graph.compute()
DEBUG: after graph.compute()
DEBUG: after moshi_lm_receive
TOKEN_GEN: frame=114 text=3592 audio=1316,1700,1626,142,946,1443,666,1744,
wiDEBUG: calling mimi_encode_send
DEBUG: after mimi_encode_send
DEBUG: calling mimi_encode_receive
DEBUG: mimi_encode start, frame.size()=1920
DEBUG: mimi_encode: copying input data
DEBUG: mimi_encode: calling projected_transformer_graph_step
DEBUG: mimi_encode: calling scratch compute
DEBUG: mimi_encode: calling graph compute
DEBUG: mimi_encode: fetching codes
DEBUG: mimi_encode done
DEBUG: after mimi_encode_receive
DEBUG: calling moshi_lm_send2
DEBUG: after moshi_lm_send2
DEBUG: calling moshi_lm_receive
DEBUG: before forward_text_step
DEBUG: after forward_text_step
DEBUG: before scratch.compute()
DEBUG: after scratch.compute()
DEBUG: before graph.compute()
DEBUG: after graph.compute()
DEBUG: after moshi_lm_receive
TOKEN_GEN: frame=115 text=3369 audio=537,243,1178,142,481,1443,666,2008,
 straightDEBUG: calling mimi_encode_send
DEBUG: after mimi_encode_send
DEBUG: calling mimi_encode_receive
DEBUG: mimi_encode start, frame.size()=1920
DEBUG: mimi_encode: copying input data
DEBUG: mimi_encode: calling projected_transformer_graph_step
DEBUG: mimi_encode: calling scratch compute
DEBUG: mimi_encode: calling graph compute
DEBUG: mimi_encode: fetching codes
DEBUG: mimi_encode done
DEBUG: after mimi_encode_receive
DEBUG: calling moshi_lm_send2
DEBUG: after moshi_lm_send2
DEBUG: calling moshi_lm_receive
DEBUG: before forward_text_step
DEBUG: after forward_text_step
DEBUG: before scratch.compute()
DEBUG: after scratch.compute()
DEBUG: before graph.compute()
DEBUG: after graph.compute()
DEBUG: after moshi_lm_receive
TOKEN_GEN: frame=116 text=0 audio=537,1211,1559,290,267,1443,976,1648,
DEBUG: calling mimi_encode_send
DEBUG: after mimi_encode_send
DEBUG: calling mimi_encode_receive
DEBUG: mimi_encode start, frame.size()=1920
DEBUG: mimi_encode: copying input data
DEBUG: mimi_encode: calling projected_transformer_graph_step
DEBUG: mimi_encode: calling scratch compute
DEBUG: mimi_encode: calling graph compute
DEBUG: mimi_encode: fetching codes
DEBUG: mimi_encode done
DEBUG: after mimi_encode_receive
DEBUG: calling moshi_lm_send2
DEBUG: after moshi_lm_send2
DEBUG: calling moshi_lm_receive
DEBUG: before forward_text_step
DEBUG: after forward_text_step
DEBUG: before scratch.compute()
DEBUG: after scratch.compute()
DEBUG: before graph.compute()
DEBUG: after graph.compute()
DEBUG: after moshi_lm_receive
TOKEN_GEN: frame=117 text=3641 audio=444,505,1655,1503,524,914,225,490,
 seatDEBUG: calling mimi_encode_send
DEBUG: after mimi_encode_send
DEBUG: calling mimi_encode_receive
DEBUG: mimi_encode start, frame.size()=1920
DEBUG: mimi_encode: copying input data
DEBUG: mimi_encode: calling projected_transformer_graph_step
DEBUG: mimi_encode: calling scratch compute
DEBUG: mimi_encode: calling graph compute
DEBUG: mimi_encode: fetching codes
DEBUG: mimi_encode done
DEBUG: after mimi_encode_receive
DEBUG: calling moshi_lm_send2
DEBUG: after moshi_lm_send2
DEBUG: calling moshi_lm_receive
DEBUG: before forward_text_step
DEBUG: after forward_text_step
DEBUG: before scratch.compute()
DEBUG: after scratch.compute()
DEBUG: before graph.compute()
DEBUG: after graph.compute()
DEBUG: after moshi_lm_receive
TOKEN_GEN: frame=118 text=9034 audio=759,281,859,1555,483,335,1741,1852,
 lapDEBUG: calling mimi_encode_send
DEBUG: after mimi_encode_send
DEBUG: calling mimi_encode_receive
DEBUG: mimi_encode start, frame.size()=1920
DEBUG: mimi_encode: copying input data
DEBUG: mimi_encode: calling projected_transformer_graph_step
DEBUG: mimi_encode: calling scratch compute
DEBUG: mimi_encode: calling graph compute
DEBUG: mimi_encode: fetching codes
DEBUG: mimi_encode done
DEBUG: after mimi_encode_receive
DEBUG: calling moshi_lm_send2
DEBUG: after moshi_lm_send2
DEBUG: calling moshi_lm_receive
DEBUG: before forward_text_step
DEBUG: after forward_text_step
DEBUG: before scratch.compute()
DEBUG: after scratch.compute()
DEBUG: before graph.compute()
DEBUG: after graph.compute()
DEBUG: after moshi_lm_receive
TOKEN_GEN: frame=119 text=6655 audio=66,1551,1342,1756,2037,840,487,1336,
 VillageDEBUG: calling mimi_encode_send
DEBUG: after mimi_encode_send
DEBUG: calling mimi_encode_receive
DEBUG: mimi_encode start, frame.size()=1920
DEBUG: mimi_encode: copying input data
DEBUG: mimi_encode: calling projected_transformer_graph_step
DEBUG: mimi_encode: calling scratch compute
DEBUG: mimi_encode: calling graph compute
DEBUG: mimi_encode: fetching codes
DEBUG: mimi_encode done
DEBUG: after mimi_encode_receive
DEBUG: calling moshi_lm_send2
DEBUG: after moshi_lm_send2
DEBUG: calling moshi_lm_receive
DEBUG: before forward_text_step
DEBUG: after forward_text_step
DEBUG: before scratch.compute()
DEBUG: after scratch.compute()
DEBUG: before graph.compute()
DEBUG: after graph.compute()
DEBUG: after moshi_lm_receive
TOKEN_GEN: frame=120 text=3 audio=1307,617,149,442,1935,1166,854,1570,
DEBUG: calling mimi_encode_send
DEBUG: after mimi_encode_send
DEBUG: calling mimi_encode_receive
DEBUG: mimi_encode start, frame.size()=1920
DEBUG: mimi_encode: copying input data
DEBUG: mimi_encode: calling projected_transformer_graph_step
DEBUG: mimi_encode: calling scratch compute
DEBUG: mimi_encode: calling graph compute
DEBUG: mimi_encode: fetching codes
DEBUG: mimi_encode done
DEBUG: after mimi_encode_receive
DEBUG: calling moshi_lm_send2
DEBUG: after moshi_lm_send2
DEBUG: calling moshi_lm_receive
DEBUG: before forward_text_step
DEBUG: after forward_text_step
DEBUG: before scratch.compute()
DEBUG: after scratch.compute()
DEBUG: before graph.compute()
DEBUG: after graph.compute()
DEBUG: after moshi_lm_receive
TOKEN_GEN: frame=121 text=3641 audio=0,1783,849,826,819,1522,1178,1190,
 seatDEBUG: calling mimi_encode_send
DEBUG: after mimi_encode_send
DEBUG: calling mimi_encode_receive
DEBUG: mimi_encode start, frame.size()=1920
DEBUG: mimi_encode: copying input data
DEBUG: mimi_encode: calling projected_transformer_graph_step
DEBUG: mimi_encode: calling scratch compute
DEBUG: mimi_encode: calling graph compute
DEBUG: mimi_encode: fetching codes
DEBUG: mimi_encode done
DEBUG: after mimi_encode_receive
DEBUG: calling moshi_lm_send2
DEBUG: after moshi_lm_send2
DEBUG: calling moshi_lm_receive
DEBUG: before forward_text_step
DEBUG: after forward_text_step
DEBUG: before scratch.compute()
DEBUG: after scratch.compute()
DEBUG: before graph.compute()
DEBUG: after graph.compute()
DEBUG: after moshi_lm_receive
TOKEN_GEN: frame=122 text=0 audio=1006,1663,1567,1712,1335,478,428,101,
DEBUG: calling mimi_encode_send
DEBUG: after mimi_encode_send
DEBUG: calling mimi_encode_receive
DEBUG: mimi_encode start, frame.size()=1920
DEBUG: mimi_encode: copying input data
DEBUG: mimi_encode: calling projected_transformer_graph_step
DEBUG: mimi_encode: calling scratch compute
DEBUG: mimi_encode: calling graph compute
DEBUG: mimi_encode: fetching codes
DEBUG: mimi_encode done
DEBUG: after mimi_encode_receive
DEBUG: calling moshi_lm_send2
DEBUG: after moshi_lm_send2
DEBUG: calling moshi_lm_receive
DEBUG: before forward_text_step
DEBUG: after forward_text_step
DEBUG: before scratch.compute()
DEBUG: after scratch.compute()
DEBUG: before graph.compute()
DEBUG: after graph.compute()
DEBUG: after moshi_lm_receive
TOKEN_GEN: frame=123 text=9983 audio=1049,282,323,1139,726,1447,1038,1548,
 padDEBUG: calling mimi_encode_send
DEBUG: after mimi_encode_send
DEBUG: calling mimi_encode_receive
DEBUG: mimi_encode start, frame.size()=1920
DEBUG: mimi_encode: copying input data
DEBUG: mimi_encode: calling projected_transformer_graph_step
DEBUG: mimi_encode: calling scratch compute
DEBUG: mimi_encode: calling graph compute
DEBUG: mimi_encode: fetching codes
DEBUG: mimi_encode done
DEBUG: after mimi_encode_receive
DEBUG: calling moshi_lm_send2
DEBUG: after moshi_lm_send2
DEBUG: calling moshi_lm_receive
DEBUG: before forward_text_step
DEBUG: after forward_text_step
DEBUG: before scratch.compute()
DEBUG: after scratch.compute()
DEBUG: before graph.compute()
DEBUG: after graph.compute()
DEBUG: after moshi_lm_receive
TOKEN_GEN: frame=124 text=25737 audio=961,287,1626,742,1150,395,280,825,
VRAM_FRAME: frame= 125  M1_driver_delta_MiB= 6424  M2_phys_alloc_MiB= 2895  outside_ggml_MiB= 3528

device memory delta: 6424 MiB
exact tensor VRAM allocation: 2895 MiB

TOKEN_HASH: 0x9a351ddff63c5644 frames=125 mode=serial


run frames: 125
run time: 6.016 s

frame rate:  20.778309 frames/s
