MEMLEDGER event=process_start        name=-                                                            type=-          payload_B=         0 alloc_B=         0 nbytes_B=         0 cuda_free_MiB=      0 rss_MiB=    207
ggml_cuda_init: GGML_CUDA_FORCE_MMQ:    no
ggml_cuda_init: GGML_CUDA_FORCE_CUBLAS: no
ggml_cuda_init: found 1 CUDA devices:
  Device 0: NVIDIA H100 PCIe, compute capability 9.0, VMM: yes
MEMLEDGER event=after_ggml_init      name=-                                                            type=-          payload_B=         0 alloc_B=         0 nbytes_B=         0 cuda_free_MiB=  50913 rss_MiB=    330
MEMLEDGER_CONTEXT final_context_size=256
MEMLEDGER event=after_gguf_parse     name=(file_opened_no_alloc)                                       type=-          payload_B=         0 alloc_B=         0 nbytes_B=         0 cuda_free_MiB=  50913 rss_MiB=    332
MEMLEDGER event=bmo_subcomponents_excluded name=(prescan_done)                                               type=-          payload_B=         0 alloc_B=         0 nbytes_B=         0 cuda_free_MiB=  50913 rss_MiB=    341
MEMLEDGER event=after_gguf_buffer_alloc name=(shared_ctx_buffer)                                          type=-          payload_B=         0 alloc_B= 347216000 nbytes_B=         0 cuda_free_MiB=  50581 rss_MiB=    341
MEMLEDGER event=per_tensor_regular   name=mimi.quantizer.rvq_first.vq.layers.0._codebook.embedding     type=f32        payload_B=   2097152 alloc_B=         0 nbytes_B=   2097152 cuda_free_MiB=  50581 rss_MiB=    342
MEMLEDGER event=per_tensor_regular   name=mimi.quantizer.rvq_first.output_proj.weight                  type=f16        payload_B=    262144 alloc_B=         0 nbytes_B=    262144 cuda_free_MiB=  50581 rss_MiB=    342
MEMLEDGER event=per_tensor_regular   name=mimi.quantizer.rvq_first.input_proj.weight                   type=f16        payload_B=    262144 alloc_B=         0 nbytes_B=    262144 cuda_free_MiB=  50581 rss_MiB=    342
MEMLEDGER event=per_tensor_regular   name=mimi.quantizer.rvq_rest.vq.layers.0._codebook.embedding      type=f32        payload_B=   2097152 alloc_B=         0 nbytes_B=   2097152 cuda_free_MiB=  50581 rss_MiB=    342
MEMLEDGER event=per_tensor_regular   name=mimi.quantizer.rvq_rest.vq.layers.1._codebook.embedding      type=f32        payload_B=   2097152 alloc_B=         0 nbytes_B=   2097152 cuda_free_MiB=  50581 rss_MiB=    342
MEMLEDGER event=per_tensor_regular   name=mimi.quantizer.rvq_rest.vq.layers.2._codebook.embedding      type=f32        payload_B=   2097152 alloc_B=         0 nbytes_B=   2097152 cuda_free_MiB=  50581 rss_MiB=    342
MEMLEDGER event=per_tensor_regular   name=mimi.quantizer.rvq_rest.vq.layers.3._codebook.embedding      type=f32        payload_B=   2097152 alloc_B=         0 nbytes_B=   2097152 cuda_free_MiB=  50581 rss_MiB=    342
MEMLEDGER event=per_tensor_regular   name=mimi.quantizer.rvq_rest.vq.layers.4._codebook.embedding      type=f32        payload_B=   2097152 alloc_B=         0 nbytes_B=   2097152 cuda_free_MiB=  50581 rss_MiB=    342
MEMLEDGER event=per_tensor_regular   name=mimi.quantizer.rvq_rest.vq.layers.5._codebook.embedding      type=f32        payload_B=   2097152 alloc_B=         0 nbytes_B=   2097152 cuda_free_MiB=  50581 rss_MiB=    342
MEMLEDGER event=per_tensor_regular   name=mimi.quantizer.rvq_rest.vq.layers.6._codebook.embedding      type=f32        payload_B=   2097152 alloc_B=         0 nbytes_B=   2097152 cuda_free_MiB=  50581 rss_MiB=    342
MEMLEDGER event=per_tensor_regular   name=mimi.quantizer.rvq_rest.vq.layers.7._codebook.embedding      type=f32        payload_B=   2097152 alloc_B=         0 nbytes_B=   2097152 cuda_free_MiB=  50581 rss_MiB=    342
MEMLEDGER event=per_tensor_regular   name=mimi.quantizer.rvq_rest.vq.layers.8._codebook.embedding      type=f32        payload_B=   2097152 alloc_B=         0 nbytes_B=   2097152 cuda_free_MiB=  50581 rss_MiB=    342
MEMLEDGER event=per_tensor_regular   name=mimi.quantizer.rvq_rest.vq.layers.9._codebook.embedding      type=f32        payload_B=   2097152 alloc_B=         0 nbytes_B=   2097152 cuda_free_MiB=  50581 rss_MiB=    342
MEMLEDGER event=per_tensor_regular   name=mimi.quantizer.rvq_rest.vq.layers.10._codebook.embedding     type=f32        payload_B=   2097152 alloc_B=         0 nbytes_B=   2097152 cuda_free_MiB=  50581 rss_MiB=    342
MEMLEDGER event=per_tensor_regular   name=mimi.quantizer.rvq_rest.vq.layers.11._codebook.embedding     type=f32        payload_B=   2097152 alloc_B=         0 nbytes_B=   2097152 cuda_free_MiB=  50581 rss_MiB=    342
MEMLEDGER event=per_tensor_regular   name=mimi.quantizer.rvq_rest.vq.layers.12._codebook.embedding     type=f32        payload_B=   2097152 alloc_B=         0 nbytes_B=   2097152 cuda_free_MiB=  50581 rss_MiB=    342
MEMLEDGER event=per_tensor_regular   name=mimi.quantizer.rvq_rest.vq.layers.13._codebook.embedding     type=f32        payload_B=   2097152 alloc_B=         0 nbytes_B=   2097152 cuda_free_MiB=  50581 rss_MiB=    342
MEMLEDGER event=per_tensor_regular   name=mimi.quantizer.rvq_rest.vq.layers.14._codebook.embedding     type=f32        payload_B=   2097152 alloc_B=         0 nbytes_B=   2097152 cuda_free_MiB=  50581 rss_MiB=    342
MEMLEDGER event=per_tensor_regular   name=mimi.quantizer.rvq_rest.vq.layers.15._codebook.embedding     type=f32        payload_B=   2097152 alloc_B=         0 nbytes_B=   2097152 cuda_free_MiB=  50581 rss_MiB=    342
MEMLEDGER event=per_tensor_regular   name=mimi.quantizer.rvq_rest.vq.layers.16._codebook.embedding     type=f32        payload_B=   2097152 alloc_B=         0 nbytes_B=   2097152 cuda_free_MiB=  50581 rss_MiB=    342
MEMLEDGER event=per_tensor_regular   name=mimi.quantizer.rvq_rest.vq.layers.17._codebook.embedding     type=f32        payload_B=   2097152 alloc_B=         0 nbytes_B=   2097152 cuda_free_MiB=  50581 rss_MiB=    342
MEMLEDGER event=per_tensor_regular   name=mimi.quantizer.rvq_rest.vq.layers.18._codebook.embedding     type=f32        payload_B=   2097152 alloc_B=         0 nbytes_B=   2097152 cuda_free_MiB=  50581 rss_MiB=    342
MEMLEDGER event=per_tensor_regular   name=mimi.quantizer.rvq_rest.vq.layers.19._codebook.embedding     type=f32        payload_B=   2097152 alloc_B=         0 nbytes_B=   2097152 cuda_free_MiB=  50581 rss_MiB=    342
MEMLEDGER event=per_tensor_regular   name=mimi.quantizer.rvq_rest.vq.layers.20._codebook.embedding     type=f32        payload_B=   2097152 alloc_B=         0 nbytes_B=   2097152 cuda_free_MiB=  50581 rss_MiB=    342
MEMLEDGER event=per_tensor_regular   name=mimi.quantizer.rvq_rest.vq.layers.21._codebook.embedding     type=f32        payload_B=   2097152 alloc_B=         0 nbytes_B=   2097152 cuda_free_MiB=  50581 rss_MiB=    342
MEMLEDGER event=per_tensor_regular   name=mimi.quantizer.rvq_rest.vq.layers.22._codebook.embedding     type=f32        payload_B=   2097152 alloc_B=         0 nbytes_B=   2097152 cuda_free_MiB=  50581 rss_MiB=    342
MEMLEDGER event=per_tensor_regular   name=mimi.quantizer.rvq_rest.vq.layers.23._codebook.embedding     type=f32        payload_B=   2097152 alloc_B=         0 nbytes_B=   2097152 cuda_free_MiB=  50581 rss_MiB=    342
MEMLEDGER event=per_tensor_regular   name=mimi.quantizer.rvq_rest.vq.layers.24._codebook.embedding     type=f32        payload_B=   2097152 alloc_B=         0 nbytes_B=   2097152 cuda_free_MiB=  50581 rss_MiB=    342
MEMLEDGER event=per_tensor_regular   name=mimi.quantizer.rvq_rest.vq.layers.25._codebook.embedding     type=f32        payload_B=   2097152 alloc_B=         0 nbytes_B=   2097152 cuda_free_MiB=  50581 rss_MiB=    342
MEMLEDGER event=per_tensor_regular   name=mimi.quantizer.rvq_rest.vq.layers.26._codebook.embedding     type=f32        payload_B=   2097152 alloc_B=         0 nbytes_B=   2097152 cuda_free_MiB=  50581 rss_MiB=    342
MEMLEDGER event=per_tensor_regular   name=mimi.quantizer.rvq_rest.vq.layers.27._codebook.embedding     type=f32        payload_B=   2097152 alloc_B=         0 nbytes_B=   2097152 cuda_free_MiB=  50581 rss_MiB=    342
MEMLEDGER event=per_tensor_regular   name=mimi.quantizer.rvq_rest.vq.layers.28._codebook.embedding     type=f32        payload_B=   2097152 alloc_B=         0 nbytes_B=   2097152 cuda_free_MiB=  50581 rss_MiB=    342
MEMLEDGER event=per_tensor_regular   name=mimi.quantizer.rvq_rest.vq.layers.29._codebook.embedding     type=f32        payload_B=   2097152 alloc_B=         0 nbytes_B=   2097152 cuda_free_MiB=  50581 rss_MiB=    342
MEMLEDGER event=per_tensor_regular   name=mimi.quantizer.rvq_rest.vq.layers.30._codebook.embedding     type=f32        payload_B=   2097152 alloc_B=         0 nbytes_B=   2097152 cuda_free_MiB=  50581 rss_MiB=    342
MEMLEDGER event=per_tensor_regular   name=mimi.quantizer.rvq_rest.output_proj.weight                   type=f16        payload_B=    262144 alloc_B=         0 nbytes_B=    262144 cuda_free_MiB=  50581 rss_MiB=    342
MEMLEDGER event=per_tensor_regular   name=mimi.quantizer.rvq_rest.input_proj.weight                    type=f16        payload_B=    262144 alloc_B=         0 nbytes_B=    262144 cuda_free_MiB=  50581 rss_MiB=    342
MEMLEDGER event=per_tensor_regular   name=mimi.upsample.convtr.convtr.convtr.weight                    type=f32        payload_B=      8192 alloc_B=         0 nbytes_B=      8192 cuda_free_MiB=  50581 rss_MiB=    342
MEMLEDGER event=per_tensor_regular   name=mimi.decoder_transformer.transformer.layers.0.norm1.weight   type=f32        payload_B=      2048 alloc_B=         0 nbytes_B=      2048 cuda_free_MiB=  50581 rss_MiB=    342
MEMLEDGER event=per_tensor_regular   name=mimi.decoder_transformer.transformer.layers.0.norm1.bias     type=f32        payload_B=      2048 alloc_B=         0 nbytes_B=      2048 cuda_free_MiB=  50581 rss_MiB=    342
MEMLEDGER event=per_tensor_regular   name=deaa0000                                                     type=f32        payload_B=   3145728 alloc_B=         0 nbytes_B=   3145728 cuda_free_MiB=  50581 rss_MiB=    345
MEMLEDGER event=per_tensor_regular   name=d4380000                                                     type=f32        payload_B=   1048576 alloc_B=         0 nbytes_B=   1048576 cuda_free_MiB=  50581 rss_MiB=    345
MEMLEDGER event=per_tensor_regular   name=e4a90000                                                     type=f32        payload_B=      2048 alloc_B=         0 nbytes_B=      2048 cuda_free_MiB=  50581 rss_MiB=    345
MEMLEDGER event=per_tensor_regular   name=mimi.decoder_transformer.transformer.layers.0.norm2.weight   type=f32        payload_B=      2048 alloc_B=         0 nbytes_B=      2048 cuda_free_MiB=  50581 rss_MiB=    345
MEMLEDGER event=per_tensor_regular   name=mimi.decoder_transformer.transformer.layers.0.norm2.bias     type=f32        payload_B=      2048 alloc_B=         0 nbytes_B=      2048 cuda_free_MiB=  50581 rss_MiB=    345
MEMLEDGER event=per_tensor_regular   name=mimi.decoder_transformer.transformer.layers.0.linear1.weight type=f32        payload_B=   4194304 alloc_B=         0 nbytes_B=   4194304 cuda_free_MiB=  50581 rss_MiB=    346
MEMLEDGER event=per_tensor_regular   name=mimi.decoder_transformer.transformer.layers.0.linear2.weight type=f32        payload_B=   4194304 alloc_B=         0 nbytes_B=   4194304 cuda_free_MiB=  50581 rss_MiB=    346
MEMLEDGER event=per_tensor_regular   name=3e280000                                                     type=f32        payload_B=      2048 alloc_B=         0 nbytes_B=      2048 cuda_free_MiB=  50581 rss_MiB=    346
MEMLEDGER event=per_tensor_regular   name=mimi.decoder_transformer.transformer.layers.1.norm1.weight   type=f32        payload_B=      2048 alloc_B=         0 nbytes_B=      2048 cuda_free_MiB=  50581 rss_MiB=    346
MEMLEDGER event=per_tensor_regular   name=mimi.decoder_transformer.transformer.layers.1.norm1.bias     type=f32        payload_B=      2048 alloc_B=         0 nbytes_B=      2048 cuda_free_MiB=  50581 rss_MiB=    346
MEMLEDGER event=per_tensor_regular   name=97d90000                                                     type=f32        payload_B=   3145728 alloc_B=         0 nbytes_B=   3145728 cuda_free_MiB=  50581 rss_MiB=    346
MEMLEDGER event=per_tensor_regular   name=57340000                                                     type=f32        payload_B=   1048576 alloc_B=         0 nbytes_B=   1048576 cuda_free_MiB=  50581 rss_MiB=    346
MEMLEDGER event=per_tensor_regular   name=07060000                                                     type=f32        payload_B=      2048 alloc_B=         0 nbytes_B=      2048 cuda_free_MiB=  50581 rss_MiB=    346
MEMLEDGER event=per_tensor_regular   name=mimi.decoder_transformer.transformer.layers.1.norm2.weight   type=f32        payload_B=      2048 alloc_B=         0 nbytes_B=      2048 cuda_free_MiB=  50581 rss_MiB=    346
MEMLEDGER event=per_tensor_regular   name=mimi.decoder_transformer.transformer.layers.1.norm2.bias     type=f32        payload_B=      2048 alloc_B=         0 nbytes_B=      2048 cuda_free_MiB=  50581 rss_MiB=    346
MEMLEDGER event=per_tensor_regular   name=mimi.decoder_transformer.transformer.layers.1.linear1.weight type=f32        payload_B=   4194304 alloc_B=         0 nbytes_B=   4194304 cuda_free_MiB=  50581 rss_MiB=    346
MEMLEDGER event=per_tensor_regular   name=mimi.decoder_transformer.transformer.layers.1.linear2.weight type=f32        payload_B=   4194304 alloc_B=         0 nbytes_B=   4194304 cuda_free_MiB=  50581 rss_MiB=    346
MEMLEDGER event=per_tensor_regular   name=dd870000                                                     type=f32        payload_B=      2048 alloc_B=         0 nbytes_B=      2048 cuda_free_MiB=  50581 rss_MiB=    346
MEMLEDGER event=per_tensor_regular   name=mimi.decoder_transformer.transformer.layers.2.norm1.weight   type=f32        payload_B=      2048 alloc_B=         0 nbytes_B=      2048 cuda_free_MiB=  50581 rss_MiB=    346
MEMLEDGER event=per_tensor_regular   name=mimi.decoder_transformer.transformer.layers.2.norm1.bias     type=f32        payload_B=      2048 alloc_B=         0 nbytes_B=      2048 cuda_free_MiB=  50581 rss_MiB=    346
MEMLEDGER event=per_tensor_regular   name=5c5c0000                                                     type=f32        payload_B=   3145728 alloc_B=         0 nbytes_B=   3145728 cuda_free_MiB=  50581 rss_MiB=    346
MEMLEDGER event=per_tensor_regular   name=d2200000                                                     type=f32        payload_B=   1048576 alloc_B=         0 nbytes_B=   1048576 cuda_free_MiB=  50581 rss_MiB=    346
MEMLEDGER event=per_tensor_regular   name=35ed0000                                                     type=f32        payload_B=      2048 alloc_B=         0 nbytes_B=      2048 cuda_free_MiB=  50581 rss_MiB=    346
MEMLEDGER event=per_tensor_regular   name=mimi.decoder_transformer.transformer.layers.2.norm2.weight   type=f32        payload_B=      2048 alloc_B=         0 nbytes_B=      2048 cuda_free_MiB=  50581 rss_MiB=    346
MEMLEDGER event=per_tensor_regular   name=mimi.decoder_transformer.transformer.layers.2.norm2.bias     type=f32        payload_B=      2048 alloc_B=         0 nbytes_B=      2048 cuda_free_MiB=  50581 rss_MiB=    346
MEMLEDGER event=per_tensor_regular   name=mimi.decoder_transformer.transformer.layers.2.linear1.weight type=f32        payload_B=   4194304 alloc_B=         0 nbytes_B=   4194304 cuda_free_MiB=  50581 rss_MiB=    346
MEMLEDGER event=per_tensor_regular   name=mimi.decoder_transformer.transformer.layers.2.linear2.weight type=f32        payload_B=   4194304 alloc_B=         0 nbytes_B=   4194304 cuda_free_MiB=  50581 rss_MiB=    346
MEMLEDGER event=per_tensor_regular   name=ef6c0000                                                     type=f32        payload_B=      2048 alloc_B=         0 nbytes_B=      2048 cuda_free_MiB=  50581 rss_MiB=    346
MEMLEDGER event=per_tensor_regular   name=mimi.decoder_transformer.transformer.layers.3.norm1.weight   type=f32        payload_B=      2048 alloc_B=         0 nbytes_B=      2048 cuda_free_MiB=  50581 rss_MiB=    346
MEMLEDGER event=per_tensor_regular   name=mimi.decoder_transformer.transformer.layers.3.norm1.bias     type=f32        payload_B=      2048 alloc_B=         0 nbytes_B=      2048 cuda_free_MiB=  50581 rss_MiB=    346
MEMLEDGER event=per_tensor_regular   name=152f0000                                                     type=f32        payload_B=   3145728 alloc_B=         0 nbytes_B=   3145728 cuda_free_MiB=  50581 rss_MiB=    346
MEMLEDGER event=per_tensor_regular   name=512c0000                                                     type=f32        payload_B=   1048576 alloc_B=         0 nbytes_B=   1048576 cuda_free_MiB=  50581 rss_MiB=    346
MEMLEDGER event=per_tensor_regular   name=d6420000                                                     type=f32        payload_B=      2048 alloc_B=         0 nbytes_B=      2048 cuda_free_MiB=  50581 rss_MiB=    346
MEMLEDGER event=per_tensor_regular   name=mimi.decoder_transformer.transformer.layers.3.norm2.weight   type=f32        payload_B=      2048 alloc_B=         0 nbytes_B=      2048 cuda_free_MiB=  50581 rss_MiB=    346
MEMLEDGER event=per_tensor_regular   name=mimi.decoder_transformer.transformer.layers.3.norm2.bias     type=f32        payload_B=      2048 alloc_B=         0 nbytes_B=      2048 cuda_free_MiB=  50581 rss_MiB=    346
MEMLEDGER event=per_tensor_regular   name=mimi.decoder_transformer.transformer.layers.3.linear1.weight type=f32        payload_B=   4194304 alloc_B=         0 nbytes_B=   4194304 cuda_free_MiB=  50581 rss_MiB=    346
MEMLEDGER event=per_tensor_regular   name=mimi.decoder_transformer.transformer.layers.3.linear2.weight type=f32        payload_B=   4194304 alloc_B=         0 nbytes_B=   4194304 cuda_free_MiB=  50581 rss_MiB=    346
MEMLEDGER event=per_tensor_regular   name=0cc30000                                                     type=f32        payload_B=      2048 alloc_B=         0 nbytes_B=      2048 cuda_free_MiB=  50581 rss_MiB=    346
MEMLEDGER event=per_tensor_regular   name=mimi.decoder_transformer.transformer.layers.4.norm1.weight   type=f32        payload_B=      2048 alloc_B=         0 nbytes_B=      2048 cuda_free_MiB=  50581 rss_MiB=    346
MEMLEDGER event=per_tensor_regular   name=mimi.decoder_transformer.transformer.layers.4.norm1.bias     type=f32        payload_B=      2048 alloc_B=         0 nbytes_B=      2048 cuda_free_MiB=  50581 rss_MiB=    346
MEMLEDGER event=per_tensor_regular   name=cc4d0000                                                     type=f32        payload_B=   3145728 alloc_B=         0 nbytes_B=   3145728 cuda_free_MiB=  50581 rss_MiB=    346
MEMLEDGER event=per_tensor_regular   name=d8090000                                                     type=f32        payload_B=   1048576 alloc_B=         0 nbytes_B=   1048576 cuda_free_MiB=  50581 rss_MiB=    346
MEMLEDGER event=per_tensor_regular   name=503b0000                                                     type=f32        payload_B=      2048 alloc_B=         0 nbytes_B=      2048 cuda_free_MiB=  50581 rss_MiB=    346
MEMLEDGER event=per_tensor_regular   name=mimi.decoder_transformer.transformer.layers.4.norm2.weight   type=f32        payload_B=      2048 alloc_B=         0 nbytes_B=      2048 cuda_free_MiB=  50581 rss_MiB=    346
MEMLEDGER event=per_tensor_regular   name=mimi.decoder_transformer.transformer.layers.4.norm2.bias     type=f32        payload_B=      2048 alloc_B=         0 nbytes_B=      2048 cuda_free_MiB=  50581 rss_MiB=    346
MEMLEDGER event=per_tensor_regular   name=mimi.decoder_transformer.transformer.layers.4.linear1.weight type=f32        payload_B=   4194304 alloc_B=         0 nbytes_B=   4194304 cuda_free_MiB=  50581 rss_MiB=    346
MEMLEDGER event=per_tensor_regular   name=mimi.decoder_transformer.transformer.layers.4.linear2.weight type=f32        payload_B=   4194304 alloc_B=         0 nbytes_B=   4194304 cuda_free_MiB=  50581 rss_MiB=    346
MEMLEDGER event=per_tensor_regular   name=8aba0000                                                     type=f32        payload_B=      2048 alloc_B=         0 nbytes_B=      2048 cuda_free_MiB=  50581 rss_MiB=    346
MEMLEDGER event=per_tensor_regular   name=mimi.decoder_transformer.transformer.layers.5.norm1.weight   type=f32        payload_B=      2048 alloc_B=         0 nbytes_B=      2048 cuda_free_MiB=  50581 rss_MiB=    346
MEMLEDGER event=per_tensor_regular   name=mimi.decoder_transformer.transformer.layers.5.norm1.bias     type=f32        payload_B=      2048 alloc_B=         0 nbytes_B=      2048 cuda_free_MiB=  50581 rss_MiB=    346
MEMLEDGER event=per_tensor_regular   name=853e0000                                                     type=f32        payload_B=   3145728 alloc_B=         0 nbytes_B=   3145728 cuda_free_MiB=  50581 rss_MiB=    346
MEMLEDGER event=per_tensor_regular   name=5b050000                                                     type=f32        payload_B=   1048576 alloc_B=         0 nbytes_B=   1048576 cuda_free_MiB=  50581 rss_MiB=    346
MEMLEDGER event=per_tensor_regular   name=b3940000                                                     type=f32        payload_B=      2048 alloc_B=         0 nbytes_B=      2048 cuda_free_MiB=  50581 rss_MiB=    346
MEMLEDGER event=per_tensor_regular   name=mimi.decoder_transformer.transformer.layers.5.norm2.weight   type=f32        payload_B=      2048 alloc_B=         0 nbytes_B=      2048 cuda_free_MiB=  50581 rss_MiB=    346
MEMLEDGER event=per_tensor_regular   name=mimi.decoder_transformer.transformer.layers.5.norm2.bias     type=f32        payload_B=      2048 alloc_B=         0 nbytes_B=      2048 cuda_free_MiB=  50581 rss_MiB=    346
MEMLEDGER event=per_tensor_regular   name=mimi.decoder_transformer.transformer.layers.5.linear1.weight type=f32        payload_B=   4194304 alloc_B=         0 nbytes_B=   4194304 cuda_free_MiB=  50581 rss_MiB=    346
MEMLEDGER event=per_tensor_regular   name=mimi.decoder_transformer.transformer.layers.5.linear2.weight type=f32        payload_B=   4194304 alloc_B=         0 nbytes_B=   4194304 cuda_free_MiB=  50581 rss_MiB=    346
MEMLEDGER event=per_tensor_regular   name=69150000                                                     type=f32        payload_B=      2048 alloc_B=         0 nbytes_B=      2048 cuda_free_MiB=  50581 rss_MiB=    346
MEMLEDGER event=per_tensor_regular   name=mimi.decoder_transformer.transformer.layers.6.norm1.weight   type=f32        payload_B=      2048 alloc_B=         0 nbytes_B=      2048 cuda_free_MiB=  50581 rss_MiB=    346
MEMLEDGER event=per_tensor_regular   name=mimi.decoder_transformer.transformer.layers.6.norm1.bias     type=f32        payload_B=      2048 alloc_B=         0 nbytes_B=      2048 cuda_free_MiB=  50581 rss_MiB=    346
MEMLEDGER event=per_tensor_regular   name=4ebb0000                                                     type=f32        payload_B=   3145728 alloc_B=         0 nbytes_B=   3145728 cuda_free_MiB=  50581 rss_MiB=    346
MEMLEDGER event=per_tensor_regular   name=de110000                                                     type=f32        payload_B=   1048576 alloc_B=         0 nbytes_B=   1048576 cuda_free_MiB=  50581 rss_MiB=    346
MEMLEDGER event=per_tensor_regular   name=817f0000                                                     type=f32        payload_B=      2048 alloc_B=         0 nbytes_B=      2048 cuda_free_MiB=  50581 rss_MiB=    346
MEMLEDGER event=per_tensor_regular   name=mimi.decoder_transformer.transformer.layers.6.norm2.weight   type=f32        payload_B=      2048 alloc_B=         0 nbytes_B=      2048 cuda_free_MiB=  50581 rss_MiB=    346
MEMLEDGER event=per_tensor_regular   name=mimi.decoder_transformer.transformer.layers.6.norm2.bias     type=f32        payload_B=      2048 alloc_B=         0 nbytes_B=      2048 cuda_free_MiB=  50581 rss_MiB=    346
MEMLEDGER event=per_tensor_regular   name=mimi.decoder_transformer.transformer.layers.6.linear1.weight type=f32        payload_B=   4194304 alloc_B=         0 nbytes_B=   4194304 cuda_free_MiB=  50581 rss_MiB=    346
MEMLEDGER event=per_tensor_regular   name=mimi.decoder_transformer.transformer.layers.6.linear2.weight type=f32        payload_B=   4194304 alloc_B=         0 nbytes_B=   4194304 cuda_free_MiB=  50581 rss_MiB=    346
MEMLEDGER event=per_tensor_regular   name=5bfe0000                                                     type=f32        payload_B=      2048 alloc_B=         0 nbytes_B=      2048 cuda_free_MiB=  50581 rss_MiB=    346
MEMLEDGER event=per_tensor_regular   name=mimi.decoder_transformer.transformer.layers.7.norm1.weight   type=f32        payload_B=      2048 alloc_B=         0 nbytes_B=      2048 cuda_free_MiB=  50581 rss_MiB=    346
MEMLEDGER event=per_tensor_regular   name=mimi.decoder_transformer.transformer.layers.7.norm1.bias     type=f32        payload_B=      2048 alloc_B=         0 nbytes_B=      2048 cuda_free_MiB=  50581 rss_MiB=    346
MEMLEDGER event=per_tensor_regular   name=07c80000                                                     type=f32        payload_B=   3145728 alloc_B=         0 nbytes_B=   3145728 cuda_free_MiB=  50581 rss_MiB=    346
MEMLEDGER event=per_tensor_regular   name=5d1d0000                                                     type=f32        payload_B=   1048576 alloc_B=         0 nbytes_B=   1048576 cuda_free_MiB=  50581 rss_MiB=    346
MEMLEDGER event=per_tensor_regular   name=62d00000                                                     type=f32        payload_B=      2048 alloc_B=         0 nbytes_B=      2048 cuda_free_MiB=  50581 rss_MiB=    346
MEMLEDGER event=per_tensor_regular   name=mimi.decoder_transformer.transformer.layers.7.norm2.weight   type=f32        payload_B=      2048 alloc_B=         0 nbytes_B=      2048 cuda_free_MiB=  50581 rss_MiB=    346
MEMLEDGER event=per_tensor_regular   name=mimi.decoder_transformer.transformer.layers.7.norm2.bias     type=f32        payload_B=      2048 alloc_B=         0 nbytes_B=      2048 cuda_free_MiB=  50581 rss_MiB=    346
MEMLEDGER event=per_tensor_regular   name=mimi.decoder_transformer.transformer.layers.7.linear1.weight type=f32        payload_B=   4194304 alloc_B=         0 nbytes_B=   4194304 cuda_free_MiB=  50581 rss_MiB=    346
MEMLEDGER event=per_tensor_regular   name=mimi.decoder_transformer.transformer.layers.7.linear2.weight type=f32        payload_B=   4194304 alloc_B=         0 nbytes_B=   4194304 cuda_free_MiB=  50581 rss_MiB=    346
MEMLEDGER event=per_tensor_regular   name=b8510000                                                     type=f32        payload_B=      2048 alloc_B=         0 nbytes_B=      2048 cuda_free_MiB=  50581 rss_MiB=    346
MEMLEDGER event=per_tensor_regular   name=mimi.decoder.model.0.conv.conv.weight                        type=f16        payload_B=   7340032 alloc_B=         0 nbytes_B=   7340032 cuda_free_MiB=  50581 rss_MiB=    349
MEMLEDGER event=per_tensor_regular   name=mimi.decoder.model.0.conv.conv.bias                          type=f32        payload_B=      4096 alloc_B=         0 nbytes_B=      4096 cuda_free_MiB=  50581 rss_MiB=    349
MEMLEDGER event=per_tensor_regular   name=mimi.decoder.model.2.convtr.convtr.weight                    type=f32        payload_B=  33554432 alloc_B=         0 nbytes_B=  33554432 cuda_free_MiB=  50581 rss_MiB=    374
MEMLEDGER event=per_tensor_regular   name=mimi.decoder.model.2.convtr.convtr.bias                      type=f32        payload_B=      2048 alloc_B=         0 nbytes_B=      2048 cuda_free_MiB=  50581 rss_MiB=    374
MEMLEDGER event=per_tensor_regular   name=mimi.decoder.model.3.block.1.conv.conv.weight                type=f16        payload_B=    786432 alloc_B=         0 nbytes_B=    786432 cuda_free_MiB=  50581 rss_MiB=    374
MEMLEDGER event=per_tensor_regular   name=mimi.decoder.model.3.block.1.conv.conv.bias                  type=f32        payload_B=      1024 alloc_B=         0 nbytes_B=      1024 cuda_free_MiB=  50581 rss_MiB=    374
MEMLEDGER event=per_tensor_regular   name=mimi.decoder.model.3.block.3.conv.conv.weight                type=f16        payload_B=    262144 alloc_B=         0 nbytes_B=    262144 cuda_free_MiB=  50581 rss_MiB=    374
MEMLEDGER event=per_tensor_regular   name=mimi.decoder.model.3.block.3.conv.conv.bias                  type=f32        payload_B=      2048 alloc_B=         0 nbytes_B=      2048 cuda_free_MiB=  50581 rss_MiB=    374
MEMLEDGER event=per_tensor_regular   name=mimi.decoder.model.5.convtr.convtr.weight                    type=f32        payload_B=   6291456 alloc_B=         0 nbytes_B=   6291456 cuda_free_MiB=  50581 rss_MiB=    374
MEMLEDGER event=per_tensor_regular   name=mimi.decoder.model.5.convtr.convtr.bias                      type=f32        payload_B=      1024 alloc_B=         0 nbytes_B=      1024 cuda_free_MiB=  50581 rss_MiB=    374
MEMLEDGER event=per_tensor_regular   name=mimi.decoder.model.6.block.1.conv.conv.weight                type=f16        payload_B=    196608 alloc_B=         0 nbytes_B=    196608 cuda_free_MiB=  50581 rss_MiB=    374
MEMLEDGER event=per_tensor_regular   name=mimi.decoder.model.6.block.1.conv.conv.bias                  type=f32        payload_B=       512 alloc_B=         0 nbytes_B=       512 cuda_free_MiB=  50581 rss_MiB=    374
MEMLEDGER event=per_tensor_regular   name=mimi.decoder.model.6.block.3.conv.conv.weight                type=f16        payload_B=     65536 alloc_B=         0 nbytes_B=     65536 cuda_free_MiB=  50581 rss_MiB=    374
MEMLEDGER event=per_tensor_regular   name=mimi.decoder.model.6.block.3.conv.conv.bias                  type=f32        payload_B=      1024 alloc_B=         0 nbytes_B=      1024 cuda_free_MiB=  50581 rss_MiB=    374
MEMLEDGER event=per_tensor_regular   name=mimi.decoder.model.8.convtr.convtr.weight                    type=f32        payload_B=   1310720 alloc_B=         0 nbytes_B=   1310720 cuda_free_MiB=  50581 rss_MiB=    374
MEMLEDGER event=per_tensor_regular   name=mimi.decoder.model.8.convtr.convtr.bias                      type=f32        payload_B=       512 alloc_B=         0 nbytes_B=       512 cuda_free_MiB=  50581 rss_MiB=    374
MEMLEDGER event=per_tensor_regular   name=mimi.decoder.model.9.block.1.conv.conv.weight                type=f16        payload_B=     49152 alloc_B=         0 nbytes_B=     49152 cuda_free_MiB=  50581 rss_MiB=    374
MEMLEDGER event=per_tensor_regular   name=mimi.decoder.model.9.block.1.conv.conv.bias                  type=f32        payload_B=       256 alloc_B=         0 nbytes_B=       256 cuda_free_MiB=  50581 rss_MiB=    374
MEMLEDGER event=per_tensor_regular   name=mimi.decoder.model.9.block.3.conv.conv.weight                type=f16        payload_B=     16384 alloc_B=         0 nbytes_B=     16384 cuda_free_MiB=  50581 rss_MiB=    374
MEMLEDGER event=per_tensor_regular   name=mimi.decoder.model.9.block.3.conv.conv.bias                  type=f32        payload_B=       512 alloc_B=         0 nbytes_B=       512 cuda_free_MiB=  50581 rss_MiB=    374
MEMLEDGER event=per_tensor_regular   name=mimi.decoder.model.11.convtr.convtr.weight                   type=f32        payload_B=    262144 alloc_B=         0 nbytes_B=    262144 cuda_free_MiB=  50581 rss_MiB=    374
MEMLEDGER event=per_tensor_regular   name=mimi.decoder.model.11.convtr.convtr.bias                     type=f32        payload_B=       256 alloc_B=         0 nbytes_B=       256 cuda_free_MiB=  50581 rss_MiB=    374
MEMLEDGER event=per_tensor_regular   name=mimi.decoder.model.12.block.1.conv.conv.weight               type=f16        payload_B=     12288 alloc_B=         0 nbytes_B=     12288 cuda_free_MiB=  50581 rss_MiB=    374
MEMLEDGER event=per_tensor_regular   name=mimi.decoder.model.12.block.1.conv.conv.bias                 type=f32        payload_B=       128 alloc_B=         0 nbytes_B=       128 cuda_free_MiB=  50581 rss_MiB=    374
MEMLEDGER event=per_tensor_regular   name=mimi.decoder.model.12.block.3.conv.conv.weight               type=f16        payload_B=      4096 alloc_B=         0 nbytes_B=      4096 cuda_free_MiB=  50581 rss_MiB=    374
MEMLEDGER event=per_tensor_regular   name=mimi.decoder.model.12.block.3.conv.conv.bias                 type=f32        payload_B=       256 alloc_B=         0 nbytes_B=       256 cuda_free_MiB=  50581 rss_MiB=    374
MEMLEDGER event=per_tensor_regular   name=mimi.decoder.model.14.conv.conv.weight                       type=f16        payload_B=       384 alloc_B=         0 nbytes_B=       384 cuda_free_MiB=  50581 rss_MiB=    374
MEMLEDGER event=per_tensor_regular   name=mimi.decoder.model.14.conv.conv.bias                         type=f32        payload_B=         4 alloc_B=         0 nbytes_B=         4 cuda_free_MiB=  50581 rss_MiB=    374
MEMLEDGER event=per_tensor_regular   name=mimi.downsample.conv.conv.conv.weight                        type=f16        payload_B=   2097152 alloc_B=         0 nbytes_B=   2097152 cuda_free_MiB=  50581 rss_MiB=    374
MEMLEDGER event=per_tensor_regular   name=mimi.encoder_transformer.transformer.layers.0.norm1.weight   type=f32        payload_B=      2048 alloc_B=         0 nbytes_B=      2048 cuda_free_MiB=  50581 rss_MiB=    374
MEMLEDGER event=per_tensor_regular   name=mimi.encoder_transformer.transformer.layers.0.norm1.bias     type=f32        payload_B=      2048 alloc_B=         0 nbytes_B=      2048 cuda_free_MiB=  50581 rss_MiB=    374
MEMLEDGER event=per_tensor_regular   name=0bd20000                                                     type=f32        payload_B=   3145728 alloc_B=         0 nbytes_B=   3145728 cuda_free_MiB=  50581 rss_MiB=    374
MEMLEDGER event=per_tensor_regular   name=5ded0000                                                     type=f32        payload_B=   1048576 alloc_B=         0 nbytes_B=   1048576 cuda_free_MiB=  50581 rss_MiB=    374
MEMLEDGER event=per_tensor_regular   name=87f40000                                                     type=f32        payload_B=      2048 alloc_B=         0 nbytes_B=      2048 cuda_free_MiB=  50581 rss_MiB=    374
MEMLEDGER event=per_tensor_regular   name=mimi.encoder_transformer.transformer.layers.0.norm2.weight   type=f32        payload_B=      2048 alloc_B=         0 nbytes_B=      2048 cuda_free_MiB=  50581 rss_MiB=    374
MEMLEDGER event=per_tensor_regular   name=mimi.encoder_transformer.transformer.layers.0.norm2.bias     type=f32        payload_B=      2048 alloc_B=         0 nbytes_B=      2048 cuda_free_MiB=  50581 rss_MiB=    374
MEMLEDGER event=per_tensor_regular   name=mimi.encoder_transformer.transformer.layers.0.linear1.weight type=f32        payload_B=   4194304 alloc_B=         0 nbytes_B=   4194304 cuda_free_MiB=  50581 rss_MiB=    374
MEMLEDGER event=per_tensor_regular   name=mimi.encoder_transformer.transformer.layers.0.linear2.weight type=f32        payload_B=   4194304 alloc_B=         0 nbytes_B=   4194304 cuda_free_MiB=  50581 rss_MiB=    374
MEMLEDGER event=per_tensor_regular   name=5d750000                                                     type=f32        payload_B=      2048 alloc_B=         0 nbytes_B=      2048 cuda_free_MiB=  50581 rss_MiB=    374
MEMLEDGER event=per_tensor_regular   name=mimi.encoder_transformer.transformer.layers.1.norm1.weight   type=f32        payload_B=      2048 alloc_B=         0 nbytes_B=      2048 cuda_free_MiB=  50581 rss_MiB=    374
MEMLEDGER event=per_tensor_regular   name=mimi.encoder_transformer.transformer.layers.1.norm1.bias     type=f32        payload_B=      2048 alloc_B=         0 nbytes_B=      2048 cuda_free_MiB=  50581 rss_MiB=    374
MEMLEDGER event=per_tensor_regular   name=42a10000                                                     type=f32        payload_B=   3145728 alloc_B=         0 nbytes_B=   3145728 cuda_free_MiB=  50581 rss_MiB=    374
MEMLEDGER event=per_tensor_regular   name=dee10000                                                     type=f32        payload_B=   1048576 alloc_B=         0 nbytes_B=   1048576 cuda_free_MiB=  50581 rss_MiB=    374
MEMLEDGER event=per_tensor_regular   name=645b0000                                                     type=f32        payload_B=      2048 alloc_B=         0 nbytes_B=      2048 cuda_free_MiB=  50581 rss_MiB=    374
MEMLEDGER event=per_tensor_regular   name=mimi.encoder_transformer.transformer.layers.1.norm2.weight   type=f32        payload_B=      2048 alloc_B=         0 nbytes_B=      2048 cuda_free_MiB=  50581 rss_MiB=    374
MEMLEDGER event=per_tensor_regular   name=mimi.encoder_transformer.transformer.layers.1.norm2.bias     type=f32        payload_B=      2048 alloc_B=         0 nbytes_B=      2048 cuda_free_MiB=  50581 rss_MiB=    374
MEMLEDGER event=per_tensor_regular   name=mimi.encoder_transformer.transformer.layers.1.linear1.weight type=f32        payload_B=   4194304 alloc_B=         0 nbytes_B=   4194304 cuda_free_MiB=  50581 rss_MiB=    374
MEMLEDGER event=per_tensor_regular   name=mimi.encoder_transformer.transformer.layers.1.linear2.weight type=f32        payload_B=   4194304 alloc_B=         0 nbytes_B=   4194304 cuda_free_MiB=  50581 rss_MiB=    374
MEMLEDGER event=per_tensor_regular   name=beda0000                                                     type=f32        payload_B=      2048 alloc_B=         0 nbytes_B=      2048 cuda_free_MiB=  50581 rss_MiB=    374
MEMLEDGER event=per_tensor_regular   name=mimi.encoder_transformer.transformer.layers.2.norm1.weight   type=f32        payload_B=      2048 alloc_B=         0 nbytes_B=      2048 cuda_free_MiB=  50581 rss_MiB=    374
MEMLEDGER event=per_tensor_regular   name=mimi.encoder_transformer.transformer.layers.2.norm1.bias     type=f32        payload_B=      2048 alloc_B=         0 nbytes_B=      2048 cuda_free_MiB=  50581 rss_MiB=    374
MEMLEDGER event=per_tensor_regular   name=89240000                                                     type=f32        payload_B=   3145728 alloc_B=         0 nbytes_B=   3145728 cuda_free_MiB=  50581 rss_MiB=    374
MEMLEDGER event=per_tensor_regular   name=5bf50000                                                     type=f32        payload_B=   1048576 alloc_B=         0 nbytes_B=   1048576 cuda_free_MiB=  50581 rss_MiB=    374
MEMLEDGER event=per_tensor_regular   name=56b00000                                                     type=f32        payload_B=      2048 alloc_B=         0 nbytes_B=      2048 cuda_free_MiB=  50581 rss_MiB=    374
MEMLEDGER event=per_tensor_regular   name=mimi.encoder_transformer.transformer.layers.2.norm2.weight   type=f32        payload_B=      2048 alloc_B=         0 nbytes_B=      2048 cuda_free_MiB=  50581 rss_MiB=    374
MEMLEDGER event=per_tensor_regular   name=mimi.encoder_transformer.transformer.layers.2.norm2.bias     type=f32        payload_B=      2048 alloc_B=         0 nbytes_B=      2048 cuda_free_MiB=  50581 rss_MiB=    374
MEMLEDGER event=per_tensor_regular   name=mimi.encoder_transformer.transformer.layers.2.linear1.weight type=f32        payload_B=   4194304 alloc_B=         0 nbytes_B=   4194304 cuda_free_MiB=  50581 rss_MiB=    374
MEMLEDGER event=per_tensor_regular   name=mimi.encoder_transformer.transformer.layers.2.linear2.weight type=f32        payload_B=   4194304 alloc_B=         0 nbytes_B=   4194304 cuda_free_MiB=  50581 rss_MiB=    374
MEMLEDGER event=per_tensor_regular   name=8c310000                                                     type=f32        payload_B=      2048 alloc_B=         0 nbytes_B=      2048 cuda_free_MiB=  50581 rss_MiB=    374
MEMLEDGER event=per_tensor_regular   name=mimi.encoder_transformer.transformer.layers.3.norm1.weight   type=f32        payload_B=      2048 alloc_B=         0 nbytes_B=      2048 cuda_free_MiB=  50581 rss_MiB=    374
MEMLEDGER event=per_tensor_regular   name=mimi.encoder_transformer.transformer.layers.3.norm1.bias     type=f32        payload_B=      2048 alloc_B=         0 nbytes_B=      2048 cuda_free_MiB=  50581 rss_MiB=    374
MEMLEDGER event=per_tensor_regular   name=c0570000                                                     type=f32        payload_B=   3145728 alloc_B=         0 nbytes_B=   3145728 cuda_free_MiB=  50581 rss_MiB=    374
MEMLEDGER event=per_tensor_regular   name=d8f90000                                                     type=f32        payload_B=   1048576 alloc_B=         0 nbytes_B=   1048576 cuda_free_MiB=  50581 rss_MiB=    374
MEMLEDGER event=per_tensor_regular   name=b51f0000                                                     type=f32        payload_B=      2048 alloc_B=         0 nbytes_B=      2048 cuda_free_MiB=  50581 rss_MiB=    374
MEMLEDGER event=per_tensor_regular   name=mimi.encoder_transformer.transformer.layers.3.norm2.weight   type=f32        payload_B=      2048 alloc_B=         0 nbytes_B=      2048 cuda_free_MiB=  50581 rss_MiB=    374
MEMLEDGER event=per_tensor_regular   name=mimi.encoder_transformer.transformer.layers.3.norm2.bias     type=f32        payload_B=      2048 alloc_B=         0 nbytes_B=      2048 cuda_free_MiB=  50581 rss_MiB=    374
MEMLEDGER event=per_tensor_regular   name=mimi.encoder_transformer.transformer.layers.3.linear1.weight type=f32        payload_B=   4194304 alloc_B=         0 nbytes_B=   4194304 cuda_free_MiB=  50581 rss_MiB=    374
MEMLEDGER event=per_tensor_regular   name=mimi.encoder_transformer.transformer.layers.3.linear2.weight type=f32        payload_B=   4194304 alloc_B=         0 nbytes_B=   4194304 cuda_free_MiB=  50581 rss_MiB=    374
MEMLEDGER event=per_tensor_regular   name=6f9e0000                                                     type=f32        payload_B=      2048 alloc_B=         0 nbytes_B=      2048 cuda_free_MiB=  50581 rss_MiB=    374
MEMLEDGER event=per_tensor_regular   name=mimi.encoder_transformer.transformer.layers.4.norm1.weight   type=f32        payload_B=      2048 alloc_B=         0 nbytes_B=      2048 cuda_free_MiB=  50581 rss_MiB=    374
MEMLEDGER event=per_tensor_regular   name=mimi.encoder_transformer.transformer.layers.4.norm1.bias     type=f32        payload_B=      2048 alloc_B=         0 nbytes_B=      2048 cuda_free_MiB=  50581 rss_MiB=    374
MEMLEDGER event=per_tensor_regular   name=19350000                                                     type=f32        payload_B=   3145728 alloc_B=         0 nbytes_B=   3145728 cuda_free_MiB=  50581 rss_MiB=    374
MEMLEDGER event=per_tensor_regular   name=51dc0000                                                     type=f32        payload_B=   1048576 alloc_B=         0 nbytes_B=   1048576 cuda_free_MiB=  50581 rss_MiB=    374
MEMLEDGER event=per_tensor_regular   name=33660000                                                     type=f32        payload_B=      2048 alloc_B=         0 nbytes_B=      2048 cuda_free_MiB=  50581 rss_MiB=    374
MEMLEDGER event=per_tensor_regular   name=mimi.encoder_transformer.transformer.layers.4.norm2.weight   type=f32        payload_B=      2048 alloc_B=         0 nbytes_B=      2048 cuda_free_MiB=  50581 rss_MiB=    374
MEMLEDGER event=per_tensor_regular   name=mimi.encoder_transformer.transformer.layers.4.norm2.bias     type=f32        payload_B=      2048 alloc_B=         0 nbytes_B=      2048 cuda_free_MiB=  50581 rss_MiB=    374
MEMLEDGER event=per_tensor_regular   name=mimi.encoder_transformer.transformer.layers.4.linear1.weight type=f32        payload_B=   4194304 alloc_B=         0 nbytes_B=   4194304 cuda_free_MiB=  50581 rss_MiB=    374
MEMLEDGER event=per_tensor_regular   name=mimi.encoder_transformer.transformer.layers.4.linear2.weight type=f32        payload_B=   4194304 alloc_B=         0 nbytes_B=   4194304 cuda_free_MiB=  50581 rss_MiB=    374
MEMLEDGER event=per_tensor_regular   name=e9e70000                                                     type=f32        payload_B=      2048 alloc_B=         0 nbytes_B=      2048 cuda_free_MiB=  50581 rss_MiB=    374
MEMLEDGER event=per_tensor_regular   name=mimi.encoder_transformer.transformer.layers.5.norm1.weight   type=f32        payload_B=      2048 alloc_B=         0 nbytes_B=      2048 cuda_free_MiB=  50581 rss_MiB=    374
MEMLEDGER event=per_tensor_regular   name=mimi.encoder_transformer.transformer.layers.5.norm1.bias     type=f32        payload_B=      2048 alloc_B=         0 nbytes_B=      2048 cuda_free_MiB=  50581 rss_MiB=    374
MEMLEDGER event=per_tensor_regular   name=50460000                                                     type=f32        payload_B=   3145728 alloc_B=         0 nbytes_B=   3145728 cuda_free_MiB=  50581 rss_MiB=    374
MEMLEDGER event=per_tensor_regular   name=d2d00000                                                     type=f32        payload_B=   1048576 alloc_B=         0 nbytes_B=   1048576 cuda_free_MiB=  50581 rss_MiB=    374
MEMLEDGER event=per_tensor_regular   name=d0c90000                                                     type=f32        payload_B=      2048 alloc_B=         0 nbytes_B=      2048 cuda_free_MiB=  50581 rss_MiB=    374
MEMLEDGER event=per_tensor_regular   name=mimi.encoder_transformer.transformer.layers.5.norm2.weight   type=f32        payload_B=      2048 alloc_B=         0 nbytes_B=      2048 cuda_free_MiB=  50581 rss_MiB=    374
MEMLEDGER event=per_tensor_regular   name=mimi.encoder_transformer.transformer.layers.5.norm2.bias     type=f32        payload_B=      2048 alloc_B=         0 nbytes_B=      2048 cuda_free_MiB=  50581 rss_MiB=    374
MEMLEDGER event=per_tensor_regular   name=mimi.encoder_transformer.transformer.layers.5.linear1.weight type=f32        payload_B=   4194304 alloc_B=         0 nbytes_B=   4194304 cuda_free_MiB=  50581 rss_MiB=    374
MEMLEDGER event=per_tensor_regular   name=mimi.encoder_transformer.transformer.layers.5.linear2.weight type=f32        payload_B=   4194304 alloc_B=         0 nbytes_B=   4194304 cuda_free_MiB=  50581 rss_MiB=    374
MEMLEDGER event=per_tensor_regular   name=0a480000                                                     type=f32        payload_B=      2048 alloc_B=         0 nbytes_B=      2048 cuda_free_MiB=  50581 rss_MiB=    374
MEMLEDGER event=per_tensor_regular   name=mimi.encoder_transformer.transformer.layers.6.norm1.weight   type=f32        payload_B=      2048 alloc_B=         0 nbytes_B=      2048 cuda_free_MiB=  50581 rss_MiB=    374
MEMLEDGER event=per_tensor_regular   name=mimi.encoder_transformer.transformer.layers.6.norm1.bias     type=f32        payload_B=      2048 alloc_B=         0 nbytes_B=      2048 cuda_free_MiB=  50581 rss_MiB=    374
MEMLEDGER event=per_tensor_regular   name=9bc30000                                                     type=f32        payload_B=   3145728 alloc_B=         0 nbytes_B=   3145728 cuda_free_MiB=  50581 rss_MiB=    374
MEMLEDGER event=per_tensor_regular   name=57c40000                                                     type=f32        payload_B=   1048576 alloc_B=         0 nbytes_B=   1048576 cuda_free_MiB=  50581 rss_MiB=    374
MEMLEDGER event=per_tensor_regular   name=e2220000                                                     type=f32        payload_B=      2048 alloc_B=         0 nbytes_B=      2048 cuda_free_MiB=  50581 rss_MiB=    374
MEMLEDGER event=per_tensor_regular   name=mimi.encoder_transformer.transformer.layers.6.norm2.weight   type=f32        payload_B=      2048 alloc_B=         0 nbytes_B=      2048 cuda_free_MiB=  50581 rss_MiB=    374
MEMLEDGER event=per_tensor_regular   name=mimi.encoder_transformer.transformer.layers.6.norm2.bias     type=f32        payload_B=      2048 alloc_B=         0 nbytes_B=      2048 cuda_free_MiB=  50581 rss_MiB=    374
MEMLEDGER event=per_tensor_regular   name=mimi.encoder_transformer.transformer.layers.6.linear1.weight type=f32        payload_B=   4194304 alloc_B=         0 nbytes_B=   4194304 cuda_free_MiB=  50581 rss_MiB=    374
MEMLEDGER event=per_tensor_regular   name=mimi.encoder_transformer.transformer.layers.6.linear2.weight type=f32        payload_B=   4194304 alloc_B=         0 nbytes_B=   4194304 cuda_free_MiB=  50581 rss_MiB=    374
MEMLEDGER event=per_tensor_regular   name=38a30000                                                     type=f32        payload_B=      2048 alloc_B=         0 nbytes_B=      2048 cuda_free_MiB=  50581 rss_MiB=    374
MEMLEDGER event=per_tensor_regular   name=mimi.encoder_transformer.transformer.layers.7.norm1.weight   type=f32        payload_B=      2048 alloc_B=         0 nbytes_B=      2048 cuda_free_MiB=  50581 rss_MiB=    374
MEMLEDGER event=per_tensor_regular   name=mimi.encoder_transformer.transformer.layers.7.norm1.bias     type=f32        payload_B=      2048 alloc_B=         0 nbytes_B=      2048 cuda_free_MiB=  50581 rss_MiB=    374
MEMLEDGER event=per_tensor_regular   name=d2b00000                                                     type=f32        payload_B=   3145728 alloc_B=         0 nbytes_B=   3145728 cuda_free_MiB=  50581 rss_MiB=    374
MEMLEDGER event=per_tensor_regular   name=d4c80000                                                     type=f32        payload_B=   1048576 alloc_B=         0 nbytes_B=   1048576 cuda_free_MiB=  50581 rss_MiB=    374
MEMLEDGER event=per_tensor_regular   name=018d0000                                                     type=f32        payload_B=      2048 alloc_B=         0 nbytes_B=      2048 cuda_free_MiB=  50581 rss_MiB=    374
MEMLEDGER event=per_tensor_regular   name=mimi.encoder_transformer.transformer.layers.7.norm2.weight   type=f32        payload_B=      2048 alloc_B=         0 nbytes_B=      2048 cuda_free_MiB=  50581 rss_MiB=    374
MEMLEDGER event=per_tensor_regular   name=mimi.encoder_transformer.transformer.layers.7.norm2.bias     type=f32        payload_B=      2048 alloc_B=         0 nbytes_B=      2048 cuda_free_MiB=  50581 rss_MiB=    374
MEMLEDGER event=per_tensor_regular   name=mimi.encoder_transformer.transformer.layers.7.linear1.weight type=f32        payload_B=   4194304 alloc_B=         0 nbytes_B=   4194304 cuda_free_MiB=  50581 rss_MiB=    374
MEMLEDGER event=per_tensor_regular   name=mimi.encoder_transformer.transformer.layers.7.linear2.weight type=f32        payload_B=   4194304 alloc_B=         0 nbytes_B=   4194304 cuda_free_MiB=  50581 rss_MiB=    374
MEMLEDGER event=per_tensor_regular   name=db0c0000                                                     type=f32        payload_B=      2048 alloc_B=         0 nbytes_B=      2048 cuda_free_MiB=  50581 rss_MiB=    374
MEMLEDGER event=per_tensor_regular   name=mimi.encoder.model.0.conv.conv.weight                        type=f16        payload_B=       896 alloc_B=         0 nbytes_B=       896 cuda_free_MiB=  50581 rss_MiB=    374
MEMLEDGER event=per_tensor_regular   name=mimi.encoder.model.0.conv.conv.bias                          type=f32        payload_B=       256 alloc_B=         0 nbytes_B=       256 cuda_free_MiB=  50581 rss_MiB=    374
MEMLEDGER event=per_tensor_regular   name=mimi.encoder.model.1.block.1.conv.conv.weight                type=f16        payload_B=     12288 alloc_B=         0 nbytes_B=     12288 cuda_free_MiB=  50581 rss_MiB=    374
MEMLEDGER event=per_tensor_regular   name=mimi.encoder.model.1.block.1.conv.conv.bias                  type=f32        payload_B=       128 alloc_B=         0 nbytes_B=       128 cuda_free_MiB=  50581 rss_MiB=    374
MEMLEDGER event=per_tensor_regular   name=mimi.encoder.model.1.block.3.conv.conv.weight                type=f16        payload_B=      4096 alloc_B=         0 nbytes_B=      4096 cuda_free_MiB=  50581 rss_MiB=    374
MEMLEDGER event=per_tensor_regular   name=mimi.encoder.model.1.block.3.conv.conv.bias                  type=f32        payload_B=       256 alloc_B=         0 nbytes_B=       256 cuda_free_MiB=  50581 rss_MiB=    374
MEMLEDGER event=per_tensor_regular   name=mimi.encoder.model.3.conv.conv.weight                        type=f16        payload_B=    131072 alloc_B=         0 nbytes_B=    131072 cuda_free_MiB=  50581 rss_MiB=    374
MEMLEDGER event=per_tensor_regular   name=mimi.encoder.model.3.conv.conv.bias                          type=f32        payload_B=       512 alloc_B=         0 nbytes_B=       512 cuda_free_MiB=  50581 rss_MiB=    374
MEMLEDGER event=per_tensor_regular   name=mimi.encoder.model.4.block.1.conv.conv.weight                type=f16        payload_B=     49152 alloc_B=         0 nbytes_B=     49152 cuda_free_MiB=  50581 rss_MiB=    374
MEMLEDGER event=per_tensor_regular   name=mimi.encoder.model.4.block.1.conv.conv.bias                  type=f32        payload_B=       256 alloc_B=         0 nbytes_B=       256 cuda_free_MiB=  50581 rss_MiB=    374
MEMLEDGER event=per_tensor_regular   name=mimi.encoder.model.4.block.3.conv.conv.weight                type=f16        payload_B=     16384 alloc_B=         0 nbytes_B=     16384 cuda_free_MiB=  50581 rss_MiB=    374
MEMLEDGER event=per_tensor_regular   name=mimi.encoder.model.4.block.3.conv.conv.bias                  type=f32        payload_B=       512 alloc_B=         0 nbytes_B=       512 cuda_free_MiB=  50581 rss_MiB=    374
MEMLEDGER event=per_tensor_regular   name=mimi.encoder.model.6.conv.conv.weight                        type=f16        payload_B=    655360 alloc_B=         0 nbytes_B=    655360 cuda_free_MiB=  50581 rss_MiB=    374
MEMLEDGER event=per_tensor_regular   name=mimi.encoder.model.6.conv.conv.bias                          type=f32        payload_B=      1024 alloc_B=         0 nbytes_B=      1024 cuda_free_MiB=  50581 rss_MiB=    374
MEMLEDGER event=per_tensor_regular   name=mimi.encoder.model.7.block.1.conv.conv.weight                type=f16        payload_B=    196608 alloc_B=         0 nbytes_B=    196608 cuda_free_MiB=  50581 rss_MiB=    374
MEMLEDGER event=per_tensor_regular   name=mimi.encoder.model.7.block.1.conv.conv.bias                  type=f32        payload_B=       512 alloc_B=         0 nbytes_B=       512 cuda_free_MiB=  50581 rss_MiB=    374
MEMLEDGER event=per_tensor_regular   name=mimi.encoder.model.7.block.3.conv.conv.weight                type=f16        payload_B=     65536 alloc_B=         0 nbytes_B=     65536 cuda_free_MiB=  50581 rss_MiB=    374
MEMLEDGER event=per_tensor_regular   name=mimi.encoder.model.7.block.3.conv.conv.bias                  type=f32        payload_B=      1024 alloc_B=         0 nbytes_B=      1024 cuda_free_MiB=  50581 rss_MiB=    374
MEMLEDGER event=per_tensor_regular   name=mimi.encoder.model.9.conv.conv.weight                        type=f16        payload_B=   3145728 alloc_B=         0 nbytes_B=   3145728 cuda_free_MiB=  50581 rss_MiB=    374
MEMLEDGER event=per_tensor_regular   name=mimi.encoder.model.9.conv.conv.bias                          type=f32        payload_B=      2048 alloc_B=         0 nbytes_B=      2048 cuda_free_MiB=  50581 rss_MiB=    374
MEMLEDGER event=per_tensor_regular   name=mimi.encoder.model.10.block.1.conv.conv.weight               type=f16        payload_B=    786432 alloc_B=         0 nbytes_B=    786432 cuda_free_MiB=  50581 rss_MiB=    374
MEMLEDGER event=per_tensor_regular   name=mimi.encoder.model.10.block.1.conv.conv.bias                 type=f32        payload_B=      1024 alloc_B=         0 nbytes_B=      1024 cuda_free_MiB=  50581 rss_MiB=    374
MEMLEDGER event=per_tensor_regular   name=mimi.encoder.model.10.block.3.conv.conv.weight               type=f16        payload_B=    262144 alloc_B=         0 nbytes_B=    262144 cuda_free_MiB=  50581 rss_MiB=    374
MEMLEDGER event=per_tensor_regular   name=mimi.encoder.model.10.block.3.conv.conv.bias                 type=f32        payload_B=      2048 alloc_B=         0 nbytes_B=      2048 cuda_free_MiB=  50581 rss_MiB=    374
MEMLEDGER event=per_tensor_regular   name=mimi.encoder.model.12.conv.conv.weight                       type=f16        payload_B=  16777216 alloc_B=         0 nbytes_B=  16777216 cuda_free_MiB=  50581 rss_MiB=    374
MEMLEDGER event=per_tensor_regular   name=mimi.encoder.model.12.conv.conv.bias                         type=f32        payload_B=      4096 alloc_B=         0 nbytes_B=      4096 cuda_free_MiB=  50581 rss_MiB=    374
MEMLEDGER event=per_tensor_regular   name=mimi.encoder.model.14.conv.conv.weight                       type=f16        payload_B=   3145728 alloc_B=         0 nbytes_B=   3145728 cuda_free_MiB=  50581 rss_MiB=    374
MEMLEDGER event=per_tensor_regular   name=mimi.encoder.model.14.conv.conv.bias                         type=f32        payload_B=      2048 alloc_B=         0 nbytes_B=      2048 cuda_free_MiB=  50581 rss_MiB=    374
MEMLEDGER event=after_load_gguf_raw  name=(all_raw_tensors_done)                                       type=-          payload_B=         0 alloc_B=         0 nbytes_B=         0 cuda_free_MiB=  50581 rss_MiB=    374
MEMLEDGER event=bmo_subcomponents_excluded name=(prescan_done)                                               type=-          payload_B=         0 alloc_B=       248 nbytes_B=         0 cuda_free_MiB=  50581 rss_MiB=    342
MEMLEDGER event=after_gguf_buffer_alloc name=(shared_ctx_buffer)                                          type=-          payload_B=         0 alloc_B=2640146432 nbytes_B=         0 cuda_free_MiB=  48063 rss_MiB=    342
MEMLEDGER event=per_tensor_regular   name=transformer_layers_0_norm1_weight                            type=f32        payload_B=     16384 alloc_B=         0 nbytes_B=     16384 cuda_free_MiB=  48063 rss_MiB=    342
MEMLEDGER event=per_tensor_regular   name=transformer_layers_0_norm2_weight                            type=f32        payload_B=     16384 alloc_B=         0 nbytes_B=     16384 cuda_free_MiB=  48063 rss_MiB=    342
MEMLEDGER event=per_tensor_regular   name=transformer_layers_1_norm1_weight                            type=f32        payload_B=     16384 alloc_B=         0 nbytes_B=     16384 cuda_free_MiB=  48063 rss_MiB=    342
MEMLEDGER event=per_tensor_regular   name=transformer_layers_1_norm2_weight                            type=f32        payload_B=     16384 alloc_B=         0 nbytes_B=     16384 cuda_free_MiB=  48063 rss_MiB=    342
MEMLEDGER event=per_tensor_regular   name=transformer_layers_2_norm1_weight                            type=f32        payload_B=     16384 alloc_B=         0 nbytes_B=     16384 cuda_free_MiB=  48063 rss_MiB=    342
MEMLEDGER event=per_tensor_regular   name=transformer_layers_2_norm2_weight                            type=f32        payload_B=     16384 alloc_B=         0 nbytes_B=     16384 cuda_free_MiB=  48063 rss_MiB=    342
MEMLEDGER event=per_tensor_regular   name=transformer_layers_3_norm1_weight                            type=f32        payload_B=     16384 alloc_B=         0 nbytes_B=     16384 cuda_free_MiB=  48063 rss_MiB=    342
MEMLEDGER event=per_tensor_regular   name=transformer_layers_3_norm2_weight                            type=f32        payload_B=     16384 alloc_B=         0 nbytes_B=     16384 cuda_free_MiB=  48063 rss_MiB=    342
MEMLEDGER event=per_tensor_regular   name=transformer_layers_4_norm1_weight                            type=f32        payload_B=     16384 alloc_B=         0 nbytes_B=     16384 cuda_free_MiB=  48063 rss_MiB=    342
MEMLEDGER event=per_tensor_regular   name=transformer_layers_4_norm2_weight                            type=f32        payload_B=     16384 alloc_B=         0 nbytes_B=     16384 cuda_free_MiB=  48063 rss_MiB=    342
MEMLEDGER event=per_tensor_regular   name=transformer_layers_5_norm1_weight                            type=f32        payload_B=     16384 alloc_B=         0 nbytes_B=     16384 cuda_free_MiB=  48063 rss_MiB=    342
MEMLEDGER event=per_tensor_regular   name=transformer_layers_5_norm2_weight                            type=f32        payload_B=     16384 alloc_B=         0 nbytes_B=     16384 cuda_free_MiB=  48063 rss_MiB=    342
MEMLEDGER event=per_tensor_regular   name=transformer_layers_6_norm1_weight                            type=f32        payload_B=     16384 alloc_B=         0 nbytes_B=     16384 cuda_free_MiB=  48063 rss_MiB=    342
MEMLEDGER event=per_tensor_regular   name=transformer_layers_6_norm2_weight                            type=f32        payload_B=     16384 alloc_B=         0 nbytes_B=     16384 cuda_free_MiB=  48063 rss_MiB=    342
MEMLEDGER event=per_tensor_regular   name=transformer_layers_7_norm1_weight                            type=f32        payload_B=     16384 alloc_B=         0 nbytes_B=     16384 cuda_free_MiB=  48063 rss_MiB=    342
MEMLEDGER event=per_tensor_regular   name=transformer_layers_7_norm2_weight                            type=f32        payload_B=     16384 alloc_B=         0 nbytes_B=     16384 cuda_free_MiB=  48063 rss_MiB=    342
MEMLEDGER event=per_tensor_regular   name=transformer_layers_8_norm1_weight                            type=f32        payload_B=     16384 alloc_B=         0 nbytes_B=     16384 cuda_free_MiB=  48063 rss_MiB=    342
MEMLEDGER event=per_tensor_regular   name=transformer_layers_8_norm2_weight                            type=f32        payload_B=     16384 alloc_B=         0 nbytes_B=     16384 cuda_free_MiB=  48063 rss_MiB=    342
MEMLEDGER event=per_tensor_regular   name=transformer_layers_9_norm1_weight                            type=f32        payload_B=     16384 alloc_B=         0 nbytes_B=     16384 cuda_free_MiB=  48063 rss_MiB=    342
MEMLEDGER event=per_tensor_regular   name=transformer_layers_9_norm2_weight                            type=f32        payload_B=     16384 alloc_B=         0 nbytes_B=     16384 cuda_free_MiB=  48063 rss_MiB=    342
MEMLEDGER event=per_tensor_regular   name=transformer_layers_10_norm1_weight                           type=f32        payload_B=     16384 alloc_B=         0 nbytes_B=     16384 cuda_free_MiB=  48063 rss_MiB=    342
MEMLEDGER event=per_tensor_regular   name=transformer_layers_10_norm2_weight                           type=f32        payload_B=     16384 alloc_B=         0 nbytes_B=     16384 cuda_free_MiB=  48063 rss_MiB=    342
MEMLEDGER event=per_tensor_regular   name=transformer_layers_11_norm1_weight                           type=f32        payload_B=     16384 alloc_B=         0 nbytes_B=     16384 cuda_free_MiB=  48063 rss_MiB=    342
MEMLEDGER event=per_tensor_regular   name=transformer_layers_11_norm2_weight                           type=f32        payload_B=     16384 alloc_B=         0 nbytes_B=     16384 cuda_free_MiB=  48063 rss_MiB=    342
MEMLEDGER event=per_tensor_regular   name=transformer_layers_12_norm1_weight                           type=f32        payload_B=     16384 alloc_B=         0 nbytes_B=     16384 cuda_free_MiB=  48063 rss_MiB=    342
MEMLEDGER event=per_tensor_regular   name=transformer_layers_12_norm2_weight                           type=f32        payload_B=     16384 alloc_B=         0 nbytes_B=     16384 cuda_free_MiB=  48063 rss_MiB=    342
MEMLEDGER event=per_tensor_regular   name=transformer_layers_13_norm1_weight                           type=f32        payload_B=     16384 alloc_B=         0 nbytes_B=     16384 cuda_free_MiB=  48063 rss_MiB=    342
MEMLEDGER event=per_tensor_regular   name=transformer_layers_13_norm2_weight                           type=f32        payload_B=     16384 alloc_B=         0 nbytes_B=     16384 cuda_free_MiB=  48063 rss_MiB=    342
MEMLEDGER event=per_tensor_regular   name=transformer_layers_14_norm1_weight                           type=f32        payload_B=     16384 alloc_B=         0 nbytes_B=     16384 cuda_free_MiB=  48063 rss_MiB=    342
MEMLEDGER event=per_tensor_regular   name=transformer_layers_14_norm2_weight                           type=f32        payload_B=     16384 alloc_B=         0 nbytes_B=     16384 cuda_free_MiB=  48063 rss_MiB=    342
MEMLEDGER event=per_tensor_regular   name=transformer_layers_15_norm1_weight                           type=f32        payload_B=     16384 alloc_B=         0 nbytes_B=     16384 cuda_free_MiB=  48063 rss_MiB=    342
MEMLEDGER event=per_tensor_regular   name=transformer_layers_15_norm2_weight                           type=f32        payload_B=     16384 alloc_B=         0 nbytes_B=     16384 cuda_free_MiB=  48063 rss_MiB=    342
MEMLEDGER event=per_tensor_regular   name=transformer_layers_16_norm1_weight                           type=f32        payload_B=     16384 alloc_B=         0 nbytes_B=     16384 cuda_free_MiB=  48063 rss_MiB=    342
MEMLEDGER event=per_tensor_regular   name=transformer_layers_16_norm2_weight                           type=f32        payload_B=     16384 alloc_B=         0 nbytes_B=     16384 cuda_free_MiB=  48063 rss_MiB=    342
MEMLEDGER event=per_tensor_regular   name=transformer_layers_17_norm1_weight                           type=f32        payload_B=     16384 alloc_B=         0 nbytes_B=     16384 cuda_free_MiB=  48063 rss_MiB=    342
MEMLEDGER event=per_tensor_regular   name=transformer_layers_17_norm2_weight                           type=f32        payload_B=     16384 alloc_B=         0 nbytes_B=     16384 cuda_free_MiB=  48063 rss_MiB=    342
MEMLEDGER event=per_tensor_regular   name=transformer_layers_18_norm1_weight                           type=f32        payload_B=     16384 alloc_B=         0 nbytes_B=     16384 cuda_free_MiB=  48063 rss_MiB=    342
MEMLEDGER event=per_tensor_regular   name=transformer_layers_18_norm2_weight                           type=f32        payload_B=     16384 alloc_B=         0 nbytes_B=     16384 cuda_free_MiB=  48063 rss_MiB=    342
MEMLEDGER event=per_tensor_regular   name=transformer_layers_19_norm1_weight                           type=f32        payload_B=     16384 alloc_B=         0 nbytes_B=     16384 cuda_free_MiB=  48063 rss_MiB=    342
MEMLEDGER event=per_tensor_regular   name=transformer_layers_19_norm2_weight                           type=f32        payload_B=     16384 alloc_B=         0 nbytes_B=     16384 cuda_free_MiB=  48063 rss_MiB=    342
MEMLEDGER event=per_tensor_regular   name=transformer_layers_20_norm1_weight                           type=f32        payload_B=     16384 alloc_B=         0 nbytes_B=     16384 cuda_free_MiB=  48063 rss_MiB=    342
MEMLEDGER event=per_tensor_regular   name=transformer_layers_20_norm2_weight                           type=f32        payload_B=     16384 alloc_B=         0 nbytes_B=     16384 cuda_free_MiB=  48063 rss_MiB=    342
MEMLEDGER event=per_tensor_regular   name=transformer_layers_21_norm1_weight                           type=f32        payload_B=     16384 alloc_B=         0 nbytes_B=     16384 cuda_free_MiB=  48063 rss_MiB=    342
MEMLEDGER event=per_tensor_regular   name=transformer_layers_21_norm2_weight                           type=f32        payload_B=     16384 alloc_B=         0 nbytes_B=     16384 cuda_free_MiB=  48063 rss_MiB=    342
MEMLEDGER event=per_tensor_regular   name=transformer_layers_22_norm1_weight                           type=f32        payload_B=     16384 alloc_B=         0 nbytes_B=     16384 cuda_free_MiB=  48063 rss_MiB=    342
MEMLEDGER event=per_tensor_regular   name=transformer_layers_22_norm2_weight                           type=f32        payload_B=     16384 alloc_B=         0 nbytes_B=     16384 cuda_free_MiB=  48063 rss_MiB=    342
MEMLEDGER event=per_tensor_regular   name=transformer_layers_23_norm1_weight                           type=f32        payload_B=     16384 alloc_B=         0 nbytes_B=     16384 cuda_free_MiB=  48063 rss_MiB=    342
MEMLEDGER event=per_tensor_regular   name=transformer_layers_23_norm2_weight                           type=f32        payload_B=     16384 alloc_B=         0 nbytes_B=     16384 cuda_free_MiB=  48063 rss_MiB=    342
MEMLEDGER event=per_tensor_regular   name=transformer_layers_24_norm1_weight                           type=f32        payload_B=     16384 alloc_B=         0 nbytes_B=     16384 cuda_free_MiB=  48063 rss_MiB=    342
MEMLEDGER event=per_tensor_regular   name=transformer_layers_24_norm2_weight                           type=f32        payload_B=     16384 alloc_B=         0 nbytes_B=     16384 cuda_free_MiB=  48063 rss_MiB=    342
MEMLEDGER event=per_tensor_regular   name=transformer_layers_25_norm1_weight                           type=f32        payload_B=     16384 alloc_B=         0 nbytes_B=     16384 cuda_free_MiB=  48063 rss_MiB=    342
MEMLEDGER event=per_tensor_regular   name=transformer_layers_25_norm2_weight                           type=f32        payload_B=     16384 alloc_B=         0 nbytes_B=     16384 cuda_free_MiB=  48063 rss_MiB=    342
MEMLEDGER event=per_tensor_regular   name=transformer_layers_26_norm1_weight                           type=f32        payload_B=     16384 alloc_B=         0 nbytes_B=     16384 cuda_free_MiB=  48063 rss_MiB=    342
MEMLEDGER event=per_tensor_regular   name=transformer_layers_26_norm2_weight                           type=f32        payload_B=     16384 alloc_B=         0 nbytes_B=     16384 cuda_free_MiB=  48063 rss_MiB=    342
MEMLEDGER event=per_tensor_regular   name=transformer_layers_27_norm1_weight                           type=f32        payload_B=     16384 alloc_B=         0 nbytes_B=     16384 cuda_free_MiB=  48063 rss_MiB=    342
MEMLEDGER event=per_tensor_regular   name=transformer_layers_27_norm2_weight                           type=f32        payload_B=     16384 alloc_B=         0 nbytes_B=     16384 cuda_free_MiB=  48063 rss_MiB=    342
MEMLEDGER event=per_tensor_regular   name=transformer_layers_28_norm1_weight                           type=f32        payload_B=     16384 alloc_B=         0 nbytes_B=     16384 cuda_free_MiB=  48063 rss_MiB=    342
MEMLEDGER event=per_tensor_regular   name=transformer_layers_28_norm2_weight                           type=f32        payload_B=     16384 alloc_B=         0 nbytes_B=     16384 cuda_free_MiB=  48063 rss_MiB=    342
MEMLEDGER event=per_tensor_regular   name=transformer_layers_29_norm1_weight                           type=f32        payload_B=     16384 alloc_B=         0 nbytes_B=     16384 cuda_free_MiB=  48063 rss_MiB=    342
MEMLEDGER event=per_tensor_regular   name=transformer_layers_29_norm2_weight                           type=f32        payload_B=     16384 alloc_B=         0 nbytes_B=     16384 cuda_free_MiB=  48063 rss_MiB=    342
MEMLEDGER event=per_tensor_regular   name=transformer_layers_30_norm1_weight                           type=f32        payload_B=     16384 alloc_B=         0 nbytes_B=     16384 cuda_free_MiB=  48063 rss_MiB=    342
MEMLEDGER event=per_tensor_regular   name=transformer_layers_30_norm2_weight                           type=f32        payload_B=     16384 alloc_B=         0 nbytes_B=     16384 cuda_free_MiB=  48063 rss_MiB=    342
MEMLEDGER event=per_tensor_regular   name=transformer_layers_31_norm1_weight                           type=f32        payload_B=     16384 alloc_B=         0 nbytes_B=     16384 cuda_free_MiB=  48063 rss_MiB=    342
MEMLEDGER event=per_tensor_regular   name=transformer_layers_31_norm2_weight                           type=f32        payload_B=     16384 alloc_B=         0 nbytes_B=     16384 cuda_free_MiB=  48063 rss_MiB=    342
MEMLEDGER event=per_tensor_regular   name=transformer_layers_0_self_attn_out_proj_weight.packed_weights type=i8         payload_B=   8388608 alloc_B=         0 nbytes_B=   8388608 cuda_free_MiB=  48063 rss_MiB=    348
MEMLEDGER event=per_tensor_regular   name=transformer_layers_0_self_attn_out_proj_weight.scales        type=f32        payload_B=    524288 alloc_B=         0 nbytes_B=    524288 cuda_free_MiB=  48063 rss_MiB=    348
MEMLEDGER event=per_tensor_regular   name=transformer_layers_0_self_attn_out_proj_weight.zeros         type=f32        payload_B=    524288 alloc_B=         0 nbytes_B=    524288 cuda_free_MiB=  48063 rss_MiB=    348
MEMLEDGER event=per_tensor_regular   name=transformer_layers_0_self_attn_out_proj_weight.group_size    type=i32        payload_B=         4 alloc_B=         0 nbytes_B=         4 cuda_free_MiB=  48063 rss_MiB=    348
MEMLEDGER event=per_tensor_regular   name=transformer_layers_0_self_attn_out_proj_weight.n_groups      type=i32        payload_B=         4 alloc_B=         0 nbytes_B=         4 cuda_free_MiB=  48063 rss_MiB=    348
MEMLEDGER event=per_tensor_regular   name=transformer_layers_0_self_attn_out_proj_weight.rows          type=i32        payload_B=         4 alloc_B=         0 nbytes_B=         4 cuda_free_MiB=  48063 rss_MiB=    348
MEMLEDGER event=per_tensor_regular   name=transformer_layers_0_self_attn_out_proj_weight.cols          type=i32        payload_B=         4 alloc_B=         0 nbytes_B=         4 cuda_free_MiB=  48063 rss_MiB=    348
MEMLEDGER event=per_tensor_regular   name=transformer_layers_0_self_attn_out_proj_weight.packing_version type=i32        payload_B=         4 alloc_B=         0 nbytes_B=         4 cuda_free_MiB=  48063 rss_MiB=    348
MEMLEDGER event=per_tensor_regular   name=transformer_layers_1_self_attn_out_proj_weight.packed_weights type=i8         payload_B=   8388608 alloc_B=         0 nbytes_B=   8388608 cuda_free_MiB=  48063 rss_MiB=    348
MEMLEDGER event=per_tensor_regular   name=transformer_layers_1_self_attn_out_proj_weight.scales        type=f32        payload_B=    524288 alloc_B=         0 nbytes_B=    524288 cuda_free_MiB=  48063 rss_MiB=    348
MEMLEDGER event=per_tensor_regular   name=transformer_layers_1_self_attn_out_proj_weight.zeros         type=f32        payload_B=    524288 alloc_B=         0 nbytes_B=    524288 cuda_free_MiB=  48063 rss_MiB=    348
MEMLEDGER event=per_tensor_regular   name=transformer_layers_1_self_attn_out_proj_weight.group_size    type=i32        payload_B=         4 alloc_B=         0 nbytes_B=         4 cuda_free_MiB=  48063 rss_MiB=    348
MEMLEDGER event=per_tensor_regular   name=transformer_layers_1_self_attn_out_proj_weight.n_groups      type=i32        payload_B=         4 alloc_B=         0 nbytes_B=         4 cuda_free_MiB=  48063 rss_MiB=    348
MEMLEDGER event=per_tensor_regular   name=transformer_layers_1_self_attn_out_proj_weight.rows          type=i32        payload_B=         4 alloc_B=         0 nbytes_B=         4 cuda_free_MiB=  48063 rss_MiB=    348
MEMLEDGER event=per_tensor_regular   name=transformer_layers_1_self_attn_out_proj_weight.cols          type=i32        payload_B=         4 alloc_B=         0 nbytes_B=         4 cuda_free_MiB=  48063 rss_MiB=    348
MEMLEDGER event=per_tensor_regular   name=transformer_layers_1_self_attn_out_proj_weight.packing_version type=i32        payload_B=         4 alloc_B=         0 nbytes_B=         4 cuda_free_MiB=  48063 rss_MiB=    348
MEMLEDGER event=per_tensor_regular   name=transformer_layers_2_self_attn_out_proj_weight.packed_weights type=i8         payload_B=   8388608 alloc_B=         0 nbytes_B=   8388608 cuda_free_MiB=  48063 rss_MiB=    348
MEMLEDGER event=per_tensor_regular   name=transformer_layers_2_self_attn_out_proj_weight.scales        type=f32        payload_B=    524288 alloc_B=         0 nbytes_B=    524288 cuda_free_MiB=  48063 rss_MiB=    348
MEMLEDGER event=per_tensor_regular   name=transformer_layers_2_self_attn_out_proj_weight.zeros         type=f32        payload_B=    524288 alloc_B=         0 nbytes_B=    524288 cuda_free_MiB=  48063 rss_MiB=    348
MEMLEDGER event=per_tensor_regular   name=transformer_layers_2_self_attn_out_proj_weight.group_size    type=i32        payload_B=         4 alloc_B=         0 nbytes_B=         4 cuda_free_MiB=  48063 rss_MiB=    348
MEMLEDGER event=per_tensor_regular   name=transformer_layers_2_self_attn_out_proj_weight.n_groups      type=i32        payload_B=         4 alloc_B=         0 nbytes_B=         4 cuda_free_MiB=  48063 rss_MiB=    348
MEMLEDGER event=per_tensor_regular   name=transformer_layers_2_self_attn_out_proj_weight.rows          type=i32        payload_B=         4 alloc_B=         0 nbytes_B=         4 cuda_free_MiB=  48063 rss_MiB=    348
MEMLEDGER event=per_tensor_regular   name=transformer_layers_2_self_attn_out_proj_weight.cols          type=i32        payload_B=         4 alloc_B=         0 nbytes_B=         4 cuda_free_MiB=  48063 rss_MiB=    348
MEMLEDGER event=per_tensor_regular   name=transformer_layers_2_self_attn_out_proj_weight.packing_version type=i32        payload_B=         4 alloc_B=         0 nbytes_B=         4 cuda_free_MiB=  48063 rss_MiB=    348
MEMLEDGER event=per_tensor_regular   name=transformer_layers_3_self_attn_out_proj_weight.packed_weights type=i8         payload_B=   8388608 alloc_B=         0 nbytes_B=   8388608 cuda_free_MiB=  48063 rss_MiB=    348
MEMLEDGER event=per_tensor_regular   name=transformer_layers_3_self_attn_out_proj_weight.scales        type=f32        payload_B=    524288 alloc_B=         0 nbytes_B=    524288 cuda_free_MiB=  48063 rss_MiB=    348
MEMLEDGER event=per_tensor_regular   name=transformer_layers_3_self_attn_out_proj_weight.zeros         type=f32        payload_B=    524288 alloc_B=         0 nbytes_B=    524288 cuda_free_MiB=  48063 rss_MiB=    348
MEMLEDGER event=per_tensor_regular   name=transformer_layers_3_self_attn_out_proj_weight.group_size    type=i32        payload_B=         4 alloc_B=         0 nbytes_B=         4 cuda_free_MiB=  48063 rss_MiB=    348
MEMLEDGER event=per_tensor_regular   name=transformer_layers_3_self_attn_out_proj_weight.n_groups      type=i32        payload_B=         4 alloc_B=         0 nbytes_B=         4 cuda_free_MiB=  48063 rss_MiB=    348
MEMLEDGER event=per_tensor_regular   name=transformer_layers_3_self_attn_out_proj_weight.rows          type=i32        payload_B=         4 alloc_B=         0 nbytes_B=         4 cuda_free_MiB=  48063 rss_MiB=    348
MEMLEDGER event=per_tensor_regular   name=transformer_layers_3_self_attn_out_proj_weight.cols          type=i32        payload_B=         4 alloc_B=         0 nbytes_B=         4 cuda_free_MiB=  48063 rss_MiB=    348
MEMLEDGER event=per_tensor_regular   name=transformer_layers_3_self_attn_out_proj_weight.packing_version type=i32        payload_B=         4 alloc_B=         0 nbytes_B=         4 cuda_free_MiB=  48063 rss_MiB=    348
MEMLEDGER event=per_tensor_regular   name=transformer_layers_4_self_attn_out_proj_weight.packed_weights type=i8         payload_B=   8388608 alloc_B=         0 nbytes_B=   8388608 cuda_free_MiB=  48063 rss_MiB=    348
MEMLEDGER event=per_tensor_regular   name=transformer_layers_4_self_attn_out_proj_weight.scales        type=f32        payload_B=    524288 alloc_B=         0 nbytes_B=    524288 cuda_free_MiB=  48063 rss_MiB=    348
MEMLEDGER event=per_tensor_regular   name=transformer_layers_4_self_attn_out_proj_weight.zeros         type=f32        payload_B=    524288 alloc_B=         0 nbytes_B=    524288 cuda_free_MiB=  48063 rss_MiB=    348
MEMLEDGER event=per_tensor_regular   name=transformer_layers_4_self_attn_out_proj_weight.group_size    type=i32        payload_B=         4 alloc_B=         0 nbytes_B=         4 cuda_free_MiB=  48063 rss_MiB=    348
MEMLEDGER event=per_tensor_regular   name=transformer_layers_4_self_attn_out_proj_weight.n_groups      type=i32        payload_B=         4 alloc_B=         0 nbytes_B=         4 cuda_free_MiB=  48063 rss_MiB=    348
MEMLEDGER event=per_tensor_regular   name=transformer_layers_4_self_attn_out_proj_weight.rows          type=i32        payload_B=         4 alloc_B=         0 nbytes_B=         4 cuda_free_MiB=  48063 rss_MiB=    348
MEMLEDGER event=per_tensor_regular   name=transformer_layers_4_self_attn_out_proj_weight.cols          type=i32        payload_B=         4 alloc_B=         0 nbytes_B=         4 cuda_free_MiB=  48063 rss_MiB=    348
MEMLEDGER event=per_tensor_regular   name=transformer_layers_4_self_attn_out_proj_weight.packing_version type=i32        payload_B=         4 alloc_B=         0 nbytes_B=         4 cuda_free_MiB=  48063 rss_MiB=    348
MEMLEDGER event=per_tensor_regular   name=transformer_layers_5_self_attn_out_proj_weight.packed_weights type=i8         payload_B=   8388608 alloc_B=         0 nbytes_B=   8388608 cuda_free_MiB=  48063 rss_MiB=    348
MEMLEDGER event=per_tensor_regular   name=transformer_layers_5_self_attn_out_proj_weight.scales        type=f32        payload_B=    524288 alloc_B=         0 nbytes_B=    524288 cuda_free_MiB=  48063 rss_MiB=    348
MEMLEDGER event=per_tensor_regular   name=transformer_layers_5_self_attn_out_proj_weight.zeros         type=f32        payload_B=    524288 alloc_B=         0 nbytes_B=    524288 cuda_free_MiB=  48063 rss_MiB=    348
MEMLEDGER event=per_tensor_regular   name=transformer_layers_5_self_attn_out_proj_weight.group_size    type=i32        payload_B=         4 alloc_B=         0 nbytes_B=         4 cuda_free_MiB=  48063 rss_MiB=    348
MEMLEDGER event=per_tensor_regular   name=transformer_layers_5_self_attn_out_proj_weight.n_groups      type=i32        payload_B=         4 alloc_B=         0 nbytes_B=         4 cuda_free_MiB=  48063 rss_MiB=    348
MEMLEDGER event=per_tensor_regular   name=transformer_layers_5_self_attn_out_proj_weight.rows          type=i32        payload_B=         4 alloc_B=         0 nbytes_B=         4 cuda_free_MiB=  48063 rss_MiB=    348
MEMLEDGER event=per_tensor_regular   name=transformer_layers_5_self_attn_out_proj_weight.cols          type=i32        payload_B=         4 alloc_B=         0 nbytes_B=         4 cuda_free_MiB=  48063 rss_MiB=    348
MEMLEDGER event=per_tensor_regular   name=transformer_layers_5_self_attn_out_proj_weight.packing_version type=i32        payload_B=         4 alloc_B=         0 nbytes_B=         4 cuda_free_MiB=  48063 rss_MiB=    348
MEMLEDGER event=per_tensor_regular   name=transformer_layers_6_self_attn_out_proj_weight.packed_weights type=i8         payload_B=   8388608 alloc_B=         0 nbytes_B=   8388608 cuda_free_MiB=  48063 rss_MiB=    348
MEMLEDGER event=per_tensor_regular   name=transformer_layers_6_self_attn_out_proj_weight.scales        type=f32        payload_B=    524288 alloc_B=         0 nbytes_B=    524288 cuda_free_MiB=  48063 rss_MiB=    348
MEMLEDGER event=per_tensor_regular   name=transformer_layers_6_self_attn_out_proj_weight.zeros         type=f32        payload_B=    524288 alloc_B=         0 nbytes_B=    524288 cuda_free_MiB=  48063 rss_MiB=    348
MEMLEDGER event=per_tensor_regular   name=transformer_layers_6_self_attn_out_proj_weight.group_size    type=i32        payload_B=         4 alloc_B=         0 nbytes_B=         4 cuda_free_MiB=  48063 rss_MiB=    348
MEMLEDGER event=per_tensor_regular   name=transformer_layers_6_self_attn_out_proj_weight.n_groups      type=i32        payload_B=         4 alloc_B=         0 nbytes_B=         4 cuda_free_MiB=  48063 rss_MiB=    348
MEMLEDGER event=per_tensor_regular   name=transformer_layers_6_self_attn_out_proj_weight.rows          type=i32        payload_B=         4 alloc_B=         0 nbytes_B=         4 cuda_free_MiB=  48063 rss_MiB=    348
MEMLEDGER event=per_tensor_regular   name=transformer_layers_6_self_attn_out_proj_weight.cols          type=i32        payload_B=         4 alloc_B=         0 nbytes_B=         4 cuda_free_MiB=  48063 rss_MiB=    348
MEMLEDGER event=per_tensor_regular   name=transformer_layers_6_self_attn_out_proj_weight.packing_version type=i32        payload_B=         4 alloc_B=         0 nbytes_B=         4 cuda_free_MiB=  48063 rss_MiB=    348
MEMLEDGER event=per_tensor_regular   name=transformer_layers_7_self_attn_out_proj_weight.packed_weights type=i8         payload_B=   8388608 alloc_B=         0 nbytes_B=   8388608 cuda_free_MiB=  48063 rss_MiB=    348
MEMLEDGER event=per_tensor_regular   name=transformer_layers_7_self_attn_out_proj_weight.scales        type=f32        payload_B=    524288 alloc_B=         0 nbytes_B=    524288 cuda_free_MiB=  48063 rss_MiB=    348
MEMLEDGER event=per_tensor_regular   name=transformer_layers_7_self_attn_out_proj_weight.zeros         type=f32        payload_B=    524288 alloc_B=         0 nbytes_B=    524288 cuda_free_MiB=  48063 rss_MiB=    348
MEMLEDGER event=per_tensor_regular   name=transformer_layers_7_self_attn_out_proj_weight.group_size    type=i32        payload_B=         4 alloc_B=         0 nbytes_B=         4 cuda_free_MiB=  48063 rss_MiB=    348
MEMLEDGER event=per_tensor_regular   name=transformer_layers_7_self_attn_out_proj_weight.n_groups      type=i32        payload_B=         4 alloc_B=         0 nbytes_B=         4 cuda_free_MiB=  48063 rss_MiB=    348
MEMLEDGER event=per_tensor_regular   name=transformer_layers_7_self_attn_out_proj_weight.rows          type=i32        payload_B=         4 alloc_B=         0 nbytes_B=         4 cuda_free_MiB=  48063 rss_MiB=    348
MEMLEDGER event=per_tensor_regular   name=transformer_layers_7_self_attn_out_proj_weight.cols          type=i32        payload_B=         4 alloc_B=         0 nbytes_B=         4 cuda_free_MiB=  48063 rss_MiB=    348
MEMLEDGER event=per_tensor_regular   name=transformer_layers_7_self_attn_out_proj_weight.packing_version type=i32        payload_B=         4 alloc_B=         0 nbytes_B=         4 cuda_free_MiB=  48063 rss_MiB=    348
MEMLEDGER event=per_tensor_regular   name=transformer_layers_8_self_attn_out_proj_weight.packed_weights type=i8         payload_B=   8388608 alloc_B=         0 nbytes_B=   8388608 cuda_free_MiB=  48063 rss_MiB=    348
MEMLEDGER event=per_tensor_regular   name=transformer_layers_8_self_attn_out_proj_weight.scales        type=f32        payload_B=    524288 alloc_B=         0 nbytes_B=    524288 cuda_free_MiB=  48063 rss_MiB=    348
MEMLEDGER event=per_tensor_regular   name=transformer_layers_8_self_attn_out_proj_weight.zeros         type=f32        payload_B=    524288 alloc_B=         0 nbytes_B=    524288 cuda_free_MiB=  48063 rss_MiB=    348
MEMLEDGER event=per_tensor_regular   name=transformer_layers_8_self_attn_out_proj_weight.group_size    type=i32        payload_B=         4 alloc_B=         0 nbytes_B=         4 cuda_free_MiB=  48063 rss_MiB=    348
MEMLEDGER event=per_tensor_regular   name=transformer_layers_8_self_attn_out_proj_weight.n_groups      type=i32        payload_B=         4 alloc_B=         0 nbytes_B=         4 cuda_free_MiB=  48063 rss_MiB=    348
MEMLEDGER event=per_tensor_regular   name=transformer_layers_8_self_attn_out_proj_weight.rows          type=i32        payload_B=         4 alloc_B=         0 nbytes_B=         4 cuda_free_MiB=  48063 rss_MiB=    348
MEMLEDGER event=per_tensor_regular   name=transformer_layers_8_self_attn_out_proj_weight.cols          type=i32        payload_B=         4 alloc_B=         0 nbytes_B=         4 cuda_free_MiB=  48063 rss_MiB=    348
MEMLEDGER event=per_tensor_regular   name=transformer_layers_8_self_attn_out_proj_weight.packing_version type=i32        payload_B=         4 alloc_B=         0 nbytes_B=         4 cuda_free_MiB=  48063 rss_MiB=    348
MEMLEDGER event=per_tensor_regular   name=transformer_layers_9_self_attn_out_proj_weight.packed_weights type=i8         payload_B=   8388608 alloc_B=         0 nbytes_B=   8388608 cuda_free_MiB=  48063 rss_MiB=    348
MEMLEDGER event=per_tensor_regular   name=transformer_layers_9_self_attn_out_proj_weight.scales        type=f32        payload_B=    524288 alloc_B=         0 nbytes_B=    524288 cuda_free_MiB=  48063 rss_MiB=    348
MEMLEDGER event=per_tensor_regular   name=transformer_layers_9_self_attn_out_proj_weight.zeros         type=f32        payload_B=    524288 alloc_B=         0 nbytes_B=    524288 cuda_free_MiB=  48063 rss_MiB=    348
MEMLEDGER event=per_tensor_regular   name=transformer_layers_9_self_attn_out_proj_weight.group_size    type=i32        payload_B=         4 alloc_B=         0 nbytes_B=         4 cuda_free_MiB=  48063 rss_MiB=    348
MEMLEDGER event=per_tensor_regular   name=transformer_layers_9_self_attn_out_proj_weight.n_groups      type=i32        payload_B=         4 alloc_B=         0 nbytes_B=         4 cuda_free_MiB=  48063 rss_MiB=    348
MEMLEDGER event=per_tensor_regular   name=transformer_layers_9_self_attn_out_proj_weight.rows          type=i32        payload_B=         4 alloc_B=         0 nbytes_B=         4 cuda_free_MiB=  48063 rss_MiB=    348
MEMLEDGER event=per_tensor_regular   name=transformer_layers_9_self_attn_out_proj_weight.cols          type=i32        payload_B=         4 alloc_B=         0 nbytes_B=         4 cuda_free_MiB=  48063 rss_MiB=    348
MEMLEDGER event=per_tensor_regular   name=transformer_layers_9_self_attn_out_proj_weight.packing_version type=i32        payload_B=         4 alloc_B=         0 nbytes_B=         4 cuda_free_MiB=  48063 rss_MiB=    348
MEMLEDGER event=per_tensor_regular   name=transformer_layers_10_self_attn_out_proj_weight.packed_weights type=i8         payload_B=   8388608 alloc_B=         0 nbytes_B=   8388608 cuda_free_MiB=  48063 rss_MiB=    348
MEMLEDGER event=per_tensor_regular   name=transformer_layers_10_self_attn_out_proj_weight.scales       type=f32        payload_B=    524288 alloc_B=         0 nbytes_B=    524288 cuda_free_MiB=  48063 rss_MiB=    348
MEMLEDGER event=per_tensor_regular   name=transformer_layers_10_self_attn_out_proj_weight.zeros        type=f32        payload_B=    524288 alloc_B=         0 nbytes_B=    524288 cuda_free_MiB=  48063 rss_MiB=    348
MEMLEDGER event=per_tensor_regular   name=transformer_layers_10_self_attn_out_proj_weight.group_size   type=i32        payload_B=         4 alloc_B=         0 nbytes_B=         4 cuda_free_MiB=  48063 rss_MiB=    348
MEMLEDGER event=per_tensor_regular   name=transformer_layers_10_self_attn_out_proj_weight.n_groups     type=i32        payload_B=         4 alloc_B=         0 nbytes_B=         4 cuda_free_MiB=  48063 rss_MiB=    348
MEMLEDGER event=per_tensor_regular   name=transformer_layers_10_self_attn_out_proj_weight.rows         type=i32        payload_B=         4 alloc_B=         0 nbytes_B=         4 cuda_free_MiB=  48063 rss_MiB=    348
MEMLEDGER event=per_tensor_regular   name=transformer_layers_10_self_attn_out_proj_weight.cols         type=i32        payload_B=         4 alloc_B=         0 nbytes_B=         4 cuda_free_MiB=  48063 rss_MiB=    348
MEMLEDGER event=per_tensor_regular   name=transformer_layers_10_self_attn_out_proj_weight.packing_version type=i32        payload_B=         4 alloc_B=         0 nbytes_B=         4 cuda_free_MiB=  48063 rss_MiB=    348
MEMLEDGER event=per_tensor_regular   name=transformer_layers_11_self_attn_out_proj_weight.packed_weights type=i8         payload_B=   8388608 alloc_B=         0 nbytes_B=   8388608 cuda_free_MiB=  48063 rss_MiB=    348
MEMLEDGER event=per_tensor_regular   name=transformer_layers_11_self_attn_out_proj_weight.scales       type=f32        payload_B=    524288 alloc_B=         0 nbytes_B=    524288 cuda_free_MiB=  48063 rss_MiB=    348
MEMLEDGER event=per_tensor_regular   name=transformer_layers_11_self_attn_out_proj_weight.zeros        type=f32        payload_B=    524288 alloc_B=         0 nbytes_B=    524288 cuda_free_MiB=  48063 rss_MiB=    348
MEMLEDGER event=per_tensor_regular   name=transformer_layers_11_self_attn_out_proj_weight.group_size   type=i32        payload_B=         4 alloc_B=         0 nbytes_B=         4 cuda_free_MiB=  48063 rss_MiB=    348
MEMLEDGER event=per_tensor_regular   name=transformer_layers_11_self_attn_out_proj_weight.n_groups     type=i32        payload_B=         4 alloc_B=         0 nbytes_B=         4 cuda_free_MiB=  48063 rss_MiB=    348
MEMLEDGER event=per_tensor_regular   name=transformer_layers_11_self_attn_out_proj_weight.rows         type=i32        payload_B=         4 alloc_B=         0 nbytes_B=         4 cuda_free_MiB=  48063 rss_MiB=    348
MEMLEDGER event=per_tensor_regular   name=transformer_layers_11_self_attn_out_proj_weight.cols         type=i32        payload_B=         4 alloc_B=         0 nbytes_B=         4 cuda_free_MiB=  48063 rss_MiB=    348
MEMLEDGER event=per_tensor_regular   name=transformer_layers_11_self_attn_out_proj_weight.packing_version type=i32        payload_B=         4 alloc_B=         0 nbytes_B=         4 cuda_free_MiB=  48063 rss_MiB=    348
MEMLEDGER event=per_tensor_regular   name=transformer_layers_12_self_attn_out_proj_weight.packed_weights type=i8         payload_B=   8388608 alloc_B=         0 nbytes_B=   8388608 cuda_free_MiB=  48063 rss_MiB=    348
MEMLEDGER event=per_tensor_regular   name=transformer_layers_12_self_attn_out_proj_weight.scales       type=f32        payload_B=    524288 alloc_B=         0 nbytes_B=    524288 cuda_free_MiB=  48063 rss_MiB=    348
MEMLEDGER event=per_tensor_regular   name=transformer_layers_12_self_attn_out_proj_weight.zeros        type=f32        payload_B=    524288 alloc_B=         0 nbytes_B=    524288 cuda_free_MiB=  48063 rss_MiB=    348
MEMLEDGER event=per_tensor_regular   name=transformer_layers_12_self_attn_out_proj_weight.group_size   type=i32        payload_B=         4 alloc_B=         0 nbytes_B=         4 cuda_free_MiB=  48063 rss_MiB=    348
MEMLEDGER event=per_tensor_regular   name=transformer_layers_12_self_attn_out_proj_weight.n_groups     type=i32        payload_B=         4 alloc_B=         0 nbytes_B=         4 cuda_free_MiB=  48063 rss_MiB=    348
MEMLEDGER event=per_tensor_regular   name=transformer_layers_12_self_attn_out_proj_weight.rows         type=i32        payload_B=         4 alloc_B=         0 nbytes_B=         4 cuda_free_MiB=  48063 rss_MiB=    348
MEMLEDGER event=per_tensor_regular   name=transformer_layers_12_self_attn_out_proj_weight.cols         type=i32        payload_B=         4 alloc_B=         0 nbytes_B=         4 cuda_free_MiB=  48063 rss_MiB=    348
MEMLEDGER event=per_tensor_regular   name=transformer_layers_12_self_attn_out_proj_weight.packing_version type=i32        payload_B=         4 alloc_B=         0 nbytes_B=         4 cuda_free_MiB=  48063 rss_MiB=    348
MEMLEDGER event=per_tensor_regular   name=transformer_layers_13_self_attn_out_proj_weight.packed_weights type=i8         payload_B=   8388608 alloc_B=         0 nbytes_B=   8388608 cuda_free_MiB=  48063 rss_MiB=    348
MEMLEDGER event=per_tensor_regular   name=transformer_layers_13_self_attn_out_proj_weight.scales       type=f32        payload_B=    524288 alloc_B=         0 nbytes_B=    524288 cuda_free_MiB=  48063 rss_MiB=    348
MEMLEDGER event=per_tensor_regular   name=transformer_layers_13_self_attn_out_proj_weight.zeros        type=f32        payload_B=    524288 alloc_B=         0 nbytes_B=    524288 cuda_free_MiB=  48063 rss_MiB=    348
MEMLEDGER event=per_tensor_regular   name=transformer_layers_13_self_attn_out_proj_weight.group_size   type=i32        payload_B=         4 alloc_B=         0 nbytes_B=         4 cuda_free_MiB=  48063 rss_MiB=    348
MEMLEDGER event=per_tensor_regular   name=transformer_layers_13_self_attn_out_proj_weight.n_groups     type=i32        payload_B=         4 alloc_B=         0 nbytes_B=         4 cuda_free_MiB=  48063 rss_MiB=    348
MEMLEDGER event=per_tensor_regular   name=transformer_layers_13_self_attn_out_proj_weight.rows         type=i32        payload_B=         4 alloc_B=         0 nbytes_B=         4 cuda_free_MiB=  48063 rss_MiB=    348
MEMLEDGER event=per_tensor_regular   name=transformer_layers_13_self_attn_out_proj_weight.cols         type=i32        payload_B=         4 alloc_B=         0 nbytes_B=         4 cuda_free_MiB=  48063 rss_MiB=    348
MEMLEDGER event=per_tensor_regular   name=transformer_layers_13_self_attn_out_proj_weight.packing_version type=i32        payload_B=         4 alloc_B=         0 nbytes_B=         4 cuda_free_MiB=  48063 rss_MiB=    348
MEMLEDGER event=per_tensor_regular   name=transformer_layers_14_self_attn_out_proj_weight.packed_weights type=i8         payload_B=   8388608 alloc_B=         0 nbytes_B=   8388608 cuda_free_MiB=  48063 rss_MiB=    348
MEMLEDGER event=per_tensor_regular   name=transformer_layers_14_self_attn_out_proj_weight.scales       type=f32        payload_B=    524288 alloc_B=         0 nbytes_B=    524288 cuda_free_MiB=  48063 rss_MiB=    348
MEMLEDGER event=per_tensor_regular   name=transformer_layers_14_self_attn_out_proj_weight.zeros        type=f32        payload_B=    524288 alloc_B=         0 nbytes_B=    524288 cuda_free_MiB=  48063 rss_MiB=    348
MEMLEDGER event=per_tensor_regular   name=transformer_layers_14_self_attn_out_proj_weight.group_size   type=i32        payload_B=         4 alloc_B=         0 nbytes_B=         4 cuda_free_MiB=  48063 rss_MiB=    348
MEMLEDGER event=per_tensor_regular   name=transformer_layers_14_self_attn_out_proj_weight.n_groups     type=i32        payload_B=         4 alloc_B=         0 nbytes_B=         4 cuda_free_MiB=  48063 rss_MiB=    348
MEMLEDGER event=per_tensor_regular   name=transformer_layers_14_self_attn_out_proj_weight.rows         type=i32        payload_B=         4 alloc_B=         0 nbytes_B=         4 cuda_free_MiB=  48063 rss_MiB=    348
MEMLEDGER event=per_tensor_regular   name=transformer_layers_14_self_attn_out_proj_weight.cols         type=i32        payload_B=         4 alloc_B=         0 nbytes_B=         4 cuda_free_MiB=  48063 rss_MiB=    348
MEMLEDGER event=per_tensor_regular   name=transformer_layers_14_self_attn_out_proj_weight.packing_version type=i32        payload_B=         4 alloc_B=         0 nbytes_B=         4 cuda_free_MiB=  48063 rss_MiB=    348
MEMLEDGER event=per_tensor_regular   name=transformer_layers_15_self_attn_out_proj_weight.packed_weights type=i8         payload_B=   8388608 alloc_B=         0 nbytes_B=   8388608 cuda_free_MiB=  48063 rss_MiB=    348
MEMLEDGER event=per_tensor_regular   name=transformer_layers_15_self_attn_out_proj_weight.scales       type=f32        payload_B=    524288 alloc_B=         0 nbytes_B=    524288 cuda_free_MiB=  48063 rss_MiB=    348
MEMLEDGER event=per_tensor_regular   name=transformer_layers_15_self_attn_out_proj_weight.zeros        type=f32        payload_B=    524288 alloc_B=         0 nbytes_B=    524288 cuda_free_MiB=  48063 rss_MiB=    348
MEMLEDGER event=per_tensor_regular   name=transformer_layers_15_self_attn_out_proj_weight.group_size   type=i32        payload_B=         4 alloc_B=         0 nbytes_B=         4 cuda_free_MiB=  48063 rss_MiB=    348
MEMLEDGER event=per_tensor_regular   name=transformer_layers_15_self_attn_out_proj_weight.n_groups     type=i32        payload_B=         4 alloc_B=         0 nbytes_B=         4 cuda_free_MiB=  48063 rss_MiB=    348
MEMLEDGER event=per_tensor_regular   name=transformer_layers_15_self_attn_out_proj_weight.rows         type=i32        payload_B=         4 alloc_B=         0 nbytes_B=         4 cuda_free_MiB=  48063 rss_MiB=    348
MEMLEDGER event=per_tensor_regular   name=transformer_layers_15_self_attn_out_proj_weight.cols         type=i32        payload_B=         4 alloc_B=         0 nbytes_B=         4 cuda_free_MiB=  48063 rss_MiB=    348
MEMLEDGER event=per_tensor_regular   name=transformer_layers_15_self_attn_out_proj_weight.packing_version type=i32        payload_B=         4 alloc_B=         0 nbytes_B=         4 cuda_free_MiB=  48063 rss_MiB=    348
MEMLEDGER event=per_tensor_regular   name=transformer_layers_16_self_attn_out_proj_weight.packed_weights type=i8         payload_B=   8388608 alloc_B=         0 nbytes_B=   8388608 cuda_free_MiB=  48063 rss_MiB=    348
MEMLEDGER event=per_tensor_regular   name=transformer_layers_16_self_attn_out_proj_weight.scales       type=f32        payload_B=    524288 alloc_B=         0 nbytes_B=    524288 cuda_free_MiB=  48063 rss_MiB=    348
MEMLEDGER event=per_tensor_regular   name=transformer_layers_16_self_attn_out_proj_weight.zeros        type=f32        payload_B=    524288 alloc_B=         0 nbytes_B=    524288 cuda_free_MiB=  48063 rss_MiB=    348
MEMLEDGER event=per_tensor_regular   name=transformer_layers_16_self_attn_out_proj_weight.group_size   type=i32        payload_B=         4 alloc_B=         0 nbytes_B=         4 cuda_free_MiB=  48063 rss_MiB=    348
MEMLEDGER event=per_tensor_regular   name=transformer_layers_16_self_attn_out_proj_weight.n_groups     type=i32        payload_B=         4 alloc_B=         0 nbytes_B=         4 cuda_free_MiB=  48063 rss_MiB=    348
MEMLEDGER event=per_tensor_regular   name=transformer_layers_16_self_attn_out_proj_weight.rows         type=i32        payload_B=         4 alloc_B=         0 nbytes_B=         4 cuda_free_MiB=  48063 rss_MiB=    348
MEMLEDGER event=per_tensor_regular   name=transformer_layers_16_self_attn_out_proj_weight.cols         type=i32        payload_B=         4 alloc_B=         0 nbytes_B=         4 cuda_free_MiB=  48063 rss_MiB=    348
MEMLEDGER event=per_tensor_regular   name=transformer_layers_16_self_attn_out_proj_weight.packing_version type=i32        payload_B=         4 alloc_B=         0 nbytes_B=         4 cuda_free_MiB=  48063 rss_MiB=    348
MEMLEDGER event=per_tensor_regular   name=transformer_layers_17_self_attn_out_proj_weight.packed_weights type=i8         payload_B=   8388608 alloc_B=         0 nbytes_B=   8388608 cuda_free_MiB=  48063 rss_MiB=    348
MEMLEDGER event=per_tensor_regular   name=transformer_layers_17_self_attn_out_proj_weight.scales       type=f32        payload_B=    524288 alloc_B=         0 nbytes_B=    524288 cuda_free_MiB=  48063 rss_MiB=    348
MEMLEDGER event=per_tensor_regular   name=transformer_layers_17_self_attn_out_proj_weight.zeros        type=f32        payload_B=    524288 alloc_B=         0 nbytes_B=    524288 cuda_free_MiB=  48063 rss_MiB=    348
MEMLEDGER event=per_tensor_regular   name=transformer_layers_17_self_attn_out_proj_weight.group_size   type=i32        payload_B=         4 alloc_B=         0 nbytes_B=         4 cuda_free_MiB=  48063 rss_MiB=    348
MEMLEDGER event=per_tensor_regular   name=transformer_layers_17_self_attn_out_proj_weight.n_groups     type=i32        payload_B=         4 alloc_B=         0 nbytes_B=         4 cuda_free_MiB=  48063 rss_MiB=    348
MEMLEDGER event=per_tensor_regular   name=transformer_layers_17_self_attn_out_proj_weight.rows         type=i32        payload_B=         4 alloc_B=         0 nbytes_B=         4 cuda_free_MiB=  48063 rss_MiB=    348
MEMLEDGER event=per_tensor_regular   name=transformer_layers_17_self_attn_out_proj_weight.cols         type=i32        payload_B=         4 alloc_B=         0 nbytes_B=         4 cuda_free_MiB=  48063 rss_MiB=    348
MEMLEDGER event=per_tensor_regular   name=transformer_layers_17_self_attn_out_proj_weight.packing_version type=i32        payload_B=         4 alloc_B=         0 nbytes_B=         4 cuda_free_MiB=  48063 rss_MiB=    348
MEMLEDGER event=per_tensor_regular   name=transformer_layers_18_self_attn_out_proj_weight.packed_weights type=i8         payload_B=   8388608 alloc_B=         0 nbytes_B=   8388608 cuda_free_MiB=  48063 rss_MiB=    348
MEMLEDGER event=per_tensor_regular   name=transformer_layers_18_self_attn_out_proj_weight.scales       type=f32        payload_B=    524288 alloc_B=         0 nbytes_B=    524288 cuda_free_MiB=  48063 rss_MiB=    348
MEMLEDGER event=per_tensor_regular   name=transformer_layers_18_self_attn_out_proj_weight.zeros        type=f32        payload_B=    524288 alloc_B=         0 nbytes_B=    524288 cuda_free_MiB=  48063 rss_MiB=    348
MEMLEDGER event=per_tensor_regular   name=transformer_layers_18_self_attn_out_proj_weight.group_size   type=i32        payload_B=         4 alloc_B=         0 nbytes_B=         4 cuda_free_MiB=  48063 rss_MiB=    348
MEMLEDGER event=per_tensor_regular   name=transformer_layers_18_self_attn_out_proj_weight.n_groups     type=i32        payload_B=         4 alloc_B=         0 nbytes_B=         4 cuda_free_MiB=  48063 rss_MiB=    348
MEMLEDGER event=per_tensor_regular   name=transformer_layers_18_self_attn_out_proj_weight.rows         type=i32        payload_B=         4 alloc_B=         0 nbytes_B=         4 cuda_free_MiB=  48063 rss_MiB=    348
MEMLEDGER event=per_tensor_regular   name=transformer_layers_18_self_attn_out_proj_weight.cols         type=i32        payload_B=         4 alloc_B=         0 nbytes_B=         4 cuda_free_MiB=  48063 rss_MiB=    348
MEMLEDGER event=per_tensor_regular   name=transformer_layers_18_self_attn_out_proj_weight.packing_version type=i32        payload_B=         4 alloc_B=         0 nbytes_B=         4 cuda_free_MiB=  48063 rss_MiB=    348
MEMLEDGER event=per_tensor_regular   name=transformer_layers_19_self_attn_out_proj_weight.packed_weights type=i8         payload_B=   8388608 alloc_B=         0 nbytes_B=   8388608 cuda_free_MiB=  48063 rss_MiB=    348
MEMLEDGER event=per_tensor_regular   name=transformer_layers_19_self_attn_out_proj_weight.scales       type=f32        payload_B=    524288 alloc_B=         0 nbytes_B=    524288 cuda_free_MiB=  48063 rss_MiB=    348
MEMLEDGER event=per_tensor_regular   name=transformer_layers_19_self_attn_out_proj_weight.zeros        type=f32        payload_B=    524288 alloc_B=         0 nbytes_B=    524288 cuda_free_MiB=  48063 rss_MiB=    348
MEMLEDGER event=per_tensor_regular   name=transformer_layers_19_self_attn_out_proj_weight.group_size   type=i32        payload_B=         4 alloc_B=         0 nbytes_B=         4 cuda_free_MiB=  48063 rss_MiB=    348
MEMLEDGER event=per_tensor_regular   name=transformer_layers_19_self_attn_out_proj_weight.n_groups     type=i32        payload_B=         4 alloc_B=         0 nbytes_B=         4 cuda_free_MiB=  48063 rss_MiB=    348
MEMLEDGER event=per_tensor_regular   name=transformer_layers_19_self_attn_out_proj_weight.rows         type=i32        payload_B=         4 alloc_B=         0 nbytes_B=         4 cuda_free_MiB=  48063 rss_MiB=    348
MEMLEDGER event=per_tensor_regular   name=transformer_layers_19_self_attn_out_proj_weight.cols         type=i32        payload_B=         4 alloc_B=         0 nbytes_B=         4 cuda_free_MiB=  48063 rss_MiB=    348
MEMLEDGER event=per_tensor_regular   name=transformer_layers_19_self_attn_out_proj_weight.packing_version type=i32        payload_B=         4 alloc_B=         0 nbytes_B=         4 cuda_free_MiB=  48063 rss_MiB=    348
MEMLEDGER event=per_tensor_regular   name=transformer_layers_20_self_attn_out_proj_weight.packed_weights type=i8         payload_B=   8388608 alloc_B=         0 nbytes_B=   8388608 cuda_free_MiB=  48063 rss_MiB=    348
MEMLEDGER event=per_tensor_regular   name=transformer_layers_20_self_attn_out_proj_weight.scales       type=f32        payload_B=    524288 alloc_B=         0 nbytes_B=    524288 cuda_free_MiB=  48063 rss_MiB=    348
MEMLEDGER event=per_tensor_regular   name=transformer_layers_20_self_attn_out_proj_weight.zeros        type=f32        payload_B=    524288 alloc_B=         0 nbytes_B=    524288 cuda_free_MiB=  48063 rss_MiB=    348
MEMLEDGER event=per_tensor_regular   name=transformer_layers_20_self_attn_out_proj_weight.group_size   type=i32        payload_B=         4 alloc_B=         0 nbytes_B=         4 cuda_free_MiB=  48063 rss_MiB=    348
MEMLEDGER event=per_tensor_regular   name=transformer_layers_20_self_attn_out_proj_weight.n_groups     type=i32        payload_B=         4 alloc_B=         0 nbytes_B=         4 cuda_free_MiB=  48063 rss_MiB=    348
MEMLEDGER event=per_tensor_regular   name=transformer_layers_20_self_attn_out_proj_weight.rows         type=i32        payload_B=         4 alloc_B=         0 nbytes_B=         4 cuda_free_MiB=  48063 rss_MiB=    348
MEMLEDGER event=per_tensor_regular   name=transformer_layers_20_self_attn_out_proj_weight.cols         type=i32        payload_B=         4 alloc_B=         0 nbytes_B=         4 cuda_free_MiB=  48063 rss_MiB=    348
MEMLEDGER event=per_tensor_regular   name=transformer_layers_20_self_attn_out_proj_weight.packing_version type=i32        payload_B=         4 alloc_B=         0 nbytes_B=         4 cuda_free_MiB=  48063 rss_MiB=    348
MEMLEDGER event=per_tensor_regular   name=transformer_layers_21_self_attn_out_proj_weight.packed_weights type=i8         payload_B=   8388608 alloc_B=         0 nbytes_B=   8388608 cuda_free_MiB=  48063 rss_MiB=    348
MEMLEDGER event=per_tensor_regular   name=transformer_layers_21_self_attn_out_proj_weight.scales       type=f32        payload_B=    524288 alloc_B=         0 nbytes_B=    524288 cuda_free_MiB=  48063 rss_MiB=    348
MEMLEDGER event=per_tensor_regular   name=transformer_layers_21_self_attn_out_proj_weight.zeros        type=f32        payload_B=    524288 alloc_B=         0 nbytes_B=    524288 cuda_free_MiB=  48063 rss_MiB=    348
MEMLEDGER event=per_tensor_regular   name=transformer_layers_21_self_attn_out_proj_weight.group_size   type=i32        payload_B=         4 alloc_B=         0 nbytes_B=         4 cuda_free_MiB=  48063 rss_MiB=    348
MEMLEDGER event=per_tensor_regular   name=transformer_layers_21_self_attn_out_proj_weight.n_groups     type=i32        payload_B=         4 alloc_B=         0 nbytes_B=         4 cuda_free_MiB=  48063 rss_MiB=    348
MEMLEDGER event=per_tensor_regular   name=transformer_layers_21_self_attn_out_proj_weight.rows         type=i32        payload_B=         4 alloc_B=         0 nbytes_B=         4 cuda_free_MiB=  48063 rss_MiB=    348
MEMLEDGER event=per_tensor_regular   name=transformer_layers_21_self_attn_out_proj_weight.cols         type=i32        payload_B=         4 alloc_B=         0 nbytes_B=         4 cuda_free_MiB=  48063 rss_MiB=    348
MEMLEDGER event=per_tensor_regular   name=transformer_layers_21_self_attn_out_proj_weight.packing_version type=i32        payload_B=         4 alloc_B=         0 nbytes_B=         4 cuda_free_MiB=  48063 rss_MiB=    348
MEMLEDGER event=per_tensor_regular   name=transformer_layers_22_self_attn_out_proj_weight.packed_weights type=i8         payload_B=   8388608 alloc_B=         0 nbytes_B=   8388608 cuda_free_MiB=  48063 rss_MiB=    348
MEMLEDGER event=per_tensor_regular   name=transformer_layers_22_self_attn_out_proj_weight.scales       type=f32        payload_B=    524288 alloc_B=         0 nbytes_B=    524288 cuda_free_MiB=  48063 rss_MiB=    348
MEMLEDGER event=per_tensor_regular   name=transformer_layers_22_self_attn_out_proj_weight.zeros        type=f32        payload_B=    524288 alloc_B=         0 nbytes_B=    524288 cuda_free_MiB=  48063 rss_MiB=    348
MEMLEDGER event=per_tensor_regular   name=transformer_layers_22_self_attn_out_proj_weight.group_size   type=i32        payload_B=         4 alloc_B=         0 nbytes_B=         4 cuda_free_MiB=  48063 rss_MiB=    348
MEMLEDGER event=per_tensor_regular   name=transformer_layers_22_self_attn_out_proj_weight.n_groups     type=i32        payload_B=         4 alloc_B=         0 nbytes_B=         4 cuda_free_MiB=  48063 rss_MiB=    348
MEMLEDGER event=per_tensor_regular   name=transformer_layers_22_self_attn_out_proj_weight.rows         type=i32        payload_B=         4 alloc_B=         0 nbytes_B=         4 cuda_free_MiB=  48063 rss_MiB=    348
MEMLEDGER event=per_tensor_regular   name=transformer_layers_22_self_attn_out_proj_weight.cols         type=i32        payload_B=         4 alloc_B=         0 nbytes_B=         4 cuda_free_MiB=  48063 rss_MiB=    348
MEMLEDGER event=per_tensor_regular   name=transformer_layers_22_self_attn_out_proj_weight.packing_version type=i32        payload_B=         4 alloc_B=         0 nbytes_B=         4 cuda_free_MiB=  48063 rss_MiB=    348
MEMLEDGER event=per_tensor_regular   name=transformer_layers_23_self_attn_out_proj_weight.packed_weights type=i8         payload_B=   8388608 alloc_B=         0 nbytes_B=   8388608 cuda_free_MiB=  48063 rss_MiB=    348
MEMLEDGER event=per_tensor_regular   name=transformer_layers_23_self_attn_out_proj_weight.scales       type=f32        payload_B=    524288 alloc_B=         0 nbytes_B=    524288 cuda_free_MiB=  48063 rss_MiB=    348
MEMLEDGER event=per_tensor_regular   name=transformer_layers_23_self_attn_out_proj_weight.zeros        type=f32        payload_B=    524288 alloc_B=         0 nbytes_B=    524288 cuda_free_MiB=  48063 rss_MiB=    348
MEMLEDGER event=per_tensor_regular   name=transformer_layers_23_self_attn_out_proj_weight.group_size   type=i32        payload_B=         4 alloc_B=         0 nbytes_B=         4 cuda_free_MiB=  48063 rss_MiB=    348
MEMLEDGER event=per_tensor_regular   name=transformer_layers_23_self_attn_out_proj_weight.n_groups     type=i32        payload_B=         4 alloc_B=         0 nbytes_B=         4 cuda_free_MiB=  48063 rss_MiB=    348
MEMLEDGER event=per_tensor_regular   name=transformer_layers_23_self_attn_out_proj_weight.rows         type=i32        payload_B=         4 alloc_B=         0 nbytes_B=         4 cuda_free_MiB=  48063 rss_MiB=    348
MEMLEDGER event=per_tensor_regular   name=transformer_layers_23_self_attn_out_proj_weight.cols         type=i32        payload_B=         4 alloc_B=         0 nbytes_B=         4 cuda_free_MiB=  48063 rss_MiB=    348
MEMLEDGER event=per_tensor_regular   name=transformer_layers_23_self_attn_out_proj_weight.packing_version type=i32        payload_B=         4 alloc_B=         0 nbytes_B=         4 cuda_free_MiB=  48063 rss_MiB=    348
MEMLEDGER event=per_tensor_regular   name=transformer_layers_24_self_attn_out_proj_weight.packed_weights type=i8         payload_B=   8388608 alloc_B=         0 nbytes_B=   8388608 cuda_free_MiB=  48063 rss_MiB=    348
MEMLEDGER event=per_tensor_regular   name=transformer_layers_24_self_attn_out_proj_weight.scales       type=f32        payload_B=    524288 alloc_B=         0 nbytes_B=    524288 cuda_free_MiB=  48063 rss_MiB=    348
MEMLEDGER event=per_tensor_regular   name=transformer_layers_24_self_attn_out_proj_weight.zeros        type=f32        payload_B=    524288 alloc_B=         0 nbytes_B=    524288 cuda_free_MiB=  48063 rss_MiB=    348
MEMLEDGER event=per_tensor_regular   name=transformer_layers_24_self_attn_out_proj_weight.group_size   type=i32        payload_B=         4 alloc_B=         0 nbytes_B=         4 cuda_free_MiB=  48063 rss_MiB=    348
MEMLEDGER event=per_tensor_regular   name=transformer_layers_24_self_attn_out_proj_weight.n_groups     type=i32        payload_B=         4 alloc_B=         0 nbytes_B=         4 cuda_free_MiB=  48063 rss_MiB=    348
MEMLEDGER event=per_tensor_regular   name=transformer_layers_24_self_attn_out_proj_weight.rows         type=i32        payload_B=         4 alloc_B=         0 nbytes_B=         4 cuda_free_MiB=  48063 rss_MiB=    348
MEMLEDGER event=per_tensor_regular   name=transformer_layers_24_self_attn_out_proj_weight.cols         type=i32        payload_B=         4 alloc_B=         0 nbytes_B=         4 cuda_free_MiB=  48063 rss_MiB=    348
MEMLEDGER event=per_tensor_regular   name=transformer_layers_24_self_attn_out_proj_weight.packing_version type=i32        payload_B=         4 alloc_B=         0 nbytes_B=         4 cuda_free_MiB=  48063 rss_MiB=    348
MEMLEDGER event=per_tensor_regular   name=transformer_layers_25_self_attn_out_proj_weight.packed_weights type=i8         payload_B=   8388608 alloc_B=         0 nbytes_B=   8388608 cuda_free_MiB=  48063 rss_MiB=    348
MEMLEDGER event=per_tensor_regular   name=transformer_layers_25_self_attn_out_proj_weight.scales       type=f32        payload_B=    524288 alloc_B=         0 nbytes_B=    524288 cuda_free_MiB=  48063 rss_MiB=    348
MEMLEDGER event=per_tensor_regular   name=transformer_layers_25_self_attn_out_proj_weight.zeros        type=f32        payload_B=    524288 alloc_B=         0 nbytes_B=    524288 cuda_free_MiB=  48063 rss_MiB=    348
MEMLEDGER event=per_tensor_regular   name=transformer_layers_25_self_attn_out_proj_weight.group_size   type=i32        payload_B=         4 alloc_B=         0 nbytes_B=         4 cuda_free_MiB=  48063 rss_MiB=    348
MEMLEDGER event=per_tensor_regular   name=transformer_layers_25_self_attn_out_proj_weight.n_groups     type=i32        payload_B=         4 alloc_B=         0 nbytes_B=         4 cuda_free_MiB=  48063 rss_MiB=    348
MEMLEDGER event=per_tensor_regular   name=transformer_layers_25_self_attn_out_proj_weight.rows         type=i32        payload_B=         4 alloc_B=         0 nbytes_B=         4 cuda_free_MiB=  48063 rss_MiB=    348
MEMLEDGER event=per_tensor_regular   name=transformer_layers_25_self_attn_out_proj_weight.cols         type=i32        payload_B=         4 alloc_B=         0 nbytes_B=         4 cuda_free_MiB=  48063 rss_MiB=    348
MEMLEDGER event=per_tensor_regular   name=transformer_layers_25_self_attn_out_proj_weight.packing_version type=i32        payload_B=         4 alloc_B=         0 nbytes_B=         4 cuda_free_MiB=  48063 rss_MiB=    348
MEMLEDGER event=per_tensor_regular   name=transformer_layers_26_self_attn_out_proj_weight.packed_weights type=i8         payload_B=   8388608 alloc_B=         0 nbytes_B=   8388608 cuda_free_MiB=  48063 rss_MiB=    348
MEMLEDGER event=per_tensor_regular   name=transformer_layers_26_self_attn_out_proj_weight.scales       type=f32        payload_B=    524288 alloc_B=         0 nbytes_B=    524288 cuda_free_MiB=  48063 rss_MiB=    348
MEMLEDGER event=per_tensor_regular   name=transformer_layers_26_self_attn_out_proj_weight.zeros        type=f32        payload_B=    524288 alloc_B=         0 nbytes_B=    524288 cuda_free_MiB=  48063 rss_MiB=    348
MEMLEDGER event=per_tensor_regular   name=transformer_layers_26_self_attn_out_proj_weight.group_size   type=i32        payload_B=         4 alloc_B=         0 nbytes_B=         4 cuda_free_MiB=  48063 rss_MiB=    348
MEMLEDGER event=per_tensor_regular   name=transformer_layers_26_self_attn_out_proj_weight.n_groups     type=i32        payload_B=         4 alloc_B=         0 nbytes_B=         4 cuda_free_MiB=  48063 rss_MiB=    348
MEMLEDGER event=per_tensor_regular   name=transformer_layers_26_self_attn_out_proj_weight.rows         type=i32        payload_B=         4 alloc_B=         0 nbytes_B=         4 cuda_free_MiB=  48063 rss_MiB=    348
MEMLEDGER event=per_tensor_regular   name=transformer_layers_26_self_attn_out_proj_weight.cols         type=i32        payload_B=         4 alloc_B=         0 nbytes_B=         4 cuda_free_MiB=  48063 rss_MiB=    348
MEMLEDGER event=per_tensor_regular   name=transformer_layers_26_self_attn_out_proj_weight.packing_version type=i32        payload_B=         4 alloc_B=         0 nbytes_B=         4 cuda_free_MiB=  48063 rss_MiB=    348
MEMLEDGER event=per_tensor_regular   name=transformer_layers_27_self_attn_out_proj_weight.packed_weights type=i8         payload_B=   8388608 alloc_B=         0 nbytes_B=   8388608 cuda_free_MiB=  48063 rss_MiB=    348
MEMLEDGER event=per_tensor_regular   name=transformer_layers_27_self_attn_out_proj_weight.scales       type=f32        payload_B=    524288 alloc_B=         0 nbytes_B=    524288 cuda_free_MiB=  48063 rss_MiB=    348
MEMLEDGER event=per_tensor_regular   name=transformer_layers_27_self_attn_out_proj_weight.zeros        type=f32        payload_B=    524288 alloc_B=         0 nbytes_B=    524288 cuda_free_MiB=  48063 rss_MiB=    348
MEMLEDGER event=per_tensor_regular   name=transformer_layers_27_self_attn_out_proj_weight.group_size   type=i32        payload_B=         4 alloc_B=         0 nbytes_B=         4 cuda_free_MiB=  48063 rss_MiB=    348
MEMLEDGER event=per_tensor_regular   name=transformer_layers_27_self_attn_out_proj_weight.n_groups     type=i32        payload_B=         4 alloc_B=         0 nbytes_B=         4 cuda_free_MiB=  48063 rss_MiB=    348
MEMLEDGER event=per_tensor_regular   name=transformer_layers_27_self_attn_out_proj_weight.rows         type=i32        payload_B=         4 alloc_B=         0 nbytes_B=         4 cuda_free_MiB=  48063 rss_MiB=    348
MEMLEDGER event=per_tensor_regular   name=transformer_layers_27_self_attn_out_proj_weight.cols         type=i32        payload_B=         4 alloc_B=         0 nbytes_B=         4 cuda_free_MiB=  48063 rss_MiB=    348
MEMLEDGER event=per_tensor_regular   name=transformer_layers_27_self_attn_out_proj_weight.packing_version type=i32        payload_B=         4 alloc_B=         0 nbytes_B=         4 cuda_free_MiB=  48063 rss_MiB=    348
MEMLEDGER event=per_tensor_regular   name=transformer_layers_28_self_attn_out_proj_weight.packed_weights type=i8         payload_B=   8388608 alloc_B=         0 nbytes_B=   8388608 cuda_free_MiB=  48063 rss_MiB=    348
MEMLEDGER event=per_tensor_regular   name=transformer_layers_28_self_attn_out_proj_weight.scales       type=f32        payload_B=    524288 alloc_B=         0 nbytes_B=    524288 cuda_free_MiB=  48063 rss_MiB=    348
MEMLEDGER event=per_tensor_regular   name=transformer_layers_28_self_attn_out_proj_weight.zeros        type=f32        payload_B=    524288 alloc_B=         0 nbytes_B=    524288 cuda_free_MiB=  48063 rss_MiB=    348
MEMLEDGER event=per_tensor_regular   name=transformer_layers_28_self_attn_out_proj_weight.group_size   type=i32        payload_B=         4 alloc_B=         0 nbytes_B=         4 cuda_free_MiB=  48063 rss_MiB=    348
MEMLEDGER event=per_tensor_regular   name=transformer_layers_28_self_attn_out_proj_weight.n_groups     type=i32        payload_B=         4 alloc_B=         0 nbytes_B=         4 cuda_free_MiB=  48063 rss_MiB=    348
MEMLEDGER event=per_tensor_regular   name=transformer_layers_28_self_attn_out_proj_weight.rows         type=i32        payload_B=         4 alloc_B=         0 nbytes_B=         4 cuda_free_MiB=  48063 rss_MiB=    348
MEMLEDGER event=per_tensor_regular   name=transformer_layers_28_self_attn_out_proj_weight.cols         type=i32        payload_B=         4 alloc_B=         0 nbytes_B=         4 cuda_free_MiB=  48063 rss_MiB=    348
MEMLEDGER event=per_tensor_regular   name=transformer_layers_28_self_attn_out_proj_weight.packing_version type=i32        payload_B=         4 alloc_B=         0 nbytes_B=         4 cuda_free_MiB=  48063 rss_MiB=    348
MEMLEDGER event=per_tensor_regular   name=transformer_layers_29_self_attn_out_proj_weight.packed_weights type=i8         payload_B=   8388608 alloc_B=         0 nbytes_B=   8388608 cuda_free_MiB=  48063 rss_MiB=    348
MEMLEDGER event=per_tensor_regular   name=transformer_layers_29_self_attn_out_proj_weight.scales       type=f32        payload_B=    524288 alloc_B=         0 nbytes_B=    524288 cuda_free_MiB=  48063 rss_MiB=    348
MEMLEDGER event=per_tensor_regular   name=transformer_layers_29_self_attn_out_proj_weight.zeros        type=f32        payload_B=    524288 alloc_B=         0 nbytes_B=    524288 cuda_free_MiB=  48063 rss_MiB=    348
MEMLEDGER event=per_tensor_regular   name=transformer_layers_29_self_attn_out_proj_weight.group_size   type=i32        payload_B=         4 alloc_B=         0 nbytes_B=         4 cuda_free_MiB=  48063 rss_MiB=    348
MEMLEDGER event=per_tensor_regular   name=transformer_layers_29_self_attn_out_proj_weight.n_groups     type=i32        payload_B=         4 alloc_B=         0 nbytes_B=         4 cuda_free_MiB=  48063 rss_MiB=    348
MEMLEDGER event=per_tensor_regular   name=transformer_layers_29_self_attn_out_proj_weight.rows         type=i32        payload_B=         4 alloc_B=         0 nbytes_B=         4 cuda_free_MiB=  48063 rss_MiB=    348
MEMLEDGER event=per_tensor_regular   name=transformer_layers_29_self_attn_out_proj_weight.cols         type=i32        payload_B=         4 alloc_B=         0 nbytes_B=         4 cuda_free_MiB=  48063 rss_MiB=    348
MEMLEDGER event=per_tensor_regular   name=transformer_layers_29_self_attn_out_proj_weight.packing_version type=i32        payload_B=         4 alloc_B=         0 nbytes_B=         4 cuda_free_MiB=  48063 rss_MiB=    348
MEMLEDGER event=per_tensor_regular   name=transformer_layers_30_self_attn_out_proj_weight.packed_weights type=i8         payload_B=   8388608 alloc_B=         0 nbytes_B=   8388608 cuda_free_MiB=  48063 rss_MiB=    348
MEMLEDGER event=per_tensor_regular   name=transformer_layers_30_self_attn_out_proj_weight.scales       type=f32        payload_B=    524288 alloc_B=         0 nbytes_B=    524288 cuda_free_MiB=  48063 rss_MiB=    348
MEMLEDGER event=per_tensor_regular   name=transformer_layers_30_self_attn_out_proj_weight.zeros        type=f32        payload_B=    524288 alloc_B=         0 nbytes_B=    524288 cuda_free_MiB=  48063 rss_MiB=    348
MEMLEDGER event=per_tensor_regular   name=transformer_layers_30_self_attn_out_proj_weight.group_size   type=i32        payload_B=         4 alloc_B=         0 nbytes_B=         4 cuda_free_MiB=  48063 rss_MiB=    348
MEMLEDGER event=per_tensor_regular   name=transformer_layers_30_self_attn_out_proj_weight.n_groups     type=i32        payload_B=         4 alloc_B=         0 nbytes_B=         4 cuda_free_MiB=  48063 rss_MiB=    348
MEMLEDGER event=per_tensor_regular   name=transformer_layers_30_self_attn_out_proj_weight.rows         type=i32        payload_B=         4 alloc_B=         0 nbytes_B=         4 cuda_free_MiB=  48063 rss_MiB=    348
MEMLEDGER event=per_tensor_regular   name=transformer_layers_30_self_attn_out_proj_weight.cols         type=i32        payload_B=         4 alloc_B=         0 nbytes_B=         4 cuda_free_MiB=  48063 rss_MiB=    348
MEMLEDGER event=per_tensor_regular   name=transformer_layers_30_self_attn_out_proj_weight.packing_version type=i32        payload_B=         4 alloc_B=         0 nbytes_B=         4 cuda_free_MiB=  48063 rss_MiB=    348
MEMLEDGER event=per_tensor_regular   name=transformer_layers_31_self_attn_out_proj_weight              type=f16        payload_B=  33554432 alloc_B=         0 nbytes_B=  33554432 cuda_free_MiB=  48063 rss_MiB=    380
MEMLEDGER event=per_tensor_regular   name=transformer_layers_0_self_attn_in_proj_weight.packed_weights type=i8         payload_B=  25165824 alloc_B=         0 nbytes_B=  25165824 cuda_free_MiB=  48063 rss_MiB=    380
MEMLEDGER event=per_tensor_regular   name=transformer_layers_0_self_attn_in_proj_weight.scales         type=f32        payload_B=   1572864 alloc_B=         0 nbytes_B=   1572864 cuda_free_MiB=  48063 rss_MiB=    380
MEMLEDGER event=per_tensor_regular   name=transformer_layers_0_self_attn_in_proj_weight.zeros          type=f32        payload_B=   1572864 alloc_B=         0 nbytes_B=   1572864 cuda_free_MiB=  48063 rss_MiB=    380
MEMLEDGER event=per_tensor_regular   name=transformer_layers_0_self_attn_in_proj_weight.group_size     type=i32        payload_B=         4 alloc_B=         0 nbytes_B=         4 cuda_free_MiB=  48063 rss_MiB=    380
MEMLEDGER event=per_tensor_regular   name=transformer_layers_0_self_attn_in_proj_weight.n_groups       type=i32        payload_B=         4 alloc_B=         0 nbytes_B=         4 cuda_free_MiB=  48063 rss_MiB=    380
MEMLEDGER event=per_tensor_regular   name=transformer_layers_0_self_attn_in_proj_weight.rows           type=i32        payload_B=         4 alloc_B=         0 nbytes_B=         4 cuda_free_MiB=  48063 rss_MiB=    380
MEMLEDGER event=per_tensor_regular   name=transformer_layers_0_self_attn_in_proj_weight.cols           type=i32        payload_B=         4 alloc_B=         0 nbytes_B=         4 cuda_free_MiB=  48063 rss_MiB=    380
MEMLEDGER event=per_tensor_regular   name=transformer_layers_0_self_attn_in_proj_weight.packing_version type=i32        payload_B=         4 alloc_B=         0 nbytes_B=         4 cuda_free_MiB=  48063 rss_MiB=    380
MEMLEDGER event=bmo_subcomponent_skipped name=transformer_layers_0_gating_linear_in_weight.packed_weights  type=-          payload_B=  36443136 alloc_B=         0 nbytes_B=         0 cuda_free_MiB=  48063 rss_MiB=    380
MEMLEDGER event=bmo_subcomponent_skipped name=transformer_layers_0_gating_linear_in_weight.tile_tiers      type=-          payload_B=     22528 alloc_B=         0 nbytes_B=         0 cuda_free_MiB=  48063 rss_MiB=    380
MEMLEDGER event=per_tensor_regular   name=transformer_layers_0_gating_linear_in_weight.n_tiles         type=i32        payload_B=        16 alloc_B=         0 nbytes_B=        16 cuda_free_MiB=  48063 rss_MiB=    380
MEMLEDGER event=per_tensor_regular   name=transformer_layers_0_gating_linear_in_weight.tier_offsets    type=i32        payload_B=        20 alloc_B=         0 nbytes_B=        20 cuda_free_MiB=  48063 rss_MiB=    380
MEMLEDGER event=per_tensor_regular   name=transformer_layers_0_gating_linear_in_weight.rows            type=i32        payload_B=         4 alloc_B=         0 nbytes_B=         4 cuda_free_MiB=  48063 rss_MiB=    380
MEMLEDGER event=per_tensor_regular   name=transformer_layers_0_gating_linear_in_weight.cols            type=i32        payload_B=         4 alloc_B=         0 nbytes_B=         4 cuda_free_MiB=  48063 rss_MiB=    380
MEMLEDGER event=per_tensor_regular   name=transformer_layers_0_gating_linear_in_weight.packing_version type=i32        payload_B=         4 alloc_B=         0 nbytes_B=         4 cuda_free_MiB=  48063 rss_MiB=    380
MEMLEDGER event=bmo_subcomponent_skipped name=transformer_layers_0_gating_linear_in_weight.outlier_indices type=-          payload_B=   1845492 alloc_B=         0 nbytes_B=         0 cuda_free_MiB=  48063 rss_MiB=    380
MEMLEDGER event=bmo_subcomponent_skipped name=transformer_layers_0_gating_linear_in_weight.outlier_values  type=-          payload_B=    922746 alloc_B=         0 nbytes_B=         0 cuda_free_MiB=  48063 rss_MiB=    380
MEMLEDGER event=per_tensor_regular   name=transformer_layers_0_gating_linear_in_weight.n_outliers      type=i32        payload_B=         4 alloc_B=         0 nbytes_B=         4 cuda_free_MiB=  48063 rss_MiB=    380
MEMLEDGER event=per_tensor_regular   name=transformer_layers_0_gating_linear_in_weight.scale_int8      type=f32        payload_B=         4 alloc_B=         0 nbytes_B=         4 cuda_free_MiB=  48063 rss_MiB=    380
MEMLEDGER event=per_tensor_regular   name=transformer_layers_0_gating_linear_in_weight.zp_int8         type=f32        payload_B=         4 alloc_B=         0 nbytes_B=         4 cuda_free_MiB=  48063 rss_MiB=    380
MEMLEDGER event=per_tensor_regular   name=transformer_layers_0_gating_linear_in_weight.scale_int4      type=f32        payload_B=         4 alloc_B=         0 nbytes_B=         4 cuda_free_MiB=  48063 rss_MiB=    380
MEMLEDGER event=per_tensor_regular   name=transformer_layers_0_gating_linear_in_weight.zp_int4         type=f32        payload_B=         4 alloc_B=         0 nbytes_B=         4 cuda_free_MiB=  48063 rss_MiB=    380
MEMLEDGER event=per_tensor_regular   name=transformer_layers_0_gating_linear_in_weight.scale_low       type=f32        payload_B=         4 alloc_B=         0 nbytes_B=         4 cuda_free_MiB=  48063 rss_MiB=    380
MEMLEDGER event=per_tensor_regular   name=transformer_layers_0_gating_linear_in_weight.zp_low          type=f32        payload_B=         4 alloc_B=         0 nbytes_B=         4 cuda_free_MiB=  48063 rss_MiB=    380
MEMLEDGER event=bmo_subcomponent_skipped name=transformer_layers_0_gating_linear_out_weight.packed_weights type=-          payload_B=  18221056 alloc_B=         0 nbytes_B=         0 cuda_free_MiB=  48063 rss_MiB=    380
MEMLEDGER event=bmo_subcomponent_skipped name=transformer_layers_0_gating_linear_out_weight.tile_tiers     type=-          payload_B=     11264 alloc_B=         0 nbytes_B=         0 cuda_free_MiB=  48063 rss_MiB=    380
MEMLEDGER event=per_tensor_regular   name=transformer_layers_0_gating_linear_out_weight.n_tiles        type=i32        payload_B=        16 alloc_B=         0 nbytes_B=        16 cuda_free_MiB=  48063 rss_MiB=    380
MEMLEDGER event=per_tensor_regular   name=transformer_layers_0_gating_linear_out_weight.tier_offsets   type=i32        payload_B=        20 alloc_B=         0 nbytes_B=        20 cuda_free_MiB=  48063 rss_MiB=    380
MEMLEDGER event=per_tensor_regular   name=transformer_layers_0_gating_linear_out_weight.rows           type=i32        payload_B=         4 alloc_B=         0 nbytes_B=         4 cuda_free_MiB=  48063 rss_MiB=    380
MEMLEDGER event=per_tensor_regular   name=transformer_layers_0_gating_linear_out_weight.cols           type=i32        payload_B=         4 alloc_B=         0 nbytes_B=         4 cuda_free_MiB=  48063 rss_MiB=    380
MEMLEDGER event=per_tensor_regular   name=transformer_layers_0_gating_linear_out_weight.packing_version type=i32        payload_B=         4 alloc_B=         0 nbytes_B=         4 cuda_free_MiB=  48063 rss_MiB=    380
MEMLEDGER event=bmo_subcomponent_skipped name=transformer_layers_0_gating_linear_out_weight.outlier_indices type=-          payload_B=    922748 alloc_B=         0 nbytes_B=         0 cuda_free_MiB=  48063 rss_MiB=    380
MEMLEDGER event=bmo_subcomponent_skipped name=transformer_layers_0_gating_linear_out_weight.outlier_values type=-          payload_B=    461374 alloc_B=         0 nbytes_B=         0 cuda_free_MiB=  48063 rss_MiB=    380
MEMLEDGER event=per_tensor_regular   name=transformer_layers_0_gating_linear_out_weight.n_outliers     type=i32        payload_B=         4 alloc_B=         0 nbytes_B=         4 cuda_free_MiB=  48063 rss_MiB=    380
MEMLEDGER event=per_tensor_regular   name=transformer_layers_0_gating_linear_out_weight.scale_int8     type=f32        payload_B=         4 alloc_B=         0 nbytes_B=         4 cuda_free_MiB=  48063 rss_MiB=    380
MEMLEDGER event=per_tensor_regular   name=transformer_layers_0_gating_linear_out_weight.zp_int8        type=f32        payload_B=         4 alloc_B=         0 nbytes_B=         4 cuda_free_MiB=  48063 rss_MiB=    380
MEMLEDGER event=per_tensor_regular   name=transformer_layers_0_gating_linear_out_weight.scale_int4     type=f32        payload_B=         4 alloc_B=         0 nbytes_B=         4 cuda_free_MiB=  48063 rss_MiB=    380
MEMLEDGER event=per_tensor_regular   name=transformer_layers_0_gating_linear_out_weight.zp_int4        type=f32        payload_B=         4 alloc_B=         0 nbytes_B=         4 cuda_free_MiB=  48063 rss_MiB=    380
MEMLEDGER event=per_tensor_regular   name=transformer_layers_0_gating_linear_out_weight.scale_low      type=f32        payload_B=         4 alloc_B=         0 nbytes_B=         4 cuda_free_MiB=  48063 rss_MiB=    380
MEMLEDGER event=per_tensor_regular   name=transformer_layers_0_gating_linear_out_weight.zp_low         type=f32        payload_B=         4 alloc_B=         0 nbytes_B=         4 cuda_free_MiB=  48063 rss_MiB=    380
MEMLEDGER event=per_tensor_regular   name=transformer_layers_1_self_attn_in_proj_weight.packed_weights type=i8         payload_B=  25165824 alloc_B=         0 nbytes_B=  25165824 cuda_free_MiB=  48063 rss_MiB=    380
MEMLEDGER event=per_tensor_regular   name=transformer_layers_1_self_attn_in_proj_weight.scales         type=f32        payload_B=   1572864 alloc_B=         0 nbytes_B=   1572864 cuda_free_MiB=  48063 rss_MiB=    380
MEMLEDGER event=per_tensor_regular   name=transformer_layers_1_self_attn_in_proj_weight.zeros          type=f32        payload_B=   1572864 alloc_B=         0 nbytes_B=   1572864 cuda_free_MiB=  48063 rss_MiB=    380
MEMLEDGER event=per_tensor_regular   name=transformer_layers_1_self_attn_in_proj_weight.group_size     type=i32        payload_B=         4 alloc_B=         0 nbytes_B=         4 cuda_free_MiB=  48063 rss_MiB=    380
MEMLEDGER event=per_tensor_regular   name=transformer_layers_1_self_attn_in_proj_weight.n_groups       type=i32        payload_B=         4 alloc_B=         0 nbytes_B=         4 cuda_free_MiB=  48063 rss_MiB=    380
MEMLEDGER event=per_tensor_regular   name=transformer_layers_1_self_attn_in_proj_weight.rows           type=i32        payload_B=         4 alloc_B=         0 nbytes_B=         4 cuda_free_MiB=  48063 rss_MiB=    380
MEMLEDGER event=per_tensor_regular   name=transformer_layers_1_self_attn_in_proj_weight.cols           type=i32        payload_B=         4 alloc_B=         0 nbytes_B=         4 cuda_free_MiB=  48063 rss_MiB=    380
MEMLEDGER event=per_tensor_regular   name=transformer_layers_1_self_attn_in_proj_weight.packing_version type=i32        payload_B=         4 alloc_B=         0 nbytes_B=         4 cuda_free_MiB=  48063 rss_MiB=    380
MEMLEDGER event=bmo_subcomponent_skipped name=transformer_layers_1_gating_linear_in_weight.packed_weights  type=-          payload_B=  36443136 alloc_B=         0 nbytes_B=         0 cuda_free_MiB=  48063 rss_MiB=    380
MEMLEDGER event=bmo_subcomponent_skipped name=transformer_layers_1_gating_linear_in_weight.tile_tiers      type=-          payload_B=     22528 alloc_B=         0 nbytes_B=         0 cuda_free_MiB=  48063 rss_MiB=    380
MEMLEDGER event=per_tensor_regular   name=transformer_layers_1_gating_linear_in_weight.n_tiles         type=i32        payload_B=        16 alloc_B=         0 nbytes_B=        16 cuda_free_MiB=  48063 rss_MiB=    380
MEMLEDGER event=per_tensor_regular   name=transformer_layers_1_gating_linear_in_weight.tier_offsets    type=i32        payload_B=        20 alloc_B=         0 nbytes_B=        20 cuda_free_MiB=  48063 rss_MiB=    380
MEMLEDGER event=per_tensor_regular   name=transformer_layers_1_gating_linear_in_weight.rows            type=i32        payload_B=         4 alloc_B=         0 nbytes_B=         4 cuda_free_MiB=  48063 rss_MiB=    380
MEMLEDGER event=per_tensor_regular   name=transformer_layers_1_gating_linear_in_weight.cols            type=i32        payload_B=         4 alloc_B=         0 nbytes_B=         4 cuda_free_MiB=  48063 rss_MiB=    380
MEMLEDGER event=per_tensor_regular   name=transformer_layers_1_gating_linear_in_weight.packing_version type=i32        payload_B=         4 alloc_B=         0 nbytes_B=         4 cuda_free_MiB=  48063 rss_MiB=    380
MEMLEDGER event=bmo_subcomponent_skipped name=transformer_layers_1_gating_linear_in_weight.outlier_indices type=-          payload_B=   1845492 alloc_B=         0 nbytes_B=         0 cuda_free_MiB=  48063 rss_MiB=    380
MEMLEDGER event=bmo_subcomponent_skipped name=transformer_layers_1_gating_linear_in_weight.outlier_values  type=-          payload_B=    922746 alloc_B=         0 nbytes_B=         0 cuda_free_MiB=  48063 rss_MiB=    380
MEMLEDGER event=per_tensor_regular   name=transformer_layers_1_gating_linear_in_weight.n_outliers      type=i32        payload_B=         4 alloc_B=         0 nbytes_B=         4 cuda_free_MiB=  48063 rss_MiB=    380
MEMLEDGER event=per_tensor_regular   name=transformer_layers_1_gating_linear_in_weight.scale_int8      type=f32        payload_B=         4 alloc_B=         0 nbytes_B=         4 cuda_free_MiB=  48063 rss_MiB=    380
MEMLEDGER event=per_tensor_regular   name=transformer_layers_1_gating_linear_in_weight.zp_int8         type=f32        payload_B=         4 alloc_B=         0 nbytes_B=         4 cuda_free_MiB=  48063 rss_MiB=    380
MEMLEDGER event=per_tensor_regular   name=transformer_layers_1_gating_linear_in_weight.scale_int4      type=f32        payload_B=         4 alloc_B=         0 nbytes_B=         4 cuda_free_MiB=  48063 rss_MiB=    380
MEMLEDGER event=per_tensor_regular   name=transformer_layers_1_gating_linear_in_weight.zp_int4         type=f32        payload_B=         4 alloc_B=         0 nbytes_B=         4 cuda_free_MiB=  48063 rss_MiB=    380
MEMLEDGER event=per_tensor_regular   name=transformer_layers_1_gating_linear_in_weight.scale_low       type=f32        payload_B=         4 alloc_B=         0 nbytes_B=         4 cuda_free_MiB=  48063 rss_MiB=    380
MEMLEDGER event=per_tensor_regular   name=transformer_layers_1_gating_linear_in_weight.zp_low          type=f32        payload_B=         4 alloc_B=         0 nbytes_B=         4 cuda_free_MiB=  48063 rss_MiB=    380
MEMLEDGER event=bmo_subcomponent_skipped name=transformer_layers_1_gating_linear_out_weight.packed_weights type=-          payload_B=  18221056 alloc_B=         0 nbytes_B=         0 cuda_free_MiB=  48063 rss_MiB=    380
MEMLEDGER event=bmo_subcomponent_skipped name=transformer_layers_1_gating_linear_out_weight.tile_tiers     type=-          payload_B=     11264 alloc_B=         0 nbytes_B=         0 cuda_free_MiB=  48063 rss_MiB=    380
MEMLEDGER event=per_tensor_regular   name=transformer_layers_1_gating_linear_out_weight.n_tiles        type=i32        payload_B=        16 alloc_B=         0 nbytes_B=        16 cuda_free_MiB=  48063 rss_MiB=    380
MEMLEDGER event=per_tensor_regular   name=transformer_layers_1_gating_linear_out_weight.tier_offsets   type=i32        payload_B=        20 alloc_B=         0 nbytes_B=        20 cuda_free_MiB=  48063 rss_MiB=    380
MEMLEDGER event=per_tensor_regular   name=transformer_layers_1_gating_linear_out_weight.rows           type=i32        payload_B=         4 alloc_B=         0 nbytes_B=         4 cuda_free_MiB=  48063 rss_MiB=    380
MEMLEDGER event=per_tensor_regular   name=transformer_layers_1_gating_linear_out_weight.cols           type=i32        payload_B=         4 alloc_B=         0 nbytes_B=         4 cuda_free_MiB=  48063 rss_MiB=    380
MEMLEDGER event=per_tensor_regular   name=transformer_layers_1_gating_linear_out_weight.packing_version type=i32        payload_B=         4 alloc_B=         0 nbytes_B=         4 cuda_free_MiB=  48063 rss_MiB=    380
MEMLEDGER event=bmo_subcomponent_skipped name=transformer_layers_1_gating_linear_out_weight.outlier_indices type=-          payload_B=    922748 alloc_B=         0 nbytes_B=         0 cuda_free_MiB=  48063 rss_MiB=    380
MEMLEDGER event=bmo_subcomponent_skipped name=transformer_layers_1_gating_linear_out_weight.outlier_values type=-          payload_B=    461374 alloc_B=         0 nbytes_B=         0 cuda_free_MiB=  48063 rss_MiB=    380
MEMLEDGER event=per_tensor_regular   name=transformer_layers_1_gating_linear_out_weight.n_outliers     type=i32        payload_B=         4 alloc_B=         0 nbytes_B=         4 cuda_free_MiB=  48063 rss_MiB=    380
MEMLEDGER event=per_tensor_regular   name=transformer_layers_1_gating_linear_out_weight.scale_int8     type=f32        payload_B=         4 alloc_B=         0 nbytes_B=         4 cuda_free_MiB=  48063 rss_MiB=    380
MEMLEDGER event=per_tensor_regular   name=transformer_layers_1_gating_linear_out_weight.zp_int8        type=f32        payload_B=         4 alloc_B=         0 nbytes_B=         4 cuda_free_MiB=  48063 rss_MiB=    380
MEMLEDGER event=per_tensor_regular   name=transformer_layers_1_gating_linear_out_weight.scale_int4     type=f32        payload_B=         4 alloc_B=         0 nbytes_B=         4 cuda_free_MiB=  48063 rss_MiB=    380
MEMLEDGER event=per_tensor_regular   name=transformer_layers_1_gating_linear_out_weight.zp_int4        type=f32        payload_B=         4 alloc_B=         0 nbytes_B=         4 cuda_free_MiB=  48063 rss_MiB=    380
MEMLEDGER event=per_tensor_regular   name=transformer_layers_1_gating_linear_out_weight.scale_low      type=f32        payload_B=         4 alloc_B=         0 nbytes_B=         4 cuda_free_MiB=  48063 rss_MiB=    380
MEMLEDGER event=per_tensor_regular   name=transformer_layers_1_gating_linear_out_weight.zp_low         type=f32        payload_B=         4 alloc_B=         0 nbytes_B=         4 cuda_free_MiB=  48063 rss_MiB=    380
MEMLEDGER event=per_tensor_regular   name=transformer_layers_2_self_attn_in_proj_weight.packed_weights type=i8         payload_B=  25165824 alloc_B=         0 nbytes_B=  25165824 cuda_free_MiB=  48063 rss_MiB=    380
MEMLEDGER event=per_tensor_regular   name=transformer_layers_2_self_attn_in_proj_weight.scales         type=f32        payload_B=   1572864 alloc_B=         0 nbytes_B=   1572864 cuda_free_MiB=  48063 rss_MiB=    380
MEMLEDGER event=per_tensor_regular   name=transformer_layers_2_self_attn_in_proj_weight.zeros          type=f32        payload_B=   1572864 alloc_B=         0 nbytes_B=   1572864 cuda_free_MiB=  48063 rss_MiB=    380
MEMLEDGER event=per_tensor_regular   name=transformer_layers_2_self_attn_in_proj_weight.group_size     type=i32        payload_B=         4 alloc_B=         0 nbytes_B=         4 cuda_free_MiB=  48063 rss_MiB=    380
MEMLEDGER event=per_tensor_regular   name=transformer_layers_2_self_attn_in_proj_weight.n_groups       type=i32        payload_B=         4 alloc_B=         0 nbytes_B=         4 cuda_free_MiB=  48063 rss_MiB=    380
MEMLEDGER event=per_tensor_regular   name=transformer_layers_2_self_attn_in_proj_weight.rows           type=i32        payload_B=         4 alloc_B=         0 nbytes_B=         4 cuda_free_MiB=  48063 rss_MiB=    380
MEMLEDGER event=per_tensor_regular   name=transformer_layers_2_self_attn_in_proj_weight.cols           type=i32        payload_B=         4 alloc_B=         0 nbytes_B=         4 cuda_free_MiB=  48063 rss_MiB=    380
MEMLEDGER event=per_tensor_regular   name=transformer_layers_2_self_attn_in_proj_weight.packing_version type=i32        payload_B=         4 alloc_B=         0 nbytes_B=         4 cuda_free_MiB=  48063 rss_MiB=    380
MEMLEDGER event=bmo_subcomponent_skipped name=transformer_layers_2_gating_linear_in_weight.packed_weights  type=-          payload_B=  36443136 alloc_B=         0 nbytes_B=         0 cuda_free_MiB=  48063 rss_MiB=    380
MEMLEDGER event=bmo_subcomponent_skipped name=transformer_layers_2_gating_linear_in_weight.tile_tiers      type=-          payload_B=     22528 alloc_B=         0 nbytes_B=         0 cuda_free_MiB=  48063 rss_MiB=    380
MEMLEDGER event=per_tensor_regular   name=transformer_layers_2_gating_linear_in_weight.n_tiles         type=i32        payload_B=        16 alloc_B=         0 nbytes_B=        16 cuda_free_MiB=  48063 rss_MiB=    380
MEMLEDGER event=per_tensor_regular   name=transformer_layers_2_gating_linear_in_weight.tier_offsets    type=i32        payload_B=        20 alloc_B=         0 nbytes_B=        20 cuda_free_MiB=  48063 rss_MiB=    380
MEMLEDGER event=per_tensor_regular   name=transformer_layers_2_gating_linear_in_weight.rows            type=i32        payload_B=         4 alloc_B=         0 nbytes_B=         4 cuda_free_MiB=  48063 rss_MiB=    380
MEMLEDGER event=per_tensor_regular   name=transformer_layers_2_gating_linear_in_weight.cols            type=i32        payload_B=         4 alloc_B=         0 nbytes_B=         4 cuda_free_MiB=  48063 rss_MiB=    380
MEMLEDGER event=per_tensor_regular   name=transformer_layers_2_gating_linear_in_weight.packing_version type=i32        payload_B=         4 alloc_B=         0 nbytes_B=         4 cuda_free_MiB=  48063 rss_MiB=    380
MEMLEDGER event=bmo_subcomponent_skipped name=transformer_layers_2_gating_linear_in_weight.outlier_indices type=-          payload_B=   1845492 alloc_B=         0 nbytes_B=         0 cuda_free_MiB=  48063 rss_MiB=    380
MEMLEDGER event=bmo_subcomponent_skipped name=transformer_layers_2_gating_linear_in_weight.outlier_values  type=-          payload_B=    922746 alloc_B=         0 nbytes_B=         0 cuda_free_MiB=  48063 rss_MiB=    380
MEMLEDGER event=per_tensor_regular   name=transformer_layers_2_gating_linear_in_weight.n_outliers      type=i32        payload_B=         4 alloc_B=         0 nbytes_B=         4 cuda_free_MiB=  48063 rss_MiB=    380
MEMLEDGER event=per_tensor_regular   name=transformer_layers_2_gating_linear_in_weight.scale_int8      type=f32        payload_B=         4 alloc_B=         0 nbytes_B=         4 cuda_free_MiB=  48063 rss_MiB=    380
MEMLEDGER event=per_tensor_regular   name=transformer_layers_2_gating_linear_in_weight.zp_int8         type=f32        payload_B=         4 alloc_B=         0 nbytes_B=         4 cuda_free_MiB=  48063 rss_MiB=    380
MEMLEDGER event=per_tensor_regular   name=transformer_layers_2_gating_linear_in_weight.scale_int4      type=f32        payload_B=         4 alloc_B=         0 nbytes_B=         4 cuda_free_MiB=  48063 rss_MiB=    380
MEMLEDGER event=per_tensor_regular   name=transformer_layers_2_gating_linear_in_weight.zp_int4         type=f32        payload_B=         4 alloc_B=         0 nbytes_B=         4 cuda_free_MiB=  48063 rss_MiB=    380
MEMLEDGER event=per_tensor_regular   name=transformer_layers_2_gating_linear_in_weight.scale_low       type=f32        payload_B=         4 alloc_B=         0 nbytes_B=         4 cuda_free_MiB=  48063 rss_MiB=    380
MEMLEDGER event=per_tensor_regular   name=transformer_layers_2_gating_linear_in_weight.zp_low          type=f32        payload_B=         4 alloc_B=         0 nbytes_B=         4 cuda_free_MiB=  48063 rss_MiB=    380
MEMLEDGER event=bmo_subcomponent_skipped name=transformer_layers_2_gating_linear_out_weight.packed_weights type=-          payload_B=  18221056 alloc_B=         0 nbytes_B=         0 cuda_free_MiB=  48063 rss_MiB=    380
MEMLEDGER event=bmo_subcomponent_skipped name=transformer_layers_2_gating_linear_out_weight.tile_tiers     type=-          payload_B=     11264 alloc_B=         0 nbytes_B=         0 cuda_free_MiB=  48063 rss_MiB=    380
MEMLEDGER event=per_tensor_regular   name=transformer_layers_2_gating_linear_out_weight.n_tiles        type=i32        payload_B=        16 alloc_B=         0 nbytes_B=        16 cuda_free_MiB=  48063 rss_MiB=    380
MEMLEDGER event=per_tensor_regular   name=transformer_layers_2_gating_linear_out_weight.tier_offsets   type=i32        payload_B=        20 alloc_B=         0 nbytes_B=        20 cuda_free_MiB=  48063 rss_MiB=    380
MEMLEDGER event=per_tensor_regular   name=transformer_layers_2_gating_linear_out_weight.rows           type=i32        payload_B=         4 alloc_B=         0 nbytes_B=         4 cuda_free_MiB=  48063 rss_MiB=    380
MEMLEDGER event=per_tensor_regular   name=transformer_layers_2_gating_linear_out_weight.cols           type=i32        payload_B=         4 alloc_B=         0 nbytes_B=         4 cuda_free_MiB=  48063 rss_MiB=    380
MEMLEDGER event=per_tensor_regular   name=transformer_layers_2_gating_linear_out_weight.packing_version type=i32        payload_B=         4 alloc_B=         0 nbytes_B=         4 cuda_free_MiB=  48063 rss_MiB=    380
MEMLEDGER event=bmo_subcomponent_skipped name=transformer_layers_2_gating_linear_out_weight.outlier_indices type=-          payload_B=    922748 alloc_B=         0 nbytes_B=         0 cuda_free_MiB=  48063 rss_MiB=    380
MEMLEDGER event=bmo_subcomponent_skipped name=transformer_layers_2_gating_linear_out_weight.outlier_values type=-          payload_B=    461374 alloc_B=         0 nbytes_B=         0 cuda_free_MiB=  48063 rss_MiB=    380
MEMLEDGER event=per_tensor_regular   name=transformer_layers_2_gating_linear_out_weight.n_outliers     type=i32        payload_B=         4 alloc_B=         0 nbytes_B=         4 cuda_free_MiB=  48063 rss_MiB=    380
MEMLEDGER event=per_tensor_regular   name=transformer_layers_2_gating_linear_out_weight.scale_int8     type=f32        payload_B=         4 alloc_B=         0 nbytes_B=         4 cuda_free_MiB=  48063 rss_MiB=    380
MEMLEDGER event=per_tensor_regular   name=transformer_layers_2_gating_linear_out_weight.zp_int8        type=f32        payload_B=         4 alloc_B=         0 nbytes_B=         4 cuda_free_MiB=  48063 rss_MiB=    380
MEMLEDGER event=per_tensor_regular   name=transformer_layers_2_gating_linear_out_weight.scale_int4     type=f32        payload_B=         4 alloc_B=         0 nbytes_B=         4 cuda_free_MiB=  48063 rss_MiB=    380
MEMLEDGER event=per_tensor_regular   name=transformer_layers_2_gating_linear_out_weight.zp_int4        type=f32        payload_B=         4 alloc_B=         0 nbytes_B=         4 cuda_free_MiB=  48063 rss_MiB=    380
MEMLEDGER event=per_tensor_regular   name=transformer_layers_2_gating_linear_out_weight.scale_low      type=f32        payload_B=         4 alloc_B=         0 nbytes_B=         4 cuda_free_MiB=  48063 rss_MiB=    380
MEMLEDGER event=per_tensor_regular   name=transformer_layers_2_gating_linear_out_weight.zp_low         type=f32        payload_B=         4 alloc_B=         0 nbytes_B=         4 cuda_free_MiB=  48063 rss_MiB=    380
MEMLEDGER event=per_tensor_regular   name=transformer_layers_3_self_attn_in_proj_weight.packed_weights type=i8         payload_B=  25165824 alloc_B=         0 nbytes_B=  25165824 cuda_free_MiB=  48063 rss_MiB=    380
MEMLEDGER event=per_tensor_regular   name=transformer_layers_3_self_attn_in_proj_weight.scales         type=f32        payload_B=   1572864 alloc_B=         0 nbytes_B=   1572864 cuda_free_MiB=  48063 rss_MiB=    380
MEMLEDGER event=per_tensor_regular   name=transformer_layers_3_self_attn_in_proj_weight.zeros          type=f32        payload_B=   1572864 alloc_B=         0 nbytes_B=   1572864 cuda_free_MiB=  48063 rss_MiB=    380
MEMLEDGER event=per_tensor_regular   name=transformer_layers_3_self_attn_in_proj_weight.group_size     type=i32        payload_B=         4 alloc_B=         0 nbytes_B=         4 cuda_free_MiB=  48063 rss_MiB=    380
MEMLEDGER event=per_tensor_regular   name=transformer_layers_3_self_attn_in_proj_weight.n_groups       type=i32        payload_B=         4 alloc_B=         0 nbytes_B=         4 cuda_free_MiB=  48063 rss_MiB=    380
MEMLEDGER event=per_tensor_regular   name=transformer_layers_3_self_attn_in_proj_weight.rows           type=i32        payload_B=         4 alloc_B=         0 nbytes_B=         4 cuda_free_MiB=  48063 rss_MiB=    380
MEMLEDGER event=per_tensor_regular   name=transformer_layers_3_self_attn_in_proj_weight.cols           type=i32        payload_B=         4 alloc_B=         0 nbytes_B=         4 cuda_free_MiB=  48063 rss_MiB=    380
MEMLEDGER event=per_tensor_regular   name=transformer_layers_3_self_attn_in_proj_weight.packing_version type=i32        payload_B=         4 alloc_B=         0 nbytes_B=         4 cuda_free_MiB=  48063 rss_MiB=    380
MEMLEDGER event=bmo_subcomponent_skipped name=transformer_layers_3_gating_linear_in_weight.packed_weights  type=-          payload_B=  36443136 alloc_B=         0 nbytes_B=         0 cuda_free_MiB=  48063 rss_MiB=    380
MEMLEDGER event=bmo_subcomponent_skipped name=transformer_layers_3_gating_linear_in_weight.tile_tiers      type=-          payload_B=     22528 alloc_B=         0 nbytes_B=         0 cuda_free_MiB=  48063 rss_MiB=    380
MEMLEDGER event=per_tensor_regular   name=transformer_layers_3_gating_linear_in_weight.n_tiles         type=i32        payload_B=        16 alloc_B=         0 nbytes_B=        16 cuda_free_MiB=  48063 rss_MiB=    380
MEMLEDGER event=per_tensor_regular   name=transformer_layers_3_gating_linear_in_weight.tier_offsets    type=i32        payload_B=        20 alloc_B=         0 nbytes_B=        20 cuda_free_MiB=  48063 rss_MiB=    380
MEMLEDGER event=per_tensor_regular   name=transformer_layers_3_gating_linear_in_weight.rows            type=i32        payload_B=         4 alloc_B=         0 nbytes_B=         4 cuda_free_MiB=  48063 rss_MiB=    380
MEMLEDGER event=per_tensor_regular   name=transformer_layers_3_gating_linear_in_weight.cols            type=i32        payload_B=         4 alloc_B=         0 nbytes_B=         4 cuda_free_MiB=  48063 rss_MiB=    380
MEMLEDGER event=per_tensor_regular   name=transformer_layers_3_gating_linear_in_weight.packing_version type=i32        payload_B=         4 alloc_B=         0 nbytes_B=         4 cuda_free_MiB=  48063 rss_MiB=    380
MEMLEDGER event=bmo_subcomponent_skipped name=transformer_layers_3_gating_linear_in_weight.outlier_indices type=-          payload_B=   1845492 alloc_B=         0 nbytes_B=         0 cuda_free_MiB=  48063 rss_MiB=    380
MEMLEDGER event=bmo_subcomponent_skipped name=transformer_layers_3_gating_linear_in_weight.outlier_values  type=-          payload_B=    922746 alloc_B=         0 nbytes_B=         0 cuda_free_MiB=  48063 rss_MiB=    380
MEMLEDGER event=per_tensor_regular   name=transformer_layers_3_gating_linear_in_weight.n_outliers      type=i32        payload_B=         4 alloc_B=         0 nbytes_B=         4 cuda_free_MiB=  48063 rss_MiB=    380
MEMLEDGER event=per_tensor_regular   name=transformer_layers_3_gating_linear_in_weight.scale_int8      type=f32        payload_B=         4 alloc_B=         0 nbytes_B=         4 cuda_free_MiB=  48063 rss_MiB=    380
MEMLEDGER event=per_tensor_regular   name=transformer_layers_3_gating_linear_in_weight.zp_int8         type=f32        payload_B=         4 alloc_B=         0 nbytes_B=         4 cuda_free_MiB=  48063 rss_MiB=    380
MEMLEDGER event=per_tensor_regular   name=transformer_layers_3_gating_linear_in_weight.scale_int4      type=f32        payload_B=         4 alloc_B=         0 nbytes_B=         4 cuda_free_MiB=  48063 rss_MiB=    380
MEMLEDGER event=per_tensor_regular   name=transformer_layers_3_gating_linear_in_weight.zp_int4         type=f32        payload_B=         4 alloc_B=         0 nbytes_B=         4 cuda_free_MiB=  48063 rss_MiB=    380
MEMLEDGER event=per_tensor_regular   name=transformer_layers_3_gating_linear_in_weight.scale_low       type=f32        payload_B=         4 alloc_B=         0 nbytes_B=         4 cuda_free_MiB=  48063 rss_MiB=    380
MEMLEDGER event=per_tensor_regular   name=transformer_layers_3_gating_linear_in_weight.zp_low          type=f32        payload_B=         4 alloc_B=         0 nbytes_B=         4 cuda_free_MiB=  48063 rss_MiB=    380
MEMLEDGER event=bmo_subcomponent_skipped name=transformer_layers_3_gating_linear_out_weight.packed_weights type=-          payload_B=  18221056 alloc_B=         0 nbytes_B=         0 cuda_free_MiB=  48063 rss_MiB=    380
MEMLEDGER event=bmo_subcomponent_skipped name=transformer_layers_3_gating_linear_out_weight.tile_tiers     type=-          payload_B=     11264 alloc_B=         0 nbytes_B=         0 cuda_free_MiB=  48063 rss_MiB=    380
MEMLEDGER event=per_tensor_regular   name=transformer_layers_3_gating_linear_out_weight.n_tiles        type=i32        payload_B=        16 alloc_B=         0 nbytes_B=        16 cuda_free_MiB=  48063 rss_MiB=    380
MEMLEDGER event=per_tensor_regular   name=transformer_layers_3_gating_linear_out_weight.tier_offsets   type=i32        payload_B=        20 alloc_B=         0 nbytes_B=        20 cuda_free_MiB=  48063 rss_MiB=    380
MEMLEDGER event=per_tensor_regular   name=transformer_layers_3_gating_linear_out_weight.rows           type=i32        payload_B=         4 alloc_B=         0 nbytes_B=         4 cuda_free_MiB=  48063 rss_MiB=    380
MEMLEDGER event=per_tensor_regular   name=transformer_layers_3_gating_linear_out_weight.cols           type=i32        payload_B=         4 alloc_B=         0 nbytes_B=         4 cuda_free_MiB=  48063 rss_MiB=    380
MEMLEDGER event=per_tensor_regular   name=transformer_layers_3_gating_linear_out_weight.packing_version type=i32        payload_B=         4 alloc_B=         0 nbytes_B=         4 cuda_free_MiB=  48063 rss_MiB=    380
MEMLEDGER event=bmo_subcomponent_skipped name=transformer_layers_3_gating_linear_out_weight.outlier_indices type=-          payload_B=    922748 alloc_B=         0 nbytes_B=         0 cuda_free_MiB=  48063 rss_MiB=    380
MEMLEDGER event=bmo_subcomponent_skipped name=transformer_layers_3_gating_linear_out_weight.outlier_values type=-          payload_B=    461374 alloc_B=         0 nbytes_B=         0 cuda_free_MiB=  48063 rss_MiB=    380
MEMLEDGER event=per_tensor_regular   name=transformer_layers_3_gating_linear_out_weight.n_outliers     type=i32        payload_B=         4 alloc_B=         0 nbytes_B=         4 cuda_free_MiB=  48063 rss_MiB=    380
MEMLEDGER event=per_tensor_regular   name=transformer_layers_3_gating_linear_out_weight.scale_int8     type=f32        payload_B=         4 alloc_B=         0 nbytes_B=         4 cuda_free_MiB=  48063 rss_MiB=    380
MEMLEDGER event=per_tensor_regular   name=transformer_layers_3_gating_linear_out_weight.zp_int8        type=f32        payload_B=         4 alloc_B=         0 nbytes_B=         4 cuda_free_MiB=  48063 rss_MiB=    380
MEMLEDGER event=per_tensor_regular   name=transformer_layers_3_gating_linear_out_weight.scale_int4     type=f32        payload_B=         4 alloc_B=         0 nbytes_B=         4 cuda_free_MiB=  48063 rss_MiB=    380
MEMLEDGER event=per_tensor_regular   name=transformer_layers_3_gating_linear_out_weight.zp_int4        type=f32        payload_B=         4 alloc_B=         0 nbytes_B=         4 cuda_free_MiB=  48063 rss_MiB=    380
MEMLEDGER event=per_tensor_regular   name=transformer_layers_3_gating_linear_out_weight.scale_low      type=f32        payload_B=         4 alloc_B=         0 nbytes_B=         4 cuda_free_MiB=  48063 rss_MiB=    380
MEMLEDGER event=per_tensor_regular   name=transformer_layers_3_gating_linear_out_weight.zp_low         type=f32        payload_B=         4 alloc_B=         0 nbytes_B=         4 cuda_free_MiB=  48063 rss_MiB=    380
MEMLEDGER event=per_tensor_regular   name=transformer_layers_4_self_attn_in_proj_weight.packed_weights type=i8         payload_B=  25165824 alloc_B=         0 nbytes_B=  25165824 cuda_free_MiB=  48063 rss_MiB=    380
MEMLEDGER event=per_tensor_regular   name=transformer_layers_4_self_attn_in_proj_weight.scales         type=f32        payload_B=   1572864 alloc_B=         0 nbytes_B=   1572864 cuda_free_MiB=  48063 rss_MiB=    380
MEMLEDGER event=per_tensor_regular   name=transformer_layers_4_self_attn_in_proj_weight.zeros          type=f32        payload_B=   1572864 alloc_B=         0 nbytes_B=   1572864 cuda_free_MiB=  48063 rss_MiB=    380
MEMLEDGER event=per_tensor_regular   name=transformer_layers_4_self_attn_in_proj_weight.group_size     type=i32        payload_B=         4 alloc_B=         0 nbytes_B=         4 cuda_free_MiB=  48063 rss_MiB=    380
MEMLEDGER event=per_tensor_regular   name=transformer_layers_4_self_attn_in_proj_weight.n_groups       type=i32        payload_B=         4 alloc_B=         0 nbytes_B=         4 cuda_free_MiB=  48063 rss_MiB=    380
MEMLEDGER event=per_tensor_regular   name=transformer_layers_4_self_attn_in_proj_weight.rows           type=i32        payload_B=         4 alloc_B=         0 nbytes_B=         4 cuda_free_MiB=  48063 rss_MiB=    380
MEMLEDGER event=per_tensor_regular   name=transformer_layers_4_self_attn_in_proj_weight.cols           type=i32        payload_B=         4 alloc_B=         0 nbytes_B=         4 cuda_free_MiB=  48063 rss_MiB=    380
MEMLEDGER event=per_tensor_regular   name=transformer_layers_4_self_attn_in_proj_weight.packing_version type=i32        payload_B=         4 alloc_B=         0 nbytes_B=         4 cuda_free_MiB=  48063 rss_MiB=    380
MEMLEDGER event=bmo_subcomponent_skipped name=transformer_layers_4_gating_linear_in_weight.packed_weights  type=-          payload_B=  36443136 alloc_B=         0 nbytes_B=         0 cuda_free_MiB=  48063 rss_MiB=    380
MEMLEDGER event=bmo_subcomponent_skipped name=transformer_layers_4_gating_linear_in_weight.tile_tiers      type=-          payload_B=     22528 alloc_B=         0 nbytes_B=         0 cuda_free_MiB=  48063 rss_MiB=    380
MEMLEDGER event=per_tensor_regular   name=transformer_layers_4_gating_linear_in_weight.n_tiles         type=i32        payload_B=        16 alloc_B=         0 nbytes_B=        16 cuda_free_MiB=  48063 rss_MiB=    380
MEMLEDGER event=per_tensor_regular   name=transformer_layers_4_gating_linear_in_weight.tier_offsets    type=i32        payload_B=        20 alloc_B=         0 nbytes_B=        20 cuda_free_MiB=  48063 rss_MiB=    380
MEMLEDGER event=per_tensor_regular   name=transformer_layers_4_gating_linear_in_weight.rows            type=i32        payload_B=         4 alloc_B=         0 nbytes_B=         4 cuda_free_MiB=  48063 rss_MiB=    380
MEMLEDGER event=per_tensor_regular   name=transformer_layers_4_gating_linear_in_weight.cols            type=i32        payload_B=         4 alloc_B=         0 nbytes_B=         4 cuda_free_MiB=  48063 rss_MiB=    380
MEMLEDGER event=per_tensor_regular   name=transformer_layers_4_gating_linear_in_weight.packing_version type=i32        payload_B=         4 alloc_B=         0 nbytes_B=         4 cuda_free_MiB=  48063 rss_MiB=    380
MEMLEDGER event=bmo_subcomponent_skipped name=transformer_layers_4_gating_linear_in_weight.outlier_indices type=-          payload_B=   1845492 alloc_B=         0 nbytes_B=         0 cuda_free_MiB=  48063 rss_MiB=    380
MEMLEDGER event=bmo_subcomponent_skipped name=transformer_layers_4_gating_linear_in_weight.outlier_values  type=-          payload_B=    922746 alloc_B=         0 nbytes_B=         0 cuda_free_MiB=  48063 rss_MiB=    380
MEMLEDGER event=per_tensor_regular   name=transformer_layers_4_gating_linear_in_weight.n_outliers      type=i32        payload_B=         4 alloc_B=         0 nbytes_B=         4 cuda_free_MiB=  48063 rss_MiB=    380
MEMLEDGER event=per_tensor_regular   name=transformer_layers_4_gating_linear_in_weight.scale_int8      type=f32        payload_B=         4 alloc_B=         0 nbytes_B=         4 cuda_free_MiB=  48063 rss_MiB=    380
MEMLEDGER event=per_tensor_regular   name=transformer_layers_4_gating_linear_in_weight.zp_int8         type=f32        payload_B=         4 alloc_B=         0 nbytes_B=         4 cuda_free_MiB=  48063 rss_MiB=    380
MEMLEDGER event=per_tensor_regular   name=transformer_layers_4_gating_linear_in_weight.scale_int4      type=f32        payload_B=         4 alloc_B=         0 nbytes_B=         4 cuda_free_MiB=  48063 rss_MiB=    380
MEMLEDGER event=per_tensor_regular   name=transformer_layers_4_gating_linear_in_weight.zp_int4         type=f32        payload_B=         4 alloc_B=         0 nbytes_B=         4 cuda_free_MiB=  48063 rss_MiB=    380
MEMLEDGER event=per_tensor_regular   name=transformer_layers_4_gating_linear_in_weight.scale_low       type=f32        payload_B=         4 alloc_B=         0 nbytes_B=         4 cuda_free_MiB=  48063 rss_MiB=    380
MEMLEDGER event=per_tensor_regular   name=transformer_layers_4_gating_linear_in_weight.zp_low          type=f32        payload_B=         4 alloc_B=         0 nbytes_B=         4 cuda_free_MiB=  48063 rss_MiB=    380
MEMLEDGER event=bmo_subcomponent_skipped name=transformer_layers_4_gating_linear_out_weight.packed_weights type=-          payload_B=  18221056 alloc_B=         0 nbytes_B=         0 cuda_free_MiB=  48063 rss_MiB=    380
MEMLEDGER event=bmo_subcomponent_skipped name=transformer_layers_4_gating_linear_out_weight.tile_tiers     type=-          payload_B=     11264 alloc_B=         0 nbytes_B=         0 cuda_free_MiB=  48063 rss_MiB=    380
MEMLEDGER event=per_tensor_regular   name=transformer_layers_4_gating_linear_out_weight.n_tiles        type=i32        payload_B=        16 alloc_B=         0 nbytes_B=        16 cuda_free_MiB=  48063 rss_MiB=    380
MEMLEDGER event=per_tensor_regular   name=transformer_layers_4_gating_linear_out_weight.tier_offsets   type=i32        payload_B=        20 alloc_B=         0 nbytes_B=        20 cuda_free_MiB=  48063 rss_MiB=    380
MEMLEDGER event=per_tensor_regular   name=transformer_layers_4_gating_linear_out_weight.rows           type=i32        payload_B=         4 alloc_B=         0 nbytes_B=         4 cuda_free_MiB=  48063 rss_MiB=    380
MEMLEDGER event=per_tensor_regular   name=transformer_layers_4_gating_linear_out_weight.cols           type=i32        payload_B=         4 alloc_B=         0 nbytes_B=         4 cuda_free_MiB=  48063 rss_MiB=    380
MEMLEDGER event=per_tensor_regular   name=transformer_layers_4_gating_linear_out_weight.packing_version type=i32        payload_B=         4 alloc_B=         0 nbytes_B=         4 cuda_free_MiB=  48063 rss_MiB=    380
MEMLEDGER event=bmo_subcomponent_skipped name=transformer_layers_4_gating_linear_out_weight.outlier_indices type=-          payload_B=    922748 alloc_B=         0 nbytes_B=         0 cuda_free_MiB=  48063 rss_MiB=    380
MEMLEDGER event=bmo_subcomponent_skipped name=transformer_layers_4_gating_linear_out_weight.outlier_values type=-          payload_B=    461374 alloc_B=         0 nbytes_B=         0 cuda_free_MiB=  48063 rss_MiB=    380
MEMLEDGER event=per_tensor_regular   name=transformer_layers_4_gating_linear_out_weight.n_outliers     type=i32        payload_B=         4 alloc_B=         0 nbytes_B=         4 cuda_free_MiB=  48063 rss_MiB=    380
MEMLEDGER event=per_tensor_regular   name=transformer_layers_4_gating_linear_out_weight.scale_int8     type=f32        payload_B=         4 alloc_B=         0 nbytes_B=         4 cuda_free_MiB=  48063 rss_MiB=    380
MEMLEDGER event=per_tensor_regular   name=transformer_layers_4_gating_linear_out_weight.zp_int8        type=f32        payload_B=         4 alloc_B=         0 nbytes_B=         4 cuda_free_MiB=  48063 rss_MiB=    380
MEMLEDGER event=per_tensor_regular   name=transformer_layers_4_gating_linear_out_weight.scale_int4     type=f32        payload_B=         4 alloc_B=         0 nbytes_B=         4 cuda_free_MiB=  48063 rss_MiB=    380
MEMLEDGER event=per_tensor_regular   name=transformer_layers_4_gating_linear_out_weight.zp_int4        type=f32        payload_B=         4 alloc_B=         0 nbytes_B=         4 cuda_free_MiB=  48063 rss_MiB=    380
MEMLEDGER event=per_tensor_regular   name=transformer_layers_4_gating_linear_out_weight.scale_low      type=f32        payload_B=         4 alloc_B=         0 nbytes_B=         4 cuda_free_MiB=  48063 rss_MiB=    380
MEMLEDGER event=per_tensor_regular   name=transformer_layers_4_gating_linear_out_weight.zp_low         type=f32        payload_B=         4 alloc_B=         0 nbytes_B=         4 cuda_free_MiB=  48063 rss_MiB=    380
MEMLEDGER event=per_tensor_regular   name=transformer_layers_5_self_attn_in_proj_weight.packed_weights type=i8         payload_B=  25165824 alloc_B=         0 nbytes_B=  25165824 cuda_free_MiB=  48063 rss_MiB=    380
MEMLEDGER event=per_tensor_regular   name=transformer_layers_5_self_attn_in_proj_weight.scales         type=f32        payload_B=   1572864 alloc_B=         0 nbytes_B=   1572864 cuda_free_MiB=  48063 rss_MiB=    380
MEMLEDGER event=per_tensor_regular   name=transformer_layers_5_self_attn_in_proj_weight.zeros          type=f32        payload_B=   1572864 alloc_B=         0 nbytes_B=   1572864 cuda_free_MiB=  48063 rss_MiB=    380
MEMLEDGER event=per_tensor_regular   name=transformer_layers_5_self_attn_in_proj_weight.group_size     type=i32        payload_B=         4 alloc_B=         0 nbytes_B=         4 cuda_free_MiB=  48063 rss_MiB=    380
MEMLEDGER event=per_tensor_regular   name=transformer_layers_5_self_attn_in_proj_weight.n_groups       type=i32        payload_B=         4 alloc_B=         0 nbytes_B=         4 cuda_free_MiB=  48063 rss_MiB=    380
MEMLEDGER event=per_tensor_regular   name=transformer_layers_5_self_attn_in_proj_weight.rows           type=i32        payload_B=         4 alloc_B=         0 nbytes_B=         4 cuda_free_MiB=  48063 rss_MiB=    380
MEMLEDGER event=per_tensor_regular   name=transformer_layers_5_self_attn_in_proj_weight.cols           type=i32        payload_B=         4 alloc_B=         0 nbytes_B=         4 cuda_free_MiB=  48063 rss_MiB=    380
MEMLEDGER event=per_tensor_regular   name=transformer_layers_5_self_attn_in_proj_weight.packing_version type=i32        payload_B=         4 alloc_B=         0 nbytes_B=         4 cuda_free_MiB=  48063 rss_MiB=    380
MEMLEDGER event=bmo_subcomponent_skipped name=transformer_layers_5_gating_linear_in_weight.packed_weights  type=-          payload_B=  36443136 alloc_B=         0 nbytes_B=         0 cuda_free_MiB=  48063 rss_MiB=    380
MEMLEDGER event=bmo_subcomponent_skipped name=transformer_layers_5_gating_linear_in_weight.tile_tiers      type=-          payload_B=     22528 alloc_B=         0 nbytes_B=         0 cuda_free_MiB=  48063 rss_MiB=    380
MEMLEDGER event=per_tensor_regular   name=transformer_layers_5_gating_linear_in_weight.n_tiles         type=i32        payload_B=        16 alloc_B=         0 nbytes_B=        16 cuda_free_MiB=  48063 rss_MiB=    380
MEMLEDGER event=per_tensor_regular   name=transformer_layers_5_gating_linear_in_weight.tier_offsets    type=i32        payload_B=        20 alloc_B=         0 nbytes_B=        20 cuda_free_MiB=  48063 rss_MiB=    380
MEMLEDGER event=per_tensor_regular   name=transformer_layers_5_gating_linear_in_weight.rows            type=i32        payload_B=         4 alloc_B=         0 nbytes_B=         4 cuda_free_MiB=  48063 rss_MiB=    380
MEMLEDGER event=per_tensor_regular   name=transformer_layers_5_gating_linear_in_weight.cols            type=i32        payload_B=         4 alloc_B=         0 nbytes_B=         4 cuda_free_MiB=  48063 rss_MiB=    380
MEMLEDGER event=per_tensor_regular   name=transformer_layers_5_gating_linear_in_weight.packing_version type=i32        payload_B=         4 alloc_B=         0 nbytes_B=         4 cuda_free_MiB=  48063 rss_MiB=    380
MEMLEDGER event=bmo_subcomponent_skipped name=transformer_layers_5_gating_linear_in_weight.outlier_indices type=-          payload_B=   1845492 alloc_B=         0 nbytes_B=         0 cuda_free_MiB=  48063 rss_MiB=    380
MEMLEDGER event=bmo_subcomponent_skipped name=transformer_layers_5_gating_linear_in_weight.outlier_values  type=-          payload_B=    922746 alloc_B=         0 nbytes_B=         0 cuda_free_MiB=  48063 rss_MiB=    380
MEMLEDGER event=per_tensor_regular   name=transformer_layers_5_gating_linear_in_weight.n_outliers      type=i32        payload_B=         4 alloc_B=         0 nbytes_B=         4 cuda_free_MiB=  48063 rss_MiB=    380
MEMLEDGER event=per_tensor_regular   name=transformer_layers_5_gating_linear_in_weight.scale_int8      type=f32        payload_B=         4 alloc_B=         0 nbytes_B=         4 cuda_free_MiB=  48063 rss_MiB=    380
MEMLEDGER event=per_tensor_regular   name=transformer_layers_5_gating_linear_in_weight.zp_int8         type=f32        payload_B=         4 alloc_B=         0 nbytes_B=         4 cuda_free_MiB=  48063 rss_MiB=    380
MEMLEDGER event=per_tensor_regular   name=transformer_layers_5_gating_linear_in_weight.scale_int4      type=f32        payload_B=         4 alloc_B=         0 nbytes_B=         4 cuda_free_MiB=  48063 rss_MiB=    380
MEMLEDGER event=per_tensor_regular   name=transformer_layers_5_gating_linear_in_weight.zp_int4         type=f32        payload_B=         4 alloc_B=         0 nbytes_B=         4 cuda_free_MiB=  48063 rss_MiB=    380
MEMLEDGER event=per_tensor_regular   name=transformer_layers_5_gating_linear_in_weight.scale_low       type=f32        payload_B=         4 alloc_B=         0 nbytes_B=         4 cuda_free_MiB=  48063 rss_MiB=    380
MEMLEDGER event=per_tensor_regular   name=transformer_layers_5_gating_linear_in_weight.zp_low          type=f32        payload_B=         4 alloc_B=         0 nbytes_B=         4 cuda_free_MiB=  48063 rss_MiB=    380
MEMLEDGER event=bmo_subcomponent_skipped name=transformer_layers_5_gating_linear_out_weight.packed_weights type=-          payload_B=  18221056 alloc_B=         0 nbytes_B=         0 cuda_free_MiB=  48063 rss_MiB=    380
MEMLEDGER event=bmo_subcomponent_skipped name=transformer_layers_5_gating_linear_out_weight.tile_tiers     type=-          payload_B=     11264 alloc_B=         0 nbytes_B=         0 cuda_free_MiB=  48063 rss_MiB=    380
MEMLEDGER event=per_tensor_regular   name=transformer_layers_5_gating_linear_out_weight.n_tiles        type=i32        payload_B=        16 alloc_B=         0 nbytes_B=        16 cuda_free_MiB=  48063 rss_MiB=    380
MEMLEDGER event=per_tensor_regular   name=transformer_layers_5_gating_linear_out_weight.tier_offsets   type=i32        payload_B=        20 alloc_B=         0 nbytes_B=        20 cuda_free_MiB=  48063 rss_MiB=    380
MEMLEDGER event=per_tensor_regular   name=transformer_layers_5_gating_linear_out_weight.rows           type=i32        payload_B=         4 alloc_B=         0 nbytes_B=         4 cuda_free_MiB=  48063 rss_MiB=    380
MEMLEDGER event=per_tensor_regular   name=transformer_layers_5_gating_linear_out_weight.cols           type=i32        payload_B=         4 alloc_B=         0 nbytes_B=         4 cuda_free_MiB=  48063 rss_MiB=    380
MEMLEDGER event=per_tensor_regular   name=transformer_layers_5_gating_linear_out_weight.packing_version type=i32        payload_B=         4 alloc_B=         0 nbytes_B=         4 cuda_free_MiB=  48063 rss_MiB=    380
MEMLEDGER event=bmo_subcomponent_skipped name=transformer_layers_5_gating_linear_out_weight.outlier_indices type=-          payload_B=    922748 alloc_B=         0 nbytes_B=         0 cuda_free_MiB=  48063 rss_MiB=    380
MEMLEDGER event=bmo_subcomponent_skipped name=transformer_layers_5_gating_linear_out_weight.outlier_values type=-          payload_B=    461374 alloc_B=         0 nbytes_B=         0 cuda_free_MiB=  48063 rss_MiB=    380
MEMLEDGER event=per_tensor_regular   name=transformer_layers_5_gating_linear_out_weight.n_outliers     type=i32        payload_B=         4 alloc_B=         0 nbytes_B=         4 cuda_free_MiB=  48063 rss_MiB=    380
MEMLEDGER event=per_tensor_regular   name=transformer_layers_5_gating_linear_out_weight.scale_int8     type=f32        payload_B=         4 alloc_B=         0 nbytes_B=         4 cuda_free_MiB=  48063 rss_MiB=    380
MEMLEDGER event=per_tensor_regular   name=transformer_layers_5_gating_linear_out_weight.zp_int8        type=f32        payload_B=         4 alloc_B=         0 nbytes_B=         4 cuda_free_MiB=  48063 rss_MiB=    380
MEMLEDGER event=per_tensor_regular   name=transformer_layers_5_gating_linear_out_weight.scale_int4     type=f32        payload_B=         4 alloc_B=         0 nbytes_B=         4 cuda_free_MiB=  48063 rss_MiB=    380
MEMLEDGER event=per_tensor_regular   name=transformer_layers_5_gating_linear_out_weight.zp_int4        type=f32        payload_B=         4 alloc_B=         0 nbytes_B=         4 cuda_free_MiB=  48063 rss_MiB=    380
MEMLEDGER event=per_tensor_regular   name=transformer_layers_5_gating_linear_out_weight.scale_low      type=f32        payload_B=         4 alloc_B=         0 nbytes_B=         4 cuda_free_MiB=  48063 rss_MiB=    380
MEMLEDGER event=per_tensor_regular   name=transformer_layers_5_gating_linear_out_weight.zp_low         type=f32        payload_B=         4 alloc_B=         0 nbytes_B=         4 cuda_free_MiB=  48063 rss_MiB=    380
MEMLEDGER event=per_tensor_regular   name=transformer_layers_6_self_attn_in_proj_weight.packed_weights type=i8         payload_B=  25165824 alloc_B=         0 nbytes_B=  25165824 cuda_free_MiB=  48063 rss_MiB=    380
MEMLEDGER event=per_tensor_regular   name=transformer_layers_6_self_attn_in_proj_weight.scales         type=f32        payload_B=   1572864 alloc_B=         0 nbytes_B=   1572864 cuda_free_MiB=  48063 rss_MiB=    380
MEMLEDGER event=per_tensor_regular   name=transformer_layers_6_self_attn_in_proj_weight.zeros          type=f32        payload_B=   1572864 alloc_B=         0 nbytes_B=   1572864 cuda_free_MiB=  48063 rss_MiB=    380
MEMLEDGER event=per_tensor_regular   name=transformer_layers_6_self_attn_in_proj_weight.group_size     type=i32        payload_B=         4 alloc_B=         0 nbytes_B=         4 cuda_free_MiB=  48063 rss_MiB=    380
MEMLEDGER event=per_tensor_regular   name=transformer_layers_6_self_attn_in_proj_weight.n_groups       type=i32        payload_B=         4 alloc_B=         0 nbytes_B=         4 cuda_free_MiB=  48063 rss_MiB=    380
MEMLEDGER event=per_tensor_regular   name=transformer_layers_6_self_attn_in_proj_weight.rows           type=i32        payload_B=         4 alloc_B=         0 nbytes_B=         4 cuda_free_MiB=  48063 rss_MiB=    380
MEMLEDGER event=per_tensor_regular   name=transformer_layers_6_self_attn_in_proj_weight.cols           type=i32        payload_B=         4 alloc_B=         0 nbytes_B=         4 cuda_free_MiB=  48063 rss_MiB=    380
MEMLEDGER event=per_tensor_regular   name=transformer_layers_6_self_attn_in_proj_weight.packing_version type=i32        payload_B=         4 alloc_B=         0 nbytes_B=         4 cuda_free_MiB=  48063 rss_MiB=    380
MEMLEDGER event=bmo_subcomponent_skipped name=transformer_layers_6_gating_linear_in_weight.packed_weights  type=-          payload_B=  36443136 alloc_B=         0 nbytes_B=         0 cuda_free_MiB=  48063 rss_MiB=    380
MEMLEDGER event=bmo_subcomponent_skipped name=transformer_layers_6_gating_linear_in_weight.tile_tiers      type=-          payload_B=     22528 alloc_B=         0 nbytes_B=         0 cuda_free_MiB=  48063 rss_MiB=    380
MEMLEDGER event=per_tensor_regular   name=transformer_layers_6_gating_linear_in_weight.n_tiles         type=i32        payload_B=        16 alloc_B=         0 nbytes_B=        16 cuda_free_MiB=  48063 rss_MiB=    380
MEMLEDGER event=per_tensor_regular   name=transformer_layers_6_gating_linear_in_weight.tier_offsets    type=i32        payload_B=        20 alloc_B=         0 nbytes_B=        20 cuda_free_MiB=  48063 rss_MiB=    380
MEMLEDGER event=per_tensor_regular   name=transformer_layers_6_gating_linear_in_weight.rows            type=i32        payload_B=         4 alloc_B=         0 nbytes_B=         4 cuda_free_MiB=  48063 rss_MiB=    380
MEMLEDGER event=per_tensor_regular   name=transformer_layers_6_gating_linear_in_weight.cols            type=i32        payload_B=         4 alloc_B=         0 nbytes_B=         4 cuda_free_MiB=  48063 rss_MiB=    380
MEMLEDGER event=per_tensor_regular   name=transformer_layers_6_gating_linear_in_weight.packing_version type=i32        payload_B=         4 alloc_B=         0 nbytes_B=         4 cuda_free_MiB=  48063 rss_MiB=    380
MEMLEDGER event=bmo_subcomponent_skipped name=transformer_layers_6_gating_linear_in_weight.outlier_indices type=-          payload_B=   1845492 alloc_B=         0 nbytes_B=         0 cuda_free_MiB=  48063 rss_MiB=    380
MEMLEDGER event=bmo_subcomponent_skipped name=transformer_layers_6_gating_linear_in_weight.outlier_values  type=-          payload_B=    922746 alloc_B=         0 nbytes_B=         0 cuda_free_MiB=  48063 rss_MiB=    380
MEMLEDGER event=per_tensor_regular   name=transformer_layers_6_gating_linear_in_weight.n_outliers      type=i32        payload_B=         4 alloc_B=         0 nbytes_B=         4 cuda_free_MiB=  48063 rss_MiB=    380
MEMLEDGER event=per_tensor_regular   name=transformer_layers_6_gating_linear_in_weight.scale_int8      type=f32        payload_B=         4 alloc_B=         0 nbytes_B=         4 cuda_free_MiB=  48063 rss_MiB=    380
MEMLEDGER event=per_tensor_regular   name=transformer_layers_6_gating_linear_in_weight.zp_int8         type=f32        payload_B=         4 alloc_B=         0 nbytes_B=         4 cuda_free_MiB=  48063 rss_MiB=    380
MEMLEDGER event=per_tensor_regular   name=transformer_layers_6_gating_linear_in_weight.scale_int4      type=f32        payload_B=         4 alloc_B=         0 nbytes_B=         4 cuda_free_MiB=  48063 rss_MiB=    380
MEMLEDGER event=per_tensor_regular   name=transformer_layers_6_gating_linear_in_weight.zp_int4         type=f32        payload_B=         4 alloc_B=         0 nbytes_B=         4 cuda_free_MiB=  48063 rss_MiB=    380
MEMLEDGER event=per_tensor_regular   name=transformer_layers_6_gating_linear_in_weight.scale_low       type=f32        payload_B=         4 alloc_B=         0 nbytes_B=         4 cuda_free_MiB=  48063 rss_MiB=    380
MEMLEDGER event=per_tensor_regular   name=transformer_layers_6_gating_linear_in_weight.zp_low          type=f32        payload_B=         4 alloc_B=         0 nbytes_B=         4 cuda_free_MiB=  48063 rss_MiB=    380
MEMLEDGER event=bmo_subcomponent_skipped name=transformer_layers_6_gating_linear_out_weight.packed_weights type=-          payload_B=  18221056 alloc_B=         0 nbytes_B=         0 cuda_free_MiB=  48063 rss_MiB=    380
MEMLEDGER event=bmo_subcomponent_skipped name=transformer_layers_6_gating_linear_out_weight.tile_tiers     type=-          payload_B=     11264 alloc_B=         0 nbytes_B=         0 cuda_free_MiB=  48063 rss_MiB=    380
MEMLEDGER event=per_tensor_regular   name=transformer_layers_6_gating_linear_out_weight.n_tiles        type=i32        payload_B=        16 alloc_B=         0 nbytes_B=        16 cuda_free_MiB=  48063 rss_MiB=    380
MEMLEDGER event=per_tensor_regular   name=transformer_layers_6_gating_linear_out_weight.tier_offsets   type=i32        payload_B=        20 alloc_B=         0 nbytes_B=        20 cuda_free_MiB=  48063 rss_MiB=    380
MEMLEDGER event=per_tensor_regular   name=transformer_layers_6_gating_linear_out_weight.rows           type=i32        payload_B=         4 alloc_B=         0 nbytes_B=         4 cuda_free_MiB=  48063 rss_MiB=    380
MEMLEDGER event=per_tensor_regular   name=transformer_layers_6_gating_linear_out_weight.cols           type=i32        payload_B=         4 alloc_B=         0 nbytes_B=         4 cuda_free_MiB=  48063 rss_MiB=    380
MEMLEDGER event=per_tensor_regular   name=transformer_layers_6_gating_linear_out_weight.packing_version type=i32        payload_B=         4 alloc_B=         0 nbytes_B=         4 cuda_free_MiB=  48063 rss_MiB=    380
MEMLEDGER event=bmo_subcomponent_skipped name=transformer_layers_6_gating_linear_out_weight.outlier_indices type=-          payload_B=    922748 alloc_B=         0 nbytes_B=         0 cuda_free_MiB=  48063 rss_MiB=    380
MEMLEDGER event=bmo_subcomponent_skipped name=transformer_layers_6_gating_linear_out_weight.outlier_values type=-          payload_B=    461374 alloc_B=         0 nbytes_B=         0 cuda_free_MiB=  48063 rss_MiB=    380
MEMLEDGER event=per_tensor_regular   name=transformer_layers_6_gating_linear_out_weight.n_outliers     type=i32        payload_B=         4 alloc_B=         0 nbytes_B=         4 cuda_free_MiB=  48063 rss_MiB=    380
MEMLEDGER event=per_tensor_regular   name=transformer_layers_6_gating_linear_out_weight.scale_int8     type=f32        payload_B=         4 alloc_B=         0 nbytes_B=         4 cuda_free_MiB=  48063 rss_MiB=    380
MEMLEDGER event=per_tensor_regular   name=transformer_layers_6_gating_linear_out_weight.zp_int8        type=f32        payload_B=         4 alloc_B=         0 nbytes_B=         4 cuda_free_MiB=  48063 rss_MiB=    380
MEMLEDGER event=per_tensor_regular   name=transformer_layers_6_gating_linear_out_weight.scale_int4     type=f32        payload_B=         4 alloc_B=         0 nbytes_B=         4 cuda_free_MiB=  48063 rss_MiB=    380
MEMLEDGER event=per_tensor_regular   name=transformer_layers_6_gating_linear_out_weight.zp_int4        type=f32        payload_B=         4 alloc_B=         0 nbytes_B=         4 cuda_free_MiB=  48063 rss_MiB=    380
MEMLEDGER event=per_tensor_regular   name=transformer_layers_6_gating_linear_out_weight.scale_low      type=f32        payload_B=         4 alloc_B=         0 nbytes_B=         4 cuda_free_MiB=  48063 rss_MiB=    380
MEMLEDGER event=per_tensor_regular   name=transformer_layers_6_gating_linear_out_weight.zp_low         type=f32        payload_B=         4 alloc_B=         0 nbytes_B=         4 cuda_free_MiB=  48063 rss_MiB=    380
MEMLEDGER event=per_tensor_regular   name=transformer_layers_7_self_attn_in_proj_weight.packed_weights type=i8         payload_B=  25165824 alloc_B=         0 nbytes_B=  25165824 cuda_free_MiB=  48063 rss_MiB=    380
MEMLEDGER event=per_tensor_regular   name=transformer_layers_7_self_attn_in_proj_weight.scales         type=f32        payload_B=   1572864 alloc_B=         0 nbytes_B=   1572864 cuda_free_MiB=  48063 rss_MiB=    380
MEMLEDGER event=per_tensor_regular   name=transformer_layers_7_self_attn_in_proj_weight.zeros          type=f32        payload_B=   1572864 alloc_B=         0 nbytes_B=   1572864 cuda_free_MiB=  48063 rss_MiB=    380
MEMLEDGER event=per_tensor_regular   name=transformer_layers_7_self_attn_in_proj_weight.group_size     type=i32        payload_B=         4 alloc_B=         0 nbytes_B=         4 cuda_free_MiB=  48063 rss_MiB=    380
MEMLEDGER event=per_tensor_regular   name=transformer_layers_7_self_attn_in_proj_weight.n_groups       type=i32        payload_B=         4 alloc_B=         0 nbytes_B=         4 cuda_free_MiB=  48063 rss_MiB=    380
MEMLEDGER event=per_tensor_regular   name=transformer_layers_7_self_attn_in_proj_weight.rows           type=i32        payload_B=         4 alloc_B=         0 nbytes_B=         4 cuda_free_MiB=  48063 rss_MiB=    380
MEMLEDGER event=per_tensor_regular   name=transformer_layers_7_self_attn_in_proj_weight.cols           type=i32        payload_B=         4 alloc_B=         0 nbytes_B=         4 cuda_free_MiB=  48063 rss_MiB=    380
MEMLEDGER event=per_tensor_regular   name=transformer_layers_7_self_attn_in_proj_weight.packing_version type=i32        payload_B=         4 alloc_B=         0 nbytes_B=         4 cuda_free_MiB=  48063 rss_MiB=    380
MEMLEDGER event=bmo_subcomponent_skipped name=transformer_layers_7_gating_linear_in_weight.packed_weights  type=-          payload_B=  36443136 alloc_B=         0 nbytes_B=         0 cuda_free_MiB=  48063 rss_MiB=    380
MEMLEDGER event=bmo_subcomponent_skipped name=transformer_layers_7_gating_linear_in_weight.tile_tiers      type=-          payload_B=     22528 alloc_B=         0 nbytes_B=         0 cuda_free_MiB=  48063 rss_MiB=    380
MEMLEDGER event=per_tensor_regular   name=transformer_layers_7_gating_linear_in_weight.n_tiles         type=i32        payload_B=        16 alloc_B=         0 nbytes_B=        16 cuda_free_MiB=  48063 rss_MiB=    380
MEMLEDGER event=per_tensor_regular   name=transformer_layers_7_gating_linear_in_weight.tier_offsets    type=i32        payload_B=        20 alloc_B=         0 nbytes_B=        20 cuda_free_MiB=  48063 rss_MiB=    380
MEMLEDGER event=per_tensor_regular   name=transformer_layers_7_gating_linear_in_weight.rows            type=i32        payload_B=         4 alloc_B=         0 nbytes_B=         4 cuda_free_MiB=  48063 rss_MiB=    380
MEMLEDGER event=per_tensor_regular   name=transformer_layers_7_gating_linear_in_weight.cols            type=i32        payload_B=         4 alloc_B=         0 nbytes_B=         4 cuda_free_MiB=  48063 rss_MiB=    380
MEMLEDGER event=per_tensor_regular   name=transformer_layers_7_gating_linear_in_weight.packing_version type=i32        payload_B=         4 alloc_B=         0 nbytes_B=         4 cuda_free_MiB=  48063 rss_MiB=    380
MEMLEDGER event=bmo_subcomponent_skipped name=transformer_layers_7_gating_linear_in_weight.outlier_indices type=-          payload_B=   1845492 alloc_B=         0 nbytes_B=         0 cuda_free_MiB=  48063 rss_MiB=    380
MEMLEDGER event=bmo_subcomponent_skipped name=transformer_layers_7_gating_linear_in_weight.outlier_values  type=-          payload_B=    922746 alloc_B=         0 nbytes_B=         0 cuda_free_MiB=  48063 rss_MiB=    380
MEMLEDGER event=per_tensor_regular   name=transformer_layers_7_gating_linear_in_weight.n_outliers      type=i32        payload_B=         4 alloc_B=         0 nbytes_B=         4 cuda_free_MiB=  48063 rss_MiB=    380
MEMLEDGER event=per_tensor_regular   name=transformer_layers_7_gating_linear_in_weight.scale_int8      type=f32        payload_B=         4 alloc_B=         0 nbytes_B=         4 cuda_free_MiB=  48063 rss_MiB=    380
MEMLEDGER event=per_tensor_regular   name=transformer_layers_7_gating_linear_in_weight.zp_int8         type=f32        payload_B=         4 alloc_B=         0 nbytes_B=         4 cuda_free_MiB=  48063 rss_MiB=    380
MEMLEDGER event=per_tensor_regular   name=transformer_layers_7_gating_linear_in_weight.scale_int4      type=f32        payload_B=         4 alloc_B=         0 nbytes_B=         4 cuda_free_MiB=  48063 rss_MiB=    380
MEMLEDGER event=per_tensor_regular   name=transformer_layers_7_gating_linear_in_weight.zp_int4         type=f32        payload_B=         4 alloc_B=         0 nbytes_B=         4 cuda_free_MiB=  48063 rss_MiB=    380
MEMLEDGER event=per_tensor_regular   name=transformer_layers_7_gating_linear_in_weight.scale_low       type=f32        payload_B=         4 alloc_B=         0 nbytes_B=         4 cuda_free_MiB=  48063 rss_MiB=    380
MEMLEDGER event=per_tensor_regular   name=transformer_layers_7_gating_linear_in_weight.zp_low          type=f32        payload_B=         4 alloc_B=         0 nbytes_B=         4 cuda_free_MiB=  48063 rss_MiB=    380
MEMLEDGER event=bmo_subcomponent_skipped name=transformer_layers_7_gating_linear_out_weight.packed_weights type=-          payload_B=  18221056 alloc_B=         0 nbytes_B=         0 cuda_free_MiB=  48063 rss_MiB=    380
MEMLEDGER event=bmo_subcomponent_skipped name=transformer_layers_7_gating_linear_out_weight.tile_tiers     type=-          payload_B=     11264 alloc_B=         0 nbytes_B=         0 cuda_free_MiB=  48063 rss_MiB=    380
MEMLEDGER event=per_tensor_regular   name=transformer_layers_7_gating_linear_out_weight.n_tiles        type=i32        payload_B=        16 alloc_B=         0 nbytes_B=        16 cuda_free_MiB=  48063 rss_MiB=    380
MEMLEDGER event=per_tensor_regular   name=transformer_layers_7_gating_linear_out_weight.tier_offsets   type=i32        payload_B=        20 alloc_B=         0 nbytes_B=        20 cuda_free_MiB=  48063 rss_MiB=    380
MEMLEDGER event=per_tensor_regular   name=transformer_layers_7_gating_linear_out_weight.rows           type=i32        payload_B=         4 alloc_B=         0 nbytes_B=         4 cuda_free_MiB=  48063 rss_MiB=    380
MEMLEDGER event=per_tensor_regular   name=transformer_layers_7_gating_linear_out_weight.cols           type=i32        payload_B=         4 alloc_B=         0 nbytes_B=         4 cuda_free_MiB=  48063 rss_MiB=    380
MEMLEDGER event=per_tensor_regular   name=transformer_layers_7_gating_linear_out_weight.packing_version type=i32        payload_B=         4 alloc_B=         0 nbytes_B=         4 cuda_free_MiB=  48063 rss_MiB=    380
MEMLEDGER event=bmo_subcomponent_skipped name=transformer_layers_7_gating_linear_out_weight.outlier_indices type=-          payload_B=    922748 alloc_B=         0 nbytes_B=         0 cuda_free_MiB=  48063 rss_MiB=    380
MEMLEDGER event=bmo_subcomponent_skipped name=transformer_layers_7_gating_linear_out_weight.outlier_values type=-          payload_B=    461374 alloc_B=         0 nbytes_B=         0 cuda_free_MiB=  48063 rss_MiB=    380
MEMLEDGER event=per_tensor_regular   name=transformer_layers_7_gating_linear_out_weight.n_outliers     type=i32        payload_B=         4 alloc_B=         0 nbytes_B=         4 cuda_free_MiB=  48063 rss_MiB=    380
MEMLEDGER event=per_tensor_regular   name=transformer_layers_7_gating_linear_out_weight.scale_int8     type=f32        payload_B=         4 alloc_B=         0 nbytes_B=         4 cuda_free_MiB=  48063 rss_MiB=    380
MEMLEDGER event=per_tensor_regular   name=transformer_layers_7_gating_linear_out_weight.zp_int8        type=f32        payload_B=         4 alloc_B=         0 nbytes_B=         4 cuda_free_MiB=  48063 rss_MiB=    380
MEMLEDGER event=per_tensor_regular   name=transformer_layers_7_gating_linear_out_weight.scale_int4     type=f32        payload_B=         4 alloc_B=         0 nbytes_B=         4 cuda_free_MiB=  48063 rss_MiB=    380
MEMLEDGER event=per_tensor_regular   name=transformer_layers_7_gating_linear_out_weight.zp_int4        type=f32        payload_B=         4 alloc_B=         0 nbytes_B=         4 cuda_free_MiB=  48063 rss_MiB=    380
MEMLEDGER event=per_tensor_regular   name=transformer_layers_7_gating_linear_out_weight.scale_low      type=f32        payload_B=         4 alloc_B=         0 nbytes_B=         4 cuda_free_MiB=  48063 rss_MiB=    380
MEMLEDGER event=per_tensor_regular   name=transformer_layers_7_gating_linear_out_weight.zp_low         type=f32        payload_B=         4 alloc_B=         0 nbytes_B=         4 cuda_free_MiB=  48063 rss_MiB=    380
MEMLEDGER event=per_tensor_regular   name=transformer_layers_8_self_attn_in_proj_weight.packed_weights type=i8         payload_B=  25165824 alloc_B=         0 nbytes_B=  25165824 cuda_free_MiB=  48063 rss_MiB=    380
MEMLEDGER event=per_tensor_regular   name=transformer_layers_8_self_attn_in_proj_weight.scales         type=f32        payload_B=   1572864 alloc_B=         0 nbytes_B=   1572864 cuda_free_MiB=  48063 rss_MiB=    380
MEMLEDGER event=per_tensor_regular   name=transformer_layers_8_self_attn_in_proj_weight.zeros          type=f32        payload_B=   1572864 alloc_B=         0 nbytes_B=   1572864 cuda_free_MiB=  48063 rss_MiB=    380
MEMLEDGER event=per_tensor_regular   name=transformer_layers_8_self_attn_in_proj_weight.group_size     type=i32        payload_B=         4 alloc_B=         0 nbytes_B=         4 cuda_free_MiB=  48063 rss_MiB=    380
MEMLEDGER event=per_tensor_regular   name=transformer_layers_8_self_attn_in_proj_weight.n_groups       type=i32        payload_B=         4 alloc_B=         0 nbytes_B=         4 cuda_free_MiB=  48063 rss_MiB=    380
MEMLEDGER event=per_tensor_regular   name=transformer_layers_8_self_attn_in_proj_weight.rows           type=i32        payload_B=         4 alloc_B=         0 nbytes_B=         4 cuda_free_MiB=  48063 rss_MiB=    380
MEMLEDGER event=per_tensor_regular   name=transformer_layers_8_self_attn_in_proj_weight.cols           type=i32        payload_B=         4 alloc_B=         0 nbytes_B=         4 cuda_free_MiB=  48063 rss_MiB=    380
MEMLEDGER event=per_tensor_regular   name=transformer_layers_8_self_attn_in_proj_weight.packing_version type=i32        payload_B=         4 alloc_B=         0 nbytes_B=         4 cuda_free_MiB=  48063 rss_MiB=    380
MEMLEDGER event=bmo_subcomponent_skipped name=transformer_layers_8_gating_linear_in_weight.packed_weights  type=-          payload_B=  36443136 alloc_B=         0 nbytes_B=         0 cuda_free_MiB=  48063 rss_MiB=    380
MEMLEDGER event=bmo_subcomponent_skipped name=transformer_layers_8_gating_linear_in_weight.tile_tiers      type=-          payload_B=     22528 alloc_B=         0 nbytes_B=         0 cuda_free_MiB=  48063 rss_MiB=    380
MEMLEDGER event=per_tensor_regular   name=transformer_layers_8_gating_linear_in_weight.n_tiles         type=i32        payload_B=        16 alloc_B=         0 nbytes_B=        16 cuda_free_MiB=  48063 rss_MiB=    380
MEMLEDGER event=per_tensor_regular   name=transformer_layers_8_gating_linear_in_weight.tier_offsets    type=i32        payload_B=        20 alloc_B=         0 nbytes_B=        20 cuda_free_MiB=  48063 rss_MiB=    380
MEMLEDGER event=per_tensor_regular   name=transformer_layers_8_gating_linear_in_weight.rows            type=i32        payload_B=         4 alloc_B=         0 nbytes_B=         4 cuda_free_MiB=  48063 rss_MiB=    380
MEMLEDGER event=per_tensor_regular   name=transformer_layers_8_gating_linear_in_weight.cols            type=i32        payload_B=         4 alloc_B=         0 nbytes_B=         4 cuda_free_MiB=  48063 rss_MiB=    380
MEMLEDGER event=per_tensor_regular   name=transformer_layers_8_gating_linear_in_weight.packing_version type=i32        payload_B=         4 alloc_B=         0 nbytes_B=         4 cuda_free_MiB=  48063 rss_MiB=    380
MEMLEDGER event=bmo_subcomponent_skipped name=transformer_layers_8_gating_linear_in_weight.outlier_indices type=-          payload_B=   1845492 alloc_B=         0 nbytes_B=         0 cuda_free_MiB=  48063 rss_MiB=    380
MEMLEDGER event=bmo_subcomponent_skipped name=transformer_layers_8_gating_linear_in_weight.outlier_values  type=-          payload_B=    922746 alloc_B=         0 nbytes_B=         0 cuda_free_MiB=  48063 rss_MiB=    380
MEMLEDGER event=per_tensor_regular   name=transformer_layers_8_gating_linear_in_weight.n_outliers      type=i32        payload_B=         4 alloc_B=         0 nbytes_B=         4 cuda_free_MiB=  48063 rss_MiB=    380
MEMLEDGER event=per_tensor_regular   name=transformer_layers_8_gating_linear_in_weight.scale_int8      type=f32        payload_B=         4 alloc_B=         0 nbytes_B=         4 cuda_free_MiB=  48063 rss_MiB=    380
MEMLEDGER event=per_tensor_regular   name=transformer_layers_8_gating_linear_in_weight.zp_int8         type=f32        payload_B=         4 alloc_B=         0 nbytes_B=         4 cuda_free_MiB=  48063 rss_MiB=    380
MEMLEDGER event=per_tensor_regular   name=transformer_layers_8_gating_linear_in_weight.scale_int4      type=f32        payload_B=         4 alloc_B=         0 nbytes_B=         4 cuda_free_MiB=  48063 rss_MiB=    380
MEMLEDGER event=per_tensor_regular   name=transformer_layers_8_gating_linear_in_weight.zp_int4         type=f32        payload_B=         4 alloc_B=         0 nbytes_B=         4 cuda_free_MiB=  48063 rss_MiB=    380
MEMLEDGER event=per_tensor_regular   name=transformer_layers_8_gating_linear_in_weight.scale_low       type=f32        payload_B=         4 alloc_B=         0 nbytes_B=         4 cuda_free_MiB=  48063 rss_MiB=    380
MEMLEDGER event=per_tensor_regular   name=transformer_layers_8_gating_linear_in_weight.zp_low          type=f32        payload_B=         4 alloc_B=         0 nbytes_B=         4 cuda_free_MiB=  48063 rss_MiB=    380
MEMLEDGER event=bmo_subcomponent_skipped name=transformer_layers_8_gating_linear_out_weight.packed_weights type=-          payload_B=  18221056 alloc_B=         0 nbytes_B=         0 cuda_free_MiB=  48063 rss_MiB=    380
MEMLEDGER event=bmo_subcomponent_skipped name=transformer_layers_8_gating_linear_out_weight.tile_tiers     type=-          payload_B=     11264 alloc_B=         0 nbytes_B=         0 cuda_free_MiB=  48063 rss_MiB=    380
MEMLEDGER event=per_tensor_regular   name=transformer_layers_8_gating_linear_out_weight.n_tiles        type=i32        payload_B=        16 alloc_B=         0 nbytes_B=        16 cuda_free_MiB=  48063 rss_MiB=    380
MEMLEDGER event=per_tensor_regular   name=transformer_layers_8_gating_linear_out_weight.tier_offsets   type=i32        payload_B=        20 alloc_B=         0 nbytes_B=        20 cuda_free_MiB=  48063 rss_MiB=    380
MEMLEDGER event=per_tensor_regular   name=transformer_layers_8_gating_linear_out_weight.rows           type=i32        payload_B=         4 alloc_B=         0 nbytes_B=         4 cuda_free_MiB=  48063 rss_MiB=    380
MEMLEDGER event=per_tensor_regular   name=transformer_layers_8_gating_linear_out_weight.cols           type=i32        payload_B=         4 alloc_B=         0 nbytes_B=         4 cuda_free_MiB=  48063 rss_MiB=    380
MEMLEDGER event=per_tensor_regular   name=transformer_layers_8_gating_linear_out_weight.packing_version type=i32        payload_B=         4 alloc_B=         0 nbytes_B=         4 cuda_free_MiB=  48063 rss_MiB=    380
MEMLEDGER event=bmo_subcomponent_skipped name=transformer_layers_8_gating_linear_out_weight.outlier_indices type=-          payload_B=    922748 alloc_B=         0 nbytes_B=         0 cuda_free_MiB=  48063 rss_MiB=    380
MEMLEDGER event=bmo_subcomponent_skipped name=transformer_layers_8_gating_linear_out_weight.outlier_values type=-          payload_B=    461374 alloc_B=         0 nbytes_B=         0 cuda_free_MiB=  48063 rss_MiB=    380
MEMLEDGER event=per_tensor_regular   name=transformer_layers_8_gating_linear_out_weight.n_outliers     type=i32        payload_B=         4 alloc_B=         0 nbytes_B=         4 cuda_free_MiB=  48063 rss_MiB=    380
MEMLEDGER event=per_tensor_regular   name=transformer_layers_8_gating_linear_out_weight.scale_int8     type=f32        payload_B=         4 alloc_B=         0 nbytes_B=         4 cuda_free_MiB=  48063 rss_MiB=    380
MEMLEDGER event=per_tensor_regular   name=transformer_layers_8_gating_linear_out_weight.zp_int8        type=f32        payload_B=         4 alloc_B=         0 nbytes_B=         4 cuda_free_MiB=  48063 rss_MiB=    380
MEMLEDGER event=per_tensor_regular   name=transformer_layers_8_gating_linear_out_weight.scale_int4     type=f32        payload_B=         4 alloc_B=         0 nbytes_B=         4 cuda_free_MiB=  48063 rss_MiB=    380
MEMLEDGER event=per_tensor_regular   name=transformer_layers_8_gating_linear_out_weight.zp_int4        type=f32        payload_B=         4 alloc_B=         0 nbytes_B=         4 cuda_free_MiB=  48063 rss_MiB=    380
MEMLEDGER event=per_tensor_regular   name=transformer_layers_8_gating_linear_out_weight.scale_low      type=f32        payload_B=         4 alloc_B=         0 nbytes_B=         4 cuda_free_MiB=  48063 rss_MiB=    380
MEMLEDGER event=per_tensor_regular   name=transformer_layers_8_gating_linear_out_weight.zp_low         type=f32        payload_B=         4 alloc_B=         0 nbytes_B=         4 cuda_free_MiB=  48063 rss_MiB=    380
MEMLEDGER event=per_tensor_regular   name=transformer_layers_9_self_attn_in_proj_weight.packed_weights type=i8         payload_B=  25165824 alloc_B=         0 nbytes_B=  25165824 cuda_free_MiB=  48063 rss_MiB=    380
MEMLEDGER event=per_tensor_regular   name=transformer_layers_9_self_attn_in_proj_weight.scales         type=f32        payload_B=   1572864 alloc_B=         0 nbytes_B=   1572864 cuda_free_MiB=  48063 rss_MiB=    380
MEMLEDGER event=per_tensor_regular   name=transformer_layers_9_self_attn_in_proj_weight.zeros          type=f32        payload_B=   1572864 alloc_B=         0 nbytes_B=   1572864 cuda_free_MiB=  48063 rss_MiB=    380
MEMLEDGER event=per_tensor_regular   name=transformer_layers_9_self_attn_in_proj_weight.group_size     type=i32        payload_B=         4 alloc_B=         0 nbytes_B=         4 cuda_free_MiB=  48063 rss_MiB=    380
MEMLEDGER event=per_tensor_regular   name=transformer_layers_9_self_attn_in_proj_weight.n_groups       type=i32        payload_B=         4 alloc_B=         0 nbytes_B=         4 cuda_free_MiB=  48063 rss_MiB=    380
MEMLEDGER event=per_tensor_regular   name=transformer_layers_9_self_attn_in_proj_weight.rows           type=i32        payload_B=         4 alloc_B=         0 nbytes_B=         4 cuda_free_MiB=  48063 rss_MiB=    380
MEMLEDGER event=per_tensor_regular   name=transformer_layers_9_self_attn_in_proj_weight.cols           type=i32        payload_B=         4 alloc_B=         0 nbytes_B=         4 cuda_free_MiB=  48063 rss_MiB=    380
MEMLEDGER event=per_tensor_regular   name=transformer_layers_9_self_attn_in_proj_weight.packing_version type=i32        payload_B=         4 alloc_B=         0 nbytes_B=         4 cuda_free_MiB=  48063 rss_MiB=    380
MEMLEDGER event=bmo_subcomponent_skipped name=transformer_layers_9_gating_linear_in_weight.packed_weights  type=-          payload_B=  36443136 alloc_B=         0 nbytes_B=         0 cuda_free_MiB=  48063 rss_MiB=    380
MEMLEDGER event=bmo_subcomponent_skipped name=transformer_layers_9_gating_linear_in_weight.tile_tiers      type=-          payload_B=     22528 alloc_B=         0 nbytes_B=         0 cuda_free_MiB=  48063 rss_MiB=    380
MEMLEDGER event=per_tensor_regular   name=transformer_layers_9_gating_linear_in_weight.n_tiles         type=i32        payload_B=        16 alloc_B=         0 nbytes_B=        16 cuda_free_MiB=  48063 rss_MiB=    380
MEMLEDGER event=per_tensor_regular   name=transformer_layers_9_gating_linear_in_weight.tier_offsets    type=i32        payload_B=        20 alloc_B=         0 nbytes_B=        20 cuda_free_MiB=  48063 rss_MiB=    380
MEMLEDGER event=per_tensor_regular   name=transformer_layers_9_gating_linear_in_weight.rows            type=i32        payload_B=         4 alloc_B=         0 nbytes_B=         4 cuda_free_MiB=  48063 rss_MiB=    380
MEMLEDGER event=per_tensor_regular   name=transformer_layers_9_gating_linear_in_weight.cols            type=i32        payload_B=         4 alloc_B=         0 nbytes_B=         4 cuda_free_MiB=  48063 rss_MiB=    380
MEMLEDGER event=per_tensor_regular   name=transformer_layers_9_gating_linear_in_weight.packing_version type=i32        payload_B=         4 alloc_B=         0 nbytes_B=         4 cuda_free_MiB=  48063 rss_MiB=    380
MEMLEDGER event=bmo_subcomponent_skipped name=transformer_layers_9_gating_linear_in_weight.outlier_indices type=-          payload_B=   1845492 alloc_B=         0 nbytes_B=         0 cuda_free_MiB=  48063 rss_MiB=    380
MEMLEDGER event=bmo_subcomponent_skipped name=transformer_layers_9_gating_linear_in_weight.outlier_values  type=-          payload_B=    922746 alloc_B=         0 nbytes_B=         0 cuda_free_MiB=  48063 rss_MiB=    380
MEMLEDGER event=per_tensor_regular   name=transformer_layers_9_gating_linear_in_weight.n_outliers      type=i32        payload_B=         4 alloc_B=         0 nbytes_B=         4 cuda_free_MiB=  48063 rss_MiB=    380
MEMLEDGER event=per_tensor_regular   name=transformer_layers_9_gating_linear_in_weight.scale_int8      type=f32        payload_B=         4 alloc_B=         0 nbytes_B=         4 cuda_free_MiB=  48063 rss_MiB=    380
MEMLEDGER event=per_tensor_regular   name=transformer_layers_9_gating_linear_in_weight.zp_int8         type=f32        payload_B=         4 alloc_B=         0 nbytes_B=         4 cuda_free_MiB=  48063 rss_MiB=    380
MEMLEDGER event=per_tensor_regular   name=transformer_layers_9_gating_linear_in_weight.scale_int4      type=f32        payload_B=         4 alloc_B=         0 nbytes_B=         4 cuda_free_MiB=  48063 rss_MiB=    380
MEMLEDGER event=per_tensor_regular   name=transformer_layers_9_gating_linear_in_weight.zp_int4         type=f32        payload_B=         4 alloc_B=         0 nbytes_B=         4 cuda_free_MiB=  48063 rss_MiB=    380
MEMLEDGER event=per_tensor_regular   name=transformer_layers_9_gating_linear_in_weight.scale_low       type=f32        payload_B=         4 alloc_B=         0 nbytes_B=         4 cuda_free_MiB=  48063 rss_MiB=    380
MEMLEDGER event=per_tensor_regular   name=transformer_layers_9_gating_linear_in_weight.zp_low          type=f32        payload_B=         4 alloc_B=         0 nbytes_B=         4 cuda_free_MiB=  48063 rss_MiB=    380
MEMLEDGER event=bmo_subcomponent_skipped name=transformer_layers_9_gating_linear_out_weight.packed_weights type=-          payload_B=  18221056 alloc_B=         0 nbytes_B=         0 cuda_free_MiB=  48063 rss_MiB=    380
MEMLEDGER event=bmo_subcomponent_skipped name=transformer_layers_9_gating_linear_out_weight.tile_tiers     type=-          payload_B=     11264 alloc_B=         0 nbytes_B=         0 cuda_free_MiB=  48063 rss_MiB=    380
MEMLEDGER event=per_tensor_regular   name=transformer_layers_9_gating_linear_out_weight.n_tiles        type=i32        payload_B=        16 alloc_B=         0 nbytes_B=        16 cuda_free_MiB=  48063 rss_MiB=    380
MEMLEDGER event=per_tensor_regular   name=transformer_layers_9_gating_linear_out_weight.tier_offsets   type=i32        payload_B=        20 alloc_B=         0 nbytes_B=        20 cuda_free_MiB=  48063 rss_MiB=    380
MEMLEDGER event=per_tensor_regular   name=transformer_layers_9_gating_linear_out_weight.rows           type=i32        payload_B=         4 alloc_B=         0 nbytes_B=         4 cuda_free_MiB=  48063 rss_MiB=    380
MEMLEDGER event=per_tensor_regular   name=transformer_layers_9_gating_linear_out_weight.cols           type=i32        payload_B=         4 alloc_B=         0 nbytes_B=         4 cuda_free_MiB=  48063 rss_MiB=    380
MEMLEDGER event=per_tensor_regular   name=transformer_layers_9_gating_linear_out_weight.packing_version type=i32        payload_B=         4 alloc_B=         0 nbytes_B=         4 cuda_free_MiB=  48063 rss_MiB=    380
MEMLEDGER event=bmo_subcomponent_skipped name=transformer_layers_9_gating_linear_out_weight.outlier_indices type=-          payload_B=    922748 alloc_B=         0 nbytes_B=         0 cuda_free_MiB=  48063 rss_MiB=    380
MEMLEDGER event=bmo_subcomponent_skipped name=transformer_layers_9_gating_linear_out_weight.outlier_values type=-          payload_B=    461374 alloc_B=         0 nbytes_B=         0 cuda_free_MiB=  48063 rss_MiB=    380
MEMLEDGER event=per_tensor_regular   name=transformer_layers_9_gating_linear_out_weight.n_outliers     type=i32        payload_B=         4 alloc_B=         0 nbytes_B=         4 cuda_free_MiB=  48063 rss_MiB=    380
MEMLEDGER event=per_tensor_regular   name=transformer_layers_9_gating_linear_out_weight.scale_int8     type=f32        payload_B=         4 alloc_B=         0 nbytes_B=         4 cuda_free_MiB=  48063 rss_MiB=    380
MEMLEDGER event=per_tensor_regular   name=transformer_layers_9_gating_linear_out_weight.zp_int8        type=f32        payload_B=         4 alloc_B=         0 nbytes_B=         4 cuda_free_MiB=  48063 rss_MiB=    380
MEMLEDGER event=per_tensor_regular   name=transformer_layers_9_gating_linear_out_weight.scale_int4     type=f32        payload_B=         4 alloc_B=         0 nbytes_B=         4 cuda_free_MiB=  48063 rss_MiB=    380
MEMLEDGER event=per_tensor_regular   name=transformer_layers_9_gating_linear_out_weight.zp_int4        type=f32        payload_B=         4 alloc_B=         0 nbytes_B=         4 cuda_free_MiB=  48063 rss_MiB=    380
MEMLEDGER event=per_tensor_regular   name=transformer_layers_9_gating_linear_out_weight.scale_low      type=f32        payload_B=         4 alloc_B=         0 nbytes_B=         4 cuda_free_MiB=  48063 rss_MiB=    380
MEMLEDGER event=per_tensor_regular   name=transformer_layers_9_gating_linear_out_weight.zp_low         type=f32        payload_B=         4 alloc_B=         0 nbytes_B=         4 cuda_free_MiB=  48063 rss_MiB=    380
MEMLEDGER event=per_tensor_regular   name=transformer_layers_10_self_attn_in_proj_weight.packed_weights type=i8         payload_B=  25165824 alloc_B=         0 nbytes_B=  25165824 cuda_free_MiB=  48063 rss_MiB=    380
MEMLEDGER event=per_tensor_regular   name=transformer_layers_10_self_attn_in_proj_weight.scales        type=f32        payload_B=   1572864 alloc_B=         0 nbytes_B=   1572864 cuda_free_MiB=  48063 rss_MiB=    380
MEMLEDGER event=per_tensor_regular   name=transformer_layers_10_self_attn_in_proj_weight.zeros         type=f32        payload_B=   1572864 alloc_B=         0 nbytes_B=   1572864 cuda_free_MiB=  48063 rss_MiB=    380
MEMLEDGER event=per_tensor_regular   name=transformer_layers_10_self_attn_in_proj_weight.group_size    type=i32        payload_B=         4 alloc_B=         0 nbytes_B=         4 cuda_free_MiB=  48063 rss_MiB=    380
MEMLEDGER event=per_tensor_regular   name=transformer_layers_10_self_attn_in_proj_weight.n_groups      type=i32        payload_B=         4 alloc_B=         0 nbytes_B=         4 cuda_free_MiB=  48063 rss_MiB=    380
MEMLEDGER event=per_tensor_regular   name=transformer_layers_10_self_attn_in_proj_weight.rows          type=i32        payload_B=         4 alloc_B=         0 nbytes_B=         4 cuda_free_MiB=  48063 rss_MiB=    380
MEMLEDGER event=per_tensor_regular   name=transformer_layers_10_self_attn_in_proj_weight.cols          type=i32        payload_B=         4 alloc_B=         0 nbytes_B=         4 cuda_free_MiB=  48063 rss_MiB=    380
MEMLEDGER event=per_tensor_regular   name=transformer_layers_10_self_attn_in_proj_weight.packing_version type=i32        payload_B=         4 alloc_B=         0 nbytes_B=         4 cuda_free_MiB=  48063 rss_MiB=    380
MEMLEDGER event=bmo_subcomponent_skipped name=transformer_layers_10_gating_linear_in_weight.packed_weights type=-          payload_B=  36443136 alloc_B=         0 nbytes_B=         0 cuda_free_MiB=  48063 rss_MiB=    380
MEMLEDGER event=bmo_subcomponent_skipped name=transformer_layers_10_gating_linear_in_weight.tile_tiers     type=-          payload_B=     22528 alloc_B=         0 nbytes_B=         0 cuda_free_MiB=  48063 rss_MiB=    380
MEMLEDGER event=per_tensor_regular   name=transformer_layers_10_gating_linear_in_weight.n_tiles        type=i32        payload_B=        16 alloc_B=         0 nbytes_B=        16 cuda_free_MiB=  48063 rss_MiB=    380
MEMLEDGER event=per_tensor_regular   name=transformer_layers_10_gating_linear_in_weight.tier_offsets   type=i32        payload_B=        20 alloc_B=         0 nbytes_B=        20 cuda_free_MiB=  48063 rss_MiB=    380
MEMLEDGER event=per_tensor_regular   name=transformer_layers_10_gating_linear_in_weight.rows           type=i32        payload_B=         4 alloc_B=         0 nbytes_B=         4 cuda_free_MiB=  48063 rss_MiB=    380
MEMLEDGER event=per_tensor_regular   name=transformer_layers_10_gating_linear_in_weight.cols           type=i32        payload_B=         4 alloc_B=         0 nbytes_B=         4 cuda_free_MiB=  48063 rss_MiB=    380
MEMLEDGER event=per_tensor_regular   name=transformer_layers_10_gating_linear_in_weight.packing_version type=i32        payload_B=         4 alloc_B=         0 nbytes_B=         4 cuda_free_MiB=  48063 rss_MiB=    380
MEMLEDGER event=bmo_subcomponent_skipped name=transformer_layers_10_gating_linear_in_weight.outlier_indices type=-          payload_B=   1845492 alloc_B=         0 nbytes_B=         0 cuda_free_MiB=  48063 rss_MiB=    380
MEMLEDGER event=bmo_subcomponent_skipped name=transformer_layers_10_gating_linear_in_weight.outlier_values type=-          payload_B=    922746 alloc_B=         0 nbytes_B=         0 cuda_free_MiB=  48063 rss_MiB=    380
MEMLEDGER event=per_tensor_regular   name=transformer_layers_10_gating_linear_in_weight.n_outliers     type=i32        payload_B=         4 alloc_B=         0 nbytes_B=         4 cuda_free_MiB=  48063 rss_MiB=    380
MEMLEDGER event=per_tensor_regular   name=transformer_layers_10_gating_linear_in_weight.scale_int8     type=f32        payload_B=         4 alloc_B=         0 nbytes_B=         4 cuda_free_MiB=  48063 rss_MiB=    380
MEMLEDGER event=per_tensor_regular   name=transformer_layers_10_gating_linear_in_weight.zp_int8        type=f32        payload_B=         4 alloc_B=         0 nbytes_B=         4 cuda_free_MiB=  48063 rss_MiB=    380
MEMLEDGER event=per_tensor_regular   name=transformer_layers_10_gating_linear_in_weight.scale_int4     type=f32        payload_B=         4 alloc_B=         0 nbytes_B=         4 cuda_free_MiB=  48063 rss_MiB=    380
MEMLEDGER event=per_tensor_regular   name=transformer_layers_10_gating_linear_in_weight.zp_int4        type=f32        payload_B=         4 alloc_B=         0 nbytes_B=         4 cuda_free_MiB=  48063 rss_MiB=    380
MEMLEDGER event=per_tensor_regular   name=transformer_layers_10_gating_linear_in_weight.scale_low      type=f32        payload_B=         4 alloc_B=         0 nbytes_B=         4 cuda_free_MiB=  48063 rss_MiB=    380
MEMLEDGER event=per_tensor_regular   name=transformer_layers_10_gating_linear_in_weight.zp_low         type=f32        payload_B=         4 alloc_B=         0 nbytes_B=         4 cuda_free_MiB=  48063 rss_MiB=    380
MEMLEDGER event=bmo_subcomponent_skipped name=transformer_layers_10_gating_linear_out_weight.packed_weights type=-          payload_B=  18221056 alloc_B=         0 nbytes_B=         0 cuda_free_MiB=  48063 rss_MiB=    380
MEMLEDGER event=bmo_subcomponent_skipped name=transformer_layers_10_gating_linear_out_weight.tile_tiers    type=-          payload_B=     11264 alloc_B=         0 nbytes_B=         0 cuda_free_MiB=  48063 rss_MiB=    380
MEMLEDGER event=per_tensor_regular   name=transformer_layers_10_gating_linear_out_weight.n_tiles       type=i32        payload_B=        16 alloc_B=         0 nbytes_B=        16 cuda_free_MiB=  48063 rss_MiB=    380
MEMLEDGER event=per_tensor_regular   name=transformer_layers_10_gating_linear_out_weight.tier_offsets  type=i32        payload_B=        20 alloc_B=         0 nbytes_B=        20 cuda_free_MiB=  48063 rss_MiB=    380
MEMLEDGER event=per_tensor_regular   name=transformer_layers_10_gating_linear_out_weight.rows          type=i32        payload_B=         4 alloc_B=         0 nbytes_B=         4 cuda_free_MiB=  48063 rss_MiB=    380
MEMLEDGER event=per_tensor_regular   name=transformer_layers_10_gating_linear_out_weight.cols          type=i32        payload_B=         4 alloc_B=         0 nbytes_B=         4 cuda_free_MiB=  48063 rss_MiB=    380
MEMLEDGER event=per_tensor_regular   name=transformer_layers_10_gating_linear_out_weight.packing_version type=i32        payload_B=         4 alloc_B=         0 nbytes_B=         4 cuda_free_MiB=  48063 rss_MiB=    380
MEMLEDGER event=bmo_subcomponent_skipped name=transformer_layers_10_gating_linear_out_weight.outlier_indices type=-          payload_B=    922748 alloc_B=         0 nbytes_B=         0 cuda_free_MiB=  48063 rss_MiB=    380
MEMLEDGER event=bmo_subcomponent_skipped name=transformer_layers_10_gating_linear_out_weight.outlier_values type=-          payload_B=    461374 alloc_B=         0 nbytes_B=         0 cuda_free_MiB=  48063 rss_MiB=    380
MEMLEDGER event=per_tensor_regular   name=transformer_layers_10_gating_linear_out_weight.n_outliers    type=i32        payload_B=         4 alloc_B=         0 nbytes_B=         4 cuda_free_MiB=  48063 rss_MiB=    380
MEMLEDGER event=per_tensor_regular   name=transformer_layers_10_gating_linear_out_weight.scale_int8    type=f32        payload_B=         4 alloc_B=         0 nbytes_B=         4 cuda_free_MiB=  48063 rss_MiB=    380
MEMLEDGER event=per_tensor_regular   name=transformer_layers_10_gating_linear_out_weight.zp_int8       type=f32        payload_B=         4 alloc_B=         0 nbytes_B=         4 cuda_free_MiB=  48063 rss_MiB=    380
MEMLEDGER event=per_tensor_regular   name=transformer_layers_10_gating_linear_out_weight.scale_int4    type=f32        payload_B=         4 alloc_B=         0 nbytes_B=         4 cuda_free_MiB=  48063 rss_MiB=    380
MEMLEDGER event=per_tensor_regular   name=transformer_layers_10_gating_linear_out_weight.zp_int4       type=f32        payload_B=         4 alloc_B=         0 nbytes_B=         4 cuda_free_MiB=  48063 rss_MiB=    380
MEMLEDGER event=per_tensor_regular   name=transformer_layers_10_gating_linear_out_weight.scale_low     type=f32        payload_B=         4 alloc_B=         0 nbytes_B=         4 cuda_free_MiB=  48063 rss_MiB=    380
MEMLEDGER event=per_tensor_regular   name=transformer_layers_10_gating_linear_out_weight.zp_low        type=f32        payload_B=         4 alloc_B=         0 nbytes_B=         4 cuda_free_MiB=  48063 rss_MiB=    380
MEMLEDGER event=per_tensor_regular   name=transformer_layers_11_self_attn_in_proj_weight.packed_weights type=i8         payload_B=  25165824 alloc_B=         0 nbytes_B=  25165824 cuda_free_MiB=  48063 rss_MiB=    380
MEMLEDGER event=per_tensor_regular   name=transformer_layers_11_self_attn_in_proj_weight.scales        type=f32        payload_B=   1572864 alloc_B=         0 nbytes_B=   1572864 cuda_free_MiB=  48063 rss_MiB=    380
MEMLEDGER event=per_tensor_regular   name=transformer_layers_11_self_attn_in_proj_weight.zeros         type=f32        payload_B=   1572864 alloc_B=         0 nbytes_B=   1572864 cuda_free_MiB=  48063 rss_MiB=    380
MEMLEDGER event=per_tensor_regular   name=transformer_layers_11_self_attn_in_proj_weight.group_size    type=i32        payload_B=         4 alloc_B=         0 nbytes_B=         4 cuda_free_MiB=  48063 rss_MiB=    380
MEMLEDGER event=per_tensor_regular   name=transformer_layers_11_self_attn_in_proj_weight.n_groups      type=i32        payload_B=         4 alloc_B=         0 nbytes_B=         4 cuda_free_MiB=  48063 rss_MiB=    380
MEMLEDGER event=per_tensor_regular   name=transformer_layers_11_self_attn_in_proj_weight.rows          type=i32        payload_B=         4 alloc_B=         0 nbytes_B=         4 cuda_free_MiB=  48063 rss_MiB=    380
MEMLEDGER event=per_tensor_regular   name=transformer_layers_11_self_attn_in_proj_weight.cols          type=i32        payload_B=         4 alloc_B=         0 nbytes_B=         4 cuda_free_MiB=  48063 rss_MiB=    380
MEMLEDGER event=per_tensor_regular   name=transformer_layers_11_self_attn_in_proj_weight.packing_version type=i32        payload_B=         4 alloc_B=         0 nbytes_B=         4 cuda_free_MiB=  48063 rss_MiB=    380
MEMLEDGER event=bmo_subcomponent_skipped name=transformer_layers_11_gating_linear_in_weight.packed_weights type=-          payload_B=  36443136 alloc_B=         0 nbytes_B=         0 cuda_free_MiB=  48063 rss_MiB=    380
MEMLEDGER event=bmo_subcomponent_skipped name=transformer_layers_11_gating_linear_in_weight.tile_tiers     type=-          payload_B=     22528 alloc_B=         0 nbytes_B=         0 cuda_free_MiB=  48063 rss_MiB=    380
MEMLEDGER event=per_tensor_regular   name=transformer_layers_11_gating_linear_in_weight.n_tiles        type=i32        payload_B=        16 alloc_B=         0 nbytes_B=        16 cuda_free_MiB=  48063 rss_MiB=    380
MEMLEDGER event=per_tensor_regular   name=transformer_layers_11_gating_linear_in_weight.tier_offsets   type=i32        payload_B=        20 alloc_B=         0 nbytes_B=        20 cuda_free_MiB=  48063 rss_MiB=    380
MEMLEDGER event=per_tensor_regular   name=transformer_layers_11_gating_linear_in_weight.rows           type=i32        payload_B=         4 alloc_B=         0 nbytes_B=         4 cuda_free_MiB=  48063 rss_MiB=    380
MEMLEDGER event=per_tensor_regular   name=transformer_layers_11_gating_linear_in_weight.cols           type=i32        payload_B=         4 alloc_B=         0 nbytes_B=         4 cuda_free_MiB=  48063 rss_MiB=    380
MEMLEDGER event=per_tensor_regular   name=transformer_layers_11_gating_linear_in_weight.packing_version type=i32        payload_B=         4 alloc_B=         0 nbytes_B=         4 cuda_free_MiB=  48063 rss_MiB=    380
MEMLEDGER event=bmo_subcomponent_skipped name=transformer_layers_11_gating_linear_in_weight.outlier_indices type=-          payload_B=   1845492 alloc_B=         0 nbytes_B=         0 cuda_free_MiB=  48063 rss_MiB=    380
MEMLEDGER event=bmo_subcomponent_skipped name=transformer_layers_11_gating_linear_in_weight.outlier_values type=-          payload_B=    922746 alloc_B=         0 nbytes_B=         0 cuda_free_MiB=  48063 rss_MiB=    380
MEMLEDGER event=per_tensor_regular   name=transformer_layers_11_gating_linear_in_weight.n_outliers     type=i32        payload_B=         4 alloc_B=         0 nbytes_B=         4 cuda_free_MiB=  48063 rss_MiB=    380
MEMLEDGER event=per_tensor_regular   name=transformer_layers_11_gating_linear_in_weight.scale_int8     type=f32        payload_B=         4 alloc_B=         0 nbytes_B=         4 cuda_free_MiB=  48063 rss_MiB=    380
MEMLEDGER event=per_tensor_regular   name=transformer_layers_11_gating_linear_in_weight.zp_int8        type=f32        payload_B=         4 alloc_B=         0 nbytes_B=         4 cuda_free_MiB=  48063 rss_MiB=    380
MEMLEDGER event=per_tensor_regular   name=transformer_layers_11_gating_linear_in_weight.scale_int4     type=f32        payload_B=         4 alloc_B=         0 nbytes_B=         4 cuda_free_MiB=  48063 rss_MiB=    380
MEMLEDGER event=per_tensor_regular   name=transformer_layers_11_gating_linear_in_weight.zp_int4        type=f32        payload_B=         4 alloc_B=         0 nbytes_B=         4 cuda_free_MiB=  48063 rss_MiB=    380
MEMLEDGER event=per_tensor_regular   name=transformer_layers_11_gating_linear_in_weight.scale_low      type=f32        payload_B=         4 alloc_B=         0 nbytes_B=         4 cuda_free_MiB=  48063 rss_MiB=    380
MEMLEDGER event=per_tensor_regular   name=transformer_layers_11_gating_linear_in_weight.zp_low         type=f32        payload_B=         4 alloc_B=         0 nbytes_B=         4 cuda_free_MiB=  48063 rss_MiB=    380
MEMLEDGER event=bmo_subcomponent_skipped name=transformer_layers_11_gating_linear_out_weight.packed_weights type=-          payload_B=  18221056 alloc_B=         0 nbytes_B=         0 cuda_free_MiB=  48063 rss_MiB=    380
MEMLEDGER event=bmo_subcomponent_skipped name=transformer_layers_11_gating_linear_out_weight.tile_tiers    type=-          payload_B=     11264 alloc_B=         0 nbytes_B=         0 cuda_free_MiB=  48063 rss_MiB=    380
MEMLEDGER event=per_tensor_regular   name=transformer_layers_11_gating_linear_out_weight.n_tiles       type=i32        payload_B=        16 alloc_B=         0 nbytes_B=        16 cuda_free_MiB=  48063 rss_MiB=    380
MEMLEDGER event=per_tensor_regular   name=transformer_layers_11_gating_linear_out_weight.tier_offsets  type=i32        payload_B=        20 alloc_B=         0 nbytes_B=        20 cuda_free_MiB=  48063 rss_MiB=    380
MEMLEDGER event=per_tensor_regular   name=transformer_layers_11_gating_linear_out_weight.rows          type=i32        payload_B=         4 alloc_B=         0 nbytes_B=         4 cuda_free_MiB=  48063 rss_MiB=    380
MEMLEDGER event=per_tensor_regular   name=transformer_layers_11_gating_linear_out_weight.cols          type=i32        payload_B=         4 alloc_B=         0 nbytes_B=         4 cuda_free_MiB=  48063 rss_MiB=    380
MEMLEDGER event=per_tensor_regular   name=transformer_layers_11_gating_linear_out_weight.packing_version type=i32        payload_B=         4 alloc_B=         0 nbytes_B=         4 cuda_free_MiB=  48063 rss_MiB=    380
MEMLEDGER event=bmo_subcomponent_skipped name=transformer_layers_11_gating_linear_out_weight.outlier_indices type=-          payload_B=    922748 alloc_B=         0 nbytes_B=         0 cuda_free_MiB=  48063 rss_MiB=    380
MEMLEDGER event=bmo_subcomponent_skipped name=transformer_layers_11_gating_linear_out_weight.outlier_values type=-          payload_B=    461374 alloc_B=         0 nbytes_B=         0 cuda_free_MiB=  48063 rss_MiB=    380
MEMLEDGER event=per_tensor_regular   name=transformer_layers_11_gating_linear_out_weight.n_outliers    type=i32        payload_B=         4 alloc_B=         0 nbytes_B=         4 cuda_free_MiB=  48063 rss_MiB=    380
MEMLEDGER event=per_tensor_regular   name=transformer_layers_11_gating_linear_out_weight.scale_int8    type=f32        payload_B=         4 alloc_B=         0 nbytes_B=         4 cuda_free_MiB=  48063 rss_MiB=    380
MEMLEDGER event=per_tensor_regular   name=transformer_layers_11_gating_linear_out_weight.zp_int8       type=f32        payload_B=         4 alloc_B=         0 nbytes_B=         4 cuda_free_MiB=  48063 rss_MiB=    380
MEMLEDGER event=per_tensor_regular   name=transformer_layers_11_gating_linear_out_weight.scale_int4    type=f32        payload_B=         4 alloc_B=         0 nbytes_B=         4 cuda_free_MiB=  48063 rss_MiB=    380
MEMLEDGER event=per_tensor_regular   name=transformer_layers_11_gating_linear_out_weight.zp_int4       type=f32        payload_B=         4 alloc_B=         0 nbytes_B=         4 cuda_free_MiB=  48063 rss_MiB=    380
MEMLEDGER event=per_tensor_regular   name=transformer_layers_11_gating_linear_out_weight.scale_low     type=f32        payload_B=         4 alloc_B=         0 nbytes_B=         4 cuda_free_MiB=  48063 rss_MiB=    380
MEMLEDGER event=per_tensor_regular   name=transformer_layers_11_gating_linear_out_weight.zp_low        type=f32        payload_B=         4 alloc_B=         0 nbytes_B=         4 cuda_free_MiB=  48063 rss_MiB=    380
MEMLEDGER event=per_tensor_regular   name=transformer_layers_12_self_attn_in_proj_weight.packed_weights type=i8         payload_B=  25165824 alloc_B=         0 nbytes_B=  25165824 cuda_free_MiB=  48063 rss_MiB=    380
MEMLEDGER event=per_tensor_regular   name=transformer_layers_12_self_attn_in_proj_weight.scales        type=f32        payload_B=   1572864 alloc_B=         0 nbytes_B=   1572864 cuda_free_MiB=  48063 rss_MiB=    380
MEMLEDGER event=per_tensor_regular   name=transformer_layers_12_self_attn_in_proj_weight.zeros         type=f32        payload_B=   1572864 alloc_B=         0 nbytes_B=   1572864 cuda_free_MiB=  48063 rss_MiB=    380
MEMLEDGER event=per_tensor_regular   name=transformer_layers_12_self_attn_in_proj_weight.group_size    type=i32        payload_B=         4 alloc_B=         0 nbytes_B=         4 cuda_free_MiB=  48063 rss_MiB=    380
MEMLEDGER event=per_tensor_regular   name=transformer_layers_12_self_attn_in_proj_weight.n_groups      type=i32        payload_B=         4 alloc_B=         0 nbytes_B=         4 cuda_free_MiB=  48063 rss_MiB=    380
MEMLEDGER event=per_tensor_regular   name=transformer_layers_12_self_attn_in_proj_weight.rows          type=i32        payload_B=         4 alloc_B=         0 nbytes_B=         4 cuda_free_MiB=  48063 rss_MiB=    380
MEMLEDGER event=per_tensor_regular   name=transformer_layers_12_self_attn_in_proj_weight.cols          type=i32        payload_B=         4 alloc_B=         0 nbytes_B=         4 cuda_free_MiB=  48063 rss_MiB=    380
MEMLEDGER event=per_tensor_regular   name=transformer_layers_12_self_attn_in_proj_weight.packing_version type=i32        payload_B=         4 alloc_B=         0 nbytes_B=         4 cuda_free_MiB=  48063 rss_MiB=    380
MEMLEDGER event=bmo_subcomponent_skipped name=transformer_layers_12_gating_linear_in_weight.packed_weights type=-          payload_B=  36443136 alloc_B=         0 nbytes_B=         0 cuda_free_MiB=  48063 rss_MiB=    380
MEMLEDGER event=bmo_subcomponent_skipped name=transformer_layers_12_gating_linear_in_weight.tile_tiers     type=-          payload_B=     22528 alloc_B=         0 nbytes_B=         0 cuda_free_MiB=  48063 rss_MiB=    380
MEMLEDGER event=per_tensor_regular   name=transformer_layers_12_gating_linear_in_weight.n_tiles        type=i32        payload_B=        16 alloc_B=         0 nbytes_B=        16 cuda_free_MiB=  48063 rss_MiB=    380
MEMLEDGER event=per_tensor_regular   name=transformer_layers_12_gating_linear_in_weight.tier_offsets   type=i32        payload_B=        20 alloc_B=         0 nbytes_B=        20 cuda_free_MiB=  48063 rss_MiB=    380
MEMLEDGER event=per_tensor_regular   name=transformer_layers_12_gating_linear_in_weight.rows           type=i32        payload_B=         4 alloc_B=         0 nbytes_B=         4 cuda_free_MiB=  48063 rss_MiB=    380
MEMLEDGER event=per_tensor_regular   name=transformer_layers_12_gating_linear_in_weight.cols           type=i32        payload_B=         4 alloc_B=         0 nbytes_B=         4 cuda_free_MiB=  48063 rss_MiB=    380
MEMLEDGER event=per_tensor_regular   name=transformer_layers_12_gating_linear_in_weight.packing_version type=i32        payload_B=         4 alloc_B=         0 nbytes_B=         4 cuda_free_MiB=  48063 rss_MiB=    380
MEMLEDGER event=bmo_subcomponent_skipped name=transformer_layers_12_gating_linear_in_weight.outlier_indices type=-          payload_B=   1845492 alloc_B=         0 nbytes_B=         0 cuda_free_MiB=  48063 rss_MiB=    380
MEMLEDGER event=bmo_subcomponent_skipped name=transformer_layers_12_gating_linear_in_weight.outlier_values type=-          payload_B=    922746 alloc_B=         0 nbytes_B=         0 cuda_free_MiB=  48063 rss_MiB=    380
MEMLEDGER event=per_tensor_regular   name=transformer_layers_12_gating_linear_in_weight.n_outliers     type=i32        payload_B=         4 alloc_B=         0 nbytes_B=         4 cuda_free_MiB=  48063 rss_MiB=    380
MEMLEDGER event=per_tensor_regular   name=transformer_layers_12_gating_linear_in_weight.scale_int8     type=f32        payload_B=         4 alloc_B=         0 nbytes_B=         4 cuda_free_MiB=  48063 rss_MiB=    380
MEMLEDGER event=per_tensor_regular   name=transformer_layers_12_gating_linear_in_weight.zp_int8        type=f32        payload_B=         4 alloc_B=         0 nbytes_B=         4 cuda_free_MiB=  48063 rss_MiB=    380
MEMLEDGER event=per_tensor_regular   name=transformer_layers_12_gating_linear_in_weight.scale_int4     type=f32        payload_B=         4 alloc_B=         0 nbytes_B=         4 cuda_free_MiB=  48063 rss_MiB=    380
MEMLEDGER event=per_tensor_regular   name=transformer_layers_12_gating_linear_in_weight.zp_int4        type=f32        payload_B=         4 alloc_B=         0 nbytes_B=         4 cuda_free_MiB=  48063 rss_MiB=    380
MEMLEDGER event=per_tensor_regular   name=transformer_layers_12_gating_linear_in_weight.scale_low      type=f32        payload_B=         4 alloc_B=         0 nbytes_B=         4 cuda_free_MiB=  48063 rss_MiB=    380
MEMLEDGER event=per_tensor_regular   name=transformer_layers_12_gating_linear_in_weight.zp_low         type=f32        payload_B=         4 alloc_B=         0 nbytes_B=         4 cuda_free_MiB=  48063 rss_MiB=    380
MEMLEDGER event=bmo_subcomponent_skipped name=transformer_layers_12_gating_linear_out_weight.packed_weights type=-          payload_B=  18221056 alloc_B=         0 nbytes_B=         0 cuda_free_MiB=  48063 rss_MiB=    380
MEMLEDGER event=bmo_subcomponent_skipped name=transformer_layers_12_gating_linear_out_weight.tile_tiers    type=-          payload_B=     11264 alloc_B=         0 nbytes_B=         0 cuda_free_MiB=  48063 rss_MiB=    380
MEMLEDGER event=per_tensor_regular   name=transformer_layers_12_gating_linear_out_weight.n_tiles       type=i32        payload_B=        16 alloc_B=         0 nbytes_B=        16 cuda_free_MiB=  48063 rss_MiB=    380
MEMLEDGER event=per_tensor_regular   name=transformer_layers_12_gating_linear_out_weight.tier_offsets  type=i32        payload_B=        20 alloc_B=         0 nbytes_B=        20 cuda_free_MiB=  48063 rss_MiB=    380
MEMLEDGER event=per_tensor_regular   name=transformer_layers_12_gating_linear_out_weight.rows          type=i32        payload_B=         4 alloc_B=         0 nbytes_B=         4 cuda_free_MiB=  48063 rss_MiB=    380
MEMLEDGER event=per_tensor_regular   name=transformer_layers_12_gating_linear_out_weight.cols          type=i32        payload_B=         4 alloc_B=         0 nbytes_B=         4 cuda_free_MiB=  48063 rss_MiB=    380
MEMLEDGER event=per_tensor_regular   name=transformer_layers_12_gating_linear_out_weight.packing_version type=i32        payload_B=         4 alloc_B=         0 nbytes_B=         4 cuda_free_MiB=  48063 rss_MiB=    380
MEMLEDGER event=bmo_subcomponent_skipped name=transformer_layers_12_gating_linear_out_weight.outlier_indices type=-          payload_B=    922748 alloc_B=         0 nbytes_B=         0 cuda_free_MiB=  48063 rss_MiB=    380
MEMLEDGER event=bmo_subcomponent_skipped name=transformer_layers_12_gating_linear_out_weight.outlier_values type=-          payload_B=    461374 alloc_B=         0 nbytes_B=         0 cuda_free_MiB=  48063 rss_MiB=    380
MEMLEDGER event=per_tensor_regular   name=transformer_layers_12_gating_linear_out_weight.n_outliers    type=i32        payload_B=         4 alloc_B=         0 nbytes_B=         4 cuda_free_MiB=  48063 rss_MiB=    380
MEMLEDGER event=per_tensor_regular   name=transformer_layers_12_gating_linear_out_weight.scale_int8    type=f32        payload_B=         4 alloc_B=         0 nbytes_B=         4 cuda_free_MiB=  48063 rss_MiB=    380
MEMLEDGER event=per_tensor_regular   name=transformer_layers_12_gating_linear_out_weight.zp_int8       type=f32        payload_B=         4 alloc_B=         0 nbytes_B=         4 cuda_free_MiB=  48063 rss_MiB=    380
MEMLEDGER event=per_tensor_regular   name=transformer_layers_12_gating_linear_out_weight.scale_int4    type=f32        payload_B=         4 alloc_B=         0 nbytes_B=         4 cuda_free_MiB=  48063 rss_MiB=    380
MEMLEDGER event=per_tensor_regular   name=transformer_layers_12_gating_linear_out_weight.zp_int4       type=f32        payload_B=         4 alloc_B=         0 nbytes_B=         4 cuda_free_MiB=  48063 rss_MiB=    380
MEMLEDGER event=per_tensor_regular   name=transformer_layers_12_gating_linear_out_weight.scale_low     type=f32        payload_B=         4 alloc_B=         0 nbytes_B=         4 cuda_free_MiB=  48063 rss_MiB=    380
MEMLEDGER event=per_tensor_regular   name=transformer_layers_12_gating_linear_out_weight.zp_low        type=f32        payload_B=         4 alloc_B=         0 nbytes_B=         4 cuda_free_MiB=  48063 rss_MiB=    380
MEMLEDGER event=per_tensor_regular   name=transformer_layers_13_self_attn_in_proj_weight.packed_weights type=i8         payload_B=  25165824 alloc_B=         0 nbytes_B=  25165824 cuda_free_MiB=  48063 rss_MiB=    380
MEMLEDGER event=per_tensor_regular   name=transformer_layers_13_self_attn_in_proj_weight.scales        type=f32        payload_B=   1572864 alloc_B=         0 nbytes_B=   1572864 cuda_free_MiB=  48063 rss_MiB=    380
MEMLEDGER event=per_tensor_regular   name=transformer_layers_13_self_attn_in_proj_weight.zeros         type=f32        payload_B=   1572864 alloc_B=         0 nbytes_B=   1572864 cuda_free_MiB=  48063 rss_MiB=    380
MEMLEDGER event=per_tensor_regular   name=transformer_layers_13_self_attn_in_proj_weight.group_size    type=i32        payload_B=         4 alloc_B=         0 nbytes_B=         4 cuda_free_MiB=  48063 rss_MiB=    380
MEMLEDGER event=per_tensor_regular   name=transformer_layers_13_self_attn_in_proj_weight.n_groups      type=i32        payload_B=         4 alloc_B=         0 nbytes_B=         4 cuda_free_MiB=  48063 rss_MiB=    380
MEMLEDGER event=per_tensor_regular   name=transformer_layers_13_self_attn_in_proj_weight.rows          type=i32        payload_B=         4 alloc_B=         0 nbytes_B=         4 cuda_free_MiB=  48063 rss_MiB=    380
MEMLEDGER event=per_tensor_regular   name=transformer_layers_13_self_attn_in_proj_weight.cols          type=i32        payload_B=         4 alloc_B=         0 nbytes_B=         4 cuda_free_MiB=  48063 rss_MiB=    380
MEMLEDGER event=per_tensor_regular   name=transformer_layers_13_self_attn_in_proj_weight.packing_version type=i32        payload_B=         4 alloc_B=         0 nbytes_B=         4 cuda_free_MiB=  48063 rss_MiB=    380
MEMLEDGER event=bmo_subcomponent_skipped name=transformer_layers_13_gating_linear_in_weight.packed_weights type=-          payload_B=  36443136 alloc_B=         0 nbytes_B=         0 cuda_free_MiB=  48063 rss_MiB=    380
MEMLEDGER event=bmo_subcomponent_skipped name=transformer_layers_13_gating_linear_in_weight.tile_tiers     type=-          payload_B=     22528 alloc_B=         0 nbytes_B=         0 cuda_free_MiB=  48063 rss_MiB=    380
MEMLEDGER event=per_tensor_regular   name=transformer_layers_13_gating_linear_in_weight.n_tiles        type=i32        payload_B=        16 alloc_B=         0 nbytes_B=        16 cuda_free_MiB=  48063 rss_MiB=    380
MEMLEDGER event=per_tensor_regular   name=transformer_layers_13_gating_linear_in_weight.tier_offsets   type=i32        payload_B=        20 alloc_B=         0 nbytes_B=        20 cuda_free_MiB=  48063 rss_MiB=    380
MEMLEDGER event=per_tensor_regular   name=transformer_layers_13_gating_linear_in_weight.rows           type=i32        payload_B=         4 alloc_B=         0 nbytes_B=         4 cuda_free_MiB=  48063 rss_MiB=    380
MEMLEDGER event=per_tensor_regular   name=transformer_layers_13_gating_linear_in_weight.cols           type=i32        payload_B=         4 alloc_B=         0 nbytes_B=         4 cuda_free_MiB=  48063 rss_MiB=    380
MEMLEDGER event=per_tensor_regular   name=transformer_layers_13_gating_linear_in_weight.packing_version type=i32        payload_B=         4 alloc_B=         0 nbytes_B=         4 cuda_free_MiB=  48063 rss_MiB=    380
MEMLEDGER event=bmo_subcomponent_skipped name=transformer_layers_13_gating_linear_in_weight.outlier_indices type=-          payload_B=   1845492 alloc_B=         0 nbytes_B=         0 cuda_free_MiB=  48063 rss_MiB=    380
MEMLEDGER event=bmo_subcomponent_skipped name=transformer_layers_13_gating_linear_in_weight.outlier_values type=-          payload_B=    922746 alloc_B=         0 nbytes_B=         0 cuda_free_MiB=  48063 rss_MiB=    380
MEMLEDGER event=per_tensor_regular   name=transformer_layers_13_gating_linear_in_weight.n_outliers     type=i32        payload_B=         4 alloc_B=         0 nbytes_B=         4 cuda_free_MiB=  48063 rss_MiB=    380
MEMLEDGER event=per_tensor_regular   name=transformer_layers_13_gating_linear_in_weight.scale_int8     type=f32        payload_B=         4 alloc_B=         0 nbytes_B=         4 cuda_free_MiB=  48063 rss_MiB=    380
MEMLEDGER event=per_tensor_regular   name=transformer_layers_13_gating_linear_in_weight.zp_int8        type=f32        payload_B=         4 alloc_B=         0 nbytes_B=         4 cuda_free_MiB=  48063 rss_MiB=    380
MEMLEDGER event=per_tensor_regular   name=transformer_layers_13_gating_linear_in_weight.scale_int4     type=f32        payload_B=         4 alloc_B=         0 nbytes_B=         4 cuda_free_MiB=  48063 rss_MiB=    380
MEMLEDGER event=per_tensor_regular   name=transformer_layers_13_gating_linear_in_weight.zp_int4        type=f32        payload_B=         4 alloc_B=         0 nbytes_B=         4 cuda_free_MiB=  48063 rss_MiB=    380
MEMLEDGER event=per_tensor_regular   name=transformer_layers_13_gating_linear_in_weight.scale_low      type=f32        payload_B=         4 alloc_B=         0 nbytes_B=         4 cuda_free_MiB=  48063 rss_MiB=    380
MEMLEDGER event=per_tensor_regular   name=transformer_layers_13_gating_linear_in_weight.zp_low         type=f32        payload_B=         4 alloc_B=         0 nbytes_B=         4 cuda_free_MiB=  48063 rss_MiB=    380
MEMLEDGER event=bmo_subcomponent_skipped name=transformer_layers_13_gating_linear_out_weight.packed_weights type=-          payload_B=  18221056 alloc_B=         0 nbytes_B=         0 cuda_free_MiB=  48063 rss_MiB=    380
MEMLEDGER event=bmo_subcomponent_skipped name=transformer_layers_13_gating_linear_out_weight.tile_tiers    type=-          payload_B=     11264 alloc_B=         0 nbytes_B=         0 cuda_free_MiB=  48063 rss_MiB=    380
MEMLEDGER event=per_tensor_regular   name=transformer_layers_13_gating_linear_out_weight.n_tiles       type=i32        payload_B=        16 alloc_B=         0 nbytes_B=        16 cuda_free_MiB=  48063 rss_MiB=    380
MEMLEDGER event=per_tensor_regular   name=transformer_layers_13_gating_linear_out_weight.tier_offsets  type=i32        payload_B=        20 alloc_B=         0 nbytes_B=        20 cuda_free_MiB=  48063 rss_MiB=    380
MEMLEDGER event=per_tensor_regular   name=transformer_layers_13_gating_linear_out_weight.rows          type=i32        payload_B=         4 alloc_B=         0 nbytes_B=         4 cuda_free_MiB=  48063 rss_MiB=    380
MEMLEDGER event=per_tensor_regular   name=transformer_layers_13_gating_linear_out_weight.cols          type=i32        payload_B=         4 alloc_B=         0 nbytes_B=         4 cuda_free_MiB=  48063 rss_MiB=    380
MEMLEDGER event=per_tensor_regular   name=transformer_layers_13_gating_linear_out_weight.packing_version type=i32        payload_B=         4 alloc_B=         0 nbytes_B=         4 cuda_free_MiB=  48063 rss_MiB=    380
MEMLEDGER event=bmo_subcomponent_skipped name=transformer_layers_13_gating_linear_out_weight.outlier_indices type=-          payload_B=    922748 alloc_B=         0 nbytes_B=         0 cuda_free_MiB=  48063 rss_MiB=    380
MEMLEDGER event=bmo_subcomponent_skipped name=transformer_layers_13_gating_linear_out_weight.outlier_values type=-          payload_B=    461374 alloc_B=         0 nbytes_B=         0 cuda_free_MiB=  48063 rss_MiB=    380
MEMLEDGER event=per_tensor_regular   name=transformer_layers_13_gating_linear_out_weight.n_outliers    type=i32        payload_B=         4 alloc_B=         0 nbytes_B=         4 cuda_free_MiB=  48063 rss_MiB=    380
MEMLEDGER event=per_tensor_regular   name=transformer_layers_13_gating_linear_out_weight.scale_int8    type=f32        payload_B=         4 alloc_B=         0 nbytes_B=         4 cuda_free_MiB=  48063 rss_MiB=    380
MEMLEDGER event=per_tensor_regular   name=transformer_layers_13_gating_linear_out_weight.zp_int8       type=f32        payload_B=         4 alloc_B=         0 nbytes_B=         4 cuda_free_MiB=  48063 rss_MiB=    380
MEMLEDGER event=per_tensor_regular   name=transformer_layers_13_gating_linear_out_weight.scale_int4    type=f32        payload_B=         4 alloc_B=         0 nbytes_B=         4 cuda_free_MiB=  48063 rss_MiB=    380
MEMLEDGER event=per_tensor_regular   name=transformer_layers_13_gating_linear_out_weight.zp_int4       type=f32        payload_B=         4 alloc_B=         0 nbytes_B=         4 cuda_free_MiB=  48063 rss_MiB=    380
MEMLEDGER event=per_tensor_regular   name=transformer_layers_13_gating_linear_out_weight.scale_low     type=f32        payload_B=         4 alloc_B=         0 nbytes_B=         4 cuda_free_MiB=  48063 rss_MiB=    380
MEMLEDGER event=per_tensor_regular   name=transformer_layers_13_gating_linear_out_weight.zp_low        type=f32        payload_B=         4 alloc_B=         0 nbytes_B=         4 cuda_free_MiB=  48063 rss_MiB=    380
MEMLEDGER event=per_tensor_regular   name=transformer_layers_14_self_attn_in_proj_weight.packed_weights type=i8         payload_B=  25165824 alloc_B=         0 nbytes_B=  25165824 cuda_free_MiB=  48063 rss_MiB=    380
MEMLEDGER event=per_tensor_regular   name=transformer_layers_14_self_attn_in_proj_weight.scales        type=f32        payload_B=   1572864 alloc_B=         0 nbytes_B=   1572864 cuda_free_MiB=  48063 rss_MiB=    380
MEMLEDGER event=per_tensor_regular   name=transformer_layers_14_self_attn_in_proj_weight.zeros         type=f32        payload_B=   1572864 alloc_B=         0 nbytes_B=   1572864 cuda_free_MiB=  48063 rss_MiB=    380
MEMLEDGER event=per_tensor_regular   name=transformer_layers_14_self_attn_in_proj_weight.group_size    type=i32        payload_B=         4 alloc_B=         0 nbytes_B=         4 cuda_free_MiB=  48063 rss_MiB=    380
MEMLEDGER event=per_tensor_regular   name=transformer_layers_14_self_attn_in_proj_weight.n_groups      type=i32        payload_B=         4 alloc_B=         0 nbytes_B=         4 cuda_free_MiB=  48063 rss_MiB=    380
MEMLEDGER event=per_tensor_regular   name=transformer_layers_14_self_attn_in_proj_weight.rows          type=i32        payload_B=         4 alloc_B=         0 nbytes_B=         4 cuda_free_MiB=  48063 rss_MiB=    380
MEMLEDGER event=per_tensor_regular   name=transformer_layers_14_self_attn_in_proj_weight.cols          type=i32        payload_B=         4 alloc_B=         0 nbytes_B=         4 cuda_free_MiB=  48063 rss_MiB=    380
MEMLEDGER event=per_tensor_regular   name=transformer_layers_14_self_attn_in_proj_weight.packing_version type=i32        payload_B=         4 alloc_B=         0 nbytes_B=         4 cuda_free_MiB=  48063 rss_MiB=    380
MEMLEDGER event=bmo_subcomponent_skipped name=transformer_layers_14_gating_linear_in_weight.packed_weights type=-          payload_B=  36443136 alloc_B=         0 nbytes_B=         0 cuda_free_MiB=  48063 rss_MiB=    380
MEMLEDGER event=bmo_subcomponent_skipped name=transformer_layers_14_gating_linear_in_weight.tile_tiers     type=-          payload_B=     22528 alloc_B=         0 nbytes_B=         0 cuda_free_MiB=  48063 rss_MiB=    380
MEMLEDGER event=per_tensor_regular   name=transformer_layers_14_gating_linear_in_weight.n_tiles        type=i32        payload_B=        16 alloc_B=         0 nbytes_B=        16 cuda_free_MiB=  48063 rss_MiB=    380
MEMLEDGER event=per_tensor_regular   name=transformer_layers_14_gating_linear_in_weight.tier_offsets   type=i32        payload_B=        20 alloc_B=         0 nbytes_B=        20 cuda_free_MiB=  48063 rss_MiB=    380
MEMLEDGER event=per_tensor_regular   name=transformer_layers_14_gating_linear_in_weight.rows           type=i32        payload_B=         4 alloc_B=         0 nbytes_B=         4 cuda_free_MiB=  48063 rss_MiB=    380
MEMLEDGER event=per_tensor_regular   name=transformer_layers_14_gating_linear_in_weight.cols           type=i32        payload_B=         4 alloc_B=         0 nbytes_B=         4 cuda_free_MiB=  48063 rss_MiB=    380
MEMLEDGER event=per_tensor_regular   name=transformer_layers_14_gating_linear_in_weight.packing_version type=i32        payload_B=         4 alloc_B=         0 nbytes_B=         4 cuda_free_MiB=  48063 rss_MiB=    380
MEMLEDGER event=bmo_subcomponent_skipped name=transformer_layers_14_gating_linear_in_weight.outlier_indices type=-          payload_B=   1845492 alloc_B=         0 nbytes_B=         0 cuda_free_MiB=  48063 rss_MiB=    380
MEMLEDGER event=bmo_subcomponent_skipped name=transformer_layers_14_gating_linear_in_weight.outlier_values type=-          payload_B=    922746 alloc_B=         0 nbytes_B=         0 cuda_free_MiB=  48063 rss_MiB=    380
MEMLEDGER event=per_tensor_regular   name=transformer_layers_14_gating_linear_in_weight.n_outliers     type=i32        payload_B=         4 alloc_B=         0 nbytes_B=         4 cuda_free_MiB=  48063 rss_MiB=    380
MEMLEDGER event=per_tensor_regular   name=transformer_layers_14_gating_linear_in_weight.scale_int8     type=f32        payload_B=         4 alloc_B=         0 nbytes_B=         4 cuda_free_MiB=  48063 rss_MiB=    380
MEMLEDGER event=per_tensor_regular   name=transformer_layers_14_gating_linear_in_weight.zp_int8        type=f32        payload_B=         4 alloc_B=         0 nbytes_B=         4 cuda_free_MiB=  48063 rss_MiB=    380
MEMLEDGER event=per_tensor_regular   name=transformer_layers_14_gating_linear_in_weight.scale_int4     type=f32        payload_B=         4 alloc_B=         0 nbytes_B=         4 cuda_free_MiB=  48063 rss_MiB=    380
MEMLEDGER event=per_tensor_regular   name=transformer_layers_14_gating_linear_in_weight.zp_int4        type=f32        payload_B=         4 alloc_B=         0 nbytes_B=         4 cuda_free_MiB=  48063 rss_MiB=    380
MEMLEDGER event=per_tensor_regular   name=transformer_layers_14_gating_linear_in_weight.scale_low      type=f32        payload_B=         4 alloc_B=         0 nbytes_B=         4 cuda_free_MiB=  48063 rss_MiB=    380
MEMLEDGER event=per_tensor_regular   name=transformer_layers_14_gating_linear_in_weight.zp_low         type=f32        payload_B=         4 alloc_B=         0 nbytes_B=         4 cuda_free_MiB=  48063 rss_MiB=    380
MEMLEDGER event=bmo_subcomponent_skipped name=transformer_layers_14_gating_linear_out_weight.packed_weights type=-          payload_B=  18221056 alloc_B=         0 nbytes_B=         0 cuda_free_MiB=  48063 rss_MiB=    380
MEMLEDGER event=bmo_subcomponent_skipped name=transformer_layers_14_gating_linear_out_weight.tile_tiers    type=-          payload_B=     11264 alloc_B=         0 nbytes_B=         0 cuda_free_MiB=  48063 rss_MiB=    380
MEMLEDGER event=per_tensor_regular   name=transformer_layers_14_gating_linear_out_weight.n_tiles       type=i32        payload_B=        16 alloc_B=         0 nbytes_B=        16 cuda_free_MiB=  48063 rss_MiB=    380
MEMLEDGER event=per_tensor_regular   name=transformer_layers_14_gating_linear_out_weight.tier_offsets  type=i32        payload_B=        20 alloc_B=         0 nbytes_B=        20 cuda_free_MiB=  48063 rss_MiB=    380
MEMLEDGER event=per_tensor_regular   name=transformer_layers_14_gating_linear_out_weight.rows          type=i32        payload_B=         4 alloc_B=         0 nbytes_B=         4 cuda_free_MiB=  48063 rss_MiB=    380
MEMLEDGER event=per_tensor_regular   name=transformer_layers_14_gating_linear_out_weight.cols          type=i32        payload_B=         4 alloc_B=         0 nbytes_B=         4 cuda_free_MiB=  48063 rss_MiB=    380
MEMLEDGER event=per_tensor_regular   name=transformer_layers_14_gating_linear_out_weight.packing_version type=i32        payload_B=         4 alloc_B=         0 nbytes_B=         4 cuda_free_MiB=  48063 rss_MiB=    380
MEMLEDGER event=bmo_subcomponent_skipped name=transformer_layers_14_gating_linear_out_weight.outlier_indices type=-          payload_B=    922748 alloc_B=         0 nbytes_B=         0 cuda_free_MiB=  48063 rss_MiB=    380
MEMLEDGER event=bmo_subcomponent_skipped name=transformer_layers_14_gating_linear_out_weight.outlier_values type=-          payload_B=    461374 alloc_B=         0 nbytes_B=         0 cuda_free_MiB=  48063 rss_MiB=    380
MEMLEDGER event=per_tensor_regular   name=transformer_layers_14_gating_linear_out_weight.n_outliers    type=i32        payload_B=         4 alloc_B=         0 nbytes_B=         4 cuda_free_MiB=  48063 rss_MiB=    380
MEMLEDGER event=per_tensor_regular   name=transformer_layers_14_gating_linear_out_weight.scale_int8    type=f32        payload_B=         4 alloc_B=         0 nbytes_B=         4 cuda_free_MiB=  48063 rss_MiB=    380
MEMLEDGER event=per_tensor_regular   name=transformer_layers_14_gating_linear_out_weight.zp_int8       type=f32        payload_B=         4 alloc_B=         0 nbytes_B=         4 cuda_free_MiB=  48063 rss_MiB=    380
MEMLEDGER event=per_tensor_regular   name=transformer_layers_14_gating_linear_out_weight.scale_int4    type=f32        payload_B=         4 alloc_B=         0 nbytes_B=         4 cuda_free_MiB=  48063 rss_MiB=    380
MEMLEDGER event=per_tensor_regular   name=transformer_layers_14_gating_linear_out_weight.zp_int4       type=f32        payload_B=         4 alloc_B=         0 nbytes_B=         4 cuda_free_MiB=  48063 rss_MiB=    380
MEMLEDGER event=per_tensor_regular   name=transformer_layers_14_gating_linear_out_weight.scale_low     type=f32        payload_B=         4 alloc_B=         0 nbytes_B=         4 cuda_free_MiB=  48063 rss_MiB=    380
MEMLEDGER event=per_tensor_regular   name=transformer_layers_14_gating_linear_out_weight.zp_low        type=f32        payload_B=         4 alloc_B=         0 nbytes_B=         4 cuda_free_MiB=  48063 rss_MiB=    380
MEMLEDGER event=per_tensor_regular   name=transformer_layers_15_self_attn_in_proj_weight.packed_weights type=i8         payload_B=  25165824 alloc_B=         0 nbytes_B=  25165824 cuda_free_MiB=  48063 rss_MiB=    380
MEMLEDGER event=per_tensor_regular   name=transformer_layers_15_self_attn_in_proj_weight.scales        type=f32        payload_B=   1572864 alloc_B=         0 nbytes_B=   1572864 cuda_free_MiB=  48063 rss_MiB=    380
MEMLEDGER event=per_tensor_regular   name=transformer_layers_15_self_attn_in_proj_weight.zeros         type=f32        payload_B=   1572864 alloc_B=         0 nbytes_B=   1572864 cuda_free_MiB=  48063 rss_MiB=    380
MEMLEDGER event=per_tensor_regular   name=transformer_layers_15_self_attn_in_proj_weight.group_size    type=i32        payload_B=         4 alloc_B=         0 nbytes_B=         4 cuda_free_MiB=  48063 rss_MiB=    380
MEMLEDGER event=per_tensor_regular   name=transformer_layers_15_self_attn_in_proj_weight.n_groups      type=i32        payload_B=         4 alloc_B=         0 nbytes_B=         4 cuda_free_MiB=  48063 rss_MiB=    380
MEMLEDGER event=per_tensor_regular   name=transformer_layers_15_self_attn_in_proj_weight.rows          type=i32        payload_B=         4 alloc_B=         0 nbytes_B=         4 cuda_free_MiB=  48063 rss_MiB=    380
MEMLEDGER event=per_tensor_regular   name=transformer_layers_15_self_attn_in_proj_weight.cols          type=i32        payload_B=         4 alloc_B=         0 nbytes_B=         4 cuda_free_MiB=  48063 rss_MiB=    380
MEMLEDGER event=per_tensor_regular   name=transformer_layers_15_self_attn_in_proj_weight.packing_version type=i32        payload_B=         4 alloc_B=         0 nbytes_B=         4 cuda_free_MiB=  48063 rss_MiB=    380
MEMLEDGER event=bmo_subcomponent_skipped name=transformer_layers_15_gating_linear_in_weight.packed_weights type=-          payload_B=  36443136 alloc_B=         0 nbytes_B=         0 cuda_free_MiB=  48063 rss_MiB=    380
MEMLEDGER event=bmo_subcomponent_skipped name=transformer_layers_15_gating_linear_in_weight.tile_tiers     type=-          payload_B=     22528 alloc_B=         0 nbytes_B=         0 cuda_free_MiB=  48063 rss_MiB=    380
MEMLEDGER event=per_tensor_regular   name=transformer_layers_15_gating_linear_in_weight.n_tiles        type=i32        payload_B=        16 alloc_B=         0 nbytes_B=        16 cuda_free_MiB=  48063 rss_MiB=    380
MEMLEDGER event=per_tensor_regular   name=transformer_layers_15_gating_linear_in_weight.tier_offsets   type=i32        payload_B=        20 alloc_B=         0 nbytes_B=        20 cuda_free_MiB=  48063 rss_MiB=    380
MEMLEDGER event=per_tensor_regular   name=transformer_layers_15_gating_linear_in_weight.rows           type=i32        payload_B=         4 alloc_B=         0 nbytes_B=         4 cuda_free_MiB=  48063 rss_MiB=    380
MEMLEDGER event=per_tensor_regular   name=transformer_layers_15_gating_linear_in_weight.cols           type=i32        payload_B=         4 alloc_B=         0 nbytes_B=         4 cuda_free_MiB=  48063 rss_MiB=    380
MEMLEDGER event=per_tensor_regular   name=transformer_layers_15_gating_linear_in_weight.packing_version type=i32        payload_B=         4 alloc_B=         0 nbytes_B=         4 cuda_free_MiB=  48063 rss_MiB=    380
MEMLEDGER event=bmo_subcomponent_skipped name=transformer_layers_15_gating_linear_in_weight.outlier_indices type=-          payload_B=   1845492 alloc_B=         0 nbytes_B=         0 cuda_free_MiB=  48063 rss_MiB=    380
MEMLEDGER event=bmo_subcomponent_skipped name=transformer_layers_15_gating_linear_in_weight.outlier_values type=-          payload_B=    922746 alloc_B=         0 nbytes_B=         0 cuda_free_MiB=  48063 rss_MiB=    380
MEMLEDGER event=per_tensor_regular   name=transformer_layers_15_gating_linear_in_weight.n_outliers     type=i32        payload_B=         4 alloc_B=         0 nbytes_B=         4 cuda_free_MiB=  48063 rss_MiB=    380
MEMLEDGER event=per_tensor_regular   name=transformer_layers_15_gating_linear_in_weight.scale_int8     type=f32        payload_B=         4 alloc_B=         0 nbytes_B=         4 cuda_free_MiB=  48063 rss_MiB=    380
MEMLEDGER event=per_tensor_regular   name=transformer_layers_15_gating_linear_in_weight.zp_int8        type=f32        payload_B=         4 alloc_B=         0 nbytes_B=         4 cuda_free_MiB=  48063 rss_MiB=    380
MEMLEDGER event=per_tensor_regular   name=transformer_layers_15_gating_linear_in_weight.scale_int4     type=f32        payload_B=         4 alloc_B=         0 nbytes_B=         4 cuda_free_MiB=  48063 rss_MiB=    380
MEMLEDGER event=per_tensor_regular   name=transformer_layers_15_gating_linear_in_weight.zp_int4        type=f32        payload_B=         4 alloc_B=         0 nbytes_B=         4 cuda_free_MiB=  48063 rss_MiB=    380
MEMLEDGER event=per_tensor_regular   name=transformer_layers_15_gating_linear_in_weight.scale_low      type=f32        payload_B=         4 alloc_B=         0 nbytes_B=         4 cuda_free_MiB=  48063 rss_MiB=    380
MEMLEDGER event=per_tensor_regular   name=transformer_layers_15_gating_linear_in_weight.zp_low         type=f32        payload_B=         4 alloc_B=         0 nbytes_B=         4 cuda_free_MiB=  48063 rss_MiB=    380
MEMLEDGER event=bmo_subcomponent_skipped name=transformer_layers_15_gating_linear_out_weight.packed_weights type=-          payload_B=  18221056 alloc_B=         0 nbytes_B=         0 cuda_free_MiB=  48063 rss_MiB=    380
MEMLEDGER event=bmo_subcomponent_skipped name=transformer_layers_15_gating_linear_out_weight.tile_tiers    type=-          payload_B=     11264 alloc_B=         0 nbytes_B=         0 cuda_free_MiB=  48063 rss_MiB=    380
MEMLEDGER event=per_tensor_regular   name=transformer_layers_15_gating_linear_out_weight.n_tiles       type=i32        payload_B=        16 alloc_B=         0 nbytes_B=        16 cuda_free_MiB=  48063 rss_MiB=    380
MEMLEDGER event=per_tensor_regular   name=transformer_layers_15_gating_linear_out_weight.tier_offsets  type=i32        payload_B=        20 alloc_B=         0 nbytes_B=        20 cuda_free_MiB=  48063 rss_MiB=    380
MEMLEDGER event=per_tensor_regular   name=transformer_layers_15_gating_linear_out_weight.rows          type=i32        payload_B=         4 alloc_B=         0 nbytes_B=         4 cuda_free_MiB=  48063 rss_MiB=    380
MEMLEDGER event=per_tensor_regular   name=transformer_layers_15_gating_linear_out_weight.cols          type=i32        payload_B=         4 alloc_B=         0 nbytes_B=         4 cuda_free_MiB=  48063 rss_MiB=    380
MEMLEDGER event=per_tensor_regular   name=transformer_layers_15_gating_linear_out_weight.packing_version type=i32        payload_B=         4 alloc_B=         0 nbytes_B=         4 cuda_free_MiB=  48063 rss_MiB=    380
MEMLEDGER event=bmo_subcomponent_skipped name=transformer_layers_15_gating_linear_out_weight.outlier_indices type=-          payload_B=    922748 alloc_B=         0 nbytes_B=         0 cuda_free_MiB=  48063 rss_MiB=    380
MEMLEDGER event=bmo_subcomponent_skipped name=transformer_layers_15_gating_linear_out_weight.outlier_values type=-          payload_B=    461374 alloc_B=         0 nbytes_B=         0 cuda_free_MiB=  48063 rss_MiB=    380
MEMLEDGER event=per_tensor_regular   name=transformer_layers_15_gating_linear_out_weight.n_outliers    type=i32        payload_B=         4 alloc_B=         0 nbytes_B=         4 cuda_free_MiB=  48063 rss_MiB=    380
MEMLEDGER event=per_tensor_regular   name=transformer_layers_15_gating_linear_out_weight.scale_int8    type=f32        payload_B=         4 alloc_B=         0 nbytes_B=         4 cuda_free_MiB=  48063 rss_MiB=    380
MEMLEDGER event=per_tensor_regular   name=transformer_layers_15_gating_linear_out_weight.zp_int8       type=f32        payload_B=         4 alloc_B=         0 nbytes_B=         4 cuda_free_MiB=  48063 rss_MiB=    380
MEMLEDGER event=per_tensor_regular   name=transformer_layers_15_gating_linear_out_weight.scale_int4    type=f32        payload_B=         4 alloc_B=         0 nbytes_B=         4 cuda_free_MiB=  48063 rss_MiB=    380
MEMLEDGER event=per_tensor_regular   name=transformer_layers_15_gating_linear_out_weight.zp_int4       type=f32        payload_B=         4 alloc_B=         0 nbytes_B=         4 cuda_free_MiB=  48063 rss_MiB=    380
MEMLEDGER event=per_tensor_regular   name=transformer_layers_15_gating_linear_out_weight.scale_low     type=f32        payload_B=         4 alloc_B=         0 nbytes_B=         4 cuda_free_MiB=  48063 rss_MiB=    380
MEMLEDGER event=per_tensor_regular   name=transformer_layers_15_gating_linear_out_weight.zp_low        type=f32        payload_B=         4 alloc_B=         0 nbytes_B=         4 cuda_free_MiB=  48063 rss_MiB=    380
MEMLEDGER event=per_tensor_regular   name=transformer_layers_16_self_attn_in_proj_weight.packed_weights type=i8         payload_B=  25165824 alloc_B=         0 nbytes_B=  25165824 cuda_free_MiB=  48063 rss_MiB=    380
MEMLEDGER event=per_tensor_regular   name=transformer_layers_16_self_attn_in_proj_weight.scales        type=f32        payload_B=   1572864 alloc_B=         0 nbytes_B=   1572864 cuda_free_MiB=  48063 rss_MiB=    380
MEMLEDGER event=per_tensor_regular   name=transformer_layers_16_self_attn_in_proj_weight.zeros         type=f32        payload_B=   1572864 alloc_B=         0 nbytes_B=   1572864 cuda_free_MiB=  48063 rss_MiB=    380
MEMLEDGER event=per_tensor_regular   name=transformer_layers_16_self_attn_in_proj_weight.group_size    type=i32        payload_B=         4 alloc_B=         0 nbytes_B=         4 cuda_free_MiB=  48063 rss_MiB=    380
MEMLEDGER event=per_tensor_regular   name=transformer_layers_16_self_attn_in_proj_weight.n_groups      type=i32        payload_B=         4 alloc_B=         0 nbytes_B=         4 cuda_free_MiB=  48063 rss_MiB=    380
MEMLEDGER event=per_tensor_regular   name=transformer_layers_16_self_attn_in_proj_weight.rows          type=i32        payload_B=         4 alloc_B=         0 nbytes_B=         4 cuda_free_MiB=  48063 rss_MiB=    380
MEMLEDGER event=per_tensor_regular   name=transformer_layers_16_self_attn_in_proj_weight.cols          type=i32        payload_B=         4 alloc_B=         0 nbytes_B=         4 cuda_free_MiB=  48063 rss_MiB=    380
MEMLEDGER event=per_tensor_regular   name=transformer_layers_16_self_attn_in_proj_weight.packing_version type=i32        payload_B=         4 alloc_B=         0 nbytes_B=         4 cuda_free_MiB=  48063 rss_MiB=    380
MEMLEDGER event=bmo_subcomponent_skipped name=transformer_layers_16_gating_linear_in_weight.packed_weights type=-          payload_B=  36443136 alloc_B=         0 nbytes_B=         0 cuda_free_MiB=  48063 rss_MiB=    380
MEMLEDGER event=bmo_subcomponent_skipped name=transformer_layers_16_gating_linear_in_weight.tile_tiers     type=-          payload_B=     22528 alloc_B=         0 nbytes_B=         0 cuda_free_MiB=  48063 rss_MiB=    380
MEMLEDGER event=per_tensor_regular   name=transformer_layers_16_gating_linear_in_weight.n_tiles        type=i32        payload_B=        16 alloc_B=         0 nbytes_B=        16 cuda_free_MiB=  48063 rss_MiB=    380
MEMLEDGER event=per_tensor_regular   name=transformer_layers_16_gating_linear_in_weight.tier_offsets   type=i32        payload_B=        20 alloc_B=         0 nbytes_B=        20 cuda_free_MiB=  48063 rss_MiB=    380
MEMLEDGER event=per_tensor_regular   name=transformer_layers_16_gating_linear_in_weight.rows           type=i32        payload_B=         4 alloc_B=         0 nbytes_B=         4 cuda_free_MiB=  48063 rss_MiB=    380
MEMLEDGER event=per_tensor_regular   name=transformer_layers_16_gating_linear_in_weight.cols           type=i32        payload_B=         4 alloc_B=         0 nbytes_B=         4 cuda_free_MiB=  48063 rss_MiB=    380
MEMLEDGER event=per_tensor_regular   name=transformer_layers_16_gating_linear_in_weight.packing_version type=i32        payload_B=         4 alloc_B=         0 nbytes_B=         4 cuda_free_MiB=  48063 rss_MiB=    380
MEMLEDGER event=bmo_subcomponent_skipped name=transformer_layers_16_gating_linear_in_weight.outlier_indices type=-          payload_B=   1845492 alloc_B=         0 nbytes_B=         0 cuda_free_MiB=  48063 rss_MiB=    380
MEMLEDGER event=bmo_subcomponent_skipped name=transformer_layers_16_gating_linear_in_weight.outlier_values type=-          payload_B=    922746 alloc_B=         0 nbytes_B=         0 cuda_free_MiB=  48063 rss_MiB=    380
MEMLEDGER event=per_tensor_regular   name=transformer_layers_16_gating_linear_in_weight.n_outliers     type=i32        payload_B=         4 alloc_B=         0 nbytes_B=         4 cuda_free_MiB=  48063 rss_MiB=    380
MEMLEDGER event=per_tensor_regular   name=transformer_layers_16_gating_linear_in_weight.scale_int8     type=f32        payload_B=         4 alloc_B=         0 nbytes_B=         4 cuda_free_MiB=  48063 rss_MiB=    380
MEMLEDGER event=per_tensor_regular   name=transformer_layers_16_gating_linear_in_weight.zp_int8        type=f32        payload_B=         4 alloc_B=         0 nbytes_B=         4 cuda_free_MiB=  48063 rss_MiB=    380
MEMLEDGER event=per_tensor_regular   name=transformer_layers_16_gating_linear_in_weight.scale_int4     type=f32        payload_B=         4 alloc_B=         0 nbytes_B=         4 cuda_free_MiB=  48063 rss_MiB=    380
MEMLEDGER event=per_tensor_regular   name=transformer_layers_16_gating_linear_in_weight.zp_int4        type=f32        payload_B=         4 alloc_B=         0 nbytes_B=         4 cuda_free_MiB=  48063 rss_MiB=    380
MEMLEDGER event=per_tensor_regular   name=transformer_layers_16_gating_linear_in_weight.scale_low      type=f32        payload_B=         4 alloc_B=         0 nbytes_B=         4 cuda_free_MiB=  48063 rss_MiB=    380
MEMLEDGER event=per_tensor_regular   name=transformer_layers_16_gating_linear_in_weight.zp_low         type=f32        payload_B=         4 alloc_B=         0 nbytes_B=         4 cuda_free_MiB=  48063 rss_MiB=    380
MEMLEDGER event=bmo_subcomponent_skipped name=transformer_layers_16_gating_linear_out_weight.packed_weights type=-          payload_B=  18221056 alloc_B=         0 nbytes_B=         0 cuda_free_MiB=  48063 rss_MiB=    380
MEMLEDGER event=bmo_subcomponent_skipped name=transformer_layers_16_gating_linear_out_weight.tile_tiers    type=-          payload_B=     11264 alloc_B=         0 nbytes_B=         0 cuda_free_MiB=  48063 rss_MiB=    380
MEMLEDGER event=per_tensor_regular   name=transformer_layers_16_gating_linear_out_weight.n_tiles       type=i32        payload_B=        16 alloc_B=         0 nbytes_B=        16 cuda_free_MiB=  48063 rss_MiB=    380
MEMLEDGER event=per_tensor_regular   name=transformer_layers_16_gating_linear_out_weight.tier_offsets  type=i32        payload_B=        20 alloc_B=         0 nbytes_B=        20 cuda_free_MiB=  48063 rss_MiB=    380
MEMLEDGER event=per_tensor_regular   name=transformer_layers_16_gating_linear_out_weight.rows          type=i32        payload_B=         4 alloc_B=         0 nbytes_B=         4 cuda_free_MiB=  48063 rss_MiB=    380
MEMLEDGER event=per_tensor_regular   name=transformer_layers_16_gating_linear_out_weight.cols          type=i32        payload_B=         4 alloc_B=         0 nbytes_B=         4 cuda_free_MiB=  48063 rss_MiB=    380
MEMLEDGER event=per_tensor_regular   name=transformer_layers_16_gating_linear_out_weight.packing_version type=i32        payload_B=         4 alloc_B=         0 nbytes_B=         4 cuda_free_MiB=  48063 rss_MiB=    380
MEMLEDGER event=bmo_subcomponent_skipped name=transformer_layers_16_gating_linear_out_weight.outlier_indices type=-          payload_B=    922748 alloc_B=         0 nbytes_B=         0 cuda_free_MiB=  48063 rss_MiB=    380
MEMLEDGER event=bmo_subcomponent_skipped name=transformer_layers_16_gating_linear_out_weight.outlier_values type=-          payload_B=    461374 alloc_B=         0 nbytes_B=         0 cuda_free_MiB=  48063 rss_MiB=    380
MEMLEDGER event=per_tensor_regular   name=transformer_layers_16_gating_linear_out_weight.n_outliers    type=i32        payload_B=         4 alloc_B=         0 nbytes_B=         4 cuda_free_MiB=  48063 rss_MiB=    380
MEMLEDGER event=per_tensor_regular   name=transformer_layers_16_gating_linear_out_weight.scale_int8    type=f32        payload_B=         4 alloc_B=         0 nbytes_B=         4 cuda_free_MiB=  48063 rss_MiB=    380
MEMLEDGER event=per_tensor_regular   name=transformer_layers_16_gating_linear_out_weight.zp_int8       type=f32        payload_B=         4 alloc_B=         0 nbytes_B=         4 cuda_free_MiB=  48063 rss_MiB=    380
MEMLEDGER event=per_tensor_regular   name=transformer_layers_16_gating_linear_out_weight.scale_int4    type=f32        payload_B=         4 alloc_B=         0 nbytes_B=         4 cuda_free_MiB=  48063 rss_MiB=    380
MEMLEDGER event=per_tensor_regular   name=transformer_layers_16_gating_linear_out_weight.zp_int4       type=f32        payload_B=         4 alloc_B=         0 nbytes_B=         4 cuda_free_MiB=  48063 rss_MiB=    380
MEMLEDGER event=per_tensor_regular   name=transformer_layers_16_gating_linear_out_weight.scale_low     type=f32        payload_B=         4 alloc_B=         0 nbytes_B=         4 cuda_free_MiB=  48063 rss_MiB=    380
MEMLEDGER event=per_tensor_regular   name=transformer_layers_16_gating_linear_out_weight.zp_low        type=f32        payload_B=         4 alloc_B=         0 nbytes_B=         4 cuda_free_MiB=  48063 rss_MiB=    380
MEMLEDGER event=per_tensor_regular   name=transformer_layers_17_self_attn_in_proj_weight.packed_weights type=i8         payload_B=  25165824 alloc_B=         0 nbytes_B=  25165824 cuda_free_MiB=  48063 rss_MiB=    380
MEMLEDGER event=per_tensor_regular   name=transformer_layers_17_self_attn_in_proj_weight.scales        type=f32        payload_B=   1572864 alloc_B=         0 nbytes_B=   1572864 cuda_free_MiB=  48063 rss_MiB=    380
MEMLEDGER event=per_tensor_regular   name=transformer_layers_17_self_attn_in_proj_weight.zeros         type=f32        payload_B=   1572864 alloc_B=         0 nbytes_B=   1572864 cuda_free_MiB=  48063 rss_MiB=    380
MEMLEDGER event=per_tensor_regular   name=transformer_layers_17_self_attn_in_proj_weight.group_size    type=i32        payload_B=         4 alloc_B=         0 nbytes_B=         4 cuda_free_MiB=  48063 rss_MiB=    380
MEMLEDGER event=per_tensor_regular   name=transformer_layers_17_self_attn_in_proj_weight.n_groups      type=i32        payload_B=         4 alloc_B=         0 nbytes_B=         4 cuda_free_MiB=  48063 rss_MiB=    380
MEMLEDGER event=per_tensor_regular   name=transformer_layers_17_self_attn_in_proj_weight.rows          type=i32        payload_B=         4 alloc_B=         0 nbytes_B=         4 cuda_free_MiB=  48063 rss_MiB=    380
MEMLEDGER event=per_tensor_regular   name=transformer_layers_17_self_attn_in_proj_weight.cols          type=i32        payload_B=         4 alloc_B=         0 nbytes_B=         4 cuda_free_MiB=  48063 rss_MiB=    380
MEMLEDGER event=per_tensor_regular   name=transformer_layers_17_self_attn_in_proj_weight.packing_version type=i32        payload_B=         4 alloc_B=         0 nbytes_B=         4 cuda_free_MiB=  48063 rss_MiB=    380
MEMLEDGER event=bmo_subcomponent_skipped name=transformer_layers_17_gating_linear_in_weight.packed_weights type=-          payload_B=  36443136 alloc_B=         0 nbytes_B=         0 cuda_free_MiB=  48063 rss_MiB=    380
MEMLEDGER event=bmo_subcomponent_skipped name=transformer_layers_17_gating_linear_in_weight.tile_tiers     type=-          payload_B=     22528 alloc_B=         0 nbytes_B=         0 cuda_free_MiB=  48063 rss_MiB=    380
MEMLEDGER event=per_tensor_regular   name=transformer_layers_17_gating_linear_in_weight.n_tiles        type=i32        payload_B=        16 alloc_B=         0 nbytes_B=        16 cuda_free_MiB=  48063 rss_MiB=    380
MEMLEDGER event=per_tensor_regular   name=transformer_layers_17_gating_linear_in_weight.tier_offsets   type=i32        payload_B=        20 alloc_B=         0 nbytes_B=        20 cuda_free_MiB=  48063 rss_MiB=    380
MEMLEDGER event=per_tensor_regular   name=transformer_layers_17_gating_linear_in_weight.rows           type=i32        payload_B=         4 alloc_B=         0 nbytes_B=         4 cuda_free_MiB=  48063 rss_MiB=    380
MEMLEDGER event=per_tensor_regular   name=transformer_layers_17_gating_linear_in_weight.cols           type=i32        payload_B=         4 alloc_B=         0 nbytes_B=         4 cuda_free_MiB=  48063 rss_MiB=    380
MEMLEDGER event=per_tensor_regular   name=transformer_layers_17_gating_linear_in_weight.packing_version type=i32        payload_B=         4 alloc_B=         0 nbytes_B=         4 cuda_free_MiB=  48063 rss_MiB=    380
MEMLEDGER event=bmo_subcomponent_skipped name=transformer_layers_17_gating_linear_in_weight.outlier_indices type=-          payload_B=   1845492 alloc_B=         0 nbytes_B=         0 cuda_free_MiB=  48063 rss_MiB=    380
MEMLEDGER event=bmo_subcomponent_skipped name=transformer_layers_17_gating_linear_in_weight.outlier_values type=-          payload_B=    922746 alloc_B=         0 nbytes_B=         0 cuda_free_MiB=  48063 rss_MiB=    380
MEMLEDGER event=per_tensor_regular   name=transformer_layers_17_gating_linear_in_weight.n_outliers     type=i32        payload_B=         4 alloc_B=         0 nbytes_B=         4 cuda_free_MiB=  48063 rss_MiB=    380
MEMLEDGER event=per_tensor_regular   name=transformer_layers_17_gating_linear_in_weight.scale_int8     type=f32        payload_B=         4 alloc_B=         0 nbytes_B=         4 cuda_free_MiB=  48063 rss_MiB=    380
MEMLEDGER event=per_tensor_regular   name=transformer_layers_17_gating_linear_in_weight.zp_int8        type=f32        payload_B=         4 alloc_B=         0 nbytes_B=         4 cuda_free_MiB=  48063 rss_MiB=    380
MEMLEDGER event=per_tensor_regular   name=transformer_layers_17_gating_linear_in_weight.scale_int4     type=f32        payload_B=         4 alloc_B=         0 nbytes_B=         4 cuda_free_MiB=  48063 rss_MiB=    380
MEMLEDGER event=per_tensor_regular   name=transformer_layers_17_gating_linear_in_weight.zp_int4        type=f32        payload_B=         4 alloc_B=         0 nbytes_B=         4 cuda_free_MiB=  48063 rss_MiB=    380
MEMLEDGER event=per_tensor_regular   name=transformer_layers_17_gating_linear_in_weight.scale_low      type=f32        payload_B=         4 alloc_B=         0 nbytes_B=         4 cuda_free_MiB=  48063 rss_MiB=    380
MEMLEDGER event=per_tensor_regular   name=transformer_layers_17_gating_linear_in_weight.zp_low         type=f32        payload_B=         4 alloc_B=         0 nbytes_B=         4 cuda_free_MiB=  48063 rss_MiB=    380
MEMLEDGER event=bmo_subcomponent_skipped name=transformer_layers_17_gating_linear_out_weight.packed_weights type=-          payload_B=  18221056 alloc_B=         0 nbytes_B=         0 cuda_free_MiB=  48063 rss_MiB=    380
MEMLEDGER event=bmo_subcomponent_skipped name=transformer_layers_17_gating_linear_out_weight.tile_tiers    type=-          payload_B=     11264 alloc_B=         0 nbytes_B=         0 cuda_free_MiB=  48063 rss_MiB=    380
MEMLEDGER event=per_tensor_regular   name=transformer_layers_17_gating_linear_out_weight.n_tiles       type=i32        payload_B=        16 alloc_B=         0 nbytes_B=        16 cuda_free_MiB=  48063 rss_MiB=    380
MEMLEDGER event=per_tensor_regular   name=transformer_layers_17_gating_linear_out_weight.tier_offsets  type=i32        payload_B=        20 alloc_B=         0 nbytes_B=        20 cuda_free_MiB=  48063 rss_MiB=    380
MEMLEDGER event=per_tensor_regular   name=transformer_layers_17_gating_linear_out_weight.rows          type=i32        payload_B=         4 alloc_B=         0 nbytes_B=         4 cuda_free_MiB=  48063 rss_MiB=    380
MEMLEDGER event=per_tensor_regular   name=transformer_layers_17_gating_linear_out_weight.cols          type=i32        payload_B=         4 alloc_B=         0 nbytes_B=         4 cuda_free_MiB=  48063 rss_MiB=    380
MEMLEDGER event=per_tensor_regular   name=transformer_layers_17_gating_linear_out_weight.packing_version type=i32        payload_B=         4 alloc_B=         0 nbytes_B=         4 cuda_free_MiB=  48063 rss_MiB=    380
MEMLEDGER event=bmo_subcomponent_skipped name=transformer_layers_17_gating_linear_out_weight.outlier_indices type=-          payload_B=    922748 alloc_B=         0 nbytes_B=         0 cuda_free_MiB=  48063 rss_MiB=    380
MEMLEDGER event=bmo_subcomponent_skipped name=transformer_layers_17_gating_linear_out_weight.outlier_values type=-          payload_B=    461374 alloc_B=         0 nbytes_B=         0 cuda_free_MiB=  48063 rss_MiB=    380
MEMLEDGER event=per_tensor_regular   name=transformer_layers_17_gating_linear_out_weight.n_outliers    type=i32        payload_B=         4 alloc_B=         0 nbytes_B=         4 cuda_free_MiB=  48063 rss_MiB=    380
MEMLEDGER event=per_tensor_regular   name=transformer_layers_17_gating_linear_out_weight.scale_int8    type=f32        payload_B=         4 alloc_B=         0 nbytes_B=         4 cuda_free_MiB=  48063 rss_MiB=    380
MEMLEDGER event=per_tensor_regular   name=transformer_layers_17_gating_linear_out_weight.zp_int8       type=f32        payload_B=         4 alloc_B=         0 nbytes_B=         4 cuda_free_MiB=  48063 rss_MiB=    380
MEMLEDGER event=per_tensor_regular   name=transformer_layers_17_gating_linear_out_weight.scale_int4    type=f32        payload_B=         4 alloc_B=         0 nbytes_B=         4 cuda_free_MiB=  48063 rss_MiB=    380
MEMLEDGER event=per_tensor_regular   name=transformer_layers_17_gating_linear_out_weight.zp_int4       type=f32        payload_B=         4 alloc_B=         0 nbytes_B=         4 cuda_free_MiB=  48063 rss_MiB=    380
MEMLEDGER event=per_tensor_regular   name=transformer_layers_17_gating_linear_out_weight.scale_low     type=f32        payload_B=         4 alloc_B=         0 nbytes_B=         4 cuda_free_MiB=  48063 rss_MiB=    380
MEMLEDGER event=per_tensor_regular   name=transformer_layers_17_gating_linear_out_weight.zp_low        type=f32        payload_B=         4 alloc_B=         0 nbytes_B=         4 cuda_free_MiB=  48063 rss_MiB=    380
MEMLEDGER event=per_tensor_regular   name=transformer_layers_18_self_attn_in_proj_weight.packed_weights type=i8         payload_B=  25165824 alloc_B=         0 nbytes_B=  25165824 cuda_free_MiB=  48063 rss_MiB=    380
MEMLEDGER event=per_tensor_regular   name=transformer_layers_18_self_attn_in_proj_weight.scales        type=f32        payload_B=   1572864 alloc_B=         0 nbytes_B=   1572864 cuda_free_MiB=  48063 rss_MiB=    380
MEMLEDGER event=per_tensor_regular   name=transformer_layers_18_self_attn_in_proj_weight.zeros         type=f32        payload_B=   1572864 alloc_B=         0 nbytes_B=   1572864 cuda_free_MiB=  48063 rss_MiB=    380
MEMLEDGER event=per_tensor_regular   name=transformer_layers_18_self_attn_in_proj_weight.group_size    type=i32        payload_B=         4 alloc_B=         0 nbytes_B=         4 cuda_free_MiB=  48063 rss_MiB=    380
MEMLEDGER event=per_tensor_regular   name=transformer_layers_18_self_attn_in_proj_weight.n_groups      type=i32        payload_B=         4 alloc_B=         0 nbytes_B=         4 cuda_free_MiB=  48063 rss_MiB=    380
MEMLEDGER event=per_tensor_regular   name=transformer_layers_18_self_attn_in_proj_weight.rows          type=i32        payload_B=         4 alloc_B=         0 nbytes_B=         4 cuda_free_MiB=  48063 rss_MiB=    380
MEMLEDGER event=per_tensor_regular   name=transformer_layers_18_self_attn_in_proj_weight.cols          type=i32        payload_B=         4 alloc_B=         0 nbytes_B=         4 cuda_free_MiB=  48063 rss_MiB=    380
MEMLEDGER event=per_tensor_regular   name=transformer_layers_18_self_attn_in_proj_weight.packing_version type=i32        payload_B=         4 alloc_B=         0 nbytes_B=         4 cuda_free_MiB=  48063 rss_MiB=    380
MEMLEDGER event=bmo_subcomponent_skipped name=transformer_layers_18_gating_linear_in_weight.packed_weights type=-          payload_B=  36443136 alloc_B=         0 nbytes_B=         0 cuda_free_MiB=  48063 rss_MiB=    380
MEMLEDGER event=bmo_subcomponent_skipped name=transformer_layers_18_gating_linear_in_weight.tile_tiers     type=-          payload_B=     22528 alloc_B=         0 nbytes_B=         0 cuda_free_MiB=  48063 rss_MiB=    380
MEMLEDGER event=per_tensor_regular   name=transformer_layers_18_gating_linear_in_weight.n_tiles        type=i32        payload_B=        16 alloc_B=         0 nbytes_B=        16 cuda_free_MiB=  48063 rss_MiB=    380
MEMLEDGER event=per_tensor_regular   name=transformer_layers_18_gating_linear_in_weight.tier_offsets   type=i32        payload_B=        20 alloc_B=         0 nbytes_B=        20 cuda_free_MiB=  48063 rss_MiB=    380
MEMLEDGER event=per_tensor_regular   name=transformer_layers_18_gating_linear_in_weight.rows           type=i32        payload_B=         4 alloc_B=         0 nbytes_B=         4 cuda_free_MiB=  48063 rss_MiB=    380
MEMLEDGER event=per_tensor_regular   name=transformer_layers_18_gating_linear_in_weight.cols           type=i32        payload_B=         4 alloc_B=         0 nbytes_B=         4 cuda_free_MiB=  48063 rss_MiB=    380
MEMLEDGER event=per_tensor_regular   name=transformer_layers_18_gating_linear_in_weight.packing_version type=i32        payload_B=         4 alloc_B=         0 nbytes_B=         4 cuda_free_MiB=  48063 rss_MiB=    380
MEMLEDGER event=bmo_subcomponent_skipped name=transformer_layers_18_gating_linear_in_weight.outlier_indices type=-          payload_B=   1845492 alloc_B=         0 nbytes_B=         0 cuda_free_MiB=  48063 rss_MiB=    380
MEMLEDGER event=bmo_subcomponent_skipped name=transformer_layers_18_gating_linear_in_weight.outlier_values type=-          payload_B=    922746 alloc_B=         0 nbytes_B=         0 cuda_free_MiB=  48063 rss_MiB=    380
MEMLEDGER event=per_tensor_regular   name=transformer_layers_18_gating_linear_in_weight.n_outliers     type=i32        payload_B=         4 alloc_B=         0 nbytes_B=         4 cuda_free_MiB=  48063 rss_MiB=    380
MEMLEDGER event=per_tensor_regular   name=transformer_layers_18_gating_linear_in_weight.scale_int8     type=f32        payload_B=         4 alloc_B=         0 nbytes_B=         4 cuda_free_MiB=  48063 rss_MiB=    380
MEMLEDGER event=per_tensor_regular   name=transformer_layers_18_gating_linear_in_weight.zp_int8        type=f32        payload_B=         4 alloc_B=         0 nbytes_B=         4 cuda_free_MiB=  48063 rss_MiB=    380
MEMLEDGER event=per_tensor_regular   name=transformer_layers_18_gating_linear_in_weight.scale_int4     type=f32        payload_B=         4 alloc_B=         0 nbytes_B=         4 cuda_free_MiB=  48063 rss_MiB=    380
MEMLEDGER event=per_tensor_regular   name=transformer_layers_18_gating_linear_in_weight.zp_int4        type=f32        payload_B=         4 alloc_B=         0 nbytes_B=         4 cuda_free_MiB=  48063 rss_MiB=    380
MEMLEDGER event=per_tensor_regular   name=transformer_layers_18_gating_linear_in_weight.scale_low      type=f32        payload_B=         4 alloc_B=         0 nbytes_B=         4 cuda_free_MiB=  48063 rss_MiB=    380
MEMLEDGER event=per_tensor_regular   name=transformer_layers_18_gating_linear_in_weight.zp_low         type=f32        payload_B=         4 alloc_B=         0 nbytes_B=         4 cuda_free_MiB=  48063 rss_MiB=    380
MEMLEDGER event=bmo_subcomponent_skipped name=transformer_layers_18_gating_linear_out_weight.packed_weights type=-          payload_B=  18221056 alloc_B=         0 nbytes_B=         0 cuda_free_MiB=  48063 rss_MiB=    380
MEMLEDGER event=bmo_subcomponent_skipped name=transformer_layers_18_gating_linear_out_weight.tile_tiers    type=-          payload_B=     11264 alloc_B=         0 nbytes_B=         0 cuda_free_MiB=  48063 rss_MiB=    380
MEMLEDGER event=per_tensor_regular   name=transformer_layers_18_gating_linear_out_weight.n_tiles       type=i32        payload_B=        16 alloc_B=         0 nbytes_B=        16 cuda_free_MiB=  48063 rss_MiB=    380
MEMLEDGER event=per_tensor_regular   name=transformer_layers_18_gating_linear_out_weight.tier_offsets  type=i32        payload_B=        20 alloc_B=         0 nbytes_B=        20 cuda_free_MiB=  48063 rss_MiB=    380
MEMLEDGER event=per_tensor_regular   name=transformer_layers_18_gating_linear_out_weight.rows          type=i32        payload_B=         4 alloc_B=         0 nbytes_B=         4 cuda_free_MiB=  48063 rss_MiB=    380
MEMLEDGER event=per_tensor_regular   name=transformer_layers_18_gating_linear_out_weight.cols          type=i32        payload_B=         4 alloc_B=         0 nbytes_B=         4 cuda_free_MiB=  48063 rss_MiB=    380
MEMLEDGER event=per_tensor_regular   name=transformer_layers_18_gating_linear_out_weight.packing_version type=i32        payload_B=         4 alloc_B=         0 nbytes_B=         4 cuda_free_MiB=  48063 rss_MiB=    380
MEMLEDGER event=bmo_subcomponent_skipped name=transformer_layers_18_gating_linear_out_weight.outlier_indices type=-          payload_B=    922748 alloc_B=         0 nbytes_B=         0 cuda_free_MiB=  48063 rss_MiB=    380
MEMLEDGER event=bmo_subcomponent_skipped name=transformer_layers_18_gating_linear_out_weight.outlier_values type=-          payload_B=    461374 alloc_B=         0 nbytes_B=         0 cuda_free_MiB=  48063 rss_MiB=    380
MEMLEDGER event=per_tensor_regular   name=transformer_layers_18_gating_linear_out_weight.n_outliers    type=i32        payload_B=         4 alloc_B=         0 nbytes_B=         4 cuda_free_MiB=  48063 rss_MiB=    380
MEMLEDGER event=per_tensor_regular   name=transformer_layers_18_gating_linear_out_weight.scale_int8    type=f32        payload_B=         4 alloc_B=         0 nbytes_B=         4 cuda_free_MiB=  48063 rss_MiB=    380
MEMLEDGER event=per_tensor_regular   name=transformer_layers_18_gating_linear_out_weight.zp_int8       type=f32        payload_B=         4 alloc_B=         0 nbytes_B=         4 cuda_free_MiB=  48063 rss_MiB=    380
MEMLEDGER event=per_tensor_regular   name=transformer_layers_18_gating_linear_out_weight.scale_int4    type=f32        payload_B=         4 alloc_B=         0 nbytes_B=         4 cuda_free_MiB=  48063 rss_MiB=    380
MEMLEDGER event=per_tensor_regular   name=transformer_layers_18_gating_linear_out_weight.zp_int4       type=f32        payload_B=         4 alloc_B=         0 nbytes_B=         4 cuda_free_MiB=  48063 rss_MiB=    380
MEMLEDGER event=per_tensor_regular   name=transformer_layers_18_gating_linear_out_weight.scale_low     type=f32        payload_B=         4 alloc_B=         0 nbytes_B=         4 cuda_free_MiB=  48063 rss_MiB=    380
MEMLEDGER event=per_tensor_regular   name=transformer_layers_18_gating_linear_out_weight.zp_low        type=f32        payload_B=         4 alloc_B=         0 nbytes_B=         4 cuda_free_MiB=  48063 rss_MiB=    380
MEMLEDGER event=per_tensor_regular   name=transformer_layers_19_self_attn_in_proj_weight.packed_weights type=i8         payload_B=  25165824 alloc_B=         0 nbytes_B=  25165824 cuda_free_MiB=  48063 rss_MiB=    380
MEMLEDGER event=per_tensor_regular   name=transformer_layers_19_self_attn_in_proj_weight.scales        type=f32        payload_B=   1572864 alloc_B=         0 nbytes_B=   1572864 cuda_free_MiB=  48063 rss_MiB=    380
MEMLEDGER event=per_tensor_regular   name=transformer_layers_19_self_attn_in_proj_weight.zeros         type=f32        payload_B=   1572864 alloc_B=         0 nbytes_B=   1572864 cuda_free_MiB=  48063 rss_MiB=    380
MEMLEDGER event=per_tensor_regular   name=transformer_layers_19_self_attn_in_proj_weight.group_size    type=i32        payload_B=         4 alloc_B=         0 nbytes_B=         4 cuda_free_MiB=  48063 rss_MiB=    380
MEMLEDGER event=per_tensor_regular   name=transformer_layers_19_self_attn_in_proj_weight.n_groups      type=i32        payload_B=         4 alloc_B=         0 nbytes_B=         4 cuda_free_MiB=  48063 rss_MiB=    380
MEMLEDGER event=per_tensor_regular   name=transformer_layers_19_self_attn_in_proj_weight.rows          type=i32        payload_B=         4 alloc_B=         0 nbytes_B=         4 cuda_free_MiB=  48063 rss_MiB=    380
MEMLEDGER event=per_tensor_regular   name=transformer_layers_19_self_attn_in_proj_weight.cols          type=i32        payload_B=         4 alloc_B=         0 nbytes_B=         4 cuda_free_MiB=  48063 rss_MiB=    380
MEMLEDGER event=per_tensor_regular   name=transformer_layers_19_self_attn_in_proj_weight.packing_version type=i32        payload_B=         4 alloc_B=         0 nbytes_B=         4 cuda_free_MiB=  48063 rss_MiB=    380
MEMLEDGER event=bmo_subcomponent_skipped name=transformer_layers_19_gating_linear_in_weight.packed_weights type=-          payload_B=  36443136 alloc_B=         0 nbytes_B=         0 cuda_free_MiB=  48063 rss_MiB=    380
MEMLEDGER event=bmo_subcomponent_skipped name=transformer_layers_19_gating_linear_in_weight.tile_tiers     type=-          payload_B=     22528 alloc_B=         0 nbytes_B=         0 cuda_free_MiB=  48063 rss_MiB=    380
MEMLEDGER event=per_tensor_regular   name=transformer_layers_19_gating_linear_in_weight.n_tiles        type=i32        payload_B=        16 alloc_B=         0 nbytes_B=        16 cuda_free_MiB=  48063 rss_MiB=    380
MEMLEDGER event=per_tensor_regular   name=transformer_layers_19_gating_linear_in_weight.tier_offsets   type=i32        payload_B=        20 alloc_B=         0 nbytes_B=        20 cuda_free_MiB=  48063 rss_MiB=    380
MEMLEDGER event=per_tensor_regular   name=transformer_layers_19_gating_linear_in_weight.rows           type=i32        payload_B=         4 alloc_B=         0 nbytes_B=         4 cuda_free_MiB=  48063 rss_MiB=    380
MEMLEDGER event=per_tensor_regular   name=transformer_layers_19_gating_linear_in_weight.cols           type=i32        payload_B=         4 alloc_B=         0 nbytes_B=         4 cuda_free_MiB=  48063 rss_MiB=    380
MEMLEDGER event=per_tensor_regular   name=transformer_layers_19_gating_linear_in_weight.packing_version type=i32        payload_B=         4 alloc_B=         0 nbytes_B=         4 cuda_free_MiB=  48063 rss_MiB=    380
MEMLEDGER event=bmo_subcomponent_skipped name=transformer_layers_19_gating_linear_in_weight.outlier_indices type=-          payload_B=   1845492 alloc_B=         0 nbytes_B=         0 cuda_free_MiB=  48063 rss_MiB=    380
MEMLEDGER event=bmo_subcomponent_skipped name=transformer_layers_19_gating_linear_in_weight.outlier_values type=-          payload_B=    922746 alloc_B=         0 nbytes_B=         0 cuda_free_MiB=  48063 rss_MiB=    380
MEMLEDGER event=per_tensor_regular   name=transformer_layers_19_gating_linear_in_weight.n_outliers     type=i32        payload_B=         4 alloc_B=         0 nbytes_B=         4 cuda_free_MiB=  48063 rss_MiB=    380
MEMLEDGER event=per_tensor_regular   name=transformer_layers_19_gating_linear_in_weight.scale_int8     type=f32        payload_B=         4 alloc_B=         0 nbytes_B=         4 cuda_free_MiB=  48063 rss_MiB=    380
MEMLEDGER event=per_tensor_regular   name=transformer_layers_19_gating_linear_in_weight.zp_int8        type=f32        payload_B=         4 alloc_B=         0 nbytes_B=         4 cuda_free_MiB=  48063 rss_MiB=    380
MEMLEDGER event=per_tensor_regular   name=transformer_layers_19_gating_linear_in_weight.scale_int4     type=f32        payload_B=         4 alloc_B=         0 nbytes_B=         4 cuda_free_MiB=  48063 rss_MiB=    380
MEMLEDGER event=per_tensor_regular   name=transformer_layers_19_gating_linear_in_weight.zp_int4        type=f32        payload_B=         4 alloc_B=         0 nbytes_B=         4 cuda_free_MiB=  48063 rss_MiB=    380
MEMLEDGER event=per_tensor_regular   name=transformer_layers_19_gating_linear_in_weight.scale_low      type=f32        payload_B=         4 alloc_B=         0 nbytes_B=         4 cuda_free_MiB=  48063 rss_MiB=    380
MEMLEDGER event=per_tensor_regular   name=transformer_layers_19_gating_linear_in_weight.zp_low         type=f32        payload_B=         4 alloc_B=         0 nbytes_B=         4 cuda_free_MiB=  48063 rss_MiB=    380
MEMLEDGER event=bmo_subcomponent_skipped name=transformer_layers_19_gating_linear_out_weight.packed_weights type=-          payload_B=  18221056 alloc_B=         0 nbytes_B=         0 cuda_free_MiB=  48063 rss_MiB=    380
MEMLEDGER event=bmo_subcomponent_skipped name=transformer_layers_19_gating_linear_out_weight.tile_tiers    type=-          payload_B=     11264 alloc_B=         0 nbytes_B=         0 cuda_free_MiB=  48063 rss_MiB=    380
MEMLEDGER event=per_tensor_regular   name=transformer_layers_19_gating_linear_out_weight.n_tiles       type=i32        payload_B=        16 alloc_B=         0 nbytes_B=        16 cuda_free_MiB=  48063 rss_MiB=    380
MEMLEDGER event=per_tensor_regular   name=transformer_layers_19_gating_linear_out_weight.tier_offsets  type=i32        payload_B=        20 alloc_B=         0 nbytes_B=        20 cuda_free_MiB=  48063 rss_MiB=    380
MEMLEDGER event=per_tensor_regular   name=transformer_layers_19_gating_linear_out_weight.rows          type=i32        payload_B=         4 alloc_B=         0 nbytes_B=         4 cuda_free_MiB=  48063 rss_MiB=    380
MEMLEDGER event=per_tensor_regular   name=transformer_layers_19_gating_linear_out_weight.cols          type=i32        payload_B=         4 alloc_B=         0 nbytes_B=         4 cuda_free_MiB=  48063 rss_MiB=    380
MEMLEDGER event=per_tensor_regular   name=transformer_layers_19_gating_linear_out_weight.packing_version type=i32        payload_B=         4 alloc_B=         0 nbytes_B=         4 cuda_free_MiB=  48063 rss_MiB=    380
MEMLEDGER event=bmo_subcomponent_skipped name=transformer_layers_19_gating_linear_out_weight.outlier_indices type=-          payload_B=    922748 alloc_B=         0 nbytes_B=         0 cuda_free_MiB=  48063 rss_MiB=    380
MEMLEDGER event=bmo_subcomponent_skipped name=transformer_layers_19_gating_linear_out_weight.outlier_values type=-          payload_B=    461374 alloc_B=         0 nbytes_B=         0 cuda_free_MiB=  48063 rss_MiB=    380
MEMLEDGER event=per_tensor_regular   name=transformer_layers_19_gating_linear_out_weight.n_outliers    type=i32        payload_B=         4 alloc_B=         0 nbytes_B=         4 cuda_free_MiB=  48063 rss_MiB=    380
MEMLEDGER event=per_tensor_regular   name=transformer_layers_19_gating_linear_out_weight.scale_int8    type=f32        payload_B=         4 alloc_B=         0 nbytes_B=         4 cuda_free_MiB=  48063 rss_MiB=    380
MEMLEDGER event=per_tensor_regular   name=transformer_layers_19_gating_linear_out_weight.zp_int8       type=f32        payload_B=         4 alloc_B=         0 nbytes_B=         4 cuda_free_MiB=  48063 rss_MiB=    380
MEMLEDGER event=per_tensor_regular   name=transformer_layers_19_gating_linear_out_weight.scale_int4    type=f32        payload_B=         4 alloc_B=         0 nbytes_B=         4 cuda_free_MiB=  48063 rss_MiB=    380
MEMLEDGER event=per_tensor_regular   name=transformer_layers_19_gating_linear_out_weight.zp_int4       type=f32        payload_B=         4 alloc_B=         0 nbytes_B=         4 cuda_free_MiB=  48063 rss_MiB=    380
MEMLEDGER event=per_tensor_regular   name=transformer_layers_19_gating_linear_out_weight.scale_low     type=f32        payload_B=         4 alloc_B=         0 nbytes_B=         4 cuda_free_MiB=  48063 rss_MiB=    380
MEMLEDGER event=per_tensor_regular   name=transformer_layers_19_gating_linear_out_weight.zp_low        type=f32        payload_B=         4 alloc_B=         0 nbytes_B=         4 cuda_free_MiB=  48063 rss_MiB=    380
MEMLEDGER event=per_tensor_regular   name=transformer_layers_20_self_attn_in_proj_weight.packed_weights type=i8         payload_B=  25165824 alloc_B=         0 nbytes_B=  25165824 cuda_free_MiB=  48063 rss_MiB=    380
MEMLEDGER event=per_tensor_regular   name=transformer_layers_20_self_attn_in_proj_weight.scales        type=f32        payload_B=   1572864 alloc_B=         0 nbytes_B=   1572864 cuda_free_MiB=  48063 rss_MiB=    380
MEMLEDGER event=per_tensor_regular   name=transformer_layers_20_self_attn_in_proj_weight.zeros         type=f32        payload_B=   1572864 alloc_B=         0 nbytes_B=   1572864 cuda_free_MiB=  48063 rss_MiB=    380
MEMLEDGER event=per_tensor_regular   name=transformer_layers_20_self_attn_in_proj_weight.group_size    type=i32        payload_B=         4 alloc_B=         0 nbytes_B=         4 cuda_free_MiB=  48063 rss_MiB=    380
MEMLEDGER event=per_tensor_regular   name=transformer_layers_20_self_attn_in_proj_weight.n_groups      type=i32        payload_B=         4 alloc_B=         0 nbytes_B=         4 cuda_free_MiB=  48063 rss_MiB=    380
MEMLEDGER event=per_tensor_regular   name=transformer_layers_20_self_attn_in_proj_weight.rows          type=i32        payload_B=         4 alloc_B=         0 nbytes_B=         4 cuda_free_MiB=  48063 rss_MiB=    380
MEMLEDGER event=per_tensor_regular   name=transformer_layers_20_self_attn_in_proj_weight.cols          type=i32        payload_B=         4 alloc_B=         0 nbytes_B=         4 cuda_free_MiB=  48063 rss_MiB=    380
MEMLEDGER event=per_tensor_regular   name=transformer_layers_20_self_attn_in_proj_weight.packing_version type=i32        payload_B=         4 alloc_B=         0 nbytes_B=         4 cuda_free_MiB=  48063 rss_MiB=    380
MEMLEDGER event=bmo_subcomponent_skipped name=transformer_layers_20_gating_linear_in_weight.packed_weights type=-          payload_B=  36443136 alloc_B=         0 nbytes_B=         0 cuda_free_MiB=  48063 rss_MiB=    380
MEMLEDGER event=bmo_subcomponent_skipped name=transformer_layers_20_gating_linear_in_weight.tile_tiers     type=-          payload_B=     22528 alloc_B=         0 nbytes_B=         0 cuda_free_MiB=  48063 rss_MiB=    380
MEMLEDGER event=per_tensor_regular   name=transformer_layers_20_gating_linear_in_weight.n_tiles        type=i32        payload_B=        16 alloc_B=         0 nbytes_B=        16 cuda_free_MiB=  48063 rss_MiB=    380
MEMLEDGER event=per_tensor_regular   name=transformer_layers_20_gating_linear_in_weight.tier_offsets   type=i32        payload_B=        20 alloc_B=         0 nbytes_B=        20 cuda_free_MiB=  48063 rss_MiB=    380
MEMLEDGER event=per_tensor_regular   name=transformer_layers_20_gating_linear_in_weight.rows           type=i32        payload_B=         4 alloc_B=         0 nbytes_B=         4 cuda_free_MiB=  48063 rss_MiB=    380
MEMLEDGER event=per_tensor_regular   name=transformer_layers_20_gating_linear_in_weight.cols           type=i32        payload_B=         4 alloc_B=         0 nbytes_B=         4 cuda_free_MiB=  48063 rss_MiB=    380
MEMLEDGER event=per_tensor_regular   name=transformer_layers_20_gating_linear_in_weight.packing_version type=i32        payload_B=         4 alloc_B=         0 nbytes_B=         4 cuda_free_MiB=  48063 rss_MiB=    380
MEMLEDGER event=bmo_subcomponent_skipped name=transformer_layers_20_gating_linear_in_weight.outlier_indices type=-          payload_B=   1845492 alloc_B=         0 nbytes_B=         0 cuda_free_MiB=  48063 rss_MiB=    380
MEMLEDGER event=bmo_subcomponent_skipped name=transformer_layers_20_gating_linear_in_weight.outlier_values type=-          payload_B=    922746 alloc_B=         0 nbytes_B=         0 cuda_free_MiB=  48063 rss_MiB=    380
MEMLEDGER event=per_tensor_regular   name=transformer_layers_20_gating_linear_in_weight.n_outliers     type=i32        payload_B=         4 alloc_B=         0 nbytes_B=         4 cuda_free_MiB=  48063 rss_MiB=    380
MEMLEDGER event=per_tensor_regular   name=transformer_layers_20_gating_linear_in_weight.scale_int8     type=f32        payload_B=         4 alloc_B=         0 nbytes_B=         4 cuda_free_MiB=  48063 rss_MiB=    380
MEMLEDGER event=per_tensor_regular   name=transformer_layers_20_gating_linear_in_weight.zp_int8        type=f32        payload_B=         4 alloc_B=         0 nbytes_B=         4 cuda_free_MiB=  48063 rss_MiB=    380
MEMLEDGER event=per_tensor_regular   name=transformer_layers_20_gating_linear_in_weight.scale_int4     type=f32        payload_B=         4 alloc_B=         0 nbytes_B=         4 cuda_free_MiB=  48063 rss_MiB=    380
MEMLEDGER event=per_tensor_regular   name=transformer_layers_20_gating_linear_in_weight.zp_int4        type=f32        payload_B=         4 alloc_B=         0 nbytes_B=         4 cuda_free_MiB=  48063 rss_MiB=    380
MEMLEDGER event=per_tensor_regular   name=transformer_layers_20_gating_linear_in_weight.scale_low      type=f32        payload_B=         4 alloc_B=         0 nbytes_B=         4 cuda_free_MiB=  48063 rss_MiB=    380
MEMLEDGER event=per_tensor_regular   name=transformer_layers_20_gating_linear_in_weight.zp_low         type=f32        payload_B=         4 alloc_B=         0 nbytes_B=         4 cuda_free_MiB=  48063 rss_MiB=    380
MEMLEDGER event=bmo_subcomponent_skipped name=transformer_layers_20_gating_linear_out_weight.packed_weights type=-          payload_B=  18221056 alloc_B=         0 nbytes_B=         0 cuda_free_MiB=  48063 rss_MiB=    380
MEMLEDGER event=bmo_subcomponent_skipped name=transformer_layers_20_gating_linear_out_weight.tile_tiers    type=-          payload_B=     11264 alloc_B=         0 nbytes_B=         0 cuda_free_MiB=  48063 rss_MiB=    380
MEMLEDGER event=per_tensor_regular   name=transformer_layers_20_gating_linear_out_weight.n_tiles       type=i32        payload_B=        16 alloc_B=         0 nbytes_B=        16 cuda_free_MiB=  48063 rss_MiB=    380
MEMLEDGER event=per_tensor_regular   name=transformer_layers_20_gating_linear_out_weight.tier_offsets  type=i32        payload_B=        20 alloc_B=         0 nbytes_B=        20 cuda_free_MiB=  48063 rss_MiB=    380
MEMLEDGER event=per_tensor_regular   name=transformer_layers_20_gating_linear_out_weight.rows          type=i32        payload_B=         4 alloc_B=         0 nbytes_B=         4 cuda_free_MiB=  48063 rss_MiB=    380
MEMLEDGER event=per_tensor_regular   name=transformer_layers_20_gating_linear_out_weight.cols          type=i32        payload_B=         4 alloc_B=         0 nbytes_B=         4 cuda_free_MiB=  48063 rss_MiB=    380
MEMLEDGER event=per_tensor_regular   name=transformer_layers_20_gating_linear_out_weight.packing_version type=i32        payload_B=         4 alloc_B=         0 nbytes_B=         4 cuda_free_MiB=  48063 rss_MiB=    380
MEMLEDGER event=bmo_subcomponent_skipped name=transformer_layers_20_gating_linear_out_weight.outlier_indices type=-          payload_B=    922748 alloc_B=         0 nbytes_B=         0 cuda_free_MiB=  48063 rss_MiB=    380
MEMLEDGER event=bmo_subcomponent_skipped name=transformer_layers_20_gating_linear_out_weight.outlier_values type=-          payload_B=    461374 alloc_B=         0 nbytes_B=         0 cuda_free_MiB=  48063 rss_MiB=    380
MEMLEDGER event=per_tensor_regular   name=transformer_layers_20_gating_linear_out_weight.n_outliers    type=i32        payload_B=         4 alloc_B=         0 nbytes_B=         4 cuda_free_MiB=  48063 rss_MiB=    380
MEMLEDGER event=per_tensor_regular   name=transformer_layers_20_gating_linear_out_weight.scale_int8    type=f32        payload_B=         4 alloc_B=         0 nbytes_B=         4 cuda_free_MiB=  48063 rss_MiB=    380
MEMLEDGER event=per_tensor_regular   name=transformer_layers_20_gating_linear_out_weight.zp_int8       type=f32        payload_B=         4 alloc_B=         0 nbytes_B=         4 cuda_free_MiB=  48063 rss_MiB=    380
MEMLEDGER event=per_tensor_regular   name=transformer_layers_20_gating_linear_out_weight.scale_int4    type=f32        payload_B=         4 alloc_B=         0 nbytes_B=         4 cuda_free_MiB=  48063 rss_MiB=    380
MEMLEDGER event=per_tensor_regular   name=transformer_layers_20_gating_linear_out_weight.zp_int4       type=f32        payload_B=         4 alloc_B=         0 nbytes_B=         4 cuda_free_MiB=  48063 rss_MiB=    380
MEMLEDGER event=per_tensor_regular   name=transformer_layers_20_gating_linear_out_weight.scale_low     type=f32        payload_B=         4 alloc_B=         0 nbytes_B=         4 cuda_free_MiB=  48063 rss_MiB=    380
MEMLEDGER event=per_tensor_regular   name=transformer_layers_20_gating_linear_out_weight.zp_low        type=f32        payload_B=         4 alloc_B=         0 nbytes_B=         4 cuda_free_MiB=  48063 rss_MiB=    380
MEMLEDGER event=per_tensor_regular   name=transformer_layers_21_self_attn_in_proj_weight.packed_weights type=i8         payload_B=  25165824 alloc_B=         0 nbytes_B=  25165824 cuda_free_MiB=  48063 rss_MiB=    380
MEMLEDGER event=per_tensor_regular   name=transformer_layers_21_self_attn_in_proj_weight.scales        type=f32        payload_B=   1572864 alloc_B=         0 nbytes_B=   1572864 cuda_free_MiB=  48063 rss_MiB=    380
MEMLEDGER event=per_tensor_regular   name=transformer_layers_21_self_attn_in_proj_weight.zeros         type=f32        payload_B=   1572864 alloc_B=         0 nbytes_B=   1572864 cuda_free_MiB=  48063 rss_MiB=    380
MEMLEDGER event=per_tensor_regular   name=transformer_layers_21_self_attn_in_proj_weight.group_size    type=i32        payload_B=         4 alloc_B=         0 nbytes_B=         4 cuda_free_MiB=  48063 rss_MiB=    380
MEMLEDGER event=per_tensor_regular   name=transformer_layers_21_self_attn_in_proj_weight.n_groups      type=i32        payload_B=         4 alloc_B=         0 nbytes_B=         4 cuda_free_MiB=  48063 rss_MiB=    380
MEMLEDGER event=per_tensor_regular   name=transformer_layers_21_self_attn_in_proj_weight.rows          type=i32        payload_B=         4 alloc_B=         0 nbytes_B=         4 cuda_free_MiB=  48063 rss_MiB=    380
MEMLEDGER event=per_tensor_regular   name=transformer_layers_21_self_attn_in_proj_weight.cols          type=i32        payload_B=         4 alloc_B=         0 nbytes_B=         4 cuda_free_MiB=  48063 rss_MiB=    380
MEMLEDGER event=per_tensor_regular   name=transformer_layers_21_self_attn_in_proj_weight.packing_version type=i32        payload_B=         4 alloc_B=         0 nbytes_B=         4 cuda_free_MiB=  48063 rss_MiB=    380
MEMLEDGER event=bmo_subcomponent_skipped name=transformer_layers_21_gating_linear_in_weight.packed_weights type=-          payload_B=  36443136 alloc_B=         0 nbytes_B=         0 cuda_free_MiB=  48063 rss_MiB=    380
MEMLEDGER event=bmo_subcomponent_skipped name=transformer_layers_21_gating_linear_in_weight.tile_tiers     type=-          payload_B=     22528 alloc_B=         0 nbytes_B=         0 cuda_free_MiB=  48063 rss_MiB=    380
MEMLEDGER event=per_tensor_regular   name=transformer_layers_21_gating_linear_in_weight.n_tiles        type=i32        payload_B=        16 alloc_B=         0 nbytes_B=        16 cuda_free_MiB=  48063 rss_MiB=    380
MEMLEDGER event=per_tensor_regular   name=transformer_layers_21_gating_linear_in_weight.tier_offsets   type=i32        payload_B=        20 alloc_B=         0 nbytes_B=        20 cuda_free_MiB=  48063 rss_MiB=    380
MEMLEDGER event=per_tensor_regular   name=transformer_layers_21_gating_linear_in_weight.rows           type=i32        payload_B=         4 alloc_B=         0 nbytes_B=         4 cuda_free_MiB=  48063 rss_MiB=    380
MEMLEDGER event=per_tensor_regular   name=transformer_layers_21_gating_linear_in_weight.cols           type=i32        payload_B=         4 alloc_B=         0 nbytes_B=         4 cuda_free_MiB=  48063 rss_MiB=    380
MEMLEDGER event=per_tensor_regular   name=transformer_layers_21_gating_linear_in_weight.packing_version type=i32        payload_B=         4 alloc_B=         0 nbytes_B=         4 cuda_free_MiB=  48063 rss_MiB=    380
MEMLEDGER event=bmo_subcomponent_skipped name=transformer_layers_21_gating_linear_in_weight.outlier_indices type=-          payload_B=   1845492 alloc_B=         0 nbytes_B=         0 cuda_free_MiB=  48063 rss_MiB=    380
MEMLEDGER event=bmo_subcomponent_skipped name=transformer_layers_21_gating_linear_in_weight.outlier_values type=-          payload_B=    922746 alloc_B=         0 nbytes_B=         0 cuda_free_MiB=  48063 rss_MiB=    380
MEMLEDGER event=per_tensor_regular   name=transformer_layers_21_gating_linear_in_weight.n_outliers     type=i32        payload_B=         4 alloc_B=         0 nbytes_B=         4 cuda_free_MiB=  48063 rss_MiB=    380
MEMLEDGER event=per_tensor_regular   name=transformer_layers_21_gating_linear_in_weight.scale_int8     type=f32        payload_B=         4 alloc_B=         0 nbytes_B=         4 cuda_free_MiB=  48063 rss_MiB=    380
MEMLEDGER event=per_tensor_regular   name=transformer_layers_21_gating_linear_in_weight.zp_int8        type=f32        payload_B=         4 alloc_B=         0 nbytes_B=         4 cuda_free_MiB=  48063 rss_MiB=    380
MEMLEDGER event=per_tensor_regular   name=transformer_layers_21_gating_linear_in_weight.scale_int4     type=f32        payload_B=         4 alloc_B=         0 nbytes_B=         4 cuda_free_MiB=  48063 rss_MiB=    380
MEMLEDGER event=per_tensor_regular   name=transformer_layers_21_gating_linear_in_weight.zp_int4        type=f32        payload_B=         4 alloc_B=         0 nbytes_B=         4 cuda_free_MiB=  48063 rss_MiB=    380
MEMLEDGER event=per_tensor_regular   name=transformer_layers_21_gating_linear_in_weight.scale_low      type=f32        payload_B=         4 alloc_B=         0 nbytes_B=         4 cuda_free_MiB=  48063 rss_MiB=    380
MEMLEDGER event=per_tensor_regular   name=transformer_layers_21_gating_linear_in_weight.zp_low         type=f32        payload_B=         4 alloc_B=         0 nbytes_B=         4 cuda_free_MiB=  48063 rss_MiB=    380
MEMLEDGER event=bmo_subcomponent_skipped name=transformer_layers_21_gating_linear_out_weight.packed_weights type=-          payload_B=  18221056 alloc_B=         0 nbytes_B=         0 cuda_free_MiB=  48063 rss_MiB=    380
MEMLEDGER event=bmo_subcomponent_skipped name=transformer_layers_21_gating_linear_out_weight.tile_tiers    type=-          payload_B=     11264 alloc_B=         0 nbytes_B=         0 cuda_free_MiB=  48063 rss_MiB=    380
MEMLEDGER event=per_tensor_regular   name=transformer_layers_21_gating_linear_out_weight.n_tiles       type=i32        payload_B=        16 alloc_B=         0 nbytes_B=        16 cuda_free_MiB=  48063 rss_MiB=    380
MEMLEDGER event=per_tensor_regular   name=transformer_layers_21_gating_linear_out_weight.tier_offsets  type=i32        payload_B=        20 alloc_B=         0 nbytes_B=        20 cuda_free_MiB=  48063 rss_MiB=    380
MEMLEDGER event=per_tensor_regular   name=transformer_layers_21_gating_linear_out_weight.rows          type=i32        payload_B=         4 alloc_B=         0 nbytes_B=         4 cuda_free_MiB=  48063 rss_MiB=    380
MEMLEDGER event=per_tensor_regular   name=transformer_layers_21_gating_linear_out_weight.cols          type=i32        payload_B=         4 alloc_B=         0 nbytes_B=         4 cuda_free_MiB=  48063 rss_MiB=    380
MEMLEDGER event=per_tensor_regular   name=transformer_layers_21_gating_linear_out_weight.packing_version type=i32        payload_B=         4 alloc_B=         0 nbytes_B=         4 cuda_free_MiB=  48063 rss_MiB=    380
MEMLEDGER event=bmo_subcomponent_skipped name=transformer_layers_21_gating_linear_out_weight.outlier_indices type=-          payload_B=    922748 alloc_B=         0 nbytes_B=         0 cuda_free_MiB=  48063 rss_MiB=    380
MEMLEDGER event=bmo_subcomponent_skipped name=transformer_layers_21_gating_linear_out_weight.outlier_values type=-          payload_B=    461374 alloc_B=         0 nbytes_B=         0 cuda_free_MiB=  48063 rss_MiB=    380
MEMLEDGER event=per_tensor_regular   name=transformer_layers_21_gating_linear_out_weight.n_outliers    type=i32        payload_B=         4 alloc_B=         0 nbytes_B=         4 cuda_free_MiB=  48063 rss_MiB=    380
MEMLEDGER event=per_tensor_regular   name=transformer_layers_21_gating_linear_out_weight.scale_int8    type=f32        payload_B=         4 alloc_B=         0 nbytes_B=         4 cuda_free_MiB=  48063 rss_MiB=    380
MEMLEDGER event=per_tensor_regular   name=transformer_layers_21_gating_linear_out_weight.zp_int8       type=f32        payload_B=         4 alloc_B=         0 nbytes_B=         4 cuda_free_MiB=  48063 rss_MiB=    380
MEMLEDGER event=per_tensor_regular   name=transformer_layers_21_gating_linear_out_weight.scale_int4    type=f32        payload_B=         4 alloc_B=         0 nbytes_B=         4 cuda_free_MiB=  48063 rss_MiB=    380
MEMLEDGER event=per_tensor_regular   name=transformer_layers_21_gating_linear_out_weight.zp_int4       type=f32        payload_B=         4 alloc_B=         0 nbytes_B=         4 cuda_free_MiB=  48063 rss_MiB=    380
MEMLEDGER event=per_tensor_regular   name=transformer_layers_21_gating_linear_out_weight.scale_low     type=f32        payload_B=         4 alloc_B=         0 nbytes_B=         4 cuda_free_MiB=  48063 rss_MiB=    380
MEMLEDGER event=per_tensor_regular   name=transformer_layers_21_gating_linear_out_weight.zp_low        type=f32        payload_B=         4 alloc_B=         0 nbytes_B=         4 cuda_free_MiB=  48063 rss_MiB=    380
MEMLEDGER event=per_tensor_regular   name=transformer_layers_22_self_attn_in_proj_weight.packed_weights type=i8         payload_B=  25165824 alloc_B=         0 nbytes_B=  25165824 cuda_free_MiB=  48063 rss_MiB=    380
MEMLEDGER event=per_tensor_regular   name=transformer_layers_22_self_attn_in_proj_weight.scales        type=f32        payload_B=   1572864 alloc_B=         0 nbytes_B=   1572864 cuda_free_MiB=  48063 rss_MiB=    380
MEMLEDGER event=per_tensor_regular   name=transformer_layers_22_self_attn_in_proj_weight.zeros         type=f32        payload_B=   1572864 alloc_B=         0 nbytes_B=   1572864 cuda_free_MiB=  48063 rss_MiB=    380
MEMLEDGER event=per_tensor_regular   name=transformer_layers_22_self_attn_in_proj_weight.group_size    type=i32        payload_B=         4 alloc_B=         0 nbytes_B=         4 cuda_free_MiB=  48063 rss_MiB=    380
MEMLEDGER event=per_tensor_regular   name=transformer_layers_22_self_attn_in_proj_weight.n_groups      type=i32        payload_B=         4 alloc_B=         0 nbytes_B=         4 cuda_free_MiB=  48063 rss_MiB=    380
MEMLEDGER event=per_tensor_regular   name=transformer_layers_22_self_attn_in_proj_weight.rows          type=i32        payload_B=         4 alloc_B=         0 nbytes_B=         4 cuda_free_MiB=  48063 rss_MiB=    380
MEMLEDGER event=per_tensor_regular   name=transformer_layers_22_self_attn_in_proj_weight.cols          type=i32        payload_B=         4 alloc_B=         0 nbytes_B=         4 cuda_free_MiB=  48063 rss_MiB=    380
MEMLEDGER event=per_tensor_regular   name=transformer_layers_22_self_attn_in_proj_weight.packing_version type=i32        payload_B=         4 alloc_B=         0 nbytes_B=         4 cuda_free_MiB=  48063 rss_MiB=    380
MEMLEDGER event=bmo_subcomponent_skipped name=transformer_layers_22_gating_linear_in_weight.packed_weights type=-          payload_B=  36443136 alloc_B=         0 nbytes_B=         0 cuda_free_MiB=  48063 rss_MiB=    380
MEMLEDGER event=bmo_subcomponent_skipped name=transformer_layers_22_gating_linear_in_weight.tile_tiers     type=-          payload_B=     22528 alloc_B=         0 nbytes_B=         0 cuda_free_MiB=  48063 rss_MiB=    380
MEMLEDGER event=per_tensor_regular   name=transformer_layers_22_gating_linear_in_weight.n_tiles        type=i32        payload_B=        16 alloc_B=         0 nbytes_B=        16 cuda_free_MiB=  48063 rss_MiB=    380
MEMLEDGER event=per_tensor_regular   name=transformer_layers_22_gating_linear_in_weight.tier_offsets   type=i32        payload_B=        20 alloc_B=         0 nbytes_B=        20 cuda_free_MiB=  48063 rss_MiB=    380
MEMLEDGER event=per_tensor_regular   name=transformer_layers_22_gating_linear_in_weight.rows           type=i32        payload_B=         4 alloc_B=         0 nbytes_B=         4 cuda_free_MiB=  48063 rss_MiB=    380
MEMLEDGER event=per_tensor_regular   name=transformer_layers_22_gating_linear_in_weight.cols           type=i32        payload_B=         4 alloc_B=         0 nbytes_B=         4 cuda_free_MiB=  48063 rss_MiB=    380
MEMLEDGER event=per_tensor_regular   name=transformer_layers_22_gating_linear_in_weight.packing_version type=i32        payload_B=         4 alloc_B=         0 nbytes_B=         4 cuda_free_MiB=  48063 rss_MiB=    380
MEMLEDGER event=bmo_subcomponent_skipped name=transformer_layers_22_gating_linear_in_weight.outlier_indices type=-          payload_B=   1845492 alloc_B=         0 nbytes_B=         0 cuda_free_MiB=  48063 rss_MiB=    380
MEMLEDGER event=bmo_subcomponent_skipped name=transformer_layers_22_gating_linear_in_weight.outlier_values type=-          payload_B=    922746 alloc_B=         0 nbytes_B=         0 cuda_free_MiB=  48063 rss_MiB=    380
MEMLEDGER event=per_tensor_regular   name=transformer_layers_22_gating_linear_in_weight.n_outliers     type=i32        payload_B=         4 alloc_B=         0 nbytes_B=         4 cuda_free_MiB=  48063 rss_MiB=    380
MEMLEDGER event=per_tensor_regular   name=transformer_layers_22_gating_linear_in_weight.scale_int8     type=f32        payload_B=         4 alloc_B=         0 nbytes_B=         4 cuda_free_MiB=  48063 rss_MiB=    380
MEMLEDGER event=per_tensor_regular   name=transformer_layers_22_gating_linear_in_weight.zp_int8        type=f32        payload_B=         4 alloc_B=         0 nbytes_B=         4 cuda_free_MiB=  48063 rss_MiB=    380
MEMLEDGER event=per_tensor_regular   name=transformer_layers_22_gating_linear_in_weight.scale_int4     type=f32        payload_B=         4 alloc_B=         0 nbytes_B=         4 cuda_free_MiB=  48063 rss_MiB=    380
MEMLEDGER event=per_tensor_regular   name=transformer_layers_22_gating_linear_in_weight.zp_int4        type=f32        payload_B=         4 alloc_B=         0 nbytes_B=         4 cuda_free_MiB=  48063 rss_MiB=    380
MEMLEDGER event=per_tensor_regular   name=transformer_layers_22_gating_linear_in_weight.scale_low      type=f32        payload_B=         4 alloc_B=         0 nbytes_B=         4 cuda_free_MiB=  48063 rss_MiB=    380
MEMLEDGER event=per_tensor_regular   name=transformer_layers_22_gating_linear_in_weight.zp_low         type=f32        payload_B=         4 alloc_B=         0 nbytes_B=         4 cuda_free_MiB=  48063 rss_MiB=    380
MEMLEDGER event=bmo_subcomponent_skipped name=transformer_layers_22_gating_linear_out_weight.packed_weights type=-          payload_B=  18221056 alloc_B=         0 nbytes_B=         0 cuda_free_MiB=  48063 rss_MiB=    380
MEMLEDGER event=bmo_subcomponent_skipped name=transformer_layers_22_gating_linear_out_weight.tile_tiers    type=-          payload_B=     11264 alloc_B=         0 nbytes_B=         0 cuda_free_MiB=  48063 rss_MiB=    380
MEMLEDGER event=per_tensor_regular   name=transformer_layers_22_gating_linear_out_weight.n_tiles       type=i32        payload_B=        16 alloc_B=         0 nbytes_B=        16 cuda_free_MiB=  48063 rss_MiB=    380
MEMLEDGER event=per_tensor_regular   name=transformer_layers_22_gating_linear_out_weight.tier_offsets  type=i32        payload_B=        20 alloc_B=         0 nbytes_B=        20 cuda_free_MiB=  48063 rss_MiB=    380
MEMLEDGER event=per_tensor_regular   name=transformer_layers_22_gating_linear_out_weight.rows          type=i32        payload_B=         4 alloc_B=         0 nbytes_B=         4 cuda_free_MiB=  48063 rss_MiB=    380
MEMLEDGER event=per_tensor_regular   name=transformer_layers_22_gating_linear_out_weight.cols          type=i32        payload_B=         4 alloc_B=         0 nbytes_B=         4 cuda_free_MiB=  48063 rss_MiB=    380
MEMLEDGER event=per_tensor_regular   name=transformer_layers_22_gating_linear_out_weight.packing_version type=i32        payload_B=         4 alloc_B=         0 nbytes_B=         4 cuda_free_MiB=  48063 rss_MiB=    380
MEMLEDGER event=bmo_subcomponent_skipped name=transformer_layers_22_gating_linear_out_weight.outlier_indices type=-          payload_B=    922748 alloc_B=         0 nbytes_B=         0 cuda_free_MiB=  48063 rss_MiB=    380
MEMLEDGER event=bmo_subcomponent_skipped name=transformer_layers_22_gating_linear_out_weight.outlier_values type=-          payload_B=    461374 alloc_B=         0 nbytes_B=         0 cuda_free_MiB=  48063 rss_MiB=    380
MEMLEDGER event=per_tensor_regular   name=transformer_layers_22_gating_linear_out_weight.n_outliers    type=i32        payload_B=         4 alloc_B=         0 nbytes_B=         4 cuda_free_MiB=  48063 rss_MiB=    380
MEMLEDGER event=per_tensor_regular   name=transformer_layers_22_gating_linear_out_weight.scale_int8    type=f32        payload_B=         4 alloc_B=         0 nbytes_B=         4 cuda_free_MiB=  48063 rss_MiB=    380
MEMLEDGER event=per_tensor_regular   name=transformer_layers_22_gating_linear_out_weight.zp_int8       type=f32        payload_B=         4 alloc_B=         0 nbytes_B=         4 cuda_free_MiB=  48063 rss_MiB=    380
MEMLEDGER event=per_tensor_regular   name=transformer_layers_22_gating_linear_out_weight.scale_int4    type=f32        payload_B=         4 alloc_B=         0 nbytes_B=         4 cuda_free_MiB=  48063 rss_MiB=    380
MEMLEDGER event=per_tensor_regular   name=transformer_layers_22_gating_linear_out_weight.zp_int4       type=f32        payload_B=         4 alloc_B=         0 nbytes_B=         4 cuda_free_MiB=  48063 rss_MiB=    380
MEMLEDGER event=per_tensor_regular   name=transformer_layers_22_gating_linear_out_weight.scale_low     type=f32        payload_B=         4 alloc_B=         0 nbytes_B=         4 cuda_free_MiB=  48063 rss_MiB=    380
MEMLEDGER event=per_tensor_regular   name=transformer_layers_22_gating_linear_out_weight.zp_low        type=f32        payload_B=         4 alloc_B=         0 nbytes_B=         4 cuda_free_MiB=  48063 rss_MiB=    380
MEMLEDGER event=per_tensor_regular   name=transformer_layers_23_self_attn_in_proj_weight.packed_weights type=i8         payload_B=  25165824 alloc_B=         0 nbytes_B=  25165824 cuda_free_MiB=  48063 rss_MiB=    380
MEMLEDGER event=per_tensor_regular   name=transformer_layers_23_self_attn_in_proj_weight.scales        type=f32        payload_B=   1572864 alloc_B=         0 nbytes_B=   1572864 cuda_free_MiB=  48063 rss_MiB=    380
MEMLEDGER event=per_tensor_regular   name=transformer_layers_23_self_attn_in_proj_weight.zeros         type=f32        payload_B=   1572864 alloc_B=         0 nbytes_B=   1572864 cuda_free_MiB=  48063 rss_MiB=    380
MEMLEDGER event=per_tensor_regular   name=transformer_layers_23_self_attn_in_proj_weight.group_size    type=i32        payload_B=         4 alloc_B=         0 nbytes_B=         4 cuda_free_MiB=  48063 rss_MiB=    380
MEMLEDGER event=per_tensor_regular   name=transformer_layers_23_self_attn_in_proj_weight.n_groups      type=i32        payload_B=         4 alloc_B=         0 nbytes_B=         4 cuda_free_MiB=  48063 rss_MiB=    380
MEMLEDGER event=per_tensor_regular   name=transformer_layers_23_self_attn_in_proj_weight.rows          type=i32        payload_B=         4 alloc_B=         0 nbytes_B=         4 cuda_free_MiB=  48063 rss_MiB=    380
MEMLEDGER event=per_tensor_regular   name=transformer_layers_23_self_attn_in_proj_weight.cols          type=i32        payload_B=         4 alloc_B=         0 nbytes_B=         4 cuda_free_MiB=  48063 rss_MiB=    380
MEMLEDGER event=per_tensor_regular   name=transformer_layers_23_self_attn_in_proj_weight.packing_version type=i32        payload_B=         4 alloc_B=         0 nbytes_B=         4 cuda_free_MiB=  48063 rss_MiB=    380
MEMLEDGER event=bmo_subcomponent_skipped name=transformer_layers_23_gating_linear_in_weight.packed_weights type=-          payload_B=  36443136 alloc_B=         0 nbytes_B=         0 cuda_free_MiB=  48063 rss_MiB=    380
MEMLEDGER event=bmo_subcomponent_skipped name=transformer_layers_23_gating_linear_in_weight.tile_tiers     type=-          payload_B=     22528 alloc_B=         0 nbytes_B=         0 cuda_free_MiB=  48063 rss_MiB=    380
MEMLEDGER event=per_tensor_regular   name=transformer_layers_23_gating_linear_in_weight.n_tiles        type=i32        payload_B=        16 alloc_B=         0 nbytes_B=        16 cuda_free_MiB=  48063 rss_MiB=    380
MEMLEDGER event=per_tensor_regular   name=transformer_layers_23_gating_linear_in_weight.tier_offsets   type=i32        payload_B=        20 alloc_B=         0 nbytes_B=        20 cuda_free_MiB=  48063 rss_MiB=    380
MEMLEDGER event=per_tensor_regular   name=transformer_layers_23_gating_linear_in_weight.rows           type=i32        payload_B=         4 alloc_B=         0 nbytes_B=         4 cuda_free_MiB=  48063 rss_MiB=    380
MEMLEDGER event=per_tensor_regular   name=transformer_layers_23_gating_linear_in_weight.cols           type=i32        payload_B=         4 alloc_B=         0 nbytes_B=         4 cuda_free_MiB=  48063 rss_MiB=    380
MEMLEDGER event=per_tensor_regular   name=transformer_layers_23_gating_linear_in_weight.packing_version type=i32        payload_B=         4 alloc_B=         0 nbytes_B=         4 cuda_free_MiB=  48063 rss_MiB=    380
MEMLEDGER event=bmo_subcomponent_skipped name=transformer_layers_23_gating_linear_in_weight.outlier_indices type=-          payload_B=   1845492 alloc_B=         0 nbytes_B=         0 cuda_free_MiB=  48063 rss_MiB=    380
MEMLEDGER event=bmo_subcomponent_skipped name=transformer_layers_23_gating_linear_in_weight.outlier_values type=-          payload_B=    922746 alloc_B=         0 nbytes_B=         0 cuda_free_MiB=  48063 rss_MiB=    380
MEMLEDGER event=per_tensor_regular   name=transformer_layers_23_gating_linear_in_weight.n_outliers     type=i32        payload_B=         4 alloc_B=         0 nbytes_B=         4 cuda_free_MiB=  48063 rss_MiB=    380
MEMLEDGER event=per_tensor_regular   name=transformer_layers_23_gating_linear_in_weight.scale_int8     type=f32        payload_B=         4 alloc_B=         0 nbytes_B=         4 cuda_free_MiB=  48063 rss_MiB=    380
MEMLEDGER event=per_tensor_regular   name=transformer_layers_23_gating_linear_in_weight.zp_int8        type=f32        payload_B=         4 alloc_B=         0 nbytes_B=         4 cuda_free_MiB=  48063 rss_MiB=    380
MEMLEDGER event=per_tensor_regular   name=transformer_layers_23_gating_linear_in_weight.scale_int4     type=f32        payload_B=         4 alloc_B=         0 nbytes_B=         4 cuda_free_MiB=  48063 rss_MiB=    380
MEMLEDGER event=per_tensor_regular   name=transformer_layers_23_gating_linear_in_weight.zp_int4        type=f32        payload_B=         4 alloc_B=         0 nbytes_B=         4 cuda_free_MiB=  48063 rss_MiB=    380
MEMLEDGER event=per_tensor_regular   name=transformer_layers_23_gating_linear_in_weight.scale_low      type=f32        payload_B=         4 alloc_B=         0 nbytes_B=         4 cuda_free_MiB=  48063 rss_MiB=    380
MEMLEDGER event=per_tensor_regular   name=transformer_layers_23_gating_linear_in_weight.zp_low         type=f32        payload_B=         4 alloc_B=         0 nbytes_B=         4 cuda_free_MiB=  48063 rss_MiB=    380
MEMLEDGER event=bmo_subcomponent_skipped name=transformer_layers_23_gating_linear_out_weight.packed_weights type=-          payload_B=  18221056 alloc_B=         0 nbytes_B=         0 cuda_free_MiB=  48063 rss_MiB=    380
MEMLEDGER event=bmo_subcomponent_skipped name=transformer_layers_23_gating_linear_out_weight.tile_tiers    type=-          payload_B=     11264 alloc_B=         0 nbytes_B=         0 cuda_free_MiB=  48063 rss_MiB=    380
MEMLEDGER event=per_tensor_regular   name=transformer_layers_23_gating_linear_out_weight.n_tiles       type=i32        payload_B=        16 alloc_B=         0 nbytes_B=        16 cuda_free_MiB=  48063 rss_MiB=    380
MEMLEDGER event=per_tensor_regular   name=transformer_layers_23_gating_linear_out_weight.tier_offsets  type=i32        payload_B=        20 alloc_B=         0 nbytes_B=        20 cuda_free_MiB=  48063 rss_MiB=    380
MEMLEDGER event=per_tensor_regular   name=transformer_layers_23_gating_linear_out_weight.rows          type=i32        payload_B=         4 alloc_B=         0 nbytes_B=         4 cuda_free_MiB=  48063 rss_MiB=    380
MEMLEDGER event=per_tensor_regular   name=transformer_layers_23_gating_linear_out_weight.cols          type=i32        payload_B=         4 alloc_B=         0 nbytes_B=         4 cuda_free_MiB=  48063 rss_MiB=    380
MEMLEDGER event=per_tensor_regular   name=transformer_layers_23_gating_linear_out_weight.packing_version type=i32        payload_B=         4 alloc_B=         0 nbytes_B=         4 cuda_free_MiB=  48063 rss_MiB=    380
MEMLEDGER event=bmo_subcomponent_skipped name=transformer_layers_23_gating_linear_out_weight.outlier_indices type=-          payload_B=    922748 alloc_B=         0 nbytes_B=         0 cuda_free_MiB=  48063 rss_MiB=    380
MEMLEDGER event=bmo_subcomponent_skipped name=transformer_layers_23_gating_linear_out_weight.outlier_values type=-          payload_B=    461374 alloc_B=         0 nbytes_B=         0 cuda_free_MiB=  48063 rss_MiB=    380
MEMLEDGER event=per_tensor_regular   name=transformer_layers_23_gating_linear_out_weight.n_outliers    type=i32        payload_B=         4 alloc_B=         0 nbytes_B=         4 cuda_free_MiB=  48063 rss_MiB=    380
MEMLEDGER event=per_tensor_regular   name=transformer_layers_23_gating_linear_out_weight.scale_int8    type=f32        payload_B=         4 alloc_B=         0 nbytes_B=         4 cuda_free_MiB=  48063 rss_MiB=    380
MEMLEDGER event=per_tensor_regular   name=transformer_layers_23_gating_linear_out_weight.zp_int8       type=f32        payload_B=         4 alloc_B=         0 nbytes_B=         4 cuda_free_MiB=  48063 rss_MiB=    380
MEMLEDGER event=per_tensor_regular   name=transformer_layers_23_gating_linear_out_weight.scale_int4    type=f32        payload_B=         4 alloc_B=         0 nbytes_B=         4 cuda_free_MiB=  48063 rss_MiB=    380
MEMLEDGER event=per_tensor_regular   name=transformer_layers_23_gating_linear_out_weight.zp_int4       type=f32        payload_B=         4 alloc_B=         0 nbytes_B=         4 cuda_free_MiB=  48063 rss_MiB=    380
MEMLEDGER event=per_tensor_regular   name=transformer_layers_23_gating_linear_out_weight.scale_low     type=f32        payload_B=         4 alloc_B=         0 nbytes_B=         4 cuda_free_MiB=  48063 rss_MiB=    380
MEMLEDGER event=per_tensor_regular   name=transformer_layers_23_gating_linear_out_weight.zp_low        type=f32        payload_B=         4 alloc_B=         0 nbytes_B=         4 cuda_free_MiB=  48063 rss_MiB=    380
MEMLEDGER event=per_tensor_regular   name=transformer_layers_24_self_attn_in_proj_weight.packed_weights type=i8         payload_B=  25165824 alloc_B=         0 nbytes_B=  25165824 cuda_free_MiB=  48063 rss_MiB=    380
MEMLEDGER event=per_tensor_regular   name=transformer_layers_24_self_attn_in_proj_weight.scales        type=f32        payload_B=   1572864 alloc_B=         0 nbytes_B=   1572864 cuda_free_MiB=  48063 rss_MiB=    380
MEMLEDGER event=per_tensor_regular   name=transformer_layers_24_self_attn_in_proj_weight.zeros         type=f32        payload_B=   1572864 alloc_B=         0 nbytes_B=   1572864 cuda_free_MiB=  48063 rss_MiB=    380
MEMLEDGER event=per_tensor_regular   name=transformer_layers_24_self_attn_in_proj_weight.group_size    type=i32        payload_B=         4 alloc_B=         0 nbytes_B=         4 cuda_free_MiB=  48063 rss_MiB=    380
MEMLEDGER event=per_tensor_regular   name=transformer_layers_24_self_attn_in_proj_weight.n_groups      type=i32        payload_B=         4 alloc_B=         0 nbytes_B=         4 cuda_free_MiB=  48063 rss_MiB=    380
MEMLEDGER event=per_tensor_regular   name=transformer_layers_24_self_attn_in_proj_weight.rows          type=i32        payload_B=         4 alloc_B=         0 nbytes_B=         4 cuda_free_MiB=  48063 rss_MiB=    380
MEMLEDGER event=per_tensor_regular   name=transformer_layers_24_self_attn_in_proj_weight.cols          type=i32        payload_B=         4 alloc_B=         0 nbytes_B=         4 cuda_free_MiB=  48063 rss_MiB=    380
MEMLEDGER event=per_tensor_regular   name=transformer_layers_24_self_attn_in_proj_weight.packing_version type=i32        payload_B=         4 alloc_B=         0 nbytes_B=         4 cuda_free_MiB=  48063 rss_MiB=    380
MEMLEDGER event=bmo_subcomponent_skipped name=transformer_layers_24_gating_linear_in_weight.packed_weights type=-          payload_B=  36443136 alloc_B=         0 nbytes_B=         0 cuda_free_MiB=  48063 rss_MiB=    380
MEMLEDGER event=bmo_subcomponent_skipped name=transformer_layers_24_gating_linear_in_weight.tile_tiers     type=-          payload_B=     22528 alloc_B=         0 nbytes_B=         0 cuda_free_MiB=  48063 rss_MiB=    380
MEMLEDGER event=per_tensor_regular   name=transformer_layers_24_gating_linear_in_weight.n_tiles        type=i32        payload_B=        16 alloc_B=         0 nbytes_B=        16 cuda_free_MiB=  48063 rss_MiB=    380
MEMLEDGER event=per_tensor_regular   name=transformer_layers_24_gating_linear_in_weight.tier_offsets   type=i32        payload_B=        20 alloc_B=         0 nbytes_B=        20 cuda_free_MiB=  48063 rss_MiB=    380
MEMLEDGER event=per_tensor_regular   name=transformer_layers_24_gating_linear_in_weight.rows           type=i32        payload_B=         4 alloc_B=         0 nbytes_B=         4 cuda_free_MiB=  48063 rss_MiB=    380
MEMLEDGER event=per_tensor_regular   name=transformer_layers_24_gating_linear_in_weight.cols           type=i32        payload_B=         4 alloc_B=         0 nbytes_B=         4 cuda_free_MiB=  48063 rss_MiB=    380
MEMLEDGER event=per_tensor_regular   name=transformer_layers_24_gating_linear_in_weight.packing_version type=i32        payload_B=         4 alloc_B=         0 nbytes_B=         4 cuda_free_MiB=  48063 rss_MiB=    380
MEMLEDGER event=bmo_subcomponent_skipped name=transformer_layers_24_gating_linear_in_weight.outlier_indices type=-          payload_B=   1845492 alloc_B=         0 nbytes_B=         0 cuda_free_MiB=  48063 rss_MiB=    380
MEMLEDGER event=bmo_subcomponent_skipped name=transformer_layers_24_gating_linear_in_weight.outlier_values type=-          payload_B=    922746 alloc_B=         0 nbytes_B=         0 cuda_free_MiB=  48063 rss_MiB=    380
MEMLEDGER event=per_tensor_regular   name=transformer_layers_24_gating_linear_in_weight.n_outliers     type=i32        payload_B=         4 alloc_B=         0 nbytes_B=         4 cuda_free_MiB=  48063 rss_MiB=    380
MEMLEDGER event=per_tensor_regular   name=transformer_layers_24_gating_linear_in_weight.scale_int8     type=f32        payload_B=         4 alloc_B=         0 nbytes_B=         4 cuda_free_MiB=  48063 rss_MiB=    380
MEMLEDGER event=per_tensor_regular   name=transformer_layers_24_gating_linear_in_weight.zp_int8        type=f32        payload_B=         4 alloc_B=         0 nbytes_B=         4 cuda_free_MiB=  48063 rss_MiB=    380
MEMLEDGER event=per_tensor_regular   name=transformer_layers_24_gating_linear_in_weight.scale_int4     type=f32        payload_B=         4 alloc_B=         0 nbytes_B=         4 cuda_free_MiB=  48063 rss_MiB=    380
MEMLEDGER event=per_tensor_regular   name=transformer_layers_24_gating_linear_in_weight.zp_int4        type=f32        payload_B=         4 alloc_B=         0 nbytes_B=         4 cuda_free_MiB=  48063 rss_MiB=    380
MEMLEDGER event=per_tensor_regular   name=transformer_layers_24_gating_linear_in_weight.scale_low      type=f32        payload_B=         4 alloc_B=         0 nbytes_B=         4 cuda_free_MiB=  48063 rss_MiB=    380
MEMLEDGER event=per_tensor_regular   name=transformer_layers_24_gating_linear_in_weight.zp_low         type=f32        payload_B=         4 alloc_B=         0 nbytes_B=         4 cuda_free_MiB=  48063 rss_MiB=    380
MEMLEDGER event=bmo_subcomponent_skipped name=transformer_layers_24_gating_linear_out_weight.packed_weights type=-          payload_B=  18221056 alloc_B=         0 nbytes_B=         0 cuda_free_MiB=  48063 rss_MiB=    380
MEMLEDGER event=bmo_subcomponent_skipped name=transformer_layers_24_gating_linear_out_weight.tile_tiers    type=-          payload_B=     11264 alloc_B=         0 nbytes_B=         0 cuda_free_MiB=  48063 rss_MiB=    380
MEMLEDGER event=per_tensor_regular   name=transformer_layers_24_gating_linear_out_weight.n_tiles       type=i32        payload_B=        16 alloc_B=         0 nbytes_B=        16 cuda_free_MiB=  48063 rss_MiB=    380
MEMLEDGER event=per_tensor_regular   name=transformer_layers_24_gating_linear_out_weight.tier_offsets  type=i32        payload_B=        20 alloc_B=         0 nbytes_B=        20 cuda_free_MiB=  48063 rss_MiB=    380
MEMLEDGER event=per_tensor_regular   name=transformer_layers_24_gating_linear_out_weight.rows          type=i32        payload_B=         4 alloc_B=         0 nbytes_B=         4 cuda_free_MiB=  48063 rss_MiB=    380
MEMLEDGER event=per_tensor_regular   name=transformer_layers_24_gating_linear_out_weight.cols          type=i32        payload_B=         4 alloc_B=         0 nbytes_B=         4 cuda_free_MiB=  48063 rss_MiB=    380
MEMLEDGER event=per_tensor_regular   name=transformer_layers_24_gating_linear_out_weight.packing_version type=i32        payload_B=         4 alloc_B=         0 nbytes_B=         4 cuda_free_MiB=  48063 rss_MiB=    380
MEMLEDGER event=bmo_subcomponent_skipped name=transformer_layers_24_gating_linear_out_weight.outlier_indices type=-          payload_B=    922748 alloc_B=         0 nbytes_B=         0 cuda_free_MiB=  48063 rss_MiB=    380
MEMLEDGER event=bmo_subcomponent_skipped name=transformer_layers_24_gating_linear_out_weight.outlier_values type=-          payload_B=    461374 alloc_B=         0 nbytes_B=         0 cuda_free_MiB=  48063 rss_MiB=    380
MEMLEDGER event=per_tensor_regular   name=transformer_layers_24_gating_linear_out_weight.n_outliers    type=i32        payload_B=         4 alloc_B=         0 nbytes_B=         4 cuda_free_MiB=  48063 rss_MiB=    380
MEMLEDGER event=per_tensor_regular   name=transformer_layers_24_gating_linear_out_weight.scale_int8    type=f32        payload_B=         4 alloc_B=         0 nbytes_B=         4 cuda_free_MiB=  48063 rss_MiB=    380
MEMLEDGER event=per_tensor_regular   name=transformer_layers_24_gating_linear_out_weight.zp_int8       type=f32        payload_B=         4 alloc_B=         0 nbytes_B=         4 cuda_free_MiB=  48063 rss_MiB=    380
MEMLEDGER event=per_tensor_regular   name=transformer_layers_24_gating_linear_out_weight.scale_int4    type=f32        payload_B=         4 alloc_B=         0 nbytes_B=         4 cuda_free_MiB=  48063 rss_MiB=    380
MEMLEDGER event=per_tensor_regular   name=transformer_layers_24_gating_linear_out_weight.zp_int4       type=f32        payload_B=         4 alloc_B=         0 nbytes_B=         4 cuda_free_MiB=  48063 rss_MiB=    380
MEMLEDGER event=per_tensor_regular   name=transformer_layers_24_gating_linear_out_weight.scale_low     type=f32        payload_B=         4 alloc_B=         0 nbytes_B=         4 cuda_free_MiB=  48063 rss_MiB=    380
MEMLEDGER event=per_tensor_regular   name=transformer_layers_24_gating_linear_out_weight.zp_low        type=f32        payload_B=         4 alloc_B=         0 nbytes_B=         4 cuda_free_MiB=  48063 rss_MiB=    380
MEMLEDGER event=per_tensor_regular   name=transformer_layers_25_self_attn_in_proj_weight.packed_weights type=i8         payload_B=  25165824 alloc_B=         0 nbytes_B=  25165824 cuda_free_MiB=  48063 rss_MiB=    380
MEMLEDGER event=per_tensor_regular   name=transformer_layers_25_self_attn_in_proj_weight.scales        type=f32        payload_B=   1572864 alloc_B=         0 nbytes_B=   1572864 cuda_free_MiB=  48063 rss_MiB=    380
MEMLEDGER event=per_tensor_regular   name=transformer_layers_25_self_attn_in_proj_weight.zeros         type=f32        payload_B=   1572864 alloc_B=         0 nbytes_B=   1572864 cuda_free_MiB=  48063 rss_MiB=    380
MEMLEDGER event=per_tensor_regular   name=transformer_layers_25_self_attn_in_proj_weight.group_size    type=i32        payload_B=         4 alloc_B=         0 nbytes_B=         4 cuda_free_MiB=  48063 rss_MiB=    380
MEMLEDGER event=per_tensor_regular   name=transformer_layers_25_self_attn_in_proj_weight.n_groups      type=i32        payload_B=         4 alloc_B=         0 nbytes_B=         4 cuda_free_MiB=  48063 rss_MiB=    380
MEMLEDGER event=per_tensor_regular   name=transformer_layers_25_self_attn_in_proj_weight.rows          type=i32        payload_B=         4 alloc_B=         0 nbytes_B=         4 cuda_free_MiB=  48063 rss_MiB=    380
MEMLEDGER event=per_tensor_regular   name=transformer_layers_25_self_attn_in_proj_weight.cols          type=i32        payload_B=         4 alloc_B=         0 nbytes_B=         4 cuda_free_MiB=  48063 rss_MiB=    380
MEMLEDGER event=per_tensor_regular   name=transformer_layers_25_self_attn_in_proj_weight.packing_version type=i32        payload_B=         4 alloc_B=         0 nbytes_B=         4 cuda_free_MiB=  48063 rss_MiB=    380
MEMLEDGER event=bmo_subcomponent_skipped name=transformer_layers_25_gating_linear_in_weight.packed_weights type=-          payload_B=  36443136 alloc_B=         0 nbytes_B=         0 cuda_free_MiB=  48063 rss_MiB=    380
MEMLEDGER event=bmo_subcomponent_skipped name=transformer_layers_25_gating_linear_in_weight.tile_tiers     type=-          payload_B=     22528 alloc_B=         0 nbytes_B=         0 cuda_free_MiB=  48063 rss_MiB=    380
MEMLEDGER event=per_tensor_regular   name=transformer_layers_25_gating_linear_in_weight.n_tiles        type=i32        payload_B=        16 alloc_B=         0 nbytes_B=        16 cuda_free_MiB=  48063 rss_MiB=    380
MEMLEDGER event=per_tensor_regular   name=transformer_layers_25_gating_linear_in_weight.tier_offsets   type=i32        payload_B=        20 alloc_B=         0 nbytes_B=        20 cuda_free_MiB=  48063 rss_MiB=    380
MEMLEDGER event=per_tensor_regular   name=transformer_layers_25_gating_linear_in_weight.rows           type=i32        payload_B=         4 alloc_B=         0 nbytes_B=         4 cuda_free_MiB=  48063 rss_MiB=    380
MEMLEDGER event=per_tensor_regular   name=transformer_layers_25_gating_linear_in_weight.cols           type=i32        payload_B=         4 alloc_B=         0 nbytes_B=         4 cuda_free_MiB=  48063 rss_MiB=    380
MEMLEDGER event=per_tensor_regular   name=transformer_layers_25_gating_linear_in_weight.packing_version type=i32        payload_B=         4 alloc_B=         0 nbytes_B=         4 cuda_free_MiB=  48063 rss_MiB=    380
MEMLEDGER event=bmo_subcomponent_skipped name=transformer_layers_25_gating_linear_in_weight.outlier_indices type=-          payload_B=   1845492 alloc_B=         0 nbytes_B=         0 cuda_free_MiB=  48063 rss_MiB=    380
MEMLEDGER event=bmo_subcomponent_skipped name=transformer_layers_25_gating_linear_in_weight.outlier_values type=-          payload_B=    922746 alloc_B=         0 nbytes_B=         0 cuda_free_MiB=  48063 rss_MiB=    380
MEMLEDGER event=per_tensor_regular   name=transformer_layers_25_gating_linear_in_weight.n_outliers     type=i32        payload_B=         4 alloc_B=         0 nbytes_B=         4 cuda_free_MiB=  48063 rss_MiB=    380
MEMLEDGER event=per_tensor_regular   name=transformer_layers_25_gating_linear_in_weight.scale_int8     type=f32        payload_B=         4 alloc_B=         0 nbytes_B=         4 cuda_free_MiB=  48063 rss_MiB=    380
MEMLEDGER event=per_tensor_regular   name=transformer_layers_25_gating_linear_in_weight.zp_int8        type=f32        payload_B=         4 alloc_B=         0 nbytes_B=         4 cuda_free_MiB=  48063 rss_MiB=    380
MEMLEDGER event=per_tensor_regular   name=transformer_layers_25_gating_linear_in_weight.scale_int4     type=f32        payload_B=         4 alloc_B=         0 nbytes_B=         4 cuda_free_MiB=  48063 rss_MiB=    380
MEMLEDGER event=per_tensor_regular   name=transformer_layers_25_gating_linear_in_weight.zp_int4        type=f32        payload_B=         4 alloc_B=         0 nbytes_B=         4 cuda_free_MiB=  48063 rss_MiB=    380
MEMLEDGER event=per_tensor_regular   name=transformer_layers_25_gating_linear_in_weight.scale_low      type=f32        payload_B=         4 alloc_B=         0 nbytes_B=         4 cuda_free_MiB=  48063 rss_MiB=    380
MEMLEDGER event=per_tensor_regular   name=transformer_layers_25_gating_linear_in_weight.zp_low         type=f32        payload_B=         4 alloc_B=         0 nbytes_B=         4 cuda_free_MiB=  48063 rss_MiB=    380
MEMLEDGER event=bmo_subcomponent_skipped name=transformer_layers_25_gating_linear_out_weight.packed_weights type=-          payload_B=  18221056 alloc_B=         0 nbytes_B=         0 cuda_free_MiB=  48063 rss_MiB=    380
MEMLEDGER event=bmo_subcomponent_skipped name=transformer_layers_25_gating_linear_out_weight.tile_tiers    type=-          payload_B=     11264 alloc_B=         0 nbytes_B=         0 cuda_free_MiB=  48063 rss_MiB=    380
MEMLEDGER event=per_tensor_regular   name=transformer_layers_25_gating_linear_out_weight.n_tiles       type=i32        payload_B=        16 alloc_B=         0 nbytes_B=        16 cuda_free_MiB=  48063 rss_MiB=    380
MEMLEDGER event=per_tensor_regular   name=transformer_layers_25_gating_linear_out_weight.tier_offsets  type=i32        payload_B=        20 alloc_B=         0 nbytes_B=        20 cuda_free_MiB=  48063 rss_MiB=    380
MEMLEDGER event=per_tensor_regular   name=transformer_layers_25_gating_linear_out_weight.rows          type=i32        payload_B=         4 alloc_B=         0 nbytes_B=         4 cuda_free_MiB=  48063 rss_MiB=    380
MEMLEDGER event=per_tensor_regular   name=transformer_layers_25_gating_linear_out_weight.cols          type=i32        payload_B=         4 alloc_B=         0 nbytes_B=         4 cuda_free_MiB=  48063 rss_MiB=    380
MEMLEDGER event=per_tensor_regular   name=transformer_layers_25_gating_linear_out_weight.packing_version type=i32        payload_B=         4 alloc_B=         0 nbytes_B=         4 cuda_free_MiB=  48063 rss_MiB=    380
MEMLEDGER event=bmo_subcomponent_skipped name=transformer_layers_25_gating_linear_out_weight.outlier_indices type=-          payload_B=    922748 alloc_B=         0 nbytes_B=         0 cuda_free_MiB=  48063 rss_MiB=    380
MEMLEDGER event=bmo_subcomponent_skipped name=transformer_layers_25_gating_linear_out_weight.outlier_values type=-          payload_B=    461374 alloc_B=         0 nbytes_B=         0 cuda_free_MiB=  48063 rss_MiB=    380
MEMLEDGER event=per_tensor_regular   name=transformer_layers_25_gating_linear_out_weight.n_outliers    type=i32        payload_B=         4 alloc_B=         0 nbytes_B=         4 cuda_free_MiB=  48063 rss_MiB=    380
MEMLEDGER event=per_tensor_regular   name=transformer_layers_25_gating_linear_out_weight.scale_int8    type=f32        payload_B=         4 alloc_B=         0 nbytes_B=         4 cuda_free_MiB=  48063 rss_MiB=    380
MEMLEDGER event=per_tensor_regular   name=transformer_layers_25_gating_linear_out_weight.zp_int8       type=f32        payload_B=         4 alloc_B=         0 nbytes_B=         4 cuda_free_MiB=  48063 rss_MiB=    380
MEMLEDGER event=per_tensor_regular   name=transformer_layers_25_gating_linear_out_weight.scale_int4    type=f32        payload_B=         4 alloc_B=         0 nbytes_B=         4 cuda_free_MiB=  48063 rss_MiB=    380
MEMLEDGER event=per_tensor_regular   name=transformer_layers_25_gating_linear_out_weight.zp_int4       type=f32        payload_B=         4 alloc_B=         0 nbytes_B=         4 cuda_free_MiB=  48063 rss_MiB=    380
MEMLEDGER event=per_tensor_regular   name=transformer_layers_25_gating_linear_out_weight.scale_low     type=f32        payload_B=         4 alloc_B=         0 nbytes_B=         4 cuda_free_MiB=  48063 rss_MiB=    380
MEMLEDGER event=per_tensor_regular   name=transformer_layers_25_gating_linear_out_weight.zp_low        type=f32        payload_B=         4 alloc_B=         0 nbytes_B=         4 cuda_free_MiB=  48063 rss_MiB=    380
MEMLEDGER event=per_tensor_regular   name=transformer_layers_26_self_attn_in_proj_weight.packed_weights type=i8         payload_B=  25165824 alloc_B=         0 nbytes_B=  25165824 cuda_free_MiB=  48063 rss_MiB=    380
MEMLEDGER event=per_tensor_regular   name=transformer_layers_26_self_attn_in_proj_weight.scales        type=f32        payload_B=   1572864 alloc_B=         0 nbytes_B=   1572864 cuda_free_MiB=  48063 rss_MiB=    380
MEMLEDGER event=per_tensor_regular   name=transformer_layers_26_self_attn_in_proj_weight.zeros         type=f32        payload_B=   1572864 alloc_B=         0 nbytes_B=   1572864 cuda_free_MiB=  48063 rss_MiB=    380
MEMLEDGER event=per_tensor_regular   name=transformer_layers_26_self_attn_in_proj_weight.group_size    type=i32        payload_B=         4 alloc_B=         0 nbytes_B=         4 cuda_free_MiB=  48063 rss_MiB=    380
MEMLEDGER event=per_tensor_regular   name=transformer_layers_26_self_attn_in_proj_weight.n_groups      type=i32        payload_B=         4 alloc_B=         0 nbytes_B=         4 cuda_free_MiB=  48063 rss_MiB=    380
MEMLEDGER event=per_tensor_regular   name=transformer_layers_26_self_attn_in_proj_weight.rows          type=i32        payload_B=         4 alloc_B=         0 nbytes_B=         4 cuda_free_MiB=  48063 rss_MiB=    380
MEMLEDGER event=per_tensor_regular   name=transformer_layers_26_self_attn_in_proj_weight.cols          type=i32        payload_B=         4 alloc_B=         0 nbytes_B=         4 cuda_free_MiB=  48063 rss_MiB=    380
MEMLEDGER event=per_tensor_regular   name=transformer_layers_26_self_attn_in_proj_weight.packing_version type=i32        payload_B=         4 alloc_B=         0 nbytes_B=         4 cuda_free_MiB=  48063 rss_MiB=    380
MEMLEDGER event=bmo_subcomponent_skipped name=transformer_layers_26_gating_linear_in_weight.packed_weights type=-          payload_B=  36443136 alloc_B=         0 nbytes_B=         0 cuda_free_MiB=  48063 rss_MiB=    380
MEMLEDGER event=bmo_subcomponent_skipped name=transformer_layers_26_gating_linear_in_weight.tile_tiers     type=-          payload_B=     22528 alloc_B=         0 nbytes_B=         0 cuda_free_MiB=  48063 rss_MiB=    380
MEMLEDGER event=per_tensor_regular   name=transformer_layers_26_gating_linear_in_weight.n_tiles        type=i32        payload_B=        16 alloc_B=         0 nbytes_B=        16 cuda_free_MiB=  48063 rss_MiB=    380
MEMLEDGER event=per_tensor_regular   name=transformer_layers_26_gating_linear_in_weight.tier_offsets   type=i32        payload_B=        20 alloc_B=         0 nbytes_B=        20 cuda_free_MiB=  48063 rss_MiB=    380
MEMLEDGER event=per_tensor_regular   name=transformer_layers_26_gating_linear_in_weight.rows           type=i32        payload_B=         4 alloc_B=         0 nbytes_B=         4 cuda_free_MiB=  48063 rss_MiB=    380
MEMLEDGER event=per_tensor_regular   name=transformer_layers_26_gating_linear_in_weight.cols           type=i32        payload_B=         4 alloc_B=         0 nbytes_B=         4 cuda_free_MiB=  48063 rss_MiB=    380
MEMLEDGER event=per_tensor_regular   name=transformer_layers_26_gating_linear_in_weight.packing_version type=i32        payload_B=         4 alloc_B=         0 nbytes_B=         4 cuda_free_MiB=  48063 rss_MiB=    380
MEMLEDGER event=bmo_subcomponent_skipped name=transformer_layers_26_gating_linear_in_weight.outlier_indices type=-          payload_B=   1845492 alloc_B=         0 nbytes_B=         0 cuda_free_MiB=  48063 rss_MiB=    380
MEMLEDGER event=bmo_subcomponent_skipped name=transformer_layers_26_gating_linear_in_weight.outlier_values type=-          payload_B=    922746 alloc_B=         0 nbytes_B=         0 cuda_free_MiB=  48063 rss_MiB=    380
MEMLEDGER event=per_tensor_regular   name=transformer_layers_26_gating_linear_in_weight.n_outliers     type=i32        payload_B=         4 alloc_B=         0 nbytes_B=         4 cuda_free_MiB=  48063 rss_MiB=    380
MEMLEDGER event=per_tensor_regular   name=transformer_layers_26_gating_linear_in_weight.scale_int8     type=f32        payload_B=         4 alloc_B=         0 nbytes_B=         4 cuda_free_MiB=  48063 rss_MiB=    380
MEMLEDGER event=per_tensor_regular   name=transformer_layers_26_gating_linear_in_weight.zp_int8        type=f32        payload_B=         4 alloc_B=         0 nbytes_B=         4 cuda_free_MiB=  48063 rss_MiB=    380
MEMLEDGER event=per_tensor_regular   name=transformer_layers_26_gating_linear_in_weight.scale_int4     type=f32        payload_B=         4 alloc_B=         0 nbytes_B=         4 cuda_free_MiB=  48063 rss_MiB=    380
MEMLEDGER event=per_tensor_regular   name=transformer_layers_26_gating_linear_in_weight.zp_int4        type=f32        payload_B=         4 alloc_B=         0 nbytes_B=         4 cuda_free_MiB=  48063 rss_MiB=    380
MEMLEDGER event=per_tensor_regular   name=transformer_layers_26_gating_linear_in_weight.scale_low      type=f32        payload_B=         4 alloc_B=         0 nbytes_B=         4 cuda_free_MiB=  48063 rss_MiB=    380
MEMLEDGER event=per_tensor_regular   name=transformer_layers_26_gating_linear_in_weight.zp_low         type=f32        payload_B=         4 alloc_B=         0 nbytes_B=         4 cuda_free_MiB=  48063 rss_MiB=    380
MEMLEDGER event=bmo_subcomponent_skipped name=transformer_layers_26_gating_linear_out_weight.packed_weights type=-          payload_B=  18221056 alloc_B=         0 nbytes_B=         0 cuda_free_MiB=  48063 rss_MiB=    380
MEMLEDGER event=bmo_subcomponent_skipped name=transformer_layers_26_gating_linear_out_weight.tile_tiers    type=-          payload_B=     11264 alloc_B=         0 nbytes_B=         0 cuda_free_MiB=  48063 rss_MiB=    380
MEMLEDGER event=per_tensor_regular   name=transformer_layers_26_gating_linear_out_weight.n_tiles       type=i32        payload_B=        16 alloc_B=         0 nbytes_B=        16 cuda_free_MiB=  48063 rss_MiB=    380
MEMLEDGER event=per_tensor_regular   name=transformer_layers_26_gating_linear_out_weight.tier_offsets  type=i32        payload_B=        20 alloc_B=         0 nbytes_B=        20 cuda_free_MiB=  48063 rss_MiB=    380
MEMLEDGER event=per_tensor_regular   name=transformer_layers_26_gating_linear_out_weight.rows          type=i32        payload_B=         4 alloc_B=         0 nbytes_B=         4 cuda_free_MiB=  48063 rss_MiB=    380
MEMLEDGER event=per_tensor_regular   name=transformer_layers_26_gating_linear_out_weight.cols          type=i32        payload_B=         4 alloc_B=         0 nbytes_B=         4 cuda_free_MiB=  48063 rss_MiB=    380
MEMLEDGER event=per_tensor_regular   name=transformer_layers_26_gating_linear_out_weight.packing_version type=i32        payload_B=         4 alloc_B=         0 nbytes_B=         4 cuda_free_MiB=  48063 rss_MiB=    380
MEMLEDGER event=bmo_subcomponent_skipped name=transformer_layers_26_gating_linear_out_weight.outlier_indices type=-          payload_B=    922748 alloc_B=         0 nbytes_B=         0 cuda_free_MiB=  48063 rss_MiB=    380
MEMLEDGER event=bmo_subcomponent_skipped name=transformer_layers_26_gating_linear_out_weight.outlier_values type=-          payload_B=    461374 alloc_B=         0 nbytes_B=         0 cuda_free_MiB=  48063 rss_MiB=    380
MEMLEDGER event=per_tensor_regular   name=transformer_layers_26_gating_linear_out_weight.n_outliers    type=i32        payload_B=         4 alloc_B=         0 nbytes_B=         4 cuda_free_MiB=  48063 rss_MiB=    380
MEMLEDGER event=per_tensor_regular   name=transformer_layers_26_gating_linear_out_weight.scale_int8    type=f32        payload_B=         4 alloc_B=         0 nbytes_B=         4 cuda_free_MiB=  48063 rss_MiB=    380
MEMLEDGER event=per_tensor_regular   name=transformer_layers_26_gating_linear_out_weight.zp_int8       type=f32        payload_B=         4 alloc_B=         0 nbytes_B=         4 cuda_free_MiB=  48063 rss_MiB=    380
MEMLEDGER event=per_tensor_regular   name=transformer_layers_26_gating_linear_out_weight.scale_int4    type=f32        payload_B=         4 alloc_B=         0 nbytes_B=         4 cuda_free_MiB=  48063 rss_MiB=    380
MEMLEDGER event=per_tensor_regular   name=transformer_layers_26_gating_linear_out_weight.zp_int4       type=f32        payload_B=         4 alloc_B=         0 nbytes_B=         4 cuda_free_MiB=  48063 rss_MiB=    380
MEMLEDGER event=per_tensor_regular   name=transformer_layers_26_gating_linear_out_weight.scale_low     type=f32        payload_B=         4 alloc_B=         0 nbytes_B=         4 cuda_free_MiB=  48063 rss_MiB=    380
MEMLEDGER event=per_tensor_regular   name=transformer_layers_26_gating_linear_out_weight.zp_low        type=f32        payload_B=         4 alloc_B=         0 nbytes_B=         4 cuda_free_MiB=  48063 rss_MiB=    380
MEMLEDGER event=per_tensor_regular   name=transformer_layers_27_self_attn_in_proj_weight.packed_weights type=i8         payload_B=  25165824 alloc_B=         0 nbytes_B=  25165824 cuda_free_MiB=  48063 rss_MiB=    380
MEMLEDGER event=per_tensor_regular   name=transformer_layers_27_self_attn_in_proj_weight.scales        type=f32        payload_B=   1572864 alloc_B=         0 nbytes_B=   1572864 cuda_free_MiB=  48063 rss_MiB=    380
MEMLEDGER event=per_tensor_regular   name=transformer_layers_27_self_attn_in_proj_weight.zeros         type=f32        payload_B=   1572864 alloc_B=         0 nbytes_B=   1572864 cuda_free_MiB=  48063 rss_MiB=    380
MEMLEDGER event=per_tensor_regular   name=transformer_layers_27_self_attn_in_proj_weight.group_size    type=i32        payload_B=         4 alloc_B=         0 nbytes_B=         4 cuda_free_MiB=  48063 rss_MiB=    380
MEMLEDGER event=per_tensor_regular   name=transformer_layers_27_self_attn_in_proj_weight.n_groups      type=i32        payload_B=         4 alloc_B=         0 nbytes_B=         4 cuda_free_MiB=  48063 rss_MiB=    380
MEMLEDGER event=per_tensor_regular   name=transformer_layers_27_self_attn_in_proj_weight.rows          type=i32        payload_B=         4 alloc_B=         0 nbytes_B=         4 cuda_free_MiB=  48063 rss_MiB=    380
MEMLEDGER event=per_tensor_regular   name=transformer_layers_27_self_attn_in_proj_weight.cols          type=i32        payload_B=         4 alloc_B=         0 nbytes_B=         4 cuda_free_MiB=  48063 rss_MiB=    380
MEMLEDGER event=per_tensor_regular   name=transformer_layers_27_self_attn_in_proj_weight.packing_version type=i32        payload_B=         4 alloc_B=         0 nbytes_B=         4 cuda_free_MiB=  48063 rss_MiB=    380
MEMLEDGER event=bmo_subcomponent_skipped name=transformer_layers_27_gating_linear_in_weight.packed_weights type=-          payload_B=  36443136 alloc_B=         0 nbytes_B=         0 cuda_free_MiB=  48063 rss_MiB=    380
MEMLEDGER event=bmo_subcomponent_skipped name=transformer_layers_27_gating_linear_in_weight.tile_tiers     type=-          payload_B=     22528 alloc_B=         0 nbytes_B=         0 cuda_free_MiB=  48063 rss_MiB=    380
MEMLEDGER event=per_tensor_regular   name=transformer_layers_27_gating_linear_in_weight.n_tiles        type=i32        payload_B=        16 alloc_B=         0 nbytes_B=        16 cuda_free_MiB=  48063 rss_MiB=    380
MEMLEDGER event=per_tensor_regular   name=transformer_layers_27_gating_linear_in_weight.tier_offsets   type=i32        payload_B=        20 alloc_B=         0 nbytes_B=        20 cuda_free_MiB=  48063 rss_MiB=    380
MEMLEDGER event=per_tensor_regular   name=transformer_layers_27_gating_linear_in_weight.rows           type=i32        payload_B=         4 alloc_B=         0 nbytes_B=         4 cuda_free_MiB=  48063 rss_MiB=    380
MEMLEDGER event=per_tensor_regular   name=transformer_layers_27_gating_linear_in_weight.cols           type=i32        payload_B=         4 alloc_B=         0 nbytes_B=         4 cuda_free_MiB=  48063 rss_MiB=    380
MEMLEDGER event=per_tensor_regular   name=transformer_layers_27_gating_linear_in_weight.packing_version type=i32        payload_B=         4 alloc_B=         0 nbytes_B=         4 cuda_free_MiB=  48063 rss_MiB=    380
MEMLEDGER event=bmo_subcomponent_skipped name=transformer_layers_27_gating_linear_in_weight.outlier_indices type=-          payload_B=   1845492 alloc_B=         0 nbytes_B=         0 cuda_free_MiB=  48063 rss_MiB=    380
MEMLEDGER event=bmo_subcomponent_skipped name=transformer_layers_27_gating_linear_in_weight.outlier_values type=-          payload_B=    922746 alloc_B=         0 nbytes_B=         0 cuda_free_MiB=  48063 rss_MiB=    380
MEMLEDGER event=per_tensor_regular   name=transformer_layers_27_gating_linear_in_weight.n_outliers     type=i32        payload_B=         4 alloc_B=         0 nbytes_B=         4 cuda_free_MiB=  48063 rss_MiB=    380
MEMLEDGER event=per_tensor_regular   name=transformer_layers_27_gating_linear_in_weight.scale_int8     type=f32        payload_B=         4 alloc_B=         0 nbytes_B=         4 cuda_free_MiB=  48063 rss_MiB=    380
MEMLEDGER event=per_tensor_regular   name=transformer_layers_27_gating_linear_in_weight.zp_int8        type=f32        payload_B=         4 alloc_B=         0 nbytes_B=         4 cuda_free_MiB=  48063 rss_MiB=    380
MEMLEDGER event=per_tensor_regular   name=transformer_layers_27_gating_linear_in_weight.scale_int4     type=f32        payload_B=         4 alloc_B=         0 nbytes_B=         4 cuda_free_MiB=  48063 rss_MiB=    380
MEMLEDGER event=per_tensor_regular   name=transformer_layers_27_gating_linear_in_weight.zp_int4        type=f32        payload_B=         4 alloc_B=         0 nbytes_B=         4 cuda_free_MiB=  48063 rss_MiB=    380
MEMLEDGER event=per_tensor_regular   name=transformer_layers_27_gating_linear_in_weight.scale_low      type=f32        payload_B=         4 alloc_B=         0 nbytes_B=         4 cuda_free_MiB=  48063 rss_MiB=    380
MEMLEDGER event=per_tensor_regular   name=transformer_layers_27_gating_linear_in_weight.zp_low         type=f32        payload_B=         4 alloc_B=         0 nbytes_B=         4 cuda_free_MiB=  48063 rss_MiB=    380
MEMLEDGER event=bmo_subcomponent_skipped name=transformer_layers_27_gating_linear_out_weight.packed_weights type=-          payload_B=  18221056 alloc_B=         0 nbytes_B=         0 cuda_free_MiB=  48063 rss_MiB=    380
MEMLEDGER event=bmo_subcomponent_skipped name=transformer_layers_27_gating_linear_out_weight.tile_tiers    type=-          payload_B=     11264 alloc_B=         0 nbytes_B=         0 cuda_free_MiB=  48063 rss_MiB=    380
MEMLEDGER event=per_tensor_regular   name=transformer_layers_27_gating_linear_out_weight.n_tiles       type=i32        payload_B=        16 alloc_B=         0 nbytes_B=        16 cuda_free_MiB=  48063 rss_MiB=    380
MEMLEDGER event=per_tensor_regular   name=transformer_layers_27_gating_linear_out_weight.tier_offsets  type=i32        payload_B=        20 alloc_B=         0 nbytes_B=        20 cuda_free_MiB=  48063 rss_MiB=    380
MEMLEDGER event=per_tensor_regular   name=transformer_layers_27_gating_linear_out_weight.rows          type=i32        payload_B=         4 alloc_B=         0 nbytes_B=         4 cuda_free_MiB=  48063 rss_MiB=    380
MEMLEDGER event=per_tensor_regular   name=transformer_layers_27_gating_linear_out_weight.cols          type=i32        payload_B=         4 alloc_B=         0 nbytes_B=         4 cuda_free_MiB=  48063 rss_MiB=    380
MEMLEDGER event=per_tensor_regular   name=transformer_layers_27_gating_linear_out_weight.packing_version type=i32        payload_B=         4 alloc_B=         0 nbytes_B=         4 cuda_free_MiB=  48063 rss_MiB=    380
MEMLEDGER event=bmo_subcomponent_skipped name=transformer_layers_27_gating_linear_out_weight.outlier_indices type=-          payload_B=    922748 alloc_B=         0 nbytes_B=         0 cuda_free_MiB=  48063 rss_MiB=    380
MEMLEDGER event=bmo_subcomponent_skipped name=transformer_layers_27_gating_linear_out_weight.outlier_values type=-          payload_B=    461374 alloc_B=         0 nbytes_B=         0 cuda_free_MiB=  48063 rss_MiB=    380
MEMLEDGER event=per_tensor_regular   name=transformer_layers_27_gating_linear_out_weight.n_outliers    type=i32        payload_B=         4 alloc_B=         0 nbytes_B=         4 cuda_free_MiB=  48063 rss_MiB=    380
MEMLEDGER event=per_tensor_regular   name=transformer_layers_27_gating_linear_out_weight.scale_int8    type=f32        payload_B=         4 alloc_B=         0 nbytes_B=         4 cuda_free_MiB=  48063 rss_MiB=    380
MEMLEDGER event=per_tensor_regular   name=transformer_layers_27_gating_linear_out_weight.zp_int8       type=f32        payload_B=         4 alloc_B=         0 nbytes_B=         4 cuda_free_MiB=  48063 rss_MiB=    380
MEMLEDGER event=per_tensor_regular   name=transformer_layers_27_gating_linear_out_weight.scale_int4    type=f32        payload_B=         4 alloc_B=         0 nbytes_B=         4 cuda_free_MiB=  48063 rss_MiB=    380
MEMLEDGER event=per_tensor_regular   name=transformer_layers_27_gating_linear_out_weight.zp_int4       type=f32        payload_B=         4 alloc_B=         0 nbytes_B=         4 cuda_free_MiB=  48063 rss_MiB=    380
MEMLEDGER event=per_tensor_regular   name=transformer_layers_27_gating_linear_out_weight.scale_low     type=f32        payload_B=         4 alloc_B=         0 nbytes_B=         4 cuda_free_MiB=  48063 rss_MiB=    380
MEMLEDGER event=per_tensor_regular   name=transformer_layers_27_gating_linear_out_weight.zp_low        type=f32        payload_B=         4 alloc_B=         0 nbytes_B=         4 cuda_free_MiB=  48063 rss_MiB=    380
MEMLEDGER event=per_tensor_regular   name=transformer_layers_28_self_attn_in_proj_weight.packed_weights type=i8         payload_B=  25165824 alloc_B=         0 nbytes_B=  25165824 cuda_free_MiB=  48063 rss_MiB=    380
MEMLEDGER event=per_tensor_regular   name=transformer_layers_28_self_attn_in_proj_weight.scales        type=f32        payload_B=   1572864 alloc_B=         0 nbytes_B=   1572864 cuda_free_MiB=  48063 rss_MiB=    380
MEMLEDGER event=per_tensor_regular   name=transformer_layers_28_self_attn_in_proj_weight.zeros         type=f32        payload_B=   1572864 alloc_B=         0 nbytes_B=   1572864 cuda_free_MiB=  48063 rss_MiB=    380
MEMLEDGER event=per_tensor_regular   name=transformer_layers_28_self_attn_in_proj_weight.group_size    type=i32        payload_B=         4 alloc_B=         0 nbytes_B=         4 cuda_free_MiB=  48063 rss_MiB=    380
MEMLEDGER event=per_tensor_regular   name=transformer_layers_28_self_attn_in_proj_weight.n_groups      type=i32        payload_B=         4 alloc_B=         0 nbytes_B=         4 cuda_free_MiB=  48063 rss_MiB=    380
MEMLEDGER event=per_tensor_regular   name=transformer_layers_28_self_attn_in_proj_weight.rows          type=i32        payload_B=         4 alloc_B=         0 nbytes_B=         4 cuda_free_MiB=  48063 rss_MiB=    380
MEMLEDGER event=per_tensor_regular   name=transformer_layers_28_self_attn_in_proj_weight.cols          type=i32        payload_B=         4 alloc_B=         0 nbytes_B=         4 cuda_free_MiB=  48063 rss_MiB=    380
MEMLEDGER event=per_tensor_regular   name=transformer_layers_28_self_attn_in_proj_weight.packing_version type=i32        payload_B=         4 alloc_B=         0 nbytes_B=         4 cuda_free_MiB=  48063 rss_MiB=    380
MEMLEDGER event=bmo_subcomponent_skipped name=transformer_layers_28_gating_linear_in_weight.packed_weights type=-          payload_B=  36443136 alloc_B=         0 nbytes_B=         0 cuda_free_MiB=  48063 rss_MiB=    380
MEMLEDGER event=bmo_subcomponent_skipped name=transformer_layers_28_gating_linear_in_weight.tile_tiers     type=-          payload_B=     22528 alloc_B=         0 nbytes_B=         0 cuda_free_MiB=  48063 rss_MiB=    380
MEMLEDGER event=per_tensor_regular   name=transformer_layers_28_gating_linear_in_weight.n_tiles        type=i32        payload_B=        16 alloc_B=         0 nbytes_B=        16 cuda_free_MiB=  48063 rss_MiB=    380
MEMLEDGER event=per_tensor_regular   name=transformer_layers_28_gating_linear_in_weight.tier_offsets   type=i32        payload_B=        20 alloc_B=         0 nbytes_B=        20 cuda_free_MiB=  48063 rss_MiB=    380
MEMLEDGER event=per_tensor_regular   name=transformer_layers_28_gating_linear_in_weight.rows           type=i32        payload_B=         4 alloc_B=         0 nbytes_B=         4 cuda_free_MiB=  48063 rss_MiB=    380
MEMLEDGER event=per_tensor_regular   name=transformer_layers_28_gating_linear_in_weight.cols           type=i32        payload_B=         4 alloc_B=         0 nbytes_B=         4 cuda_free_MiB=  48063 rss_MiB=    380
MEMLEDGER event=per_tensor_regular   name=transformer_layers_28_gating_linear_in_weight.packing_version type=i32        payload_B=         4 alloc_B=         0 nbytes_B=         4 cuda_free_MiB=  48063 rss_MiB=    380
MEMLEDGER event=bmo_subcomponent_skipped name=transformer_layers_28_gating_linear_in_weight.outlier_indices type=-          payload_B=   1845492 alloc_B=         0 nbytes_B=         0 cuda_free_MiB=  48063 rss_MiB=    380
MEMLEDGER event=bmo_subcomponent_skipped name=transformer_layers_28_gating_linear_in_weight.outlier_values type=-          payload_B=    922746 alloc_B=         0 nbytes_B=         0 cuda_free_MiB=  48063 rss_MiB=    380
MEMLEDGER event=per_tensor_regular   name=transformer_layers_28_gating_linear_in_weight.n_outliers     type=i32        payload_B=         4 alloc_B=         0 nbytes_B=         4 cuda_free_MiB=  48063 rss_MiB=    380
MEMLEDGER event=per_tensor_regular   name=transformer_layers_28_gating_linear_in_weight.scale_int8     type=f32        payload_B=         4 alloc_B=         0 nbytes_B=         4 cuda_free_MiB=  48063 rss_MiB=    380
MEMLEDGER event=per_tensor_regular   name=transformer_layers_28_gating_linear_in_weight.zp_int8        type=f32        payload_B=         4 alloc_B=         0 nbytes_B=         4 cuda_free_MiB=  48063 rss_MiB=    380
MEMLEDGER event=per_tensor_regular   name=transformer_layers_28_gating_linear_in_weight.scale_int4     type=f32        payload_B=         4 alloc_B=         0 nbytes_B=         4 cuda_free_MiB=  48063 rss_MiB=    380
MEMLEDGER event=per_tensor_regular   name=transformer_layers_28_gating_linear_in_weight.zp_int4        type=f32        payload_B=         4 alloc_B=         0 nbytes_B=         4 cuda_free_MiB=  48063 rss_MiB=    380
MEMLEDGER event=per_tensor_regular   name=transformer_layers_28_gating_linear_in_weight.scale_low      type=f32        payload_B=         4 alloc_B=         0 nbytes_B=         4 cuda_free_MiB=  48063 rss_MiB=    380
MEMLEDGER event=per_tensor_regular   name=transformer_layers_28_gating_linear_in_weight.zp_low         type=f32        payload_B=         4 alloc_B=         0 nbytes_B=         4 cuda_free_MiB=  48063 rss_MiB=    380
MEMLEDGER event=bmo_subcomponent_skipped name=transformer_layers_28_gating_linear_out_weight.packed_weights type=-          payload_B=  18221056 alloc_B=         0 nbytes_B=         0 cuda_free_MiB=  48063 rss_MiB=    380
MEMLEDGER event=bmo_subcomponent_skipped name=transformer_layers_28_gating_linear_out_weight.tile_tiers    type=-          payload_B=     11264 alloc_B=         0 nbytes_B=         0 cuda_free_MiB=  48063 rss_MiB=    380
MEMLEDGER event=per_tensor_regular   name=transformer_layers_28_gating_linear_out_weight.n_tiles       type=i32        payload_B=        16 alloc_B=         0 nbytes_B=        16 cuda_free_MiB=  48063 rss_MiB=    380
MEMLEDGER event=per_tensor_regular   name=transformer_layers_28_gating_linear_out_weight.tier_offsets  type=i32        payload_B=        20 alloc_B=         0 nbytes_B=        20 cuda_free_MiB=  48063 rss_MiB=    380
MEMLEDGER event=per_tensor_regular   name=transformer_layers_28_gating_linear_out_weight.rows          type=i32        payload_B=         4 alloc_B=         0 nbytes_B=         4 cuda_free_MiB=  48063 rss_MiB=    380
MEMLEDGER event=per_tensor_regular   name=transformer_layers_28_gating_linear_out_weight.cols          type=i32        payload_B=         4 alloc_B=         0 nbytes_B=         4 cuda_free_MiB=  48063 rss_MiB=    380
MEMLEDGER event=per_tensor_regular   name=transformer_layers_28_gating_linear_out_weight.packing_version type=i32        payload_B=         4 alloc_B=         0 nbytes_B=         4 cuda_free_MiB=  48063 rss_MiB=    380
MEMLEDGER event=bmo_subcomponent_skipped name=transformer_layers_28_gating_linear_out_weight.outlier_indices type=-          payload_B=    922748 alloc_B=         0 nbytes_B=         0 cuda_free_MiB=  48063 rss_MiB=    380
MEMLEDGER event=bmo_subcomponent_skipped name=transformer_layers_28_gating_linear_out_weight.outlier_values type=-          payload_B=    461374 alloc_B=         0 nbytes_B=         0 cuda_free_MiB=  48063 rss_MiB=    380
MEMLEDGER event=per_tensor_regular   name=transformer_layers_28_gating_linear_out_weight.n_outliers    type=i32        payload_B=         4 alloc_B=         0 nbytes_B=         4 cuda_free_MiB=  48063 rss_MiB=    380
MEMLEDGER event=per_tensor_regular   name=transformer_layers_28_gating_linear_out_weight.scale_int8    type=f32        payload_B=         4 alloc_B=         0 nbytes_B=         4 cuda_free_MiB=  48063 rss_MiB=    380
MEMLEDGER event=per_tensor_regular   name=transformer_layers_28_gating_linear_out_weight.zp_int8       type=f32        payload_B=         4 alloc_B=         0 nbytes_B=         4 cuda_free_MiB=  48063 rss_MiB=    380
MEMLEDGER event=per_tensor_regular   name=transformer_layers_28_gating_linear_out_weight.scale_int4    type=f32        payload_B=         4 alloc_B=         0 nbytes_B=         4 cuda_free_MiB=  48063 rss_MiB=    380
MEMLEDGER event=per_tensor_regular   name=transformer_layers_28_gating_linear_out_weight.zp_int4       type=f32        payload_B=         4 alloc_B=         0 nbytes_B=         4 cuda_free_MiB=  48063 rss_MiB=    380
MEMLEDGER event=per_tensor_regular   name=transformer_layers_28_gating_linear_out_weight.scale_low     type=f32        payload_B=         4 alloc_B=         0 nbytes_B=         4 cuda_free_MiB=  48063 rss_MiB=    380
MEMLEDGER event=per_tensor_regular   name=transformer_layers_28_gating_linear_out_weight.zp_low        type=f32        payload_B=         4 alloc_B=         0 nbytes_B=         4 cuda_free_MiB=  48063 rss_MiB=    380
MEMLEDGER event=per_tensor_regular   name=transformer_layers_29_self_attn_in_proj_weight.packed_weights type=i8         payload_B=  25165824 alloc_B=         0 nbytes_B=  25165824 cuda_free_MiB=  48063 rss_MiB=    380
MEMLEDGER event=per_tensor_regular   name=transformer_layers_29_self_attn_in_proj_weight.scales        type=f32        payload_B=   1572864 alloc_B=         0 nbytes_B=   1572864 cuda_free_MiB=  48063 rss_MiB=    380
MEMLEDGER event=per_tensor_regular   name=transformer_layers_29_self_attn_in_proj_weight.zeros         type=f32        payload_B=   1572864 alloc_B=         0 nbytes_B=   1572864 cuda_free_MiB=  48063 rss_MiB=    380
MEMLEDGER event=per_tensor_regular   name=transformer_layers_29_self_attn_in_proj_weight.group_size    type=i32        payload_B=         4 alloc_B=         0 nbytes_B=         4 cuda_free_MiB=  48063 rss_MiB=    380
MEMLEDGER event=per_tensor_regular   name=transformer_layers_29_self_attn_in_proj_weight.n_groups      type=i32        payload_B=         4 alloc_B=         0 nbytes_B=         4 cuda_free_MiB=  48063 rss_MiB=    380
MEMLEDGER event=per_tensor_regular   name=transformer_layers_29_self_attn_in_proj_weight.rows          type=i32        payload_B=         4 alloc_B=         0 nbytes_B=         4 cuda_free_MiB=  48063 rss_MiB=    380
MEMLEDGER event=per_tensor_regular   name=transformer_layers_29_self_attn_in_proj_weight.cols          type=i32        payload_B=         4 alloc_B=         0 nbytes_B=         4 cuda_free_MiB=  48063 rss_MiB=    380
MEMLEDGER event=per_tensor_regular   name=transformer_layers_29_self_attn_in_proj_weight.packing_version type=i32        payload_B=         4 alloc_B=         0 nbytes_B=         4 cuda_free_MiB=  48063 rss_MiB=    380
MEMLEDGER event=bmo_subcomponent_skipped name=transformer_layers_29_gating_linear_in_weight.packed_weights type=-          payload_B=  36443136 alloc_B=         0 nbytes_B=         0 cuda_free_MiB=  48063 rss_MiB=    380
MEMLEDGER event=bmo_subcomponent_skipped name=transformer_layers_29_gating_linear_in_weight.tile_tiers     type=-          payload_B=     22528 alloc_B=         0 nbytes_B=         0 cuda_free_MiB=  48063 rss_MiB=    380
MEMLEDGER event=per_tensor_regular   name=transformer_layers_29_gating_linear_in_weight.n_tiles        type=i32        payload_B=        16 alloc_B=         0 nbytes_B=        16 cuda_free_MiB=  48063 rss_MiB=    380
MEMLEDGER event=per_tensor_regular   name=transformer_layers_29_gating_linear_in_weight.tier_offsets   type=i32        payload_B=        20 alloc_B=         0 nbytes_B=        20 cuda_free_MiB=  48063 rss_MiB=    380
MEMLEDGER event=per_tensor_regular   name=transformer_layers_29_gating_linear_in_weight.rows           type=i32        payload_B=         4 alloc_B=         0 nbytes_B=         4 cuda_free_MiB=  48063 rss_MiB=    380
MEMLEDGER event=per_tensor_regular   name=transformer_layers_29_gating_linear_in_weight.cols           type=i32        payload_B=         4 alloc_B=         0 nbytes_B=         4 cuda_free_MiB=  48063 rss_MiB=    380
MEMLEDGER event=per_tensor_regular   name=transformer_layers_29_gating_linear_in_weight.packing_version type=i32        payload_B=         4 alloc_B=         0 nbytes_B=         4 cuda_free_MiB=  48063 rss_MiB=    380
MEMLEDGER event=bmo_subcomponent_skipped name=transformer_layers_29_gating_linear_in_weight.outlier_indices type=-          payload_B=   1845492 alloc_B=         0 nbytes_B=         0 cuda_free_MiB=  48063 rss_MiB=    380
MEMLEDGER event=bmo_subcomponent_skipped name=transformer_layers_29_gating_linear_in_weight.outlier_values type=-          payload_B=    922746 alloc_B=         0 nbytes_B=         0 cuda_free_MiB=  48063 rss_MiB=    380
MEMLEDGER event=per_tensor_regular   name=transformer_layers_29_gating_linear_in_weight.n_outliers     type=i32        payload_B=         4 alloc_B=         0 nbytes_B=         4 cuda_free_MiB=  48063 rss_MiB=    380
MEMLEDGER event=per_tensor_regular   name=transformer_layers_29_gating_linear_in_weight.scale_int8     type=f32        payload_B=         4 alloc_B=         0 nbytes_B=         4 cuda_free_MiB=  48063 rss_MiB=    380
MEMLEDGER event=per_tensor_regular   name=transformer_layers_29_gating_linear_in_weight.zp_int8        type=f32        payload_B=         4 alloc_B=         0 nbytes_B=         4 cuda_free_MiB=  48063 rss_MiB=    380
MEMLEDGER event=per_tensor_regular   name=transformer_layers_29_gating_linear_in_weight.scale_int4     type=f32        payload_B=         4 alloc_B=         0 nbytes_B=         4 cuda_free_MiB=  48063 rss_MiB=    380
MEMLEDGER event=per_tensor_regular   name=transformer_layers_29_gating_linear_in_weight.zp_int4        type=f32        payload_B=         4 alloc_B=         0 nbytes_B=         4 cuda_free_MiB=  48063 rss_MiB=    380
MEMLEDGER event=per_tensor_regular   name=transformer_layers_29_gating_linear_in_weight.scale_low      type=f32        payload_B=         4 alloc_B=         0 nbytes_B=         4 cuda_free_MiB=  48063 rss_MiB=    380
MEMLEDGER event=per_tensor_regular   name=transformer_layers_29_gating_linear_in_weight.zp_low         type=f32        payload_B=         4 alloc_B=         0 nbytes_B=         4 cuda_free_MiB=  48063 rss_MiB=    380
MEMLEDGER event=bmo_subcomponent_skipped name=transformer_layers_29_gating_linear_out_weight.packed_weights type=-          payload_B=  18221056 alloc_B=         0 nbytes_B=         0 cuda_free_MiB=  48063 rss_MiB=    380
MEMLEDGER event=bmo_subcomponent_skipped name=transformer_layers_29_gating_linear_out_weight.tile_tiers    type=-          payload_B=     11264 alloc_B=         0 nbytes_B=         0 cuda_free_MiB=  48063 rss_MiB=    380
MEMLEDGER event=per_tensor_regular   name=transformer_layers_29_gating_linear_out_weight.n_tiles       type=i32        payload_B=        16 alloc_B=         0 nbytes_B=        16 cuda_free_MiB=  48063 rss_MiB=    380
MEMLEDGER event=per_tensor_regular   name=transformer_layers_29_gating_linear_out_weight.tier_offsets  type=i32        payload_B=        20 alloc_B=         0 nbytes_B=        20 cuda_free_MiB=  48063 rss_MiB=    380
MEMLEDGER event=per_tensor_regular   name=transformer_layers_29_gating_linear_out_weight.rows          type=i32        payload_B=         4 alloc_B=         0 nbytes_B=         4 cuda_free_MiB=  48063 rss_MiB=    380
MEMLEDGER event=per_tensor_regular   name=transformer_layers_29_gating_linear_out_weight.cols          type=i32        payload_B=         4 alloc_B=         0 nbytes_B=         4 cuda_free_MiB=  48063 rss_MiB=    380
MEMLEDGER event=per_tensor_regular   name=transformer_layers_29_gating_linear_out_weight.packing_version type=i32        payload_B=         4 alloc_B=         0 nbytes_B=         4 cuda_free_MiB=  48063 rss_MiB=    380
MEMLEDGER event=bmo_subcomponent_skipped name=transformer_layers_29_gating_linear_out_weight.outlier_indices type=-          payload_B=    922748 alloc_B=         0 nbytes_B=         0 cuda_free_MiB=  48063 rss_MiB=    380
MEMLEDGER event=bmo_subcomponent_skipped name=transformer_layers_29_gating_linear_out_weight.outlier_values type=-          payload_B=    461374 alloc_B=         0 nbytes_B=         0 cuda_free_MiB=  48063 rss_MiB=    380
MEMLEDGER event=per_tensor_regular   name=transformer_layers_29_gating_linear_out_weight.n_outliers    type=i32        payload_B=         4 alloc_B=         0 nbytes_B=         4 cuda_free_MiB=  48063 rss_MiB=    380
MEMLEDGER event=per_tensor_regular   name=transformer_layers_29_gating_linear_out_weight.scale_int8    type=f32        payload_B=         4 alloc_B=         0 nbytes_B=         4 cuda_free_MiB=  48063 rss_MiB=    380
MEMLEDGER event=per_tensor_regular   name=transformer_layers_29_gating_linear_out_weight.zp_int8       type=f32        payload_B=         4 alloc_B=         0 nbytes_B=         4 cuda_free_MiB=  48063 rss_MiB=    380
MEMLEDGER event=per_tensor_regular   name=transformer_layers_29_gating_linear_out_weight.scale_int4    type=f32        payload_B=         4 alloc_B=         0 nbytes_B=         4 cuda_free_MiB=  48063 rss_MiB=    380
MEMLEDGER event=per_tensor_regular   name=transformer_layers_29_gating_linear_out_weight.zp_int4       type=f32        payload_B=         4 alloc_B=         0 nbytes_B=         4 cuda_free_MiB=  48063 rss_MiB=    380
MEMLEDGER event=per_tensor_regular   name=transformer_layers_29_gating_linear_out_weight.scale_low     type=f32        payload_B=         4 alloc_B=         0 nbytes_B=         4 cuda_free_MiB=  48063 rss_MiB=    380
MEMLEDGER event=per_tensor_regular   name=transformer_layers_29_gating_linear_out_weight.zp_low        type=f32        payload_B=         4 alloc_B=         0 nbytes_B=         4 cuda_free_MiB=  48063 rss_MiB=    380
MEMLEDGER event=per_tensor_regular   name=transformer_layers_30_self_attn_in_proj_weight.packed_weights type=i8         payload_B=  25165824 alloc_B=         0 nbytes_B=  25165824 cuda_free_MiB=  48063 rss_MiB=    380
MEMLEDGER event=per_tensor_regular   name=transformer_layers_30_self_attn_in_proj_weight.scales        type=f32        payload_B=   1572864 alloc_B=         0 nbytes_B=   1572864 cuda_free_MiB=  48063 rss_MiB=    380
MEMLEDGER event=per_tensor_regular   name=transformer_layers_30_self_attn_in_proj_weight.zeros         type=f32        payload_B=   1572864 alloc_B=         0 nbytes_B=   1572864 cuda_free_MiB=  48063 rss_MiB=    380
MEMLEDGER event=per_tensor_regular   name=transformer_layers_30_self_attn_in_proj_weight.group_size    type=i32        payload_B=         4 alloc_B=         0 nbytes_B=         4 cuda_free_MiB=  48063 rss_MiB=    380
MEMLEDGER event=per_tensor_regular   name=transformer_layers_30_self_attn_in_proj_weight.n_groups      type=i32        payload_B=         4 alloc_B=         0 nbytes_B=         4 cuda_free_MiB=  48063 rss_MiB=    380
MEMLEDGER event=per_tensor_regular   name=transformer_layers_30_self_attn_in_proj_weight.rows          type=i32        payload_B=         4 alloc_B=         0 nbytes_B=         4 cuda_free_MiB=  48063 rss_MiB=    380
MEMLEDGER event=per_tensor_regular   name=transformer_layers_30_self_attn_in_proj_weight.cols          type=i32        payload_B=         4 alloc_B=         0 nbytes_B=         4 cuda_free_MiB=  48063 rss_MiB=    380
MEMLEDGER event=per_tensor_regular   name=transformer_layers_30_self_attn_in_proj_weight.packing_version type=i32        payload_B=         4 alloc_B=         0 nbytes_B=         4 cuda_free_MiB=  48063 rss_MiB=    380
MEMLEDGER event=bmo_subcomponent_skipped name=transformer_layers_30_gating_linear_in_weight.packed_weights type=-          payload_B=  36443136 alloc_B=         0 nbytes_B=         0 cuda_free_MiB=  48063 rss_MiB=    380
MEMLEDGER event=bmo_subcomponent_skipped name=transformer_layers_30_gating_linear_in_weight.tile_tiers     type=-          payload_B=     22528 alloc_B=         0 nbytes_B=         0 cuda_free_MiB=  48063 rss_MiB=    380
MEMLEDGER event=per_tensor_regular   name=transformer_layers_30_gating_linear_in_weight.n_tiles        type=i32        payload_B=        16 alloc_B=         0 nbytes_B=        16 cuda_free_MiB=  48063 rss_MiB=    380
MEMLEDGER event=per_tensor_regular   name=transformer_layers_30_gating_linear_in_weight.tier_offsets   type=i32        payload_B=        20 alloc_B=         0 nbytes_B=        20 cuda_free_MiB=  48063 rss_MiB=    380
MEMLEDGER event=per_tensor_regular   name=transformer_layers_30_gating_linear_in_weight.rows           type=i32        payload_B=         4 alloc_B=         0 nbytes_B=         4 cuda_free_MiB=  48063 rss_MiB=    380
MEMLEDGER event=per_tensor_regular   name=transformer_layers_30_gating_linear_in_weight.cols           type=i32        payload_B=         4 alloc_B=         0 nbytes_B=         4 cuda_free_MiB=  48063 rss_MiB=    380
MEMLEDGER event=per_tensor_regular   name=transformer_layers_30_gating_linear_in_weight.packing_version type=i32        payload_B=         4 alloc_B=         0 nbytes_B=         4 cuda_free_MiB=  48063 rss_MiB=    380
MEMLEDGER event=bmo_subcomponent_skipped name=transformer_layers_30_gating_linear_in_weight.outlier_indices type=-          payload_B=   1845492 alloc_B=         0 nbytes_B=         0 cuda_free_MiB=  48063 rss_MiB=    380
MEMLEDGER event=bmo_subcomponent_skipped name=transformer_layers_30_gating_linear_in_weight.outlier_values type=-          payload_B=    922746 alloc_B=         0 nbytes_B=         0 cuda_free_MiB=  48063 rss_MiB=    380
MEMLEDGER event=per_tensor_regular   name=transformer_layers_30_gating_linear_in_weight.n_outliers     type=i32        payload_B=         4 alloc_B=         0 nbytes_B=         4 cuda_free_MiB=  48063 rss_MiB=    380
MEMLEDGER event=per_tensor_regular   name=transformer_layers_30_gating_linear_in_weight.scale_int8     type=f32        payload_B=         4 alloc_B=         0 nbytes_B=         4 cuda_free_MiB=  48063 rss_MiB=    380
MEMLEDGER event=per_tensor_regular   name=transformer_layers_30_gating_linear_in_weight.zp_int8        type=f32        payload_B=         4 alloc_B=         0 nbytes_B=         4 cuda_free_MiB=  48063 rss_MiB=    380
MEMLEDGER event=per_tensor_regular   name=transformer_layers_30_gating_linear_in_weight.scale_int4     type=f32        payload_B=         4 alloc_B=         0 nbytes_B=         4 cuda_free_MiB=  48063 rss_MiB=    380
MEMLEDGER event=per_tensor_regular   name=transformer_layers_30_gating_linear_in_weight.zp_int4        type=f32        payload_B=         4 alloc_B=         0 nbytes_B=         4 cuda_free_MiB=  48063 rss_MiB=    380
MEMLEDGER event=per_tensor_regular   name=transformer_layers_30_gating_linear_in_weight.scale_low      type=f32        payload_B=         4 alloc_B=         0 nbytes_B=         4 cuda_free_MiB=  48063 rss_MiB=    380
MEMLEDGER event=per_tensor_regular   name=transformer_layers_30_gating_linear_in_weight.zp_low         type=f32        payload_B=         4 alloc_B=         0 nbytes_B=         4 cuda_free_MiB=  48063 rss_MiB=    380
MEMLEDGER event=bmo_subcomponent_skipped name=transformer_layers_30_gating_linear_out_weight.packed_weights type=-          payload_B=  18221056 alloc_B=         0 nbytes_B=         0 cuda_free_MiB=  48063 rss_MiB=    380
MEMLEDGER event=bmo_subcomponent_skipped name=transformer_layers_30_gating_linear_out_weight.tile_tiers    type=-          payload_B=     11264 alloc_B=         0 nbytes_B=         0 cuda_free_MiB=  48063 rss_MiB=    380
MEMLEDGER event=per_tensor_regular   name=transformer_layers_30_gating_linear_out_weight.n_tiles       type=i32        payload_B=        16 alloc_B=         0 nbytes_B=        16 cuda_free_MiB=  48063 rss_MiB=    380
MEMLEDGER event=per_tensor_regular   name=transformer_layers_30_gating_linear_out_weight.tier_offsets  type=i32        payload_B=        20 alloc_B=         0 nbytes_B=        20 cuda_free_MiB=  48063 rss_MiB=    380
MEMLEDGER event=per_tensor_regular   name=transformer_layers_30_gating_linear_out_weight.rows          type=i32        payload_B=         4 alloc_B=         0 nbytes_B=         4 cuda_free_MiB=  48063 rss_MiB=    380
MEMLEDGER event=per_tensor_regular   name=transformer_layers_30_gating_linear_out_weight.cols          type=i32        payload_B=         4 alloc_B=         0 nbytes_B=         4 cuda_free_MiB=  48063 rss_MiB=    380
MEMLEDGER event=per_tensor_regular   name=transformer_layers_30_gating_linear_out_weight.packing_version type=i32        payload_B=         4 alloc_B=         0 nbytes_B=         4 cuda_free_MiB=  48063 rss_MiB=    380
MEMLEDGER event=bmo_subcomponent_skipped name=transformer_layers_30_gating_linear_out_weight.outlier_indices type=-          payload_B=    922748 alloc_B=         0 nbytes_B=         0 cuda_free_MiB=  48063 rss_MiB=    380
MEMLEDGER event=bmo_subcomponent_skipped name=transformer_layers_30_gating_linear_out_weight.outlier_values type=-          payload_B=    461374 alloc_B=         0 nbytes_B=         0 cuda_free_MiB=  48063 rss_MiB=    380
MEMLEDGER event=per_tensor_regular   name=transformer_layers_30_gating_linear_out_weight.n_outliers    type=i32        payload_B=         4 alloc_B=         0 nbytes_B=         4 cuda_free_MiB=  48063 rss_MiB=    380
MEMLEDGER event=per_tensor_regular   name=transformer_layers_30_gating_linear_out_weight.scale_int8    type=f32        payload_B=         4 alloc_B=         0 nbytes_B=         4 cuda_free_MiB=  48063 rss_MiB=    380
MEMLEDGER event=per_tensor_regular   name=transformer_layers_30_gating_linear_out_weight.zp_int8       type=f32        payload_B=         4 alloc_B=         0 nbytes_B=         4 cuda_free_MiB=  48063 rss_MiB=    380
MEMLEDGER event=per_tensor_regular   name=transformer_layers_30_gating_linear_out_weight.scale_int4    type=f32        payload_B=         4 alloc_B=         0 nbytes_B=         4 cuda_free_MiB=  48063 rss_MiB=    380
MEMLEDGER event=per_tensor_regular   name=transformer_layers_30_gating_linear_out_weight.zp_int4       type=f32        payload_B=         4 alloc_B=         0 nbytes_B=         4 cuda_free_MiB=  48063 rss_MiB=    380
MEMLEDGER event=per_tensor_regular   name=transformer_layers_30_gating_linear_out_weight.scale_low     type=f32        payload_B=         4 alloc_B=         0 nbytes_B=         4 cuda_free_MiB=  48063 rss_MiB=    380
MEMLEDGER event=per_tensor_regular   name=transformer_layers_30_gating_linear_out_weight.zp_low        type=f32        payload_B=         4 alloc_B=         0 nbytes_B=         4 cuda_free_MiB=  48063 rss_MiB=    380
MEMLEDGER event=per_tensor_regular   name=transformer_layers_31_self_attn_in_proj_weight               type=f16        payload_B= 100663296 alloc_B=         0 nbytes_B= 100663296 cuda_free_MiB=  48063 rss_MiB=    444
MEMLEDGER event=per_tensor_regular   name=transformer_layers_31_gating_linear_in_weight                type=f16        payload_B= 184549376 alloc_B=         0 nbytes_B= 184549376 cuda_free_MiB=  48063 rss_MiB=    524
MEMLEDGER event=per_tensor_regular   name=transformer_layers_31_gating_linear_out_weight               type=f16        payload_B=  92274688 alloc_B=         0 nbytes_B=  92274688 cuda_free_MiB=  48063 rss_MiB=    524
MEMLEDGER event=per_tensor_regular   name=depformer_layers_0_norm1_weight                              type=f32        payload_B=      4096 alloc_B=         0 nbytes_B=      4096 cuda_free_MiB=  48063 rss_MiB=    524
MEMLEDGER event=per_tensor_regular   name=depformer_layers_0_norm2_weight                              type=f32        payload_B=      4096 alloc_B=         0 nbytes_B=      4096 cuda_free_MiB=  48063 rss_MiB=    524
MEMLEDGER event=per_tensor_regular   name=depformer_layers_0_self_attn_in_proj_weight                  type=q4_0       payload_B=  28311552 alloc_B=         0 nbytes_B=  28311552 cuda_free_MiB=  48063 rss_MiB=    524
MEMLEDGER event=per_tensor_regular   name=depformer_layers_0_self_attn_out_proj_weight                 type=q4_0       payload_B=   9437184 alloc_B=         0 nbytes_B=   9437184 cuda_free_MiB=  48063 rss_MiB=    524
MEMLEDGER event=per_tensor_regular   name=depformer_layers_0_gating_0_linear_in_weight                 type=q4_0       payload_B=   3244032 alloc_B=         0 nbytes_B=   3244032 cuda_free_MiB=  48063 rss_MiB=    524
MEMLEDGER event=per_tensor_regular   name=depformer_layers_0_gating_0_linear_out_weight                type=q4_0       payload_B=   1622016 alloc_B=         0 nbytes_B=   1622016 cuda_free_MiB=  48063 rss_MiB=    524
MEMLEDGER event=per_tensor_regular   name=depformer_layers_0_gating_1_linear_in_weight                 type=q4_0       payload_B=   3244032 alloc_B=         0 nbytes_B=   3244032 cuda_free_MiB=  48063 rss_MiB=    524
MEMLEDGER event=per_tensor_regular   name=depformer_layers_0_gating_1_linear_out_weight                type=q4_0       payload_B=   1622016 alloc_B=         0 nbytes_B=   1622016 cuda_free_MiB=  48063 rss_MiB=    524
MEMLEDGER event=per_tensor_regular   name=depformer_layers_0_gating_2_linear_in_weight                 type=q4_0       payload_B=   3244032 alloc_B=         0 nbytes_B=   3244032 cuda_free_MiB=  48063 rss_MiB=    524
MEMLEDGER event=per_tensor_regular   name=depformer_layers_0_gating_2_linear_out_weight                type=q4_0       payload_B=   1622016 alloc_B=         0 nbytes_B=   1622016 cuda_free_MiB=  48063 rss_MiB=    524
MEMLEDGER event=per_tensor_regular   name=depformer_layers_0_gating_3_linear_in_weight                 type=q4_0       payload_B=   3244032 alloc_B=         0 nbytes_B=   3244032 cuda_free_MiB=  48063 rss_MiB=    524
MEMLEDGER event=per_tensor_regular   name=depformer_layers_0_gating_3_linear_out_weight                type=q4_0       payload_B=   1622016 alloc_B=         0 nbytes_B=   1622016 cuda_free_MiB=  48063 rss_MiB=    524
MEMLEDGER event=per_tensor_regular   name=depformer_layers_0_gating_4_linear_in_weight                 type=q4_0       payload_B=   3244032 alloc_B=         0 nbytes_B=   3244032 cuda_free_MiB=  48063 rss_MiB=    524
MEMLEDGER event=per_tensor_regular   name=depformer_layers_0_gating_4_linear_out_weight                type=q4_0       payload_B=   1622016 alloc_B=         0 nbytes_B=   1622016 cuda_free_MiB=  48063 rss_MiB=    524
MEMLEDGER event=per_tensor_regular   name=depformer_layers_0_gating_5_linear_in_weight                 type=q4_0       payload_B=   3244032 alloc_B=         0 nbytes_B=   3244032 cuda_free_MiB=  48063 rss_MiB=    524
MEMLEDGER event=per_tensor_regular   name=depformer_layers_0_gating_5_linear_out_weight                type=q4_0       payload_B=   1622016 alloc_B=         0 nbytes_B=   1622016 cuda_free_MiB=  48063 rss_MiB=    524
MEMLEDGER event=per_tensor_regular   name=depformer_layers_0_gating_6_linear_in_weight                 type=q4_0       payload_B=   3244032 alloc_B=         0 nbytes_B=   3244032 cuda_free_MiB=  48063 rss_MiB=    524
MEMLEDGER event=per_tensor_regular   name=depformer_layers_0_gating_6_linear_out_weight                type=q4_0       payload_B=   1622016 alloc_B=         0 nbytes_B=   1622016 cuda_free_MiB=  48063 rss_MiB=    524
MEMLEDGER event=per_tensor_regular   name=depformer_layers_0_gating_7_linear_in_weight                 type=q4_0       payload_B=   3244032 alloc_B=         0 nbytes_B=   3244032 cuda_free_MiB=  48063 rss_MiB=    524
MEMLEDGER event=per_tensor_regular   name=depformer_layers_0_gating_7_linear_out_weight                type=q4_0       payload_B=   1622016 alloc_B=         0 nbytes_B=   1622016 cuda_free_MiB=  48063 rss_MiB=    524
MEMLEDGER event=per_tensor_regular   name=depformer_layers_0_gating_8_linear_in_weight                 type=q4_0       payload_B=   3244032 alloc_B=         0 nbytes_B=   3244032 cuda_free_MiB=  48063 rss_MiB=    524
MEMLEDGER event=per_tensor_regular   name=depformer_layers_0_gating_8_linear_out_weight                type=q4_0       payload_B=   1622016 alloc_B=         0 nbytes_B=   1622016 cuda_free_MiB=  48063 rss_MiB=    524
MEMLEDGER event=per_tensor_regular   name=depformer_layers_0_gating_9_linear_in_weight                 type=q4_0       payload_B=   3244032 alloc_B=         0 nbytes_B=   3244032 cuda_free_MiB=  48063 rss_MiB=    524
MEMLEDGER event=per_tensor_regular   name=depformer_layers_0_gating_9_linear_out_weight                type=q4_0       payload_B=   1622016 alloc_B=         0 nbytes_B=   1622016 cuda_free_MiB=  48063 rss_MiB=    524
MEMLEDGER event=per_tensor_regular   name=depformer_layers_0_gating_10_linear_in_weight                type=q4_0       payload_B=   3244032 alloc_B=         0 nbytes_B=   3244032 cuda_free_MiB=  48063 rss_MiB=    524
MEMLEDGER event=per_tensor_regular   name=depformer_layers_0_gating_10_linear_out_weight               type=q4_0       payload_B=   1622016 alloc_B=         0 nbytes_B=   1622016 cuda_free_MiB=  48063 rss_MiB=    524
MEMLEDGER event=per_tensor_regular   name=depformer_layers_0_gating_11_linear_in_weight                type=q4_0       payload_B=   3244032 alloc_B=         0 nbytes_B=   3244032 cuda_free_MiB=  48063 rss_MiB=    524
MEMLEDGER event=per_tensor_regular   name=depformer_layers_0_gating_11_linear_out_weight               type=q4_0       payload_B=   1622016 alloc_B=         0 nbytes_B=   1622016 cuda_free_MiB=  48063 rss_MiB=    524
MEMLEDGER event=per_tensor_regular   name=depformer_layers_0_gating_12_linear_in_weight                type=q4_0       payload_B=   3244032 alloc_B=         0 nbytes_B=   3244032 cuda_free_MiB=  48063 rss_MiB=    524
MEMLEDGER event=per_tensor_regular   name=depformer_layers_0_gating_12_linear_out_weight               type=q4_0       payload_B=   1622016 alloc_B=         0 nbytes_B=   1622016 cuda_free_MiB=  48063 rss_MiB=    524
MEMLEDGER event=per_tensor_regular   name=depformer_layers_0_gating_13_linear_in_weight                type=q4_0       payload_B=   3244032 alloc_B=         0 nbytes_B=   3244032 cuda_free_MiB=  48063 rss_MiB=    524
MEMLEDGER event=per_tensor_regular   name=depformer_layers_0_gating_13_linear_out_weight               type=q4_0       payload_B=   1622016 alloc_B=         0 nbytes_B=   1622016 cuda_free_MiB=  48063 rss_MiB=    524
MEMLEDGER event=per_tensor_regular   name=depformer_layers_0_gating_14_linear_in_weight                type=q4_0       payload_B=   3244032 alloc_B=         0 nbytes_B=   3244032 cuda_free_MiB=  48063 rss_MiB=    524
MEMLEDGER event=per_tensor_regular   name=depformer_layers_0_gating_14_linear_out_weight               type=q4_0       payload_B=   1622016 alloc_B=         0 nbytes_B=   1622016 cuda_free_MiB=  48063 rss_MiB=    524
MEMLEDGER event=per_tensor_regular   name=depformer_layers_0_gating_15_linear_in_weight                type=q4_0       payload_B=   3244032 alloc_B=         0 nbytes_B=   3244032 cuda_free_MiB=  48063 rss_MiB=    524
MEMLEDGER event=per_tensor_regular   name=depformer_layers_0_gating_15_linear_out_weight               type=q4_0       payload_B=   1622016 alloc_B=         0 nbytes_B=   1622016 cuda_free_MiB=  48063 rss_MiB=    524
MEMLEDGER event=per_tensor_regular   name=depformer_layers_1_norm1_weight                              type=f32        payload_B=      4096 alloc_B=         0 nbytes_B=      4096 cuda_free_MiB=  48063 rss_MiB=    524
MEMLEDGER event=per_tensor_regular   name=depformer_layers_1_norm2_weight                              type=f32        payload_B=      4096 alloc_B=         0 nbytes_B=      4096 cuda_free_MiB=  48063 rss_MiB=    524
MEMLEDGER event=per_tensor_regular   name=depformer_layers_1_self_attn_in_proj_weight                  type=q4_0       payload_B=  28311552 alloc_B=         0 nbytes_B=  28311552 cuda_free_MiB=  48063 rss_MiB=    524
MEMLEDGER event=per_tensor_regular   name=depformer_layers_1_self_attn_out_proj_weight                 type=q4_0       payload_B=   9437184 alloc_B=         0 nbytes_B=   9437184 cuda_free_MiB=  48063 rss_MiB=    524
MEMLEDGER event=per_tensor_regular   name=depformer_layers_1_gating_0_linear_in_weight                 type=q4_0       payload_B=   3244032 alloc_B=         0 nbytes_B=   3244032 cuda_free_MiB=  48063 rss_MiB=    524
MEMLEDGER event=per_tensor_regular   name=depformer_layers_1_gating_0_linear_out_weight                type=q4_0       payload_B=   1622016 alloc_B=         0 nbytes_B=   1622016 cuda_free_MiB=  48063 rss_MiB=    524
MEMLEDGER event=per_tensor_regular   name=depformer_layers_1_gating_1_linear_in_weight                 type=q4_0       payload_B=   3244032 alloc_B=         0 nbytes_B=   3244032 cuda_free_MiB=  48063 rss_MiB=    524
MEMLEDGER event=per_tensor_regular   name=depformer_layers_1_gating_1_linear_out_weight                type=q4_0       payload_B=   1622016 alloc_B=         0 nbytes_B=   1622016 cuda_free_MiB=  48063 rss_MiB=    524
MEMLEDGER event=per_tensor_regular   name=depformer_layers_1_gating_2_linear_in_weight                 type=q4_0       payload_B=   3244032 alloc_B=         0 nbytes_B=   3244032 cuda_free_MiB=  48063 rss_MiB=    524
MEMLEDGER event=per_tensor_regular   name=depformer_layers_1_gating_2_linear_out_weight                type=q4_0       payload_B=   1622016 alloc_B=         0 nbytes_B=   1622016 cuda_free_MiB=  48063 rss_MiB=    524
MEMLEDGER event=per_tensor_regular   name=depformer_layers_1_gating_3_linear_in_weight                 type=q4_0       payload_B=   3244032 alloc_B=         0 nbytes_B=   3244032 cuda_free_MiB=  48063 rss_MiB=    524
MEMLEDGER event=per_tensor_regular   name=depformer_layers_1_gating_3_linear_out_weight                type=q4_0       payload_B=   1622016 alloc_B=         0 nbytes_B=   1622016 cuda_free_MiB=  48063 rss_MiB=    524
MEMLEDGER event=per_tensor_regular   name=depformer_layers_1_gating_4_linear_in_weight                 type=q4_0       payload_B=   3244032 alloc_B=         0 nbytes_B=   3244032 cuda_free_MiB=  48063 rss_MiB=    524
MEMLEDGER event=per_tensor_regular   name=depformer_layers_1_gating_4_linear_out_weight                type=q4_0       payload_B=   1622016 alloc_B=         0 nbytes_B=   1622016 cuda_free_MiB=  48063 rss_MiB=    524
MEMLEDGER event=per_tensor_regular   name=depformer_layers_1_gating_5_linear_in_weight                 type=q4_0       payload_B=   3244032 alloc_B=         0 nbytes_B=   3244032 cuda_free_MiB=  48063 rss_MiB=    524
MEMLEDGER event=per_tensor_regular   name=depformer_layers_1_gating_5_linear_out_weight                type=q4_0       payload_B=   1622016 alloc_B=         0 nbytes_B=   1622016 cuda_free_MiB=  48063 rss_MiB=    524
MEMLEDGER event=per_tensor_regular   name=depformer_layers_1_gating_6_linear_in_weight                 type=q4_0       payload_B=   3244032 alloc_B=         0 nbytes_B=   3244032 cuda_free_MiB=  48063 rss_MiB=    524
MEMLEDGER event=per_tensor_regular   name=depformer_layers_1_gating_6_linear_out_weight                type=q4_0       payload_B=   1622016 alloc_B=         0 nbytes_B=   1622016 cuda_free_MiB=  48063 rss_MiB=    524
MEMLEDGER event=per_tensor_regular   name=depformer_layers_1_gating_7_linear_in_weight                 type=q4_0       payload_B=   3244032 alloc_B=         0 nbytes_B=   3244032 cuda_free_MiB=  48063 rss_MiB=    524
MEMLEDGER event=per_tensor_regular   name=depformer_layers_1_gating_7_linear_out_weight                type=q4_0       payload_B=   1622016 alloc_B=         0 nbytes_B=   1622016 cuda_free_MiB=  48063 rss_MiB=    524
MEMLEDGER event=per_tensor_regular   name=depformer_layers_1_gating_8_linear_in_weight                 type=q4_0       payload_B=   3244032 alloc_B=         0 nbytes_B=   3244032 cuda_free_MiB=  48063 rss_MiB=    524
MEMLEDGER event=per_tensor_regular   name=depformer_layers_1_gating_8_linear_out_weight                type=q4_0       payload_B=   1622016 alloc_B=         0 nbytes_B=   1622016 cuda_free_MiB=  48063 rss_MiB=    524
MEMLEDGER event=per_tensor_regular   name=depformer_layers_1_gating_9_linear_in_weight                 type=q4_0       payload_B=   3244032 alloc_B=         0 nbytes_B=   3244032 cuda_free_MiB=  48063 rss_MiB=    524
MEMLEDGER event=per_tensor_regular   name=depformer_layers_1_gating_9_linear_out_weight                type=q4_0       payload_B=   1622016 alloc_B=         0 nbytes_B=   1622016 cuda_free_MiB=  48063 rss_MiB=    524
MEMLEDGER event=per_tensor_regular   name=depformer_layers_1_gating_10_linear_in_weight                type=q4_0       payload_B=   3244032 alloc_B=         0 nbytes_B=   3244032 cuda_free_MiB=  48063 rss_MiB=    524
MEMLEDGER event=per_tensor_regular   name=depformer_layers_1_gating_10_linear_out_weight               type=q4_0       payload_B=   1622016 alloc_B=         0 nbytes_B=   1622016 cuda_free_MiB=  48063 rss_MiB=    524
MEMLEDGER event=per_tensor_regular   name=depformer_layers_1_gating_11_linear_in_weight                type=q4_0       payload_B=   3244032 alloc_B=         0 nbytes_B=   3244032 cuda_free_MiB=  48063 rss_MiB=    524
MEMLEDGER event=per_tensor_regular   name=depformer_layers_1_gating_11_linear_out_weight               type=q4_0       payload_B=   1622016 alloc_B=         0 nbytes_B=   1622016 cuda_free_MiB=  48063 rss_MiB=    524
MEMLEDGER event=per_tensor_regular   name=depformer_layers_1_gating_12_linear_in_weight                type=q4_0       payload_B=   3244032 alloc_B=         0 nbytes_B=   3244032 cuda_free_MiB=  48063 rss_MiB=    524
MEMLEDGER event=per_tensor_regular   name=depformer_layers_1_gating_12_linear_out_weight               type=q4_0       payload_B=   1622016 alloc_B=         0 nbytes_B=   1622016 cuda_free_MiB=  48063 rss_MiB=    524
MEMLEDGER event=per_tensor_regular   name=depformer_layers_1_gating_13_linear_in_weight                type=q4_0       payload_B=   3244032 alloc_B=         0 nbytes_B=   3244032 cuda_free_MiB=  48063 rss_MiB=    524
MEMLEDGER event=per_tensor_regular   name=depformer_layers_1_gating_13_linear_out_weight               type=q4_0       payload_B=   1622016 alloc_B=         0 nbytes_B=   1622016 cuda_free_MiB=  48063 rss_MiB=    524
MEMLEDGER event=per_tensor_regular   name=depformer_layers_1_gating_14_linear_in_weight                type=q4_0       payload_B=   3244032 alloc_B=         0 nbytes_B=   3244032 cuda_free_MiB=  48063 rss_MiB=    524
MEMLEDGER event=per_tensor_regular   name=depformer_layers_1_gating_14_linear_out_weight               type=q4_0       payload_B=   1622016 alloc_B=         0 nbytes_B=   1622016 cuda_free_MiB=  48063 rss_MiB=    524
MEMLEDGER event=per_tensor_regular   name=depformer_layers_1_gating_15_linear_in_weight                type=q4_0       payload_B=   3244032 alloc_B=         0 nbytes_B=   3244032 cuda_free_MiB=  48063 rss_MiB=    524
MEMLEDGER event=per_tensor_regular   name=depformer_layers_1_gating_15_linear_out_weight               type=q4_0       payload_B=   1622016 alloc_B=         0 nbytes_B=   1622016 cuda_free_MiB=  48063 rss_MiB=    524
MEMLEDGER event=per_tensor_regular   name=depformer_layers_2_norm1_weight                              type=f32        payload_B=      4096 alloc_B=         0 nbytes_B=      4096 cuda_free_MiB=  48063 rss_MiB=    524
MEMLEDGER event=per_tensor_regular   name=depformer_layers_2_norm2_weight                              type=f32        payload_B=      4096 alloc_B=         0 nbytes_B=      4096 cuda_free_MiB=  48063 rss_MiB=    524
MEMLEDGER event=per_tensor_regular   name=depformer_layers_2_self_attn_in_proj_weight                  type=q4_0       payload_B=  28311552 alloc_B=         0 nbytes_B=  28311552 cuda_free_MiB=  48063 rss_MiB=    524
MEMLEDGER event=per_tensor_regular   name=depformer_layers_2_self_attn_out_proj_weight                 type=q4_0       payload_B=   9437184 alloc_B=         0 nbytes_B=   9437184 cuda_free_MiB=  48063 rss_MiB=    524
MEMLEDGER event=per_tensor_regular   name=depformer_layers_2_gating_0_linear_in_weight                 type=q4_0       payload_B=   3244032 alloc_B=         0 nbytes_B=   3244032 cuda_free_MiB=  48063 rss_MiB=    524
MEMLEDGER event=per_tensor_regular   name=depformer_layers_2_gating_0_linear_out_weight                type=q4_0       payload_B=   1622016 alloc_B=         0 nbytes_B=   1622016 cuda_free_MiB=  48063 rss_MiB=    524
MEMLEDGER event=per_tensor_regular   name=depformer_layers_2_gating_1_linear_in_weight                 type=q4_0       payload_B=   3244032 alloc_B=         0 nbytes_B=   3244032 cuda_free_MiB=  48063 rss_MiB=    524
MEMLEDGER event=per_tensor_regular   name=depformer_layers_2_gating_1_linear_out_weight                type=q4_0       payload_B=   1622016 alloc_B=         0 nbytes_B=   1622016 cuda_free_MiB=  48063 rss_MiB=    524
MEMLEDGER event=per_tensor_regular   name=depformer_layers_2_gating_2_linear_in_weight                 type=q4_0       payload_B=   3244032 alloc_B=         0 nbytes_B=   3244032 cuda_free_MiB=  48063 rss_MiB=    524
MEMLEDGER event=per_tensor_regular   name=depformer_layers_2_gating_2_linear_out_weight                type=q4_0       payload_B=   1622016 alloc_B=         0 nbytes_B=   1622016 cuda_free_MiB=  48063 rss_MiB=    524
MEMLEDGER event=per_tensor_regular   name=depformer_layers_2_gating_3_linear_in_weight                 type=q4_0       payload_B=   3244032 alloc_B=         0 nbytes_B=   3244032 cuda_free_MiB=  48063 rss_MiB=    524
MEMLEDGER event=per_tensor_regular   name=depformer_layers_2_gating_3_linear_out_weight                type=q4_0       payload_B=   1622016 alloc_B=         0 nbytes_B=   1622016 cuda_free_MiB=  48063 rss_MiB=    524
MEMLEDGER event=per_tensor_regular   name=depformer_layers_2_gating_4_linear_in_weight                 type=q4_0       payload_B=   3244032 alloc_B=         0 nbytes_B=   3244032 cuda_free_MiB=  48063 rss_MiB=    524
MEMLEDGER event=per_tensor_regular   name=depformer_layers_2_gating_4_linear_out_weight                type=q4_0       payload_B=   1622016 alloc_B=         0 nbytes_B=   1622016 cuda_free_MiB=  48063 rss_MiB=    524
MEMLEDGER event=per_tensor_regular   name=depformer_layers_2_gating_5_linear_in_weight                 type=q4_0       payload_B=   3244032 alloc_B=         0 nbytes_B=   3244032 cuda_free_MiB=  48063 rss_MiB=    524
MEMLEDGER event=per_tensor_regular   name=depformer_layers_2_gating_5_linear_out_weight                type=q4_0       payload_B=   1622016 alloc_B=         0 nbytes_B=   1622016 cuda_free_MiB=  48063 rss_MiB=    524
MEMLEDGER event=per_tensor_regular   name=depformer_layers_2_gating_6_linear_in_weight                 type=q4_0       payload_B=   3244032 alloc_B=         0 nbytes_B=   3244032 cuda_free_MiB=  48063 rss_MiB=    524
MEMLEDGER event=per_tensor_regular   name=depformer_layers_2_gating_6_linear_out_weight                type=q4_0       payload_B=   1622016 alloc_B=         0 nbytes_B=   1622016 cuda_free_MiB=  48063 rss_MiB=    524
MEMLEDGER event=per_tensor_regular   name=depformer_layers_2_gating_7_linear_in_weight                 type=q4_0       payload_B=   3244032 alloc_B=         0 nbytes_B=   3244032 cuda_free_MiB=  48063 rss_MiB=    524
MEMLEDGER event=per_tensor_regular   name=depformer_layers_2_gating_7_linear_out_weight                type=q4_0       payload_B=   1622016 alloc_B=         0 nbytes_B=   1622016 cuda_free_MiB=  48063 rss_MiB=    524
MEMLEDGER event=per_tensor_regular   name=depformer_layers_2_gating_8_linear_in_weight                 type=q4_0       payload_B=   3244032 alloc_B=         0 nbytes_B=   3244032 cuda_free_MiB=  48063 rss_MiB=    524
MEMLEDGER event=per_tensor_regular   name=depformer_layers_2_gating_8_linear_out_weight                type=q4_0       payload_B=   1622016 alloc_B=         0 nbytes_B=   1622016 cuda_free_MiB=  48063 rss_MiB=    524
MEMLEDGER event=per_tensor_regular   name=depformer_layers_2_gating_9_linear_in_weight                 type=q4_0       payload_B=   3244032 alloc_B=         0 nbytes_B=   3244032 cuda_free_MiB=  48063 rss_MiB=    524
MEMLEDGER event=per_tensor_regular   name=depformer_layers_2_gating_9_linear_out_weight                type=q4_0       payload_B=   1622016 alloc_B=         0 nbytes_B=   1622016 cuda_free_MiB=  48063 rss_MiB=    524
MEMLEDGER event=per_tensor_regular   name=depformer_layers_2_gating_10_linear_in_weight                type=q4_0       payload_B=   3244032 alloc_B=         0 nbytes_B=   3244032 cuda_free_MiB=  48063 rss_MiB=    524
MEMLEDGER event=per_tensor_regular   name=depformer_layers_2_gating_10_linear_out_weight               type=q4_0       payload_B=   1622016 alloc_B=         0 nbytes_B=   1622016 cuda_free_MiB=  48063 rss_MiB=    524
MEMLEDGER event=per_tensor_regular   name=depformer_layers_2_gating_11_linear_in_weight                type=q4_0       payload_B=   3244032 alloc_B=         0 nbytes_B=   3244032 cuda_free_MiB=  48063 rss_MiB=    524
MEMLEDGER event=per_tensor_regular   name=depformer_layers_2_gating_11_linear_out_weight               type=q4_0       payload_B=   1622016 alloc_B=         0 nbytes_B=   1622016 cuda_free_MiB=  48063 rss_MiB=    524
MEMLEDGER event=per_tensor_regular   name=depformer_layers_2_gating_12_linear_in_weight                type=q4_0       payload_B=   3244032 alloc_B=         0 nbytes_B=   3244032 cuda_free_MiB=  48063 rss_MiB=    524
MEMLEDGER event=per_tensor_regular   name=depformer_layers_2_gating_12_linear_out_weight               type=q4_0       payload_B=   1622016 alloc_B=         0 nbytes_B=   1622016 cuda_free_MiB=  48063 rss_MiB=    524
MEMLEDGER event=per_tensor_regular   name=depformer_layers_2_gating_13_linear_in_weight                type=q4_0       payload_B=   3244032 alloc_B=         0 nbytes_B=   3244032 cuda_free_MiB=  48063 rss_MiB=    524
MEMLEDGER event=per_tensor_regular   name=depformer_layers_2_gating_13_linear_out_weight               type=q4_0       payload_B=   1622016 alloc_B=         0 nbytes_B=   1622016 cuda_free_MiB=  48063 rss_MiB=    524
MEMLEDGER event=per_tensor_regular   name=depformer_layers_2_gating_14_linear_in_weight                type=q4_0       payload_B=   3244032 alloc_B=         0 nbytes_B=   3244032 cuda_free_MiB=  48063 rss_MiB=    524
MEMLEDGER event=per_tensor_regular   name=depformer_layers_2_gating_14_linear_out_weight               type=q4_0       payload_B=   1622016 alloc_B=         0 nbytes_B=   1622016 cuda_free_MiB=  48063 rss_MiB=    524
MEMLEDGER event=per_tensor_regular   name=depformer_layers_2_gating_15_linear_in_weight                type=q4_0       payload_B=   3244032 alloc_B=         0 nbytes_B=   3244032 cuda_free_MiB=  48063 rss_MiB=    524
MEMLEDGER event=per_tensor_regular   name=depformer_layers_2_gating_15_linear_out_weight               type=q4_0       payload_B=   1622016 alloc_B=         0 nbytes_B=   1622016 cuda_free_MiB=  48063 rss_MiB=    524
MEMLEDGER event=per_tensor_regular   name=depformer_layers_3_norm1_weight                              type=f32        payload_B=      4096 alloc_B=         0 nbytes_B=      4096 cuda_free_MiB=  48063 rss_MiB=    524
MEMLEDGER event=per_tensor_regular   name=depformer_layers_3_norm2_weight                              type=f32        payload_B=      4096 alloc_B=         0 nbytes_B=      4096 cuda_free_MiB=  48063 rss_MiB=    524
MEMLEDGER event=per_tensor_regular   name=depformer_layers_3_self_attn_in_proj_weight                  type=q4_0       payload_B=  28311552 alloc_B=         0 nbytes_B=  28311552 cuda_free_MiB=  48063 rss_MiB=    524
MEMLEDGER event=per_tensor_regular   name=depformer_layers_3_self_attn_out_proj_weight                 type=q4_0       payload_B=   9437184 alloc_B=         0 nbytes_B=   9437184 cuda_free_MiB=  48063 rss_MiB=    524
MEMLEDGER event=per_tensor_regular   name=depformer_layers_3_gating_0_linear_in_weight                 type=q4_0       payload_B=   3244032 alloc_B=         0 nbytes_B=   3244032 cuda_free_MiB=  48063 rss_MiB=    524
MEMLEDGER event=per_tensor_regular   name=depformer_layers_3_gating_0_linear_out_weight                type=q4_0       payload_B=   1622016 alloc_B=         0 nbytes_B=   1622016 cuda_free_MiB=  48063 rss_MiB=    524
MEMLEDGER event=per_tensor_regular   name=depformer_layers_3_gating_1_linear_in_weight                 type=q4_0       payload_B=   3244032 alloc_B=         0 nbytes_B=   3244032 cuda_free_MiB=  48063 rss_MiB=    524
MEMLEDGER event=per_tensor_regular   name=depformer_layers_3_gating_1_linear_out_weight                type=q4_0       payload_B=   1622016 alloc_B=         0 nbytes_B=   1622016 cuda_free_MiB=  48063 rss_MiB=    524
MEMLEDGER event=per_tensor_regular   name=depformer_layers_3_gating_2_linear_in_weight                 type=q4_0       payload_B=   3244032 alloc_B=         0 nbytes_B=   3244032 cuda_free_MiB=  48063 rss_MiB=    524
MEMLEDGER event=per_tensor_regular   name=depformer_layers_3_gating_2_linear_out_weight                type=q4_0       payload_B=   1622016 alloc_B=         0 nbytes_B=   1622016 cuda_free_MiB=  48063 rss_MiB=    524
MEMLEDGER event=per_tensor_regular   name=depformer_layers_3_gating_3_linear_in_weight                 type=q4_0       payload_B=   3244032 alloc_B=         0 nbytes_B=   3244032 cuda_free_MiB=  48063 rss_MiB=    524
MEMLEDGER event=per_tensor_regular   name=depformer_layers_3_gating_3_linear_out_weight                type=q4_0       payload_B=   1622016 alloc_B=         0 nbytes_B=   1622016 cuda_free_MiB=  48063 rss_MiB=    524
MEMLEDGER event=per_tensor_regular   name=depformer_layers_3_gating_4_linear_in_weight                 type=q4_0       payload_B=   3244032 alloc_B=         0 nbytes_B=   3244032 cuda_free_MiB=  48063 rss_MiB=    524
MEMLEDGER event=per_tensor_regular   name=depformer_layers_3_gating_4_linear_out_weight                type=q4_0       payload_B=   1622016 alloc_B=         0 nbytes_B=   1622016 cuda_free_MiB=  48063 rss_MiB=    524
MEMLEDGER event=per_tensor_regular   name=depformer_layers_3_gating_5_linear_in_weight                 type=q4_0       payload_B=   3244032 alloc_B=         0 nbytes_B=   3244032 cuda_free_MiB=  48063 rss_MiB=    524
MEMLEDGER event=per_tensor_regular   name=depformer_layers_3_gating_5_linear_out_weight                type=q4_0       payload_B=   1622016 alloc_B=         0 nbytes_B=   1622016 cuda_free_MiB=  48063 rss_MiB=    524
MEMLEDGER event=per_tensor_regular   name=depformer_layers_3_gating_6_linear_in_weight                 type=q4_0       payload_B=   3244032 alloc_B=         0 nbytes_B=   3244032 cuda_free_MiB=  48063 rss_MiB=    524
MEMLEDGER event=per_tensor_regular   name=depformer_layers_3_gating_6_linear_out_weight                type=q4_0       payload_B=   1622016 alloc_B=         0 nbytes_B=   1622016 cuda_free_MiB=  48063 rss_MiB=    524
MEMLEDGER event=per_tensor_regular   name=depformer_layers_3_gating_7_linear_in_weight                 type=q4_0       payload_B=   3244032 alloc_B=         0 nbytes_B=   3244032 cuda_free_MiB=  48063 rss_MiB=    524
MEMLEDGER event=per_tensor_regular   name=depformer_layers_3_gating_7_linear_out_weight                type=q4_0       payload_B=   1622016 alloc_B=         0 nbytes_B=   1622016 cuda_free_MiB=  48063 rss_MiB=    524
MEMLEDGER event=per_tensor_regular   name=depformer_layers_3_gating_8_linear_in_weight                 type=q4_0       payload_B=   3244032 alloc_B=         0 nbytes_B=   3244032 cuda_free_MiB=  48063 rss_MiB=    524
MEMLEDGER event=per_tensor_regular   name=depformer_layers_3_gating_8_linear_out_weight                type=q4_0       payload_B=   1622016 alloc_B=         0 nbytes_B=   1622016 cuda_free_MiB=  48063 rss_MiB=    524
MEMLEDGER event=per_tensor_regular   name=depformer_layers_3_gating_9_linear_in_weight                 type=q4_0       payload_B=   3244032 alloc_B=         0 nbytes_B=   3244032 cuda_free_MiB=  48063 rss_MiB=    524
MEMLEDGER event=per_tensor_regular   name=depformer_layers_3_gating_9_linear_out_weight                type=q4_0       payload_B=   1622016 alloc_B=         0 nbytes_B=   1622016 cuda_free_MiB=  48063 rss_MiB=    524
MEMLEDGER event=per_tensor_regular   name=depformer_layers_3_gating_10_linear_in_weight                type=q4_0       payload_B=   3244032 alloc_B=         0 nbytes_B=   3244032 cuda_free_MiB=  48063 rss_MiB=    524
MEMLEDGER event=per_tensor_regular   name=depformer_layers_3_gating_10_linear_out_weight               type=q4_0       payload_B=   1622016 alloc_B=         0 nbytes_B=   1622016 cuda_free_MiB=  48063 rss_MiB=    524
MEMLEDGER event=per_tensor_regular   name=depformer_layers_3_gating_11_linear_in_weight                type=q4_0       payload_B=   3244032 alloc_B=         0 nbytes_B=   3244032 cuda_free_MiB=  48063 rss_MiB=    524
MEMLEDGER event=per_tensor_regular   name=depformer_layers_3_gating_11_linear_out_weight               type=q4_0       payload_B=   1622016 alloc_B=         0 nbytes_B=   1622016 cuda_free_MiB=  48063 rss_MiB=    524
MEMLEDGER event=per_tensor_regular   name=depformer_layers_3_gating_12_linear_in_weight                type=q4_0       payload_B=   3244032 alloc_B=         0 nbytes_B=   3244032 cuda_free_MiB=  48063 rss_MiB=    524
MEMLEDGER event=per_tensor_regular   name=depformer_layers_3_gating_12_linear_out_weight               type=q4_0       payload_B=   1622016 alloc_B=         0 nbytes_B=   1622016 cuda_free_MiB=  48063 rss_MiB=    524
MEMLEDGER event=per_tensor_regular   name=depformer_layers_3_gating_13_linear_in_weight                type=q4_0       payload_B=   3244032 alloc_B=         0 nbytes_B=   3244032 cuda_free_MiB=  48063 rss_MiB=    524
MEMLEDGER event=per_tensor_regular   name=depformer_layers_3_gating_13_linear_out_weight               type=q4_0       payload_B=   1622016 alloc_B=         0 nbytes_B=   1622016 cuda_free_MiB=  48063 rss_MiB=    524
MEMLEDGER event=per_tensor_regular   name=depformer_layers_3_gating_14_linear_in_weight                type=q4_0       payload_B=   3244032 alloc_B=         0 nbytes_B=   3244032 cuda_free_MiB=  48063 rss_MiB=    524
MEMLEDGER event=per_tensor_regular   name=depformer_layers_3_gating_14_linear_out_weight               type=q4_0       payload_B=   1622016 alloc_B=         0 nbytes_B=   1622016 cuda_free_MiB=  48063 rss_MiB=    524
MEMLEDGER event=per_tensor_regular   name=depformer_layers_3_gating_15_linear_in_weight                type=q4_0       payload_B=   3244032 alloc_B=         0 nbytes_B=   3244032 cuda_free_MiB=  48063 rss_MiB=    524
MEMLEDGER event=per_tensor_regular   name=depformer_layers_3_gating_15_linear_out_weight               type=q4_0       payload_B=   1622016 alloc_B=         0 nbytes_B=   1622016 cuda_free_MiB=  48063 rss_MiB=    524
MEMLEDGER event=per_tensor_regular   name=depformer_layers_4_norm1_weight                              type=f32        payload_B=      4096 alloc_B=         0 nbytes_B=      4096 cuda_free_MiB=  48063 rss_MiB=    524
MEMLEDGER event=per_tensor_regular   name=depformer_layers_4_norm2_weight                              type=f32        payload_B=      4096 alloc_B=         0 nbytes_B=      4096 cuda_free_MiB=  48063 rss_MiB=    524
MEMLEDGER event=per_tensor_regular   name=depformer_layers_4_self_attn_in_proj_weight                  type=q4_0       payload_B=  28311552 alloc_B=         0 nbytes_B=  28311552 cuda_free_MiB=  48063 rss_MiB=    524
MEMLEDGER event=per_tensor_regular   name=depformer_layers_4_self_attn_out_proj_weight                 type=q4_0       payload_B=   9437184 alloc_B=         0 nbytes_B=   9437184 cuda_free_MiB=  48063 rss_MiB=    524
MEMLEDGER event=per_tensor_regular   name=depformer_layers_4_gating_0_linear_in_weight                 type=q4_0       payload_B=   3244032 alloc_B=         0 nbytes_B=   3244032 cuda_free_MiB=  48063 rss_MiB=    524
MEMLEDGER event=per_tensor_regular   name=depformer_layers_4_gating_0_linear_out_weight                type=q4_0       payload_B=   1622016 alloc_B=         0 nbytes_B=   1622016 cuda_free_MiB=  48063 rss_MiB=    524
MEMLEDGER event=per_tensor_regular   name=depformer_layers_4_gating_1_linear_in_weight                 type=q4_0       payload_B=   3244032 alloc_B=         0 nbytes_B=   3244032 cuda_free_MiB=  48063 rss_MiB=    524
MEMLEDGER event=per_tensor_regular   name=depformer_layers_4_gating_1_linear_out_weight                type=q4_0       payload_B=   1622016 alloc_B=         0 nbytes_B=   1622016 cuda_free_MiB=  48063 rss_MiB=    524
MEMLEDGER event=per_tensor_regular   name=depformer_layers_4_gating_2_linear_in_weight                 type=q4_0       payload_B=   3244032 alloc_B=         0 nbytes_B=   3244032 cuda_free_MiB=  48063 rss_MiB=    524
MEMLEDGER event=per_tensor_regular   name=depformer_layers_4_gating_2_linear_out_weight                type=q4_0       payload_B=   1622016 alloc_B=         0 nbytes_B=   1622016 cuda_free_MiB=  48063 rss_MiB=    524
MEMLEDGER event=per_tensor_regular   name=depformer_layers_4_gating_3_linear_in_weight                 type=q4_0       payload_B=   3244032 alloc_B=         0 nbytes_B=   3244032 cuda_free_MiB=  48063 rss_MiB=    524
MEMLEDGER event=per_tensor_regular   name=depformer_layers_4_gating_3_linear_out_weight                type=q4_0       payload_B=   1622016 alloc_B=         0 nbytes_B=   1622016 cuda_free_MiB=  48063 rss_MiB=    524
MEMLEDGER event=per_tensor_regular   name=depformer_layers_4_gating_4_linear_in_weight                 type=q4_0       payload_B=   3244032 alloc_B=         0 nbytes_B=   3244032 cuda_free_MiB=  48063 rss_MiB=    524
MEMLEDGER event=per_tensor_regular   name=depformer_layers_4_gating_4_linear_out_weight                type=q4_0       payload_B=   1622016 alloc_B=         0 nbytes_B=   1622016 cuda_free_MiB=  48063 rss_MiB=    524
MEMLEDGER event=per_tensor_regular   name=depformer_layers_4_gating_5_linear_in_weight                 type=q4_0       payload_B=   3244032 alloc_B=         0 nbytes_B=   3244032 cuda_free_MiB=  48063 rss_MiB=    524
MEMLEDGER event=per_tensor_regular   name=depformer_layers_4_gating_5_linear_out_weight                type=q4_0       payload_B=   1622016 alloc_B=         0 nbytes_B=   1622016 cuda_free_MiB=  48063 rss_MiB=    524
MEMLEDGER event=per_tensor_regular   name=depformer_layers_4_gating_6_linear_in_weight                 type=q4_0       payload_B=   3244032 alloc_B=         0 nbytes_B=   3244032 cuda_free_MiB=  48063 rss_MiB=    524
MEMLEDGER event=per_tensor_regular   name=depformer_layers_4_gating_6_linear_out_weight                type=q4_0       payload_B=   1622016 alloc_B=         0 nbytes_B=   1622016 cuda_free_MiB=  48063 rss_MiB=    524
MEMLEDGER event=per_tensor_regular   name=depformer_layers_4_gating_7_linear_in_weight                 type=q4_0       payload_B=   3244032 alloc_B=         0 nbytes_B=   3244032 cuda_free_MiB=  48063 rss_MiB=    524
MEMLEDGER event=per_tensor_regular   name=depformer_layers_4_gating_7_linear_out_weight                type=q4_0       payload_B=   1622016 alloc_B=         0 nbytes_B=   1622016 cuda_free_MiB=  48063 rss_MiB=    524
MEMLEDGER event=per_tensor_regular   name=depformer_layers_4_gating_8_linear_in_weight                 type=q4_0       payload_B=   3244032 alloc_B=         0 nbytes_B=   3244032 cuda_free_MiB=  48063 rss_MiB=    524
MEMLEDGER event=per_tensor_regular   name=depformer_layers_4_gating_8_linear_out_weight                type=q4_0       payload_B=   1622016 alloc_B=         0 nbytes_B=   1622016 cuda_free_MiB=  48063 rss_MiB=    524
MEMLEDGER event=per_tensor_regular   name=depformer_layers_4_gating_9_linear_in_weight                 type=q4_0       payload_B=   3244032 alloc_B=         0 nbytes_B=   3244032 cuda_free_MiB=  48063 rss_MiB=    524
MEMLEDGER event=per_tensor_regular   name=depformer_layers_4_gating_9_linear_out_weight                type=q4_0       payload_B=   1622016 alloc_B=         0 nbytes_B=   1622016 cuda_free_MiB=  48063 rss_MiB=    524
MEMLEDGER event=per_tensor_regular   name=depformer_layers_4_gating_10_linear_in_weight                type=q4_0       payload_B=   3244032 alloc_B=         0 nbytes_B=   3244032 cuda_free_MiB=  48063 rss_MiB=    524
MEMLEDGER event=per_tensor_regular   name=depformer_layers_4_gating_10_linear_out_weight               type=q4_0       payload_B=   1622016 alloc_B=         0 nbytes_B=   1622016 cuda_free_MiB=  48063 rss_MiB=    524
MEMLEDGER event=per_tensor_regular   name=depformer_layers_4_gating_11_linear_in_weight                type=q4_0       payload_B=   3244032 alloc_B=         0 nbytes_B=   3244032 cuda_free_MiB=  48063 rss_MiB=    524
MEMLEDGER event=per_tensor_regular   name=depformer_layers_4_gating_11_linear_out_weight               type=q4_0       payload_B=   1622016 alloc_B=         0 nbytes_B=   1622016 cuda_free_MiB=  48063 rss_MiB=    524
MEMLEDGER event=per_tensor_regular   name=depformer_layers_4_gating_12_linear_in_weight                type=q4_0       payload_B=   3244032 alloc_B=         0 nbytes_B=   3244032 cuda_free_MiB=  48063 rss_MiB=    524
MEMLEDGER event=per_tensor_regular   name=depformer_layers_4_gating_12_linear_out_weight               type=q4_0       payload_B=   1622016 alloc_B=         0 nbytes_B=   1622016 cuda_free_MiB=  48063 rss_MiB=    524
MEMLEDGER event=per_tensor_regular   name=depformer_layers_4_gating_13_linear_in_weight                type=q4_0       payload_B=   3244032 alloc_B=         0 nbytes_B=   3244032 cuda_free_MiB=  48063 rss_MiB=    524
MEMLEDGER event=per_tensor_regular   name=depformer_layers_4_gating_13_linear_out_weight               type=q4_0       payload_B=   1622016 alloc_B=         0 nbytes_B=   1622016 cuda_free_MiB=  48063 rss_MiB=    524
MEMLEDGER event=per_tensor_regular   name=depformer_layers_4_gating_14_linear_in_weight                type=q4_0       payload_B=   3244032 alloc_B=         0 nbytes_B=   3244032 cuda_free_MiB=  48063 rss_MiB=    524
MEMLEDGER event=per_tensor_regular   name=depformer_layers_4_gating_14_linear_out_weight               type=q4_0       payload_B=   1622016 alloc_B=         0 nbytes_B=   1622016 cuda_free_MiB=  48063 rss_MiB=    524
MEMLEDGER event=per_tensor_regular   name=depformer_layers_4_gating_15_linear_in_weight                type=q4_0       payload_B=   3244032 alloc_B=         0 nbytes_B=   3244032 cuda_free_MiB=  48063 rss_MiB=    524
MEMLEDGER event=per_tensor_regular   name=depformer_layers_4_gating_15_linear_out_weight               type=q4_0       payload_B=   1622016 alloc_B=         0 nbytes_B=   1622016 cuda_free_MiB=  48063 rss_MiB=    524
MEMLEDGER event=per_tensor_regular   name=depformer_layers_5_norm1_weight                              type=f32        payload_B=      4096 alloc_B=         0 nbytes_B=      4096 cuda_free_MiB=  48063 rss_MiB=    524
MEMLEDGER event=per_tensor_regular   name=depformer_layers_5_norm2_weight                              type=f32        payload_B=      4096 alloc_B=         0 nbytes_B=      4096 cuda_free_MiB=  48063 rss_MiB=    524
MEMLEDGER event=per_tensor_regular   name=depformer_layers_5_self_attn_in_proj_weight                  type=q4_0       payload_B=  28311552 alloc_B=         0 nbytes_B=  28311552 cuda_free_MiB=  48063 rss_MiB=    524
MEMLEDGER event=per_tensor_regular   name=depformer_layers_5_self_attn_out_proj_weight                 type=q4_0       payload_B=   9437184 alloc_B=         0 nbytes_B=   9437184 cuda_free_MiB=  48063 rss_MiB=    524
MEMLEDGER event=per_tensor_regular   name=depformer_layers_5_gating_0_linear_in_weight                 type=q4_0       payload_B=   3244032 alloc_B=         0 nbytes_B=   3244032 cuda_free_MiB=  48063 rss_MiB=    524
MEMLEDGER event=per_tensor_regular   name=depformer_layers_5_gating_0_linear_out_weight                type=q4_0       payload_B=   1622016 alloc_B=         0 nbytes_B=   1622016 cuda_free_MiB=  48063 rss_MiB=    524
MEMLEDGER event=per_tensor_regular   name=depformer_layers_5_gating_1_linear_in_weight                 type=q4_0       payload_B=   3244032 alloc_B=         0 nbytes_B=   3244032 cuda_free_MiB=  48063 rss_MiB=    524
MEMLEDGER event=per_tensor_regular   name=depformer_layers_5_gating_1_linear_out_weight                type=q4_0       payload_B=   1622016 alloc_B=         0 nbytes_B=   1622016 cuda_free_MiB=  48063 rss_MiB=    524
MEMLEDGER event=per_tensor_regular   name=depformer_layers_5_gating_2_linear_in_weight                 type=q4_0       payload_B=   3244032 alloc_B=         0 nbytes_B=   3244032 cuda_free_MiB=  48063 rss_MiB=    524
MEMLEDGER event=per_tensor_regular   name=depformer_layers_5_gating_2_linear_out_weight                type=q4_0       payload_B=   1622016 alloc_B=         0 nbytes_B=   1622016 cuda_free_MiB=  48063 rss_MiB=    524
MEMLEDGER event=per_tensor_regular   name=depformer_layers_5_gating_3_linear_in_weight                 type=q4_0       payload_B=   3244032 alloc_B=         0 nbytes_B=   3244032 cuda_free_MiB=  48063 rss_MiB=    524
MEMLEDGER event=per_tensor_regular   name=depformer_layers_5_gating_3_linear_out_weight                type=q4_0       payload_B=   1622016 alloc_B=         0 nbytes_B=   1622016 cuda_free_MiB=  48063 rss_MiB=    524
MEMLEDGER event=per_tensor_regular   name=depformer_layers_5_gating_4_linear_in_weight                 type=q4_0       payload_B=   3244032 alloc_B=         0 nbytes_B=   3244032 cuda_free_MiB=  48063 rss_MiB=    524
MEMLEDGER event=per_tensor_regular   name=depformer_layers_5_gating_4_linear_out_weight                type=q4_0       payload_B=   1622016 alloc_B=         0 nbytes_B=   1622016 cuda_free_MiB=  48063 rss_MiB=    524
MEMLEDGER event=per_tensor_regular   name=depformer_layers_5_gating_5_linear_in_weight                 type=q4_0       payload_B=   3244032 alloc_B=         0 nbytes_B=   3244032 cuda_free_MiB=  48063 rss_MiB=    524
MEMLEDGER event=per_tensor_regular   name=depformer_layers_5_gating_5_linear_out_weight                type=q4_0       payload_B=   1622016 alloc_B=         0 nbytes_B=   1622016 cuda_free_MiB=  48063 rss_MiB=    524
MEMLEDGER event=per_tensor_regular   name=depformer_layers_5_gating_6_linear_in_weight                 type=q4_0       payload_B=   3244032 alloc_B=         0 nbytes_B=   3244032 cuda_free_MiB=  48063 rss_MiB=    524
MEMLEDGER event=per_tensor_regular   name=depformer_layers_5_gating_6_linear_out_weight                type=q4_0       payload_B=   1622016 alloc_B=         0 nbytes_B=   1622016 cuda_free_MiB=  48063 rss_MiB=    524
MEMLEDGER event=per_tensor_regular   name=depformer_layers_5_gating_7_linear_in_weight                 type=q4_0       payload_B=   3244032 alloc_B=         0 nbytes_B=   3244032 cuda_free_MiB=  48063 rss_MiB=    524
MEMLEDGER event=per_tensor_regular   name=depformer_layers_5_gating_7_linear_out_weight                type=q4_0       payload_B=   1622016 alloc_B=         0 nbytes_B=   1622016 cuda_free_MiB=  48063 rss_MiB=    524
MEMLEDGER event=per_tensor_regular   name=depformer_layers_5_gating_8_linear_in_weight                 type=q4_0       payload_B=   3244032 alloc_B=         0 nbytes_B=   3244032 cuda_free_MiB=  48063 rss_MiB=    524
MEMLEDGER event=per_tensor_regular   name=depformer_layers_5_gating_8_linear_out_weight                type=q4_0       payload_B=   1622016 alloc_B=         0 nbytes_B=   1622016 cuda_free_MiB=  48063 rss_MiB=    524
MEMLEDGER event=per_tensor_regular   name=depformer_layers_5_gating_9_linear_in_weight                 type=q4_0       payload_B=   3244032 alloc_B=         0 nbytes_B=   3244032 cuda_free_MiB=  48063 rss_MiB=    524
MEMLEDGER event=per_tensor_regular   name=depformer_layers_5_gating_9_linear_out_weight                type=q4_0       payload_B=   1622016 alloc_B=         0 nbytes_B=   1622016 cuda_free_MiB=  48063 rss_MiB=    524
MEMLEDGER event=per_tensor_regular   name=depformer_layers_5_gating_10_linear_in_weight                type=q4_0       payload_B=   3244032 alloc_B=         0 nbytes_B=   3244032 cuda_free_MiB=  48063 rss_MiB=    524
MEMLEDGER event=per_tensor_regular   name=depformer_layers_5_gating_10_linear_out_weight               type=q4_0       payload_B=   1622016 alloc_B=         0 nbytes_B=   1622016 cuda_free_MiB=  48063 rss_MiB=    524
MEMLEDGER event=per_tensor_regular   name=depformer_layers_5_gating_11_linear_in_weight                type=q4_0       payload_B=   3244032 alloc_B=         0 nbytes_B=   3244032 cuda_free_MiB=  48063 rss_MiB=    524
MEMLEDGER event=per_tensor_regular   name=depformer_layers_5_gating_11_linear_out_weight               type=q4_0       payload_B=   1622016 alloc_B=         0 nbytes_B=   1622016 cuda_free_MiB=  48063 rss_MiB=    524
MEMLEDGER event=per_tensor_regular   name=depformer_layers_5_gating_12_linear_in_weight                type=q4_0       payload_B=   3244032 alloc_B=         0 nbytes_B=   3244032 cuda_free_MiB=  48063 rss_MiB=    524
MEMLEDGER event=per_tensor_regular   name=depformer_layers_5_gating_12_linear_out_weight               type=q4_0       payload_B=   1622016 alloc_B=         0 nbytes_B=   1622016 cuda_free_MiB=  48063 rss_MiB=    524
MEMLEDGER event=per_tensor_regular   name=depformer_layers_5_gating_13_linear_in_weight                type=q4_0       payload_B=   3244032 alloc_B=         0 nbytes_B=   3244032 cuda_free_MiB=  48063 rss_MiB=    524
MEMLEDGER event=per_tensor_regular   name=depformer_layers_5_gating_13_linear_out_weight               type=q4_0       payload_B=   1622016 alloc_B=         0 nbytes_B=   1622016 cuda_free_MiB=  48063 rss_MiB=    524
MEMLEDGER event=per_tensor_regular   name=depformer_layers_5_gating_14_linear_in_weight                type=q4_0       payload_B=   3244032 alloc_B=         0 nbytes_B=   3244032 cuda_free_MiB=  48063 rss_MiB=    524
MEMLEDGER event=per_tensor_regular   name=depformer_layers_5_gating_14_linear_out_weight               type=q4_0       payload_B=   1622016 alloc_B=         0 nbytes_B=   1622016 cuda_free_MiB=  48063 rss_MiB=    524
MEMLEDGER event=per_tensor_regular   name=depformer_layers_5_gating_15_linear_in_weight                type=q4_0       payload_B=   3244032 alloc_B=         0 nbytes_B=   3244032 cuda_free_MiB=  48063 rss_MiB=    524
MEMLEDGER event=per_tensor_regular   name=depformer_layers_5_gating_15_linear_out_weight               type=q4_0       payload_B=   1622016 alloc_B=         0 nbytes_B=   1622016 cuda_free_MiB=  48063 rss_MiB=    524
MEMLEDGER event=per_tensor_regular   name=emb.0.weight                                                 type=q4_0       payload_B=   4720896 alloc_B=         0 nbytes_B=   4720896 cuda_free_MiB=  48063 rss_MiB=    524
MEMLEDGER event=per_tensor_regular   name=depformer_in.0.weight                                        type=q4_0       payload_B=   2359296 alloc_B=         0 nbytes_B=   2359296 cuda_free_MiB=  48063 rss_MiB=    524
MEMLEDGER event=per_tensor_regular   name=depformer_emb.0.weight                                       type=q4_0       payload_B=   1180224 alloc_B=         0 nbytes_B=   1180224 cuda_free_MiB=  48063 rss_MiB=    524
MEMLEDGER event=per_tensor_regular   name=linears.0.weight                                             type=f16        payload_B=   4194304 alloc_B=         0 nbytes_B=   4194304 cuda_free_MiB=  48063 rss_MiB=    524
MEMLEDGER event=per_tensor_regular   name=emb.1.weight                                                 type=q4_0       payload_B=   4720896 alloc_B=         0 nbytes_B=   4720896 cuda_free_MiB=  48063 rss_MiB=    524
MEMLEDGER event=per_tensor_regular   name=depformer_in.1.weight                                        type=q4_0       payload_B=   2359296 alloc_B=         0 nbytes_B=   2359296 cuda_free_MiB=  48063 rss_MiB=    524
MEMLEDGER event=per_tensor_regular   name=depformer_emb.1.weight                                       type=q4_0       payload_B=   1180224 alloc_B=         0 nbytes_B=   1180224 cuda_free_MiB=  48063 rss_MiB=    524
MEMLEDGER event=per_tensor_regular   name=linears.1.weight                                             type=f16        payload_B=   4194304 alloc_B=         0 nbytes_B=   4194304 cuda_free_MiB=  48063 rss_MiB=    524
MEMLEDGER event=per_tensor_regular   name=emb.2.weight                                                 type=q4_0       payload_B=   4720896 alloc_B=         0 nbytes_B=   4720896 cuda_free_MiB=  48063 rss_MiB=    524
MEMLEDGER event=per_tensor_regular   name=depformer_in.2.weight                                        type=q4_0       payload_B=   2359296 alloc_B=         0 nbytes_B=   2359296 cuda_free_MiB=  48063 rss_MiB=    524
MEMLEDGER event=per_tensor_regular   name=depformer_emb.2.weight                                       type=q4_0       payload_B=   1180224 alloc_B=         0 nbytes_B=   1180224 cuda_free_MiB=  48063 rss_MiB=    524
MEMLEDGER event=per_tensor_regular   name=linears.2.weight                                             type=f16        payload_B=   4194304 alloc_B=         0 nbytes_B=   4194304 cuda_free_MiB=  48063 rss_MiB=    524
MEMLEDGER event=per_tensor_regular   name=emb.3.weight                                                 type=q4_0       payload_B=   4720896 alloc_B=         0 nbytes_B=   4720896 cuda_free_MiB=  48063 rss_MiB=    524
MEMLEDGER event=per_tensor_regular   name=depformer_in.3.weight                                        type=q4_0       payload_B=   2359296 alloc_B=         0 nbytes_B=   2359296 cuda_free_MiB=  48063 rss_MiB=    524
MEMLEDGER event=per_tensor_regular   name=depformer_emb.3.weight                                       type=q4_0       payload_B=   1180224 alloc_B=         0 nbytes_B=   1180224 cuda_free_MiB=  48063 rss_MiB=    524
MEMLEDGER event=per_tensor_regular   name=linears.3.weight                                             type=f16        payload_B=   4194304 alloc_B=         0 nbytes_B=   4194304 cuda_free_MiB=  48063 rss_MiB=    524
MEMLEDGER event=per_tensor_regular   name=emb.4.weight                                                 type=q4_0       payload_B=   4720896 alloc_B=         0 nbytes_B=   4720896 cuda_free_MiB=  48063 rss_MiB=    524
MEMLEDGER event=per_tensor_regular   name=depformer_in.4.weight                                        type=q4_0       payload_B=   2359296 alloc_B=         0 nbytes_B=   2359296 cuda_free_MiB=  48063 rss_MiB=    524
MEMLEDGER event=per_tensor_regular   name=depformer_emb.4.weight                                       type=q4_0       payload_B=   1180224 alloc_B=         0 nbytes_B=   1180224 cuda_free_MiB=  48063 rss_MiB=    524
MEMLEDGER event=per_tensor_regular   name=linears.4.weight                                             type=f16        payload_B=   4194304 alloc_B=         0 nbytes_B=   4194304 cuda_free_MiB=  48063 rss_MiB=    524
MEMLEDGER event=per_tensor_regular   name=emb.5.weight                                                 type=q4_0       payload_B=   4720896 alloc_B=         0 nbytes_B=   4720896 cuda_free_MiB=  48063 rss_MiB=    524
MEMLEDGER event=per_tensor_regular   name=depformer_in.5.weight                                        type=q4_0       payload_B=   2359296 alloc_B=         0 nbytes_B=   2359296 cuda_free_MiB=  48063 rss_MiB=    524
MEMLEDGER event=per_tensor_regular   name=depformer_emb.5.weight                                       type=q4_0       payload_B=   1180224 alloc_B=         0 nbytes_B=   1180224 cuda_free_MiB=  48063 rss_MiB=    524
MEMLEDGER event=per_tensor_regular   name=linears.5.weight                                             type=f16        payload_B=   4194304 alloc_B=         0 nbytes_B=   4194304 cuda_free_MiB=  48063 rss_MiB=    524
MEMLEDGER event=per_tensor_regular   name=emb.6.weight                                                 type=q4_0       payload_B=   4720896 alloc_B=         0 nbytes_B=   4720896 cuda_free_MiB=  48063 rss_MiB=    524
MEMLEDGER event=per_tensor_regular   name=depformer_in.6.weight                                        type=q4_0       payload_B=   2359296 alloc_B=         0 nbytes_B=   2359296 cuda_free_MiB=  48063 rss_MiB=    524
MEMLEDGER event=per_tensor_regular   name=depformer_emb.6.weight                                       type=q4_0       payload_B=   1180224 alloc_B=         0 nbytes_B=   1180224 cuda_free_MiB=  48063 rss_MiB=    524
MEMLEDGER event=per_tensor_regular   name=linears.6.weight                                             type=f16        payload_B=   4194304 alloc_B=         0 nbytes_B=   4194304 cuda_free_MiB=  48063 rss_MiB=    524
MEMLEDGER event=per_tensor_regular   name=emb.7.weight                                                 type=q4_0       payload_B=   4720896 alloc_B=         0 nbytes_B=   4720896 cuda_free_MiB=  48063 rss_MiB=    524
MEMLEDGER event=per_tensor_regular   name=depformer_in.7.weight                                        type=q4_0       payload_B=   2359296 alloc_B=         0 nbytes_B=   2359296 cuda_free_MiB=  48063 rss_MiB=    524
MEMLEDGER event=per_tensor_regular   name=depformer_emb.7.weight                                       type=q4_0       payload_B=   1180224 alloc_B=         0 nbytes_B=   1180224 cuda_free_MiB=  48063 rss_MiB=    524
MEMLEDGER event=per_tensor_regular   name=linears.7.weight                                             type=f16        payload_B=   4194304 alloc_B=         0 nbytes_B=   4194304 cuda_free_MiB=  48063 rss_MiB=    524
MEMLEDGER event=per_tensor_regular   name=emb.8.weight                                                 type=q4_0       payload_B=   4720896 alloc_B=         0 nbytes_B=   4720896 cuda_free_MiB=  48063 rss_MiB=    524
MEMLEDGER event=per_tensor_regular   name=depformer_in.8.weight                                        type=q4_0       payload_B=   2359296 alloc_B=         0 nbytes_B=   2359296 cuda_free_MiB=  48063 rss_MiB=    524
MEMLEDGER event=per_tensor_regular   name=depformer_emb.8.weight                                       type=q4_0       payload_B=   1180224 alloc_B=         0 nbytes_B=   1180224 cuda_free_MiB=  48063 rss_MiB=    524
MEMLEDGER event=per_tensor_regular   name=linears.8.weight                                             type=f16        payload_B=   4194304 alloc_B=         0 nbytes_B=   4194304 cuda_free_MiB=  48063 rss_MiB=    524
MEMLEDGER event=per_tensor_regular   name=emb.9.weight                                                 type=q4_0       payload_B=   4720896 alloc_B=         0 nbytes_B=   4720896 cuda_free_MiB=  48063 rss_MiB=    524
MEMLEDGER event=per_tensor_regular   name=depformer_in.9.weight                                        type=q4_0       payload_B=   2359296 alloc_B=         0 nbytes_B=   2359296 cuda_free_MiB=  48063 rss_MiB=    524
MEMLEDGER event=per_tensor_regular   name=depformer_emb.9.weight                                       type=q4_0       payload_B=   1180224 alloc_B=         0 nbytes_B=   1180224 cuda_free_MiB=  48063 rss_MiB=    524
MEMLEDGER event=per_tensor_regular   name=linears.9.weight                                             type=f16        payload_B=   4194304 alloc_B=         0 nbytes_B=   4194304 cuda_free_MiB=  48063 rss_MiB=    524
MEMLEDGER event=per_tensor_regular   name=emb.10.weight                                                type=q4_0       payload_B=   4720896 alloc_B=         0 nbytes_B=   4720896 cuda_free_MiB=  48063 rss_MiB=    524
MEMLEDGER event=per_tensor_regular   name=depformer_in.10.weight                                       type=q4_0       payload_B=   2359296 alloc_B=         0 nbytes_B=   2359296 cuda_free_MiB=  48063 rss_MiB=    524
MEMLEDGER event=per_tensor_regular   name=depformer_emb.10.weight                                      type=q4_0       payload_B=   1180224 alloc_B=         0 nbytes_B=   1180224 cuda_free_MiB=  48063 rss_MiB=    524
MEMLEDGER event=per_tensor_regular   name=linears.10.weight                                            type=f16        payload_B=   4194304 alloc_B=         0 nbytes_B=   4194304 cuda_free_MiB=  48063 rss_MiB=    524
MEMLEDGER event=per_tensor_regular   name=emb.11.weight                                                type=q4_0       payload_B=   4720896 alloc_B=         0 nbytes_B=   4720896 cuda_free_MiB=  48063 rss_MiB=    524
MEMLEDGER event=per_tensor_regular   name=depformer_in.11.weight                                       type=q4_0       payload_B=   2359296 alloc_B=         0 nbytes_B=   2359296 cuda_free_MiB=  48063 rss_MiB=    524
MEMLEDGER event=per_tensor_regular   name=depformer_emb.11.weight                                      type=q4_0       payload_B=   1180224 alloc_B=         0 nbytes_B=   1180224 cuda_free_MiB=  48063 rss_MiB=    524
MEMLEDGER event=per_tensor_regular   name=linears.11.weight                                            type=f16        payload_B=   4194304 alloc_B=         0 nbytes_B=   4194304 cuda_free_MiB=  48063 rss_MiB=    524
MEMLEDGER event=per_tensor_regular   name=emb.12.weight                                                type=q4_0       payload_B=   4720896 alloc_B=         0 nbytes_B=   4720896 cuda_free_MiB=  48063 rss_MiB=    524
MEMLEDGER event=per_tensor_regular   name=depformer_in.12.weight                                       type=q4_0       payload_B=   2359296 alloc_B=         0 nbytes_B=   2359296 cuda_free_MiB=  48063 rss_MiB=    524
MEMLEDGER event=per_tensor_regular   name=depformer_emb.12.weight                                      type=q4_0       payload_B=   1180224 alloc_B=         0 nbytes_B=   1180224 cuda_free_MiB=  48063 rss_MiB=    524
MEMLEDGER event=per_tensor_regular   name=linears.12.weight                                            type=f16        payload_B=   4194304 alloc_B=         0 nbytes_B=   4194304 cuda_free_MiB=  48063 rss_MiB=    524
MEMLEDGER event=per_tensor_regular   name=emb.13.weight                                                type=q4_0       payload_B=   4720896 alloc_B=         0 nbytes_B=   4720896 cuda_free_MiB=  48063 rss_MiB=    524
MEMLEDGER event=per_tensor_regular   name=depformer_in.13.weight                                       type=q4_0       payload_B=   2359296 alloc_B=         0 nbytes_B=   2359296 cuda_free_MiB=  48063 rss_MiB=    524
MEMLEDGER event=per_tensor_regular   name=depformer_emb.13.weight                                      type=q4_0       payload_B=   1180224 alloc_B=         0 nbytes_B=   1180224 cuda_free_MiB=  48063 rss_MiB=    524
MEMLEDGER event=per_tensor_regular   name=linears.13.weight                                            type=f16        payload_B=   4194304 alloc_B=         0 nbytes_B=   4194304 cuda_free_MiB=  48063 rss_MiB=    524
MEMLEDGER event=per_tensor_regular   name=emb.14.weight                                                type=q4_0       payload_B=   4720896 alloc_B=         0 nbytes_B=   4720896 cuda_free_MiB=  48063 rss_MiB=    524
MEMLEDGER event=per_tensor_regular   name=depformer_in.14.weight                                       type=q4_0       payload_B=   2359296 alloc_B=         0 nbytes_B=   2359296 cuda_free_MiB=  48063 rss_MiB=    524
MEMLEDGER event=per_tensor_regular   name=depformer_emb.14.weight                                      type=q4_0       payload_B=   1180224 alloc_B=         0 nbytes_B=   1180224 cuda_free_MiB=  48063 rss_MiB=    524
MEMLEDGER event=per_tensor_regular   name=linears.14.weight                                            type=f16        payload_B=   4194304 alloc_B=         0 nbytes_B=   4194304 cuda_free_MiB=  48063 rss_MiB=    524
MEMLEDGER event=per_tensor_regular   name=emb.15.weight                                                type=q4_0       payload_B=   4720896 alloc_B=         0 nbytes_B=   4720896 cuda_free_MiB=  48063 rss_MiB=    524
MEMLEDGER event=per_tensor_regular   name=depformer_in.15.weight                                       type=q4_0       payload_B=   2359296 alloc_B=         0 nbytes_B=   2359296 cuda_free_MiB=  48063 rss_MiB=    524
MEMLEDGER event=per_tensor_regular   name=linears.15.weight                                            type=f16        payload_B=   4194304 alloc_B=         0 nbytes_B=   4194304 cuda_free_MiB=  48063 rss_MiB=    524
MEMLEDGER event=per_tensor_regular   name=depformer_text_emb.weight                                    type=q4_0       payload_B=  18432576 alloc_B=         0 nbytes_B=  18432576 cuda_free_MiB=  48063 rss_MiB=    524
MEMLEDGER event=per_tensor_regular   name=text_emb.weight                                              type=q4_0       payload_B=  73730304 alloc_B=         0 nbytes_B=  73730304 cuda_free_MiB=  48063 rss_MiB=    524
MEMLEDGER event=per_tensor_regular   name=text_linear.weight                                           type=q4_0       payload_B=  73728000 alloc_B=         0 nbytes_B=  73728000 cuda_free_MiB=  48063 rss_MiB=    524
MEMLEDGER event=per_tensor_regular   name=out_norm_weight                                              type=f32        payload_B=     16384 alloc_B=         0 nbytes_B=     16384 cuda_free_MiB=  48063 rss_MiB=    524
MEMLEDGER event=after_load_gguf_raw  name=(all_raw_tensors_done)                                       type=-          payload_B=         0 alloc_B=         0 nbytes_B=         0 cuda_free_MiB=  48063 rss_MiB=    524
BMO_TENSOR_LOAD: transformer_layers_0_gating_linear_in_weight                  rows=22528 cols= 4096 n_tiles_col= 64 n_outliers=461373  payload_bytes=39279088  logical_nbytes=92274688
MEMLEDGER event=per_tensor_bmo       name=transformer_layers_0_gating_linear_in_weight                 type=bmo_tier   payload_B=  39279088 alloc_B=  39279104 nbytes_B=  92274688 cuda_free_MiB=  47987 rss_MiB=    422
BMO_TENSOR_LOAD: transformer_layers_0_gating_linear_out_weight                 rows= 4096 cols=11264 n_tiles_col=176 n_outliers=230687  payload_bytes=19639104  logical_nbytes=46137344
MEMLEDGER event=per_tensor_bmo       name=transformer_layers_0_gating_linear_out_weight                type=bmo_tier   payload_B=  19639104 alloc_B=  19639296 nbytes_B=  46137344 cuda_free_MiB=  47967 rss_MiB=    377
MEMLEDGER event=bmo_layer_done       name=layer=0                                                      type=-          payload_B=         0 alloc_B=         0 nbytes_B=         0 cuda_free_MiB=  47967 rss_MiB=    377
BMO_TENSOR_LOAD: transformer_layers_1_gating_linear_in_weight                  rows=22528 cols= 4096 n_tiles_col= 64 n_outliers=461373  payload_bytes=39279088  logical_nbytes=92274688
MEMLEDGER event=per_tensor_bmo       name=transformer_layers_1_gating_linear_in_weight                 type=bmo_tier   payload_B=  39279088 alloc_B=  39279104 nbytes_B=  92274688 cuda_free_MiB=  47891 rss_MiB=    415
BMO_TENSOR_LOAD: transformer_layers_1_gating_linear_out_weight                 rows= 4096 cols=11264 n_tiles_col=176 n_outliers=230687  payload_bytes=19639104  logical_nbytes=46137344
MEMLEDGER event=per_tensor_bmo       name=transformer_layers_1_gating_linear_out_weight                type=bmo_tier   payload_B=  19639104 alloc_B=  19639296 nbytes_B=  46137344 cuda_free_MiB=  47871 rss_MiB=    377
MEMLEDGER event=bmo_layer_done       name=layer=1                                                      type=-          payload_B=         0 alloc_B=         0 nbytes_B=         0 cuda_free_MiB=  47871 rss_MiB=    377
BMO_TENSOR_LOAD: transformer_layers_2_gating_linear_in_weight                  rows=22528 cols= 4096 n_tiles_col= 64 n_outliers=461373  payload_bytes=39279088  logical_nbytes=92274688
MEMLEDGER event=per_tensor_bmo       name=transformer_layers_2_gating_linear_in_weight                 type=bmo_tier   payload_B=  39279088 alloc_B=  39279104 nbytes_B=  92274688 cuda_free_MiB=  47795 rss_MiB=    415
BMO_TENSOR_LOAD: transformer_layers_2_gating_linear_out_weight                 rows= 4096 cols=11264 n_tiles_col=176 n_outliers=230687  payload_bytes=19639104  logical_nbytes=46137344
MEMLEDGER event=per_tensor_bmo       name=transformer_layers_2_gating_linear_out_weight                type=bmo_tier   payload_B=  19639104 alloc_B=  19639296 nbytes_B=  46137344 cuda_free_MiB=  47775 rss_MiB=    377
MEMLEDGER event=bmo_layer_done       name=layer=2                                                      type=-          payload_B=         0 alloc_B=         0 nbytes_B=         0 cuda_free_MiB=  47775 rss_MiB=    377
BMO_TENSOR_LOAD: transformer_layers_3_gating_linear_in_weight                  rows=22528 cols= 4096 n_tiles_col= 64 n_outliers=461373  payload_bytes=39279088  logical_nbytes=92274688
MEMLEDGER event=per_tensor_bmo       name=transformer_layers_3_gating_linear_in_weight                 type=bmo_tier   payload_B=  39279088 alloc_B=  39279104 nbytes_B=  92274688 cuda_free_MiB=  47699 rss_MiB=    415
BMO_TENSOR_LOAD: transformer_layers_3_gating_linear_out_weight                 rows= 4096 cols=11264 n_tiles_col=176 n_outliers=230687  payload_bytes=19639104  logical_nbytes=46137344
MEMLEDGER event=per_tensor_bmo       name=transformer_layers_3_gating_linear_out_weight                type=bmo_tier   payload_B=  19639104 alloc_B=  19639296 nbytes_B=  46137344 cuda_free_MiB=  47679 rss_MiB=    377
MEMLEDGER event=bmo_layer_done       name=layer=3                                                      type=-          payload_B=         0 alloc_B=         0 nbytes_B=         0 cuda_free_MiB=  47679 rss_MiB=    377
BMO_TENSOR_LOAD: transformer_layers_4_gating_linear_in_weight                  rows=22528 cols= 4096 n_tiles_col= 64 n_outliers=461373  payload_bytes=39279088  logical_nbytes=92274688
MEMLEDGER event=per_tensor_bmo       name=transformer_layers_4_gating_linear_in_weight                 type=bmo_tier   payload_B=  39279088 alloc_B=  39279104 nbytes_B=  92274688 cuda_free_MiB=  47603 rss_MiB=    415
BMO_TENSOR_LOAD: transformer_layers_4_gating_linear_out_weight                 rows= 4096 cols=11264 n_tiles_col=176 n_outliers=230687  payload_bytes=19639104  logical_nbytes=46137344
MEMLEDGER event=per_tensor_bmo       name=transformer_layers_4_gating_linear_out_weight                type=bmo_tier   payload_B=  19639104 alloc_B=  19639296 nbytes_B=  46137344 cuda_free_MiB=  47583 rss_MiB=    377
MEMLEDGER event=bmo_layer_done       name=layer=4                                                      type=-          payload_B=         0 alloc_B=         0 nbytes_B=         0 cuda_free_MiB=  47583 rss_MiB=    377
BMO_TENSOR_LOAD: transformer_layers_5_gating_linear_in_weight                  rows=22528 cols= 4096 n_tiles_col= 64 n_outliers=461373  payload_bytes=39279088  logical_nbytes=92274688
MEMLEDGER event=per_tensor_bmo       name=transformer_layers_5_gating_linear_in_weight                 type=bmo_tier   payload_B=  39279088 alloc_B=  39279104 nbytes_B=  92274688 cuda_free_MiB=  47507 rss_MiB=    415
BMO_TENSOR_LOAD: transformer_layers_5_gating_linear_out_weight                 rows= 4096 cols=11264 n_tiles_col=176 n_outliers=230687  payload_bytes=19639104  logical_nbytes=46137344
MEMLEDGER event=per_tensor_bmo       name=transformer_layers_5_gating_linear_out_weight                type=bmo_tier   payload_B=  19639104 alloc_B=  19639296 nbytes_B=  46137344 cuda_free_MiB=  47487 rss_MiB=    377
MEMLEDGER event=bmo_layer_done       name=layer=5                                                      type=-          payload_B=         0 alloc_B=         0 nbytes_B=         0 cuda_free_MiB=  47487 rss_MiB=    377
BMO_TENSOR_LOAD: transformer_layers_6_gating_linear_in_weight                  rows=22528 cols= 4096 n_tiles_col= 64 n_outliers=461373  payload_bytes=39279088  logical_nbytes=92274688
MEMLEDGER event=per_tensor_bmo       name=transformer_layers_6_gating_linear_in_weight                 type=bmo_tier   payload_B=  39279088 alloc_B=  39279104 nbytes_B=  92274688 cuda_free_MiB=  47411 rss_MiB=    415
BMO_TENSOR_LOAD: transformer_layers_6_gating_linear_out_weight                 rows= 4096 cols=11264 n_tiles_col=176 n_outliers=230687  payload_bytes=19639104  logical_nbytes=46137344
MEMLEDGER event=per_tensor_bmo       name=transformer_layers_6_gating_linear_out_weight                type=bmo_tier   payload_B=  19639104 alloc_B=  19639296 nbytes_B=  46137344 cuda_free_MiB=  47391 rss_MiB=    377
MEMLEDGER event=bmo_layer_done       name=layer=6                                                      type=-          payload_B=         0 alloc_B=         0 nbytes_B=         0 cuda_free_MiB=  47391 rss_MiB=    377
BMO_TENSOR_LOAD: transformer_layers_7_gating_linear_in_weight                  rows=22528 cols= 4096 n_tiles_col= 64 n_outliers=461373  payload_bytes=39279088  logical_nbytes=92274688
MEMLEDGER event=per_tensor_bmo       name=transformer_layers_7_gating_linear_in_weight                 type=bmo_tier   payload_B=  39279088 alloc_B=  39279104 nbytes_B=  92274688 cuda_free_MiB=  47315 rss_MiB=    415
BMO_TENSOR_LOAD: transformer_layers_7_gating_linear_out_weight                 rows= 4096 cols=11264 n_tiles_col=176 n_outliers=230687  payload_bytes=19639104  logical_nbytes=46137344
MEMLEDGER event=per_tensor_bmo       name=transformer_layers_7_gating_linear_out_weight                type=bmo_tier   payload_B=  19639104 alloc_B=  19639296 nbytes_B=  46137344 cuda_free_MiB=  47295 rss_MiB=    377
MEMLEDGER event=bmo_layer_done       name=layer=7                                                      type=-          payload_B=         0 alloc_B=         0 nbytes_B=         0 cuda_free_MiB=  47295 rss_MiB=    377
BMO_TENSOR_LOAD: transformer_layers_8_gating_linear_in_weight                  rows=22528 cols= 4096 n_tiles_col= 64 n_outliers=461373  payload_bytes=39279088  logical_nbytes=92274688
MEMLEDGER event=per_tensor_bmo       name=transformer_layers_8_gating_linear_in_weight                 type=bmo_tier   payload_B=  39279088 alloc_B=  39279104 nbytes_B=  92274688 cuda_free_MiB=  47219 rss_MiB=    415
BMO_TENSOR_LOAD: transformer_layers_8_gating_linear_out_weight                 rows= 4096 cols=11264 n_tiles_col=176 n_outliers=230687  payload_bytes=19639104  logical_nbytes=46137344
MEMLEDGER event=per_tensor_bmo       name=transformer_layers_8_gating_linear_out_weight                type=bmo_tier   payload_B=  19639104 alloc_B=  19639296 nbytes_B=  46137344 cuda_free_MiB=  47199 rss_MiB=    377
MEMLEDGER event=bmo_layer_done       name=layer=8                                                      type=-          payload_B=         0 alloc_B=         0 nbytes_B=         0 cuda_free_MiB=  47199 rss_MiB=    377
BMO_TENSOR_LOAD: transformer_layers_9_gating_linear_in_weight                  rows=22528 cols= 4096 n_tiles_col= 64 n_outliers=461373  payload_bytes=39279088  logical_nbytes=92274688
MEMLEDGER event=per_tensor_bmo       name=transformer_layers_9_gating_linear_in_weight                 type=bmo_tier   payload_B=  39279088 alloc_B=  39279104 nbytes_B=  92274688 cuda_free_MiB=  47123 rss_MiB=    415
BMO_TENSOR_LOAD: transformer_layers_9_gating_linear_out_weight                 rows= 4096 cols=11264 n_tiles_col=176 n_outliers=230687  payload_bytes=19639104  logical_nbytes=46137344
MEMLEDGER event=per_tensor_bmo       name=transformer_layers_9_gating_linear_out_weight                type=bmo_tier   payload_B=  19639104 alloc_B=  19639296 nbytes_B=  46137344 cuda_free_MiB=  47103 rss_MiB=    377
MEMLEDGER event=bmo_layer_done       name=layer=9                                                      type=-          payload_B=         0 alloc_B=         0 nbytes_B=         0 cuda_free_MiB=  47103 rss_MiB=    377
BMO_TENSOR_LOAD: transformer_layers_10_gating_linear_in_weight                 rows=22528 cols= 4096 n_tiles_col= 64 n_outliers=461373  payload_bytes=39279088  logical_nbytes=92274688
MEMLEDGER event=per_tensor_bmo       name=transformer_layers_10_gating_linear_in_weight                type=bmo_tier   payload_B=  39279088 alloc_B=  39279104 nbytes_B=  92274688 cuda_free_MiB=  47027 rss_MiB=    415
BMO_TENSOR_LOAD: transformer_layers_10_gating_linear_out_weight                rows= 4096 cols=11264 n_tiles_col=176 n_outliers=230687  payload_bytes=19639104  logical_nbytes=46137344
MEMLEDGER event=per_tensor_bmo       name=transformer_layers_10_gating_linear_out_weight               type=bmo_tier   payload_B=  19639104 alloc_B=  19639296 nbytes_B=  46137344 cuda_free_MiB=  47007 rss_MiB=    377
MEMLEDGER event=bmo_layer_done       name=layer=10                                                     type=-          payload_B=         0 alloc_B=         0 nbytes_B=         0 cuda_free_MiB=  47007 rss_MiB=    377
BMO_TENSOR_LOAD: transformer_layers_11_gating_linear_in_weight                 rows=22528 cols= 4096 n_tiles_col= 64 n_outliers=461373  payload_bytes=39279088  logical_nbytes=92274688
MEMLEDGER event=per_tensor_bmo       name=transformer_layers_11_gating_linear_in_weight                type=bmo_tier   payload_B=  39279088 alloc_B=  39279104 nbytes_B=  92274688 cuda_free_MiB=  46931 rss_MiB=    415
BMO_TENSOR_LOAD: transformer_layers_11_gating_linear_out_weight                rows= 4096 cols=11264 n_tiles_col=176 n_outliers=230687  payload_bytes=19639104  logical_nbytes=46137344
MEMLEDGER event=per_tensor_bmo       name=transformer_layers_11_gating_linear_out_weight               type=bmo_tier   payload_B=  19639104 alloc_B=  19639296 nbytes_B=  46137344 cuda_free_MiB=  46911 rss_MiB=    377
MEMLEDGER event=bmo_layer_done       name=layer=11                                                     type=-          payload_B=         0 alloc_B=         0 nbytes_B=         0 cuda_free_MiB=  46911 rss_MiB=    377
BMO_TENSOR_LOAD: transformer_layers_12_gating_linear_in_weight                 rows=22528 cols= 4096 n_tiles_col= 64 n_outliers=461373  payload_bytes=39279088  logical_nbytes=92274688
MEMLEDGER event=per_tensor_bmo       name=transformer_layers_12_gating_linear_in_weight                type=bmo_tier   payload_B=  39279088 alloc_B=  39279104 nbytes_B=  92274688 cuda_free_MiB=  46835 rss_MiB=    415
BMO_TENSOR_LOAD: transformer_layers_12_gating_linear_out_weight                rows= 4096 cols=11264 n_tiles_col=176 n_outliers=230687  payload_bytes=19639104  logical_nbytes=46137344
MEMLEDGER event=per_tensor_bmo       name=transformer_layers_12_gating_linear_out_weight               type=bmo_tier   payload_B=  19639104 alloc_B=  19639296 nbytes_B=  46137344 cuda_free_MiB=  46815 rss_MiB=    377
MEMLEDGER event=bmo_layer_done       name=layer=12                                                     type=-          payload_B=         0 alloc_B=         0 nbytes_B=         0 cuda_free_MiB=  46815 rss_MiB=    377
BMO_TENSOR_LOAD: transformer_layers_13_gating_linear_in_weight                 rows=22528 cols= 4096 n_tiles_col= 64 n_outliers=461373  payload_bytes=39279088  logical_nbytes=92274688
MEMLEDGER event=per_tensor_bmo       name=transformer_layers_13_gating_linear_in_weight                type=bmo_tier   payload_B=  39279088 alloc_B=  39279104 nbytes_B=  92274688 cuda_free_MiB=  46739 rss_MiB=    415
BMO_TENSOR_LOAD: transformer_layers_13_gating_linear_out_weight                rows= 4096 cols=11264 n_tiles_col=176 n_outliers=230687  payload_bytes=19639104  logical_nbytes=46137344
MEMLEDGER event=per_tensor_bmo       name=transformer_layers_13_gating_linear_out_weight               type=bmo_tier   payload_B=  19639104 alloc_B=  19639296 nbytes_B=  46137344 cuda_free_MiB=  46719 rss_MiB=    377
MEMLEDGER event=bmo_layer_done       name=layer=13                                                     type=-          payload_B=         0 alloc_B=         0 nbytes_B=         0 cuda_free_MiB=  46719 rss_MiB=    377
BMO_TENSOR_LOAD: transformer_layers_14_gating_linear_in_weight                 rows=22528 cols= 4096 n_tiles_col= 64 n_outliers=461373  payload_bytes=39279088  logical_nbytes=92274688
MEMLEDGER event=per_tensor_bmo       name=transformer_layers_14_gating_linear_in_weight                type=bmo_tier   payload_B=  39279088 alloc_B=  39279104 nbytes_B=  92274688 cuda_free_MiB=  46643 rss_MiB=    415
BMO_TENSOR_LOAD: transformer_layers_14_gating_linear_out_weight                rows= 4096 cols=11264 n_tiles_col=176 n_outliers=230687  payload_bytes=19639104  logical_nbytes=46137344
MEMLEDGER event=per_tensor_bmo       name=transformer_layers_14_gating_linear_out_weight               type=bmo_tier   payload_B=  19639104 alloc_B=  19639296 nbytes_B=  46137344 cuda_free_MiB=  46623 rss_MiB=    377
MEMLEDGER event=bmo_layer_done       name=layer=14                                                     type=-          payload_B=         0 alloc_B=         0 nbytes_B=         0 cuda_free_MiB=  46623 rss_MiB=    377
BMO_TENSOR_LOAD: transformer_layers_15_gating_linear_in_weight                 rows=22528 cols= 4096 n_tiles_col= 64 n_outliers=461373  payload_bytes=39279088  logical_nbytes=92274688
MEMLEDGER event=per_tensor_bmo       name=transformer_layers_15_gating_linear_in_weight                type=bmo_tier   payload_B=  39279088 alloc_B=  39279104 nbytes_B=  92274688 cuda_free_MiB=  46547 rss_MiB=    415
BMO_TENSOR_LOAD: transformer_layers_15_gating_linear_out_weight                rows= 4096 cols=11264 n_tiles_col=176 n_outliers=230687  payload_bytes=19639104  logical_nbytes=46137344
MEMLEDGER event=per_tensor_bmo       name=transformer_layers_15_gating_linear_out_weight               type=bmo_tier   payload_B=  19639104 alloc_B=  19639296 nbytes_B=  46137344 cuda_free_MiB=  46527 rss_MiB=    377
MEMLEDGER event=bmo_layer_done       name=layer=15                                                     type=-          payload_B=         0 alloc_B=         0 nbytes_B=         0 cuda_free_MiB=  46527 rss_MiB=    377
BMO_TENSOR_LOAD: transformer_layers_16_gating_linear_in_weight                 rows=22528 cols= 4096 n_tiles_col= 64 n_outliers=461373  payload_bytes=39279088  logical_nbytes=92274688
MEMLEDGER event=per_tensor_bmo       name=transformer_layers_16_gating_linear_in_weight                type=bmo_tier   payload_B=  39279088 alloc_B=  39279104 nbytes_B=  92274688 cuda_free_MiB=  46451 rss_MiB=    415
BMO_TENSOR_LOAD: transformer_layers_16_gating_linear_out_weight                rows= 4096 cols=11264 n_tiles_col=176 n_outliers=230687  payload_bytes=19639104  logical_nbytes=46137344
MEMLEDGER event=per_tensor_bmo       name=transformer_layers_16_gating_linear_out_weight               type=bmo_tier   payload_B=  19639104 alloc_B=  19639296 nbytes_B=  46137344 cuda_free_MiB=  46431 rss_MiB=    377
MEMLEDGER event=bmo_layer_done       name=layer=16                                                     type=-          payload_B=         0 alloc_B=         0 nbytes_B=         0 cuda_free_MiB=  46431 rss_MiB=    377
BMO_TENSOR_LOAD: transformer_layers_17_gating_linear_in_weight                 rows=22528 cols= 4096 n_tiles_col= 64 n_outliers=461373  payload_bytes=39279088  logical_nbytes=92274688
MEMLEDGER event=per_tensor_bmo       name=transformer_layers_17_gating_linear_in_weight                type=bmo_tier   payload_B=  39279088 alloc_B=  39279104 nbytes_B=  92274688 cuda_free_MiB=  46355 rss_MiB=    415
BMO_TENSOR_LOAD: transformer_layers_17_gating_linear_out_weight                rows= 4096 cols=11264 n_tiles_col=176 n_outliers=230687  payload_bytes=19639104  logical_nbytes=46137344
MEMLEDGER event=per_tensor_bmo       name=transformer_layers_17_gating_linear_out_weight               type=bmo_tier   payload_B=  19639104 alloc_B=  19639296 nbytes_B=  46137344 cuda_free_MiB=  46335 rss_MiB=    377
MEMLEDGER event=bmo_layer_done       name=layer=17                                                     type=-          payload_B=         0 alloc_B=         0 nbytes_B=         0 cuda_free_MiB=  46335 rss_MiB=    377
BMO_TENSOR_LOAD: transformer_layers_18_gating_linear_in_weight                 rows=22528 cols= 4096 n_tiles_col= 64 n_outliers=461373  payload_bytes=39279088  logical_nbytes=92274688
MEMLEDGER event=per_tensor_bmo       name=transformer_layers_18_gating_linear_in_weight                type=bmo_tier   payload_B=  39279088 alloc_B=  39279104 nbytes_B=  92274688 cuda_free_MiB=  46259 rss_MiB=    415
BMO_TENSOR_LOAD: transformer_layers_18_gating_linear_out_weight                rows= 4096 cols=11264 n_tiles_col=176 n_outliers=230687  payload_bytes=19639104  logical_nbytes=46137344
MEMLEDGER event=per_tensor_bmo       name=transformer_layers_18_gating_linear_out_weight               type=bmo_tier   payload_B=  19639104 alloc_B=  19639296 nbytes_B=  46137344 cuda_free_MiB=  46239 rss_MiB=    377
MEMLEDGER event=bmo_layer_done       name=layer=18                                                     type=-          payload_B=         0 alloc_B=         0 nbytes_B=         0 cuda_free_MiB=  46239 rss_MiB=    377
BMO_TENSOR_LOAD: transformer_layers_19_gating_linear_in_weight                 rows=22528 cols= 4096 n_tiles_col= 64 n_outliers=461373  payload_bytes=39279088  logical_nbytes=92274688
MEMLEDGER event=per_tensor_bmo       name=transformer_layers_19_gating_linear_in_weight                type=bmo_tier   payload_B=  39279088 alloc_B=  39279104 nbytes_B=  92274688 cuda_free_MiB=  46163 rss_MiB=    415
BMO_TENSOR_LOAD: transformer_layers_19_gating_linear_out_weight                rows= 4096 cols=11264 n_tiles_col=176 n_outliers=230687  payload_bytes=19639104  logical_nbytes=46137344
MEMLEDGER event=per_tensor_bmo       name=transformer_layers_19_gating_linear_out_weight               type=bmo_tier   payload_B=  19639104 alloc_B=  19639296 nbytes_B=  46137344 cuda_free_MiB=  46143 rss_MiB=    377
MEMLEDGER event=bmo_layer_done       name=layer=19                                                     type=-          payload_B=         0 alloc_B=         0 nbytes_B=         0 cuda_free_MiB=  46143 rss_MiB=    377
BMO_TENSOR_LOAD: transformer_layers_20_gating_linear_in_weight                 rows=22528 cols= 4096 n_tiles_col= 64 n_outliers=461373  payload_bytes=39279088  logical_nbytes=92274688
MEMLEDGER event=per_tensor_bmo       name=transformer_layers_20_gating_linear_in_weight                type=bmo_tier   payload_B=  39279088 alloc_B=  39279104 nbytes_B=  92274688 cuda_free_MiB=  46067 rss_MiB=    415
BMO_TENSOR_LOAD: transformer_layers_20_gating_linear_out_weight                rows= 4096 cols=11264 n_tiles_col=176 n_outliers=230687  payload_bytes=19639104  logical_nbytes=46137344
MEMLEDGER event=per_tensor_bmo       name=transformer_layers_20_gating_linear_out_weight               type=bmo_tier   payload_B=  19639104 alloc_B=  19639296 nbytes_B=  46137344 cuda_free_MiB=  46047 rss_MiB=    377
MEMLEDGER event=bmo_layer_done       name=layer=20                                                     type=-          payload_B=         0 alloc_B=         0 nbytes_B=         0 cuda_free_MiB=  46047 rss_MiB=    377
BMO_TENSOR_LOAD: transformer_layers_21_gating_linear_in_weight                 rows=22528 cols= 4096 n_tiles_col= 64 n_outliers=461373  payload_bytes=39279088  logical_nbytes=92274688
MEMLEDGER event=per_tensor_bmo       name=transformer_layers_21_gating_linear_in_weight                type=bmo_tier   payload_B=  39279088 alloc_B=  39279104 nbytes_B=  92274688 cuda_free_MiB=  45971 rss_MiB=    415
BMO_TENSOR_LOAD: transformer_layers_21_gating_linear_out_weight                rows= 4096 cols=11264 n_tiles_col=176 n_outliers=230687  payload_bytes=19639104  logical_nbytes=46137344
MEMLEDGER event=per_tensor_bmo       name=transformer_layers_21_gating_linear_out_weight               type=bmo_tier   payload_B=  19639104 alloc_B=  19639296 nbytes_B=  46137344 cuda_free_MiB=  45951 rss_MiB=    377
MEMLEDGER event=bmo_layer_done       name=layer=21                                                     type=-          payload_B=         0 alloc_B=         0 nbytes_B=         0 cuda_free_MiB=  45951 rss_MiB=    377
BMO_TENSOR_LOAD: transformer_layers_22_gating_linear_in_weight                 rows=22528 cols= 4096 n_tiles_col= 64 n_outliers=461373  payload_bytes=39279088  logical_nbytes=92274688
MEMLEDGER event=per_tensor_bmo       name=transformer_layers_22_gating_linear_in_weight                type=bmo_tier   payload_B=  39279088 alloc_B=  39279104 nbytes_B=  92274688 cuda_free_MiB=  45875 rss_MiB=    415
BMO_TENSOR_LOAD: transformer_layers_22_gating_linear_out_weight                rows= 4096 cols=11264 n_tiles_col=176 n_outliers=230687  payload_bytes=19639104  logical_nbytes=46137344
MEMLEDGER event=per_tensor_bmo       name=transformer_layers_22_gating_linear_out_weight               type=bmo_tier   payload_B=  19639104 alloc_B=  19639296 nbytes_B=  46137344 cuda_free_MiB=  45855 rss_MiB=    377
MEMLEDGER event=bmo_layer_done       name=layer=22                                                     type=-          payload_B=         0 alloc_B=         0 nbytes_B=         0 cuda_free_MiB=  45855 rss_MiB=    377
BMO_TENSOR_LOAD: transformer_layers_23_gating_linear_in_weight                 rows=22528 cols= 4096 n_tiles_col= 64 n_outliers=461373  payload_bytes=39279088  logical_nbytes=92274688
MEMLEDGER event=per_tensor_bmo       name=transformer_layers_23_gating_linear_in_weight                type=bmo_tier   payload_B=  39279088 alloc_B=  39279104 nbytes_B=  92274688 cuda_free_MiB=  45779 rss_MiB=    415
BMO_TENSOR_LOAD: transformer_layers_23_gating_linear_out_weight                rows= 4096 cols=11264 n_tiles_col=176 n_outliers=230687  payload_bytes=19639104  logical_nbytes=46137344
MEMLEDGER event=per_tensor_bmo       name=transformer_layers_23_gating_linear_out_weight               type=bmo_tier   payload_B=  19639104 alloc_B=  19639296 nbytes_B=  46137344 cuda_free_MiB=  45759 rss_MiB=    377
MEMLEDGER event=bmo_layer_done       name=layer=23                                                     type=-          payload_B=         0 alloc_B=         0 nbytes_B=         0 cuda_free_MiB=  45759 rss_MiB=    377
BMO_TENSOR_LOAD: transformer_layers_24_gating_linear_in_weight                 rows=22528 cols= 4096 n_tiles_col= 64 n_outliers=461373  payload_bytes=39279088  logical_nbytes=92274688
MEMLEDGER event=per_tensor_bmo       name=transformer_layers_24_gating_linear_in_weight                type=bmo_tier   payload_B=  39279088 alloc_B=  39279104 nbytes_B=  92274688 cuda_free_MiB=  45683 rss_MiB=    415
BMO_TENSOR_LOAD: transformer_layers_24_gating_linear_out_weight                rows= 4096 cols=11264 n_tiles_col=176 n_outliers=230687  payload_bytes=19639104  logical_nbytes=46137344
MEMLEDGER event=per_tensor_bmo       name=transformer_layers_24_gating_linear_out_weight               type=bmo_tier   payload_B=  19639104 alloc_B=  19639296 nbytes_B=  46137344 cuda_free_MiB=  45663 rss_MiB=    377
MEMLEDGER event=bmo_layer_done       name=layer=24                                                     type=-          payload_B=         0 alloc_B=         0 nbytes_B=         0 cuda_free_MiB=  45663 rss_MiB=    377
BMO_TENSOR_LOAD: transformer_layers_25_gating_linear_in_weight                 rows=22528 cols= 4096 n_tiles_col= 64 n_outliers=461373  payload_bytes=39279088  logical_nbytes=92274688
MEMLEDGER event=per_tensor_bmo       name=transformer_layers_25_gating_linear_in_weight                type=bmo_tier   payload_B=  39279088 alloc_B=  39279104 nbytes_B=  92274688 cuda_free_MiB=  45587 rss_MiB=    415
BMO_TENSOR_LOAD: transformer_layers_25_gating_linear_out_weight                rows= 4096 cols=11264 n_tiles_col=176 n_outliers=230687  payload_bytes=19639104  logical_nbytes=46137344
MEMLEDGER event=per_tensor_bmo       name=transformer_layers_25_gating_linear_out_weight               type=bmo_tier   payload_B=  19639104 alloc_B=  19639296 nbytes_B=  46137344 cuda_free_MiB=  45567 rss_MiB=    377
MEMLEDGER event=bmo_layer_done       name=layer=25                                                     type=-          payload_B=         0 alloc_B=         0 nbytes_B=         0 cuda_free_MiB=  45567 rss_MiB=    377
BMO_TENSOR_LOAD: transformer_layers_26_gating_linear_in_weight                 rows=22528 cols= 4096 n_tiles_col= 64 n_outliers=461373  payload_bytes=39279088  logical_nbytes=92274688
MEMLEDGER event=per_tensor_bmo       name=transformer_layers_26_gating_linear_in_weight                type=bmo_tier   payload_B=  39279088 alloc_B=  39279104 nbytes_B=  92274688 cuda_free_MiB=  45491 rss_MiB=    415
BMO_TENSOR_LOAD: transformer_layers_26_gating_linear_out_weight                rows= 4096 cols=11264 n_tiles_col=176 n_outliers=230687  payload_bytes=19639104  logical_nbytes=46137344
MEMLEDGER event=per_tensor_bmo       name=transformer_layers_26_gating_linear_out_weight               type=bmo_tier   payload_B=  19639104 alloc_B=  19639296 nbytes_B=  46137344 cuda_free_MiB=  45471 rss_MiB=    377
MEMLEDGER event=bmo_layer_done       name=layer=26                                                     type=-          payload_B=         0 alloc_B=         0 nbytes_B=         0 cuda_free_MiB=  45471 rss_MiB=    377
BMO_TENSOR_LOAD: transformer_layers_27_gating_linear_in_weight                 rows=22528 cols= 4096 n_tiles_col= 64 n_outliers=461373  payload_bytes=39279088  logical_nbytes=92274688
MEMLEDGER event=per_tensor_bmo       name=transformer_layers_27_gating_linear_in_weight                type=bmo_tier   payload_B=  39279088 alloc_B=  39279104 nbytes_B=  92274688 cuda_free_MiB=  45395 rss_MiB=    415
BMO_TENSOR_LOAD: transformer_layers_27_gating_linear_out_weight                rows= 4096 cols=11264 n_tiles_col=176 n_outliers=230687  payload_bytes=19639104  logical_nbytes=46137344
MEMLEDGER event=per_tensor_bmo       name=transformer_layers_27_gating_linear_out_weight               type=bmo_tier   payload_B=  19639104 alloc_B=  19639296 nbytes_B=  46137344 cuda_free_MiB=  45375 rss_MiB=    377
MEMLEDGER event=bmo_layer_done       name=layer=27                                                     type=-          payload_B=         0 alloc_B=         0 nbytes_B=         0 cuda_free_MiB=  45375 rss_MiB=    377
BMO_TENSOR_LOAD: transformer_layers_28_gating_linear_in_weight                 rows=22528 cols= 4096 n_tiles_col= 64 n_outliers=461373  payload_bytes=39279088  logical_nbytes=92274688
MEMLEDGER event=per_tensor_bmo       name=transformer_layers_28_gating_linear_in_weight                type=bmo_tier   payload_B=  39279088 alloc_B=  39279104 nbytes_B=  92274688 cuda_free_MiB=  45299 rss_MiB=    415
BMO_TENSOR_LOAD: transformer_layers_28_gating_linear_out_weight                rows= 4096 cols=11264 n_tiles_col=176 n_outliers=230687  payload_bytes=19639104  logical_nbytes=46137344
MEMLEDGER event=per_tensor_bmo       name=transformer_layers_28_gating_linear_out_weight               type=bmo_tier   payload_B=  19639104 alloc_B=  19639296 nbytes_B=  46137344 cuda_free_MiB=  45279 rss_MiB=    377
MEMLEDGER event=bmo_layer_done       name=layer=28                                                     type=-          payload_B=         0 alloc_B=         0 nbytes_B=         0 cuda_free_MiB=  45279 rss_MiB=    377
BMO_TENSOR_LOAD: transformer_layers_29_gating_linear_in_weight                 rows=22528 cols= 4096 n_tiles_col= 64 n_outliers=461373  payload_bytes=39279088  logical_nbytes=92274688
MEMLEDGER event=per_tensor_bmo       name=transformer_layers_29_gating_linear_in_weight                type=bmo_tier   payload_B=  39279088 alloc_B=  39279104 nbytes_B=  92274688 cuda_free_MiB=  45203 rss_MiB=    415
BMO_TENSOR_LOAD: transformer_layers_29_gating_linear_out_weight                rows= 4096 cols=11264 n_tiles_col=176 n_outliers=230687  payload_bytes=19639104  logical_nbytes=46137344
MEMLEDGER event=per_tensor_bmo       name=transformer_layers_29_gating_linear_out_weight               type=bmo_tier   payload_B=  19639104 alloc_B=  19639296 nbytes_B=  46137344 cuda_free_MiB=  45183 rss_MiB=    377
MEMLEDGER event=bmo_layer_done       name=layer=29                                                     type=-          payload_B=         0 alloc_B=         0 nbytes_B=         0 cuda_free_MiB=  45183 rss_MiB=    377
BMO_TENSOR_LOAD: transformer_layers_30_gating_linear_in_weight                 rows=22528 cols= 4096 n_tiles_col= 64 n_outliers=461373  payload_bytes=39279088  logical_nbytes=92274688
MEMLEDGER event=per_tensor_bmo       name=transformer_layers_30_gating_linear_in_weight                type=bmo_tier   payload_B=  39279088 alloc_B=  39279104 nbytes_B=  92274688 cuda_free_MiB=  45107 rss_MiB=    415
BMO_TENSOR_LOAD: transformer_layers_30_gating_linear_out_weight                rows= 4096 cols=11264 n_tiles_col=176 n_outliers=230687  payload_bytes=19639104  logical_nbytes=46137344
MEMLEDGER event=per_tensor_bmo       name=transformer_layers_30_gating_linear_out_weight               type=bmo_tier   payload_B=  19639104 alloc_B=  19639296 nbytes_B=  46137344 cuda_free_MiB=  45087 rss_MiB=    377
MEMLEDGER event=bmo_layer_done       name=layer=30                                                     type=-          payload_B=         0 alloc_B=         0 nbytes_B=         0 cuda_free_MiB=  45087 rss_MiB=    377
MEMLEDGER event=after_mimi_encode_alloc name=-                                                            type=-          payload_B=         0 alloc_B=         0 nbytes_B=         0 cuda_free_MiB=  45083 rss_MiB=    377
MEMLEDGER event=after_mimi_decode_alloc name=-                                                            type=-          payload_B=         0 alloc_B=         0 nbytes_B=         0 cuda_free_MiB=  45077 rss_MiB=    377
MEMLEDGER_GRAPH label=(unnamed) total_bytes=92927024 total_MiB=88.62 n_tensors=564
MEMLEDGER_GRAPH_TOP label=(unnamed) rank=0 name=node_806                                 type=f32      ne=[256,2048,1,1] bytes=   2097152 MiB=    2.00
MEMLEDGER_GRAPH_TOP label=(unnamed) rank=1 name=node_749                                 type=f32      ne=[256,2048,1,1] bytes=   2097152 MiB=    2.00
MEMLEDGER_GRAPH_TOP label=(unnamed) rank=2 name=node_848                                 type=f32      ne=[256,2048,1,1] bytes=   2097152 MiB=    2.00
MEMLEDGER_GRAPH_TOP label=(unnamed) rank=3 name=node_837                                 type=f32      ne=[256,2048,1,1] bytes=   2097152 MiB=    2.00
MEMLEDGER_GRAPH_TOP label=(unnamed) rank=4 name=node_766                                 type=f32      ne=[256,2048,1,1] bytes=   2097152 MiB=    2.00
MEMLEDGER_GRAPH_TOP label=(unnamed) rank=5 name=node_757                                 type=f32      ne=[256,2048,1,1] bytes=   2097152 MiB=    2.00
MEMLEDGER_GRAPH_TOP label=(unnamed) rank=6 name=node_768                                 type=f32      ne=[256,2048,1,1] bytes=   2097152 MiB=    2.00
MEMLEDGER_GRAPH_TOP label=(unnamed) rank=7 name=node_769                                 type=f32      ne=[256,2048,1,1] bytes=   2097152 MiB=    2.00
MEMLEDGER_GRAPH_TOP label=(unnamed) rank=8 name=node_846                                 type=f32      ne=[256,2048,1,1] bytes=   2097152 MiB=    2.00
MEMLEDGER_GRAPH_TOP label=(unnamed) rank=9 name=node_748                                 type=f32      ne=[256,2048,1,1] bytes=   2097152 MiB=    2.00
MEMLEDGER_GRAPH label=(unnamed) total_bytes=2000 total_MiB=0.00 n_tensors=1
MEMLEDGER_GRAPH_TOP label=(unnamed) rank=0 name= (view) (cont)                           type=f32      ne=[250,2,1,1] bytes=      2000 MiB=    0.00
MEMLEDGER_GRAPH label=(unnamed) total_bytes=2000 total_MiB=0.00 n_tensors=1
MEMLEDGER_GRAPH_TOP label=(unnamed) rank=0 name=leaf_0 (view) (cont)                     type=f32      ne=[250,2,1,1] bytes=      2000 MiB=    0.00
MEMLEDGER_GRAPH label=(unnamed) total_bytes=2000 total_MiB=0.00 n_tensors=1
MEMLEDGER_GRAPH_TOP label=(unnamed) rank=0 name=leaf_0 (view) (cont)                     type=f32      ne=[250,2,1,1] bytes=      2000 MiB=    0.00
MEMLEDGER_GRAPH label=(unnamed) total_bytes=2000 total_MiB=0.00 n_tensors=1
MEMLEDGER_GRAPH_TOP label=(unnamed) rank=0 name=leaf_0 (view) (cont)                     type=f32      ne=[250,2,1,1] bytes=      2000 MiB=    0.00
MEMLEDGER_GRAPH label=(unnamed) total_bytes=2000 total_MiB=0.00 n_tensors=1
MEMLEDGER_GRAPH_TOP label=(unnamed) rank=0 name=leaf_0 (view) (cont)                     type=f32      ne=[250,2,1,1] bytes=      2000 MiB=    0.00
MEMLEDGER_GRAPH label=(unnamed) total_bytes=2000 total_MiB=0.00 n_tensors=1
MEMLEDGER_GRAPH_TOP label=(unnamed) rank=0 name=leaf_0 (view) (cont)                     type=f32      ne=[250,2,1,1] bytes=      2000 MiB=    0.00
MEMLEDGER_GRAPH label=(unnamed) total_bytes=2000 total_MiB=0.00 n_tensors=1
MEMLEDGER_GRAPH_TOP label=(unnamed) rank=0 name=leaf_0 (view) (cont)                     type=f32      ne=[250,2,1,1] bytes=      2000 MiB=    0.00
MEMLEDGER_GRAPH label=(unnamed) total_bytes=2000 total_MiB=0.00 n_tensors=1
MEMLEDGER_GRAPH_TOP label=(unnamed) rank=0 name=leaf_0 (view) (cont)                     type=f32      ne=[250,2,1,1] bytes=      2000 MiB=    0.00
MEMLEDGER_GRAPH label=(unnamed) total_bytes=2000 total_MiB=0.00 n_tensors=1
MEMLEDGER_GRAPH_TOP label=(unnamed) rank=0 name=leaf_0 (view) (cont)                     type=f32      ne=[250,2,1,1] bytes=      2000 MiB=    0.00
MEMLEDGER_GRAPH label=(unnamed) total_bytes=2000 total_MiB=0.00 n_tensors=1
MEMLEDGER_GRAPH_TOP label=(unnamed) rank=0 name=leaf_0 (view) (cont)                     type=f32      ne=[250,2,1,1] bytes=      2000 MiB=    0.00
MEMLEDGER_GRAPH label=(unnamed) total_bytes=2000 total_MiB=0.00 n_tensors=1
MEMLEDGER_GRAPH_TOP label=(unnamed) rank=0 name=leaf_0 (view) (cont)                     type=f32      ne=[250,2,1,1] bytes=      2000 MiB=    0.00
MEMLEDGER_GRAPH label=(unnamed) total_bytes=2000 total_MiB=0.00 n_tensors=1
MEMLEDGER_GRAPH_TOP label=(unnamed) rank=0 name=leaf_0 (view) (cont)                     type=f32      ne=[250,2,1,1] bytes=      2000 MiB=    0.00
MEMLEDGER_GRAPH label=(unnamed) total_bytes=2000 total_MiB=0.00 n_tensors=1
MEMLEDGER_GRAPH_TOP label=(unnamed) rank=0 name=leaf_0 (view) (cont)                     type=f32      ne=[250,2,1,1] bytes=      2000 MiB=    0.00
MEMLEDGER_GRAPH label=(unnamed) total_bytes=2000 total_MiB=0.00 n_tensors=1
MEMLEDGER_GRAPH_TOP label=(unnamed) rank=0 name=leaf_0 (view) (cont)                     type=f32      ne=[250,2,1,1] bytes=      2000 MiB=    0.00
MEMLEDGER_GRAPH label=(unnamed) total_bytes=2000 total_MiB=0.00 n_tensors=1
MEMLEDGER_GRAPH_TOP label=(unnamed) rank=0 name=leaf_0 (view) (cont)                     type=f32      ne=[250,2,1,1] bytes=      2000 MiB=    0.00
MEMLEDGER_GRAPH label=(unnamed) total_bytes=2000 total_MiB=0.00 n_tensors=1
MEMLEDGER_GRAPH_TOP label=(unnamed) rank=0 name=leaf_0 (view) (cont)                     type=f32      ne=[250,2,1,1] bytes=      2000 MiB=    0.00
MEMLEDGER_GRAPH label=(unnamed) total_bytes=2000 total_MiB=0.00 n_tensors=1
MEMLEDGER_GRAPH_TOP label=(unnamed) rank=0 name=leaf_0 (view) (cont)                     type=f32      ne=[250,2,1,1] bytes=      2000 MiB=    0.00
MEMLEDGER_GRAPH label=(unnamed) total_bytes=2000 total_MiB=0.00 n_tensors=1
MEMLEDGER_GRAPH_TOP label=(unnamed) rank=0 name=leaf_0 (view) (cont)                     type=f32      ne=[250,2,1,1] bytes=      2000 MiB=    0.00
MEMLEDGER_GRAPH label=(unnamed) total_bytes=2000 total_MiB=0.00 n_tensors=1
MEMLEDGER_GRAPH_TOP label=(unnamed) rank=0 name=leaf_0 (view) (cont)                     type=f32      ne=[250,2,1,1] bytes=      2000 MiB=    0.00
MEMLEDGER_GRAPH label=(unnamed) total_bytes=2000 total_MiB=0.00 n_tensors=1
MEMLEDGER_GRAPH_TOP label=(unnamed) rank=0 name=leaf_0 (view) (cont)                     type=f32      ne=[250,2,1,1] bytes=      2000 MiB=    0.00
MEMLEDGER_GRAPH label=(unnamed) total_bytes=2000 total_MiB=0.00 n_tensors=1
MEMLEDGER_GRAPH_TOP label=(unnamed) rank=0 name=leaf_0 (view) (cont)                     type=f32      ne=[250,2,1,1] bytes=      2000 MiB=    0.00
MEMLEDGER_GRAPH label=(unnamed) total_bytes=2000 total_MiB=0.00 n_tensors=1
MEMLEDGER_GRAPH_TOP label=(unnamed) rank=0 name=leaf_0 (view) (cont)                     type=f32      ne=[250,2,1,1] bytes=      2000 MiB=    0.00
MEMLEDGER_GRAPH label=(unnamed) total_bytes=2000 total_MiB=0.00 n_tensors=1
MEMLEDGER_GRAPH_TOP label=(unnamed) rank=0 name=leaf_0 (view) (cont)                     type=f32      ne=[250,2,1,1] bytes=      2000 MiB=    0.00
MEMLEDGER_GRAPH label=(unnamed) total_bytes=2000 total_MiB=0.00 n_tensors=1
MEMLEDGER_GRAPH_TOP label=(unnamed) rank=0 name=leaf_0 (view) (cont)                     type=f32      ne=[250,2,1,1] bytes=      2000 MiB=    0.00
MEMLEDGER_GRAPH label=(unnamed) total_bytes=2000 total_MiB=0.00 n_tensors=1
MEMLEDGER_GRAPH_TOP label=(unnamed) rank=0 name=leaf_0 (view) (cont)                     type=f32      ne=[250,2,1,1] bytes=      2000 MiB=    0.00
MEMLEDGER_GRAPH label=(unnamed) total_bytes=2000 total_MiB=0.00 n_tensors=1
MEMLEDGER_GRAPH_TOP label=(unnamed) rank=0 name=leaf_0 (view) (cont)                     type=f32      ne=[250,2,1,1] bytes=      2000 MiB=    0.00
MEMLEDGER_GRAPH label=(unnamed) total_bytes=2000 total_MiB=0.00 n_tensors=1
MEMLEDGER_GRAPH_TOP label=(unnamed) rank=0 name=leaf_0 (view) (cont)                     type=f32      ne=[250,2,1,1] bytes=      2000 MiB=    0.00
MEMLEDGER_GRAPH label=(unnamed) total_bytes=2000 total_MiB=0.00 n_tensors=1
MEMLEDGER_GRAPH_TOP label=(unnamed) rank=0 name=leaf_0 (view) (cont)                     type=f32      ne=[250,2,1,1] bytes=      2000 MiB=    0.00
MEMLEDGER_GRAPH label=(unnamed) total_bytes=2000 total_MiB=0.00 n_tensors=1
MEMLEDGER_GRAPH_TOP label=(unnamed) rank=0 name=leaf_0 (view) (cont)                     type=f32      ne=[250,2,1,1] bytes=      2000 MiB=    0.00
MEMLEDGER_GRAPH label=(unnamed) total_bytes=2000 total_MiB=0.00 n_tensors=1
MEMLEDGER_GRAPH_TOP label=(unnamed) rank=0 name=leaf_0 (view) (cont)                     type=f32      ne=[250,2,1,1] bytes=      2000 MiB=    0.00
MEMLEDGER_GRAPH label=(unnamed) total_bytes=2000 total_MiB=0.00 n_tensors=1
MEMLEDGER_GRAPH_TOP label=(unnamed) rank=0 name=leaf_0 (view) (cont)                     type=f32      ne=[250,2,1,1] bytes=      2000 MiB=    0.00
MEMLEDGER_GRAPH label=(unnamed) total_bytes=2000 total_MiB=0.00 n_tensors=1
MEMLEDGER_GRAPH_TOP label=(unnamed) rank=0 name=leaf_0 (view) (cont)                     type=f32      ne=[250,2,1,1] bytes=      2000 MiB=    0.00
MEMLEDGER_GRAPH label=(unnamed) total_bytes=2000 total_MiB=0.00 n_tensors=1
MEMLEDGER_GRAPH_TOP label=(unnamed) rank=0 name=leaf_0 (view) (cont)                     type=f32      ne=[250,2,1,1] bytes=      2000 MiB=    0.00
MEMLEDGER_GRAPH label=(unnamed) total_bytes=2000 total_MiB=0.00 n_tensors=1
MEMLEDGER_GRAPH_TOP label=(unnamed) rank=0 name=leaf_0 (view) (cont)                     type=f32      ne=[250,2,1,1] bytes=      2000 MiB=    0.00
MEMLEDGER_GRAPH label=(unnamed) total_bytes=2000 total_MiB=0.00 n_tensors=1
MEMLEDGER_GRAPH_TOP label=(unnamed) rank=0 name=leaf_0 (view) (cont)                     type=f32      ne=[250,2,1,1] bytes=      2000 MiB=    0.00
MEMLEDGER_GRAPH label=(unnamed) total_bytes=2000 total_MiB=0.00 n_tensors=1
MEMLEDGER_GRAPH_TOP label=(unnamed) rank=0 name=leaf_0 (view) (cont)                     type=f32      ne=[250,2,1,1] bytes=      2000 MiB=    0.00
MEMLEDGER_GRAPH label=(unnamed) total_bytes=2000 total_MiB=0.00 n_tensors=1
MEMLEDGER_GRAPH_TOP label=(unnamed) rank=0 name=leaf_0 (view) (cont)                     type=f32      ne=[250,2,1,1] bytes=      2000 MiB=    0.00
MEMLEDGER_GRAPH label=(unnamed) total_bytes=2000 total_MiB=0.00 n_tensors=1
MEMLEDGER_GRAPH_TOP label=(unnamed) rank=0 name=leaf_0 (view) (cont)                     type=f32      ne=[250,2,1,1] bytes=      2000 MiB=    0.00
MEMLEDGER_GRAPH label=(unnamed) total_bytes=2000 total_MiB=0.00 n_tensors=1
MEMLEDGER_GRAPH_TOP label=(unnamed) rank=0 name=leaf_0 (view) (cont)                     type=f32      ne=[250,2,1,1] bytes=      2000 MiB=    0.00
MEMLEDGER_GRAPH label=(unnamed) total_bytes=2000 total_MiB=0.00 n_tensors=1
MEMLEDGER_GRAPH_TOP label=(unnamed) rank=0 name=leaf_0 (view) (cont)                     type=f32      ne=[250,2,1,1] bytes=      2000 MiB=    0.00
MEMLEDGER_GRAPH label=(unnamed) total_bytes=2000 total_MiB=0.00 n_tensors=1
MEMLEDGER_GRAPH_TOP label=(unnamed) rank=0 name=leaf_0 (view) (cont)                     type=f32      ne=[250,2,1,1] bytes=      2000 MiB=    0.00
MEMLEDGER_GRAPH label=(unnamed) total_bytes=2000 total_MiB=0.00 n_tensors=1
MEMLEDGER_GRAPH_TOP label=(unnamed) rank=0 name=leaf_0 (view) (cont)                     type=f32      ne=[250,2,1,1] bytes=      2000 MiB=    0.00
MEMLEDGER_GRAPH label=(unnamed) total_bytes=2000 total_MiB=0.00 n_tensors=1
MEMLEDGER_GRAPH_TOP label=(unnamed) rank=0 name=leaf_0 (view) (cont)                     type=f32      ne=[250,2,1,1] bytes=      2000 MiB=    0.00
MEMLEDGER_GRAPH label=(unnamed) total_bytes=2000 total_MiB=0.00 n_tensors=1
MEMLEDGER_GRAPH_TOP label=(unnamed) rank=0 name=leaf_0 (view) (cont)                     type=f32      ne=[250,2,1,1] bytes=      2000 MiB=    0.00
MEMLEDGER_GRAPH label=(unnamed) total_bytes=2000 total_MiB=0.00 n_tensors=1
MEMLEDGER_GRAPH_TOP label=(unnamed) rank=0 name=leaf_0 (view) (cont)                     type=f32      ne=[250,2,1,1] bytes=      2000 MiB=    0.00
MEMLEDGER_GRAPH label=(unnamed) total_bytes=2000 total_MiB=0.00 n_tensors=1
MEMLEDGER_GRAPH_TOP label=(unnamed) rank=0 name=leaf_0 (view) (cont)                     type=f32      ne=[250,2,1,1] bytes=      2000 MiB=    0.00
MEMLEDGER_GRAPH label=(unnamed) total_bytes=2000 total_MiB=0.00 n_tensors=1
MEMLEDGER_GRAPH_TOP label=(unnamed) rank=0 name=leaf_0 (view) (cont)                     type=f32      ne=[250,2,1,1] bytes=      2000 MiB=    0.00
MEMLEDGER_GRAPH label=(unnamed) total_bytes=2000 total_MiB=0.00 n_tensors=1
MEMLEDGER_GRAPH_TOP label=(unnamed) rank=0 name=leaf_0 (view) (cont)                     type=f32      ne=[250,2,1,1] bytes=      2000 MiB=    0.00
MEMLEDGER_GRAPH label=(unnamed) total_bytes=2000 total_MiB=0.00 n_tensors=1
MEMLEDGER_GRAPH_TOP label=(unnamed) rank=0 name=leaf_0 (view) (cont)                     type=f32      ne=[250,2,1,1] bytes=      2000 MiB=    0.00
MEMLEDGER_GRAPH label=(unnamed) total_bytes=2000 total_MiB=0.00 n_tensors=1
MEMLEDGER_GRAPH_TOP label=(unnamed) rank=0 name=leaf_0 (view) (cont)                     type=f32      ne=[250,2,1,1] bytes=      2000 MiB=    0.00
MEMLEDGER_GRAPH label=(unnamed) total_bytes=2000 total_MiB=0.00 n_tensors=1
MEMLEDGER_GRAPH_TOP label=(unnamed) rank=0 name=leaf_0 (view) (cont)                     type=f32      ne=[250,2,1,1] bytes=      2000 MiB=    0.00
MEMLEDGER_GRAPH label=(unnamed) total_bytes=2000 total_MiB=0.00 n_tensors=1
MEMLEDGER_GRAPH_TOP label=(unnamed) rank=0 name=leaf_0 (view) (cont)                     type=f32      ne=[250,2,1,1] bytes=      2000 MiB=    0.00
MEMLEDGER_GRAPH label=(unnamed) total_bytes=2000 total_MiB=0.00 n_tensors=1
MEMLEDGER_GRAPH_TOP label=(unnamed) rank=0 name=leaf_0 (view) (cont)                     type=f32      ne=[250,2,1,1] bytes=      2000 MiB=    0.00
MEMLEDGER_GRAPH label=(unnamed) total_bytes=2000 total_MiB=0.00 n_tensors=1
MEMLEDGER_GRAPH_TOP label=(unnamed) rank=0 name=leaf_0 (view) (cont)                     type=f32      ne=[250,2,1,1] bytes=      2000 MiB=    0.00
MEMLEDGER_GRAPH label=(unnamed) total_bytes=2000 total_MiB=0.00 n_tensors=1
MEMLEDGER_GRAPH_TOP label=(unnamed) rank=0 name=leaf_0 (view) (cont)                     type=f32      ne=[250,2,1,1] bytes=      2000 MiB=    0.00
MEMLEDGER_GRAPH label=(unnamed) total_bytes=2000 total_MiB=0.00 n_tensors=1
MEMLEDGER_GRAPH_TOP label=(unnamed) rank=0 name=leaf_0 (view) (cont)                     type=f32      ne=[250,2,1,1] bytes=      2000 MiB=    0.00
MEMLEDGER_GRAPH label=(unnamed) total_bytes=2000 total_MiB=0.00 n_tensors=1
MEMLEDGER_GRAPH_TOP label=(unnamed) rank=0 name=leaf_0 (view) (cont)                     type=f32      ne=[250,2,1,1] bytes=      2000 MiB=    0.00
MEMLEDGER_GRAPH label=(unnamed) total_bytes=2000 total_MiB=0.00 n_tensors=1
MEMLEDGER_GRAPH_TOP label=(unnamed) rank=0 name=leaf_0 (view) (cont)                     type=f32      ne=[250,2,1,1] bytes=      2000 MiB=    0.00
MEMLEDGER_GRAPH label=(unnamed) total_bytes=2000 total_MiB=0.00 n_tensors=1
MEMLEDGER_GRAPH_TOP label=(unnamed) rank=0 name=leaf_0 (view) (cont)                     type=f32      ne=[250,2,1,1] bytes=      2000 MiB=    0.00
MEMLEDGER_GRAPH label=(unnamed) total_bytes=2000 total_MiB=0.00 n_tensors=1
MEMLEDGER_GRAPH_TOP label=(unnamed) rank=0 name=leaf_0 (view) (cont)                     type=f32      ne=[250,2,1,1] bytes=      2000 MiB=    0.00
MEMLEDGER_GRAPH label=(unnamed) total_bytes=2000 total_MiB=0.00 n_tensors=1
MEMLEDGER_GRAPH_TOP label=(unnamed) rank=0 name=leaf_0 (view) (cont)                     type=f32      ne=[250,2,1,1] bytes=      2000 MiB=    0.00
MEMLEDGER_GRAPH label=(unnamed) total_bytes=2000 total_MiB=0.00 n_tensors=1
MEMLEDGER_GRAPH_TOP label=(unnamed) rank=0 name=leaf_0 (view) (cont)                     type=f32      ne=[250,2,1,1] bytes=      2000 MiB=    0.00
MEMLEDGER_GRAPH label=(unnamed) total_bytes=2000 total_MiB=0.00 n_tensors=1
MEMLEDGER_GRAPH_TOP label=(unnamed) rank=0 name=leaf_0 (view) (cont)                     type=f32      ne=[250,2,1,1] bytes=      2000 MiB=    0.00
MEMLEDGER_GRAPH label=(unnamed) total_bytes=2000 total_MiB=0.00 n_tensors=1
MEMLEDGER_GRAPH_TOP label=(unnamed) rank=0 name=leaf_0 (view) (cont)                     type=f32      ne=[250,2,1,1] bytes=      2000 MiB=    0.00
MEMLEDGER_GRAPH label=(unnamed) total_bytes=2000 total_MiB=0.00 n_tensors=1
MEMLEDGER_GRAPH_TOP label=(unnamed) rank=0 name=leaf_0 (view) (cont)                     type=f32      ne=[250,2,1,1] bytes=      2000 MiB=    0.00
MEMLEDGER_GRAPH label=(unnamed) total_bytes=2000 total_MiB=0.00 n_tensors=1
MEMLEDGER_GRAPH_TOP label=(unnamed) rank=0 name=leaf_0 (view) (cont)                     type=f32      ne=[250,2,1,1] bytes=      2000 MiB=    0.00
MEMLEDGER_GRAPH label=(unnamed) total_bytes=2000 total_MiB=0.00 n_tensors=1
MEMLEDGER_GRAPH_TOP label=(unnamed) rank=0 name=leaf_0 (view) (cont)                     type=f32      ne=[250,2,1,1] bytes=      2000 MiB=    0.00
MEMLEDGER_GRAPH label=(unnamed) total_bytes=2000 total_MiB=0.00 n_tensors=1
MEMLEDGER_GRAPH_TOP label=(unnamed) rank=0 name=leaf_0 (view) (cont)                     type=f32      ne=[250,2,1,1] bytes=      2000 MiB=    0.00
MEMLEDGER_GRAPH label=(unnamed) total_bytes=2000 total_MiB=0.00 n_tensors=1
MEMLEDGER_GRAPH_TOP label=(unnamed) rank=0 name=leaf_0 (view) (cont)                     type=f32      ne=[250,2,1,1] bytes=      2000 MiB=    0.00
MEMLEDGER_GRAPH label=(unnamed) total_bytes=2000 total_MiB=0.00 n_tensors=1
MEMLEDGER_GRAPH_TOP label=(unnamed) rank=0 name=leaf_0 (view) (cont)                     type=f32      ne=[250,2,1,1] bytes=      2000 MiB=    0.00
MEMLEDGER_GRAPH label=(unnamed) total_bytes=2000 total_MiB=0.00 n_tensors=1
MEMLEDGER_GRAPH_TOP label=(unnamed) rank=0 name=leaf_0 (view) (cont)                     type=f32      ne=[250,2,1,1] bytes=      2000 MiB=    0.00
MEMLEDGER_GRAPH label=(unnamed) total_bytes=2000 total_MiB=0.00 n_tensors=1
MEMLEDGER_GRAPH_TOP label=(unnamed) rank=0 name=leaf_0 (view) (cont)                     type=f32      ne=[250,2,1,1] bytes=      2000 MiB=    0.00
MEMLEDGER_GRAPH label=(unnamed) total_bytes=2000 total_MiB=0.00 n_tensors=1
MEMLEDGER_GRAPH_TOP label=(unnamed) rank=0 name=leaf_0 (view) (cont)                     type=f32      ne=[250,2,1,1] bytes=      2000 MiB=    0.00
MEMLEDGER_GRAPH label=(unnamed) total_bytes=2000 total_MiB=0.00 n_tensors=1
MEMLEDGER_GRAPH_TOP label=(unnamed) rank=0 name=leaf_0 (view) (cont)                     type=f32      ne=[250,2,1,1] bytes=      2000 MiB=    0.00
MEMLEDGER_GRAPH label=(unnamed) total_bytes=2000 total_MiB=0.00 n_tensors=1
MEMLEDGER_GRAPH_TOP label=(unnamed) rank=0 name=leaf_0 (view) (cont)                     type=f32      ne=[250,2,1,1] bytes=      2000 MiB=    0.00
MEMLEDGER_GRAPH label=(unnamed) total_bytes=2000 total_MiB=0.00 n_tensors=1
MEMLEDGER_GRAPH_TOP label=(unnamed) rank=0 name=leaf_0 (view) (cont)                     type=f32      ne=[250,2,1,1] bytes=      2000 MiB=    0.00
MEMLEDGER_GRAPH label=(unnamed) total_bytes=2000 total_MiB=0.00 n_tensors=1
MEMLEDGER_GRAPH_TOP label=(unnamed) rank=0 name=leaf_0 (view) (cont)                     type=f32      ne=[250,2,1,1] bytes=      2000 MiB=    0.00
MEMLEDGER_GRAPH label=(unnamed) total_bytes=2000 total_MiB=0.00 n_tensors=1
MEMLEDGER_GRAPH_TOP label=(unnamed) rank=0 name=leaf_0 (view) (cont)                     type=f32      ne=[250,2,1,1] bytes=      2000 MiB=    0.00
MEMLEDGER_GRAPH label=(unnamed) total_bytes=2000 total_MiB=0.00 n_tensors=1
MEMLEDGER_GRAPH_TOP label=(unnamed) rank=0 name=leaf_0 (view) (cont)                     type=f32      ne=[250,2,1,1] bytes=      2000 MiB=    0.00
MEMLEDGER_GRAPH label=(unnamed) total_bytes=2000 total_MiB=0.00 n_tensors=1
MEMLEDGER_GRAPH_TOP label=(unnamed) rank=0 name=leaf_0 (view) (cont)                     type=f32      ne=[250,2,1,1] bytes=      2000 MiB=    0.00
MEMLEDGER_GRAPH label=(unnamed) total_bytes=2000 total_MiB=0.00 n_tensors=1
MEMLEDGER_GRAPH_TOP label=(unnamed) rank=0 name=leaf_0 (view) (cont)                     type=f32      ne=[250,2,1,1] bytes=      2000 MiB=    0.00
MEMLEDGER_GRAPH label=(unnamed) total_bytes=2000 total_MiB=0.00 n_tensors=1
MEMLEDGER_GRAPH_TOP label=(unnamed) rank=0 name=leaf_0 (view) (cont)                     type=f32      ne=[250,2,1,1] bytes=      2000 MiB=    0.00
MEMLEDGER_GRAPH label=(unnamed) total_bytes=2000 total_MiB=0.00 n_tensors=1
MEMLEDGER_GRAPH_TOP label=(unnamed) rank=0 name=leaf_0 (view) (cont)                     type=f32      ne=[250,2,1,1] bytes=      2000 MiB=    0.00
MEMLEDGER_GRAPH label=(unnamed) total_bytes=2000 total_MiB=0.00 n_tensors=1
MEMLEDGER_GRAPH_TOP label=(unnamed) rank=0 name=leaf_0 (view) (cont)                     type=f32      ne=[250,2,1,1] bytes=      2000 MiB=    0.00
MEMLEDGER_GRAPH label=(unnamed) total_bytes=2000 total_MiB=0.00 n_tensors=1
MEMLEDGER_GRAPH_TOP label=(unnamed) rank=0 name=leaf_0 (view) (cont)                     type=f32      ne=[250,2,1,1] bytes=      2000 MiB=    0.00
MEMLEDGER_GRAPH label=(unnamed) total_bytes=2000 total_MiB=0.00 n_tensors=1
MEMLEDGER_GRAPH_TOP label=(unnamed) rank=0 name=leaf_0 (view) (cont)                     type=f32      ne=[250,2,1,1] bytes=      2000 MiB=    0.00
MEMLEDGER_GRAPH label=(unnamed) total_bytes=2000 total_MiB=0.00 n_tensors=1
MEMLEDGER_GRAPH_TOP label=(unnamed) rank=0 name=leaf_0 (view) (cont)                     type=f32      ne=[250,2,1,1] bytes=      2000 MiB=    0.00
MEMLEDGER_GRAPH label=(unnamed) total_bytes=2000 total_MiB=0.00 n_tensors=1
MEMLEDGER_GRAPH_TOP label=(unnamed) rank=0 name=leaf_0 (view) (cont)                     type=f32      ne=[250,2,1,1] bytes=      2000 MiB=    0.00
MEMLEDGER_GRAPH label=(unnamed) total_bytes=2000 total_MiB=0.00 n_tensors=1
MEMLEDGER_GRAPH_TOP label=(unnamed) rank=0 name=leaf_0 (view) (cont)                     type=f32      ne=[250,2,1,1] bytes=      2000 MiB=    0.00
MEMLEDGER_GRAPH label=(unnamed) total_bytes=2000 total_MiB=0.00 n_tensors=1
MEMLEDGER_GRAPH_TOP label=(unnamed) rank=0 name=leaf_0 (view) (cont)                     type=f32      ne=[250,2,1,1] bytes=      2000 MiB=    0.00
MEMLEDGER_GRAPH label=(unnamed) total_bytes=2000 total_MiB=0.00 n_tensors=1
MEMLEDGER_GRAPH_TOP label=(unnamed) rank=0 name=leaf_0 (view) (cont)                     type=f32      ne=[250,2,1,1] bytes=      2000 MiB=    0.00
MEMLEDGER_GRAPH label=(unnamed) total_bytes=2000 total_MiB=0.00 n_tensors=1
MEMLEDGER_GRAPH_TOP label=(unnamed) rank=0 name=leaf_0 (view) (cont)                     type=f32      ne=[250,2,1,1] bytes=      2000 MiB=    0.00
MEMLEDGER_GRAPH label=(unnamed) total_bytes=2000 total_MiB=0.00 n_tensors=1
MEMLEDGER_GRAPH_TOP label=(unnamed) rank=0 name=leaf_0 (view) (cont)                     type=f32      ne=[250,2,1,1] bytes=      2000 MiB=    0.00
MEMLEDGER_GRAPH label=(unnamed) total_bytes=2000 total_MiB=0.00 n_tensors=1
MEMLEDGER_GRAPH_TOP label=(unnamed) rank=0 name=leaf_0 (view) (cont)                     type=f32      ne=[250,2,1,1] bytes=      2000 MiB=    0.00
MEMLEDGER_GRAPH label=(unnamed) total_bytes=2000 total_MiB=0.00 n_tensors=1
MEMLEDGER_GRAPH_TOP label=(unnamed) rank=0 name=leaf_0 (view) (cont)                     type=f32      ne=[250,2,1,1] bytes=      2000 MiB=    0.00
MEMLEDGER_GRAPH label=(unnamed) total_bytes=2000 total_MiB=0.00 n_tensors=1
MEMLEDGER_GRAPH_TOP label=(unnamed) rank=0 name=leaf_0 (view) (cont)                     type=f32      ne=[250,2,1,1] bytes=      2000 MiB=    0.00
MEMLEDGER_GRAPH label=(unnamed) total_bytes=2000 total_MiB=0.00 n_tensors=1
MEMLEDGER_GRAPH_TOP label=(unnamed) rank=0 name=leaf_0 (view) (cont)                     type=f32      ne=[250,2,1,1] bytes=      2000 MiB=    0.00
MEMLEDGER_GRAPH label=(unnamed) total_bytes=2000 total_MiB=0.00 n_tensors=1
MEMLEDGER_GRAPH_TOP label=(unnamed) rank=0 name=leaf_0 (view) (cont)                     type=f32      ne=[250,2,1,1] bytes=      2000 MiB=    0.00
MEMLEDGER_GRAPH label=(unnamed) total_bytes=2000 total_MiB=0.00 n_tensors=1
MEMLEDGER_GRAPH_TOP label=(unnamed) rank=0 name=leaf_0 (view) (cont)                     type=f32      ne=[250,2,1,1] bytes=      2000 MiB=    0.00
MEMLEDGER_GRAPH label=(unnamed) total_bytes=2000 total_MiB=0.00 n_tensors=1
MEMLEDGER_GRAPH_TOP label=(unnamed) rank=0 name=leaf_0 (view) (cont)                     type=f32      ne=[250,2,1,1] bytes=      2000 MiB=    0.00
MEMLEDGER_GRAPH label=(unnamed) total_bytes=2000 total_MiB=0.00 n_tensors=1
MEMLEDGER_GRAPH_TOP label=(unnamed) rank=0 name=leaf_0 (view) (cont)                     type=f32      ne=[250,2,1,1] bytes=      2000 MiB=    0.00
MEMLEDGER_GRAPH label=(unnamed) total_bytes=2000 total_MiB=0.00 n_tensors=1
MEMLEDGER_GRAPH_TOP label=(unnamed) rank=0 name=leaf_0 (view) (cont)                     type=f32      ne=[250,2,1,1] bytes=      2000 MiB=    0.00
MEMLEDGER_GRAPH label=(unnamed) total_bytes=2000 total_MiB=0.00 n_tensors=1
MEMLEDGER_GRAPH_TOP label=(unnamed) rank=0 name=leaf_0 (view) (cont)                     type=f32      ne=[250,2,1,1] bytes=      2000 MiB=    0.00
MEMLEDGER_GRAPH label=(unnamed) total_bytes=2000 total_MiB=0.00 n_tensors=1
MEMLEDGER_GRAPH_TOP label=(unnamed) rank=0 name=leaf_0 (view) (cont)                     type=f32      ne=[250,2,1,1] bytes=      2000 MiB=    0.00
MEMLEDGER_GRAPH label=(unnamed) total_bytes=2000 total_MiB=0.00 n_tensors=1
MEMLEDGER_GRAPH_TOP label=(unnamed) rank=0 name=leaf_0 (view) (cont)                     type=f32      ne=[250,2,1,1] bytes=      2000 MiB=    0.00
MEMLEDGER_GRAPH label=(unnamed) total_bytes=2000 total_MiB=0.00 n_tensors=1
MEMLEDGER_GRAPH_TOP label=(unnamed) rank=0 name=leaf_0 (view) (cont)                     type=f32      ne=[250,2,1,1] bytes=      2000 MiB=    0.00
MEMLEDGER_GRAPH label=(unnamed) total_bytes=2000 total_MiB=0.00 n_tensors=1
MEMLEDGER_GRAPH_TOP label=(unnamed) rank=0 name=leaf_0 (view) (cont)                     type=f32      ne=[250,2,1,1] bytes=      2000 MiB=    0.00
MEMLEDGER_GRAPH label=(unnamed) total_bytes=2000 total_MiB=0.00 n_tensors=1
MEMLEDGER_GRAPH_TOP label=(unnamed) rank=0 name=leaf_0 (view) (cont)                     type=f32      ne=[250,2,1,1] bytes=      2000 MiB=    0.00
MEMLEDGER_GRAPH label=(unnamed) total_bytes=2000 total_MiB=0.00 n_tensors=1
MEMLEDGER_GRAPH_TOP label=(unnamed) rank=0 name=leaf_0 (view) (cont)                     type=f32      ne=[250,2,1,1] bytes=      2000 MiB=    0.00
MEMLEDGER_GRAPH label=(unnamed) total_bytes=2000 total_MiB=0.00 n_tensors=1
MEMLEDGER_GRAPH_TOP label=(unnamed) rank=0 name=leaf_0 (view) (cont)                     type=f32      ne=[250,2,1,1] bytes=      2000 MiB=    0.00
MEMLEDGER_GRAPH label=(unnamed) total_bytes=2000 total_MiB=0.00 n_tensors=1
MEMLEDGER_GRAPH_TOP label=(unnamed) rank=0 name=leaf_0 (view) (cont)                     type=f32      ne=[250,2,1,1] bytes=      2000 MiB=    0.00
MEMLEDGER_GRAPH label=(unnamed) total_bytes=2000 total_MiB=0.00 n_tensors=1
MEMLEDGER_GRAPH_TOP label=(unnamed) rank=0 name=leaf_0 (view) (cont)                     type=f32      ne=[250,2,1,1] bytes=      2000 MiB=    0.00
MEMLEDGER_GRAPH label=(unnamed) total_bytes=2000 total_MiB=0.00 n_tensors=1
MEMLEDGER_GRAPH_TOP label=(unnamed) rank=0 name=leaf_0 (view) (cont)                     type=f32      ne=[250,2,1,1] bytes=      2000 MiB=    0.00
MEMLEDGER_GRAPH label=(unnamed) total_bytes=2000 total_MiB=0.00 n_tensors=1
MEMLEDGER_GRAPH_TOP label=(unnamed) rank=0 name=leaf_0 (view) (cont)                     type=f32      ne=[250,2,1,1] bytes=      2000 MiB=    0.00
MEMLEDGER_GRAPH label=(unnamed) total_bytes=2000 total_MiB=0.00 n_tensors=1
MEMLEDGER_GRAPH_TOP label=(unnamed) rank=0 name=leaf_0 (view) (cont)                     type=f32      ne=[250,2,1,1] bytes=      2000 MiB=    0.00
MEMLEDGER_GRAPH label=(unnamed) total_bytes=2000 total_MiB=0.00 n_tensors=1
MEMLEDGER_GRAPH_TOP label=(unnamed) rank=0 name=leaf_0 (view) (cont)                     type=f32      ne=[250,2,1,1] bytes=      2000 MiB=    0.00
MEMLEDGER_GRAPH label=(unnamed) total_bytes=2000 total_MiB=0.00 n_tensors=1
MEMLEDGER_GRAPH_TOP label=(unnamed) rank=0 name=leaf_0 (view) (cont)                     type=f32      ne=[250,2,1,1] bytes=      2000 MiB=    0.00
MEMLEDGER_GRAPH label=(unnamed) total_bytes=2000 total_MiB=0.00 n_tensors=1
MEMLEDGER_GRAPH_TOP label=(unnamed) rank=0 name=leaf_0 (view) (cont)                     type=f32      ne=[250,2,1,1] bytes=      2000 MiB=    0.00
MEMLEDGER_GRAPH label=(unnamed) total_bytes=2000 total_MiB=0.00 n_tensors=1
MEMLEDGER_GRAPH_TOP label=(unnamed) rank=0 name=leaf_0 (view) (cont)                     type=f32      ne=[250,2,1,1] bytes=      2000 MiB=    0.00
MEMLEDGER_GRAPH label=(unnamed) total_bytes=2000 total_MiB=0.00 n_tensors=1
MEMLEDGER_GRAPH_TOP label=(unnamed) rank=0 name=leaf_0 (view) (cont)                     type=f32      ne=[250,2,1,1] bytes=      2000 MiB=    0.00
MEMLEDGER_GRAPH label=(unnamed) total_bytes=2000 total_MiB=0.00 n_tensors=1
MEMLEDGER_GRAPH_TOP label=(unnamed) rank=0 name=leaf_0 (view) (cont)                     type=f32      ne=[250,2,1,1] bytes=      2000 MiB=    0.00
MEMLEDGER_GRAPH label=(unnamed) total_bytes=2000 total_MiB=0.00 n_tensors=1
MEMLEDGER_GRAPH_TOP label=(unnamed) rank=0 name=leaf_0 (view) (cont)                     type=f32      ne=[250,2,1,1] bytes=      2000 MiB=    0.00
MEMLEDGER_GRAPH label=(unnamed) total_bytes=2000 total_MiB=0.00 n_tensors=1
MEMLEDGER_GRAPH_TOP label=(unnamed) rank=0 name=leaf_0 (view) (cont)                     type=f32      ne=[250,2,1,1] bytes=      2000 MiB=    0.00
MEMLEDGER_GRAPH label=(unnamed) total_bytes=2000 total_MiB=0.00 n_tensors=1
MEMLEDGER_GRAPH_TOP label=(unnamed) rank=0 name=leaf_0 (view) (cont)                     type=f32      ne=[250,2,1,1] bytes=      2000 MiB=    0.00
MEMLEDGER_GRAPH label=(unnamed) total_bytes=2000 total_MiB=0.00 n_tensors=1
MEMLEDGER_GRAPH_TOP label=(unnamed) rank=0 name=leaf_0 (view) (cont)                     type=f32      ne=[250,2,1,1] bytes=      2000 MiB=    0.00
MEMLEDGER_GRAPH label=(unnamed) total_bytes=2000 total_MiB=0.00 n_tensors=1
MEMLEDGER_GRAPH_TOP label=(unnamed) rank=0 name=leaf_0 (view) (cont)                     type=f32      ne=[250,2,1,1] bytes=      2000 MiB=    0.00
MEMLEDGER_GRAPH label=(unnamed) total_bytes=2000 total_MiB=0.00 n_tensors=1
MEMLEDGER_GRAPH_TOP label=(unnamed) rank=0 name=leaf_0 (view) (cont)                     type=f32      ne=[250,2,1,1] bytes=      2000 MiB=    0.00
MEMLEDGER_GRAPH label=(unnamed) total_bytes=2000 total_MiB=0.00 n_tensors=1
MEMLEDGER_GRAPH_TOP label=(unnamed) rank=0 name=leaf_0 (view) (cont)                     type=f32      ne=[250,2,1,1] bytes=      2000 MiB=    0.00
MEMLEDGER_GRAPH label=(unnamed) total_bytes=2000 total_MiB=0.00 n_tensors=1
MEMLEDGER_GRAPH_TOP label=(unnamed) rank=0 name=leaf_0 (view) (cont)                     type=f32      ne=[250,2,1,1] bytes=      2000 MiB=    0.00
MEMLEDGER_GRAPH label=(unnamed) total_bytes=2000 total_MiB=0.00 n_tensors=1
MEMLEDGER_GRAPH_TOP label=(unnamed) rank=0 name=leaf_0 (view) (cont)                     type=f32      ne=[250,2,1,1] bytes=      2000 MiB=    0.00
MEMLEDGER_GRAPH label=(unnamed) total_bytes=2000 total_MiB=0.00 n_tensors=1
MEMLEDGER_GRAPH_TOP label=(unnamed) rank=0 name=leaf_0 (view) (cont)                     type=f32      ne=[250,2,1,1] bytes=      2000 MiB=    0.00
MEMLEDGER_GRAPH label=(unnamed) total_bytes=2000 total_MiB=0.00 n_tensors=1
MEMLEDGER_GRAPH_TOP label=(unnamed) rank=0 name=leaf_0 (view) (cont)                     type=f32      ne=[250,2,1,1] bytes=      2000 MiB=    0.00
MEMLEDGER_GRAPH label=(unnamed) total_bytes=2000 total_MiB=0.00 n_tensors=1
MEMLEDGER_GRAPH_TOP label=(unnamed) rank=0 name=leaf_0 (view) (cont)                     type=f32      ne=[250,2,1,1] bytes=      2000 MiB=    0.00
MEMLEDGER_GRAPH label=(unnamed) total_bytes=2000 total_MiB=0.00 n_tensors=1
MEMLEDGER_GRAPH_TOP label=(unnamed) rank=0 name=leaf_0 (view) (cont)                     type=f32      ne=[250,2,1,1] bytes=      2000 MiB=    0.00
MEMLEDGER_GRAPH label=(unnamed) total_bytes=2000 total_MiB=0.00 n_tensors=1
MEMLEDGER_GRAPH_TOP label=(unnamed) rank=0 name=leaf_0 (view) (cont)                     type=f32      ne=[250,2,1,1] bytes=      2000 MiB=    0.00
MEMLEDGER_GRAPH label=(unnamed) total_bytes=2000 total_MiB=0.00 n_tensors=1
MEMLEDGER_GRAPH_TOP label=(unnamed) rank=0 name=leaf_0 (view) (cont)                     type=f32      ne=[250,2,1,1] bytes=      2000 MiB=    0.00
MEMLEDGER_GRAPH label=(unnamed) total_bytes=2000 total_MiB=0.00 n_tensors=1
MEMLEDGER_GRAPH_TOP label=(unnamed) rank=0 name=leaf_0 (view) (cont)                     type=f32      ne=[250,2,1,1] bytes=      2000 MiB=    0.00
MEMLEDGER_GRAPH label=(unnamed) total_bytes=2000 total_MiB=0.00 n_tensors=1
MEMLEDGER_GRAPH_TOP label=(unnamed) rank=0 name=leaf_0 (view) (cont)                     type=f32      ne=[250,2,1,1] bytes=      2000 MiB=    0.00
MEMLEDGER_GRAPH label=(unnamed) total_bytes=2000 total_MiB=0.00 n_tensors=1
MEMLEDGER_GRAPH_TOP label=(unnamed) rank=0 name=leaf_0 (view) (cont)                     type=f32      ne=[250,2,1,1] bytes=      2000 MiB=    0.00
MEMLEDGER_GRAPH label=(unnamed) total_bytes=2000 total_MiB=0.00 n_tensors=1
MEMLEDGER_GRAPH_TOP label=(unnamed) rank=0 name=leaf_0 (view) (cont)                     type=f32      ne=[250,2,1,1] bytes=      2000 MiB=    0.00
MEMLEDGER_GRAPH label=(unnamed) total_bytes=2000 total_MiB=0.00 n_tensors=1
MEMLEDGER_GRAPH_TOP label=(unnamed) rank=0 name=leaf_0 (view) (cont)                     type=f32      ne=[250,2,1,1] bytes=      2000 MiB=    0.00
MEMLEDGER_GRAPH label=(unnamed) total_bytes=2000 total_MiB=0.00 n_tensors=1
MEMLEDGER_GRAPH_TOP label=(unnamed) rank=0 name=leaf_0 (view) (cont)                     type=f32      ne=[250,2,1,1] bytes=      2000 MiB=    0.00
MEMLEDGER_GRAPH label=(unnamed) total_bytes=2000 total_MiB=0.00 n_tensors=1
MEMLEDGER_GRAPH_TOP label=(unnamed) rank=0 name=leaf_0 (view) (cont)                     type=f32      ne=[250,2,1,1] bytes=      2000 MiB=    0.00
MEMLEDGER_GRAPH label=(unnamed) total_bytes=2000 total_MiB=0.00 n_tensors=1
MEMLEDGER_GRAPH_TOP label=(unnamed) rank=0 name=leaf_0 (view) (cont)                     type=f32      ne=[250,2,1,1] bytes=      2000 MiB=    0.00
MEMLEDGER_GRAPH label=(unnamed) total_bytes=2000 total_MiB=0.00 n_tensors=1
MEMLEDGER_GRAPH_TOP label=(unnamed) rank=0 name=leaf_0 (view) (cont)                     type=f32      ne=[250,2,1,1] bytes=      2000 MiB=    0.00
MEMLEDGER_GRAPH label=(unnamed) total_bytes=2000 total_MiB=0.00 n_tensors=1
MEMLEDGER_GRAPH_TOP label=(unnamed) rank=0 name=leaf_0 (view) (cont)                     type=f32      ne=[250,2,1,1] bytes=      2000 MiB=    0.00
MEMLEDGER_GRAPH label=(unnamed) total_bytes=2000 total_MiB=0.00 n_tensors=1
MEMLEDGER_GRAPH_TOP label=(unnamed) rank=0 name=leaf_0 (view) (cont)                     type=f32      ne=[250,2,1,1] bytes=      2000 MiB=    0.00
MEMLEDGER_GRAPH label=(unnamed) total_bytes=2000 total_MiB=0.00 n_tensors=1
MEMLEDGER_GRAPH_TOP label=(unnamed) rank=0 name=leaf_0 (view) (cont)                     type=f32      ne=[250,2,1,1] bytes=      2000 MiB=    0.00
MEMLEDGER_GRAPH label=(unnamed) total_bytes=2000 total_MiB=0.00 n_tensors=1
MEMLEDGER_GRAPH_TOP label=(unnamed) rank=0 name=leaf_0 (view) (cont)                     type=f32      ne=[250,2,1,1] bytes=      2000 MiB=    0.00
MEMLEDGER_GRAPH label=(unnamed) total_bytes=2000 total_MiB=0.00 n_tensors=1
MEMLEDGER_GRAPH_TOP label=(unnamed) rank=0 name=leaf_0 (view) (cont)                     type=f32      ne=[250,2,1,1] bytes=      2000 MiB=    0.00
MEMLEDGER_GRAPH label=(unnamed) total_bytes=2000 total_MiB=0.00 n_tensors=1
MEMLEDGER_GRAPH_TOP label=(unnamed) rank=0 name=leaf_0 (view) (cont)                     type=f32      ne=[250,2,1,1] bytes=      2000 MiB=    0.00
MEMLEDGER_GRAPH label=(unnamed) total_bytes=2000 total_MiB=0.00 n_tensors=1
MEMLEDGER_GRAPH_TOP label=(unnamed) rank=0 name=leaf_0 (view) (cont)                     type=f32      ne=[250,2,1,1] bytes=      2000 MiB=    0.00
MEMLEDGER_GRAPH label=(unnamed) total_bytes=2000 total_MiB=0.00 n_tensors=1
MEMLEDGER_GRAPH_TOP label=(unnamed) rank=0 name=leaf_0 (view) (cont)                     type=f32      ne=[250,2,1,1] bytes=      2000 MiB=    0.00
MEMLEDGER_GRAPH label=(unnamed) total_bytes=2000 total_MiB=0.00 n_tensors=1
MEMLEDGER_GRAPH_TOP label=(unnamed) rank=0 name=leaf_0 (view) (cont)                     type=f32      ne=[250,2,1,1] bytes=      2000 MiB=    0.00
MEMLEDGER_GRAPH label=(unnamed) total_bytes=2000 total_MiB=0.00 n_tensors=1
MEMLEDGER_GRAPH_TOP label=(unnamed) rank=0 name=leaf_0 (view) (cont)                     type=f32      ne=[250,2,1,1] bytes=      2000 MiB=    0.00
MEMLEDGER_GRAPH label=(unnamed) total_bytes=2000 total_MiB=0.00 n_tensors=1
MEMLEDGER_GRAPH_TOP label=(unnamed) rank=0 name=leaf_0 (view) (cont)                     type=f32      ne=[250,2,1,1] bytes=      2000 MiB=    0.00
MEMLEDGER_GRAPH label=(unnamed) total_bytes=2000 total_MiB=0.00 n_tensors=1
MEMLEDGER_GRAPH_TOP label=(unnamed) rank=0 name=leaf_0 (view) (cont)                     type=f32      ne=[250,2,1,1] bytes=      2000 MiB=    0.00
MEMLEDGER_GRAPH label=(unnamed) total_bytes=2000 total_MiB=0.00 n_tensors=1
MEMLEDGER_GRAPH_TOP label=(unnamed) rank=0 name=leaf_0 (view) (cont)                     type=f32      ne=[250,2,1,1] bytes=      2000 MiB=    0.00
MEMLEDGER_GRAPH label=(unnamed) total_bytes=2000 total_MiB=0.00 n_tensors=1
MEMLEDGER_GRAPH_TOP label=(unnamed) rank=0 name=leaf_0 (view) (cont)                     type=f32      ne=[250,2,1,1] bytes=      2000 MiB=    0.00
MEMLEDGER_GRAPH label=(unnamed) total_bytes=2000 total_MiB=0.00 n_tensors=1
MEMLEDGER_GRAPH_TOP label=(unnamed) rank=0 name=leaf_0 (view) (cont)                     type=f32      ne=[250,2,1,1] bytes=      2000 MiB=    0.00
MEMLEDGER_GRAPH label=(unnamed) total_bytes=2000 total_MiB=0.00 n_tensors=1
MEMLEDGER_GRAPH_TOP label=(unnamed) rank=0 name=leaf_0 (view) (cont)                     type=f32      ne=[250,2,1,1] bytes=      2000 MiB=    0.00
MEMLEDGER_GRAPH label=(unnamed) total_bytes=2000 total_MiB=0.00 n_tensors=1
MEMLEDGER_GRAPH_TOP label=(unnamed) rank=0 name=leaf_0 (view) (cont)                     type=f32      ne=[250,2,1,1] bytes=      2000 MiB=    0.00
MEMLEDGER_GRAPH label=(unnamed) total_bytes=2000 total_MiB=0.00 n_tensors=1
MEMLEDGER_GRAPH_TOP label=(unnamed) rank=0 name=leaf_0 (view) (cont)                     type=f32      ne=[250,2,1,1] bytes=      2000 MiB=    0.00
MEMLEDGER_GRAPH label=(unnamed) total_bytes=2000 total_MiB=0.00 n_tensors=1
MEMLEDGER_GRAPH_TOP label=(unnamed) rank=0 name=leaf_0 (view) (cont)                     type=f32      ne=[250,2,1,1] bytes=      2000 MiB=    0.00
MEMLEDGER_GRAPH label=(unnamed) total_bytes=2000 total_MiB=0.00 n_tensors=1
MEMLEDGER_GRAPH_TOP label=(unnamed) rank=0 name=leaf_0 (view) (cont)                     type=f32      ne=[250,2,1,1] bytes=      2000 MiB=    0.00
MEMLEDGER_GRAPH label=(unnamed) total_bytes=2000 total_MiB=0.00 n_tensors=1
MEMLEDGER_GRAPH_TOP label=(unnamed) rank=0 name=leaf_0 (view) (cont)                     type=f32      ne=[250,2,1,1] bytes=      2000 MiB=    0.00
MEMLEDGER_GRAPH label=(unnamed) total_bytes=2000 total_MiB=0.00 n_tensors=1
MEMLEDGER_GRAPH_TOP label=(unnamed) rank=0 name=leaf_0 (view) (cont)                     type=f32      ne=[250,2,1,1] bytes=      2000 MiB=    0.00
MEMLEDGER_GRAPH label=(unnamed) total_bytes=2000 total_MiB=0.00 n_tensors=1
MEMLEDGER_GRAPH_TOP label=(unnamed) rank=0 name=leaf_0 (view) (cont)                     type=f32      ne=[250,2,1,1] bytes=      2000 MiB=    0.00
MEMLEDGER_GRAPH label=(unnamed) total_bytes=2000 total_MiB=0.00 n_tensors=1
MEMLEDGER_GRAPH_TOP label=(unnamed) rank=0 name=leaf_0 (view) (cont)                     type=f32      ne=[250,2,1,1] bytes=      2000 MiB=    0.00
MEMLEDGER_GRAPH label=(unnamed) total_bytes=2000 total_MiB=0.00 n_tensors=1
MEMLEDGER_GRAPH_TOP label=(unnamed) rank=0 name=leaf_0 (view) (cont)                     type=f32      ne=[250,2,1,1] bytes=      2000 MiB=    0.00
MEMLEDGER_GRAPH label=(unnamed) total_bytes=2000 total_MiB=0.00 n_tensors=1
MEMLEDGER_GRAPH_TOP label=(unnamed) rank=0 name=leaf_0 (view) (cont)                     type=f32      ne=[250,2,1,1] bytes=      2000 MiB=    0.00
MEMLEDGER_GRAPH label=(unnamed) total_bytes=2000 total_MiB=0.00 n_tensors=1
MEMLEDGER_GRAPH_TOP label=(unnamed) rank=0 name=leaf_0 (view) (cont)                     type=f32      ne=[250,2,1,1] bytes=      2000 MiB=    0.00
MEMLEDGER_GRAPH label=(unnamed) total_bytes=2000 total_MiB=0.00 n_tensors=1
MEMLEDGER_GRAPH_TOP label=(unnamed) rank=0 name=leaf_0 (view) (cont)                     type=f32      ne=[250,2,1,1] bytes=      2000 MiB=    0.00
MEMLEDGER_GRAPH label=(unnamed) total_bytes=2000 total_MiB=0.00 n_tensors=1
MEMLEDGER_GRAPH_TOP label=(unnamed) rank=0 name=leaf_0 (view) (cont)                     type=f32      ne=[250,2,1,1] bytes=      2000 MiB=    0.00
MEMLEDGER_GRAPH label=(unnamed) total_bytes=2000 total_MiB=0.00 n_tensors=1
MEMLEDGER_GRAPH_TOP label=(unnamed) rank=0 name=leaf_0 (view) (cont)                     type=f32      ne=[250,2,1,1] bytes=      2000 MiB=    0.00
MEMLEDGER_GRAPH label=(unnamed) total_bytes=2000 total_MiB=0.00 n_tensors=1
MEMLEDGER_GRAPH_TOP label=(unnamed) rank=0 name=leaf_0 (view) (cont)                     type=f32      ne=[250,2,1,1] bytes=      2000 MiB=    0.00
MEMLEDGER_GRAPH label=(unnamed) total_bytes=2000 total_MiB=0.00 n_tensors=1
MEMLEDGER_GRAPH_TOP label=(unnamed) rank=0 name=leaf_0 (view) (cont)                     type=f32      ne=[250,2,1,1] bytes=      2000 MiB=    0.00
MEMLEDGER_GRAPH label=(unnamed) total_bytes=2000 total_MiB=0.00 n_tensors=1
MEMLEDGER_GRAPH_TOP label=(unnamed) rank=0 name=leaf_0 (view) (cont)                     type=f32      ne=[250,2,1,1] bytes=      2000 MiB=    0.00
MEMLEDGER_GRAPH label=(unnamed) total_bytes=2000 total_MiB=0.00 n_tensors=1
MEMLEDGER_GRAPH_TOP label=(unnamed) rank=0 name=leaf_0 (view) (cont)                     type=f32      ne=[250,2,1,1] bytes=      2000 MiB=    0.00
MEMLEDGER_GRAPH label=(unnamed) total_bytes=2000 total_MiB=0.00 n_tensors=1
MEMLEDGER_GRAPH_TOP label=(unnamed) rank=0 name=leaf_0 (view) (cont)                     type=f32      ne=[250,2,1,1] bytes=      2000 MiB=    0.00
MEMLEDGER_GRAPH label=(unnamed) total_bytes=2000 total_MiB=0.00 n_tensors=1
MEMLEDGER_GRAPH_TOP label=(unnamed) rank=0 name=leaf_0 (view) (cont)                     type=f32      ne=[250,2,1,1] bytes=      2000 MiB=    0.00
MEMLEDGER_GRAPH label=(unnamed) total_bytes=2000 total_MiB=0.00 n_tensors=1
MEMLEDGER_GRAPH_TOP label=(unnamed) rank=0 name=leaf_0 (view) (cont)                     type=f32      ne=[250,2,1,1] bytes=      2000 MiB=    0.00
MEMLEDGER_GRAPH label=(unnamed) total_bytes=2000 total_MiB=0.00 n_tensors=1
MEMLEDGER_GRAPH_TOP label=(unnamed) rank=0 name=leaf_0 (view) (cont)                     type=f32      ne=[250,2,1,1] bytes=      2000 MiB=    0.00
MEMLEDGER_GRAPH label=(unnamed) total_bytes=2000 total_MiB=0.00 n_tensors=1
MEMLEDGER_GRAPH_TOP label=(unnamed) rank=0 name=leaf_0 (view) (cont)                     type=f32      ne=[250,2,1,1] bytes=      2000 MiB=    0.00
MEMLEDGER_GRAPH label=(unnamed) total_bytes=2000 total_MiB=0.00 n_tensors=1
MEMLEDGER_GRAPH_TOP label=(unnamed) rank=0 name=leaf_0 (view) (cont)                     type=f32      ne=[250,2,1,1] bytes=      2000 MiB=    0.00
MEMLEDGER_GRAPH label=(unnamed) total_bytes=2000 total_MiB=0.00 n_tensors=1
MEMLEDGER_GRAPH_TOP label=(unnamed) rank=0 name=leaf_0 (view) (cont)                     type=f32      ne=[250,2,1,1] bytes=      2000 MiB=    0.00
MEMLEDGER_GRAPH label=(unnamed) total_bytes=2000 total_MiB=0.00 n_tensors=1
MEMLEDGER_GRAPH_TOP label=(unnamed) rank=0 name=leaf_0 (view) (cont)                     type=f32      ne=[250,2,1,1] bytes=      2000 MiB=    0.00
MEMLEDGER_GRAPH label=(unnamed) total_bytes=2000 total_MiB=0.00 n_tensors=1
MEMLEDGER_GRAPH_TOP label=(unnamed) rank=0 name=leaf_0 (view) (cont)                     type=f32      ne=[250,2,1,1] bytes=      2000 MiB=    0.00
MEMLEDGER_GRAPH label=(unnamed) total_bytes=2000 total_MiB=0.00 n_tensors=1
MEMLEDGER_GRAPH_TOP label=(unnamed) rank=0 name=leaf_0 (view) (cont)                     type=f32      ne=[250,2,1,1] bytes=      2000 MiB=    0.00
MEMLEDGER_GRAPH label=(unnamed) total_bytes=2000 total_MiB=0.00 n_tensors=1
MEMLEDGER_GRAPH_TOP label=(unnamed) rank=0 name=leaf_0 (view) (cont)                     type=f32      ne=[250,2,1,1] bytes=      2000 MiB=    0.00
MEMLEDGER_GRAPH label=(unnamed) total_bytes=2000 total_MiB=0.00 n_tensors=1
MEMLEDGER_GRAPH_TOP label=(unnamed) rank=0 name=leaf_0 (view) (cont)                     type=f32      ne=[250,2,1,1] bytes=      2000 MiB=    0.00
MEMLEDGER_GRAPH label=(unnamed) total_bytes=2000 total_MiB=0.00 n_tensors=1
MEMLEDGER_GRAPH_TOP label=(unnamed) rank=0 name=leaf_0 (view) (cont)                     type=f32      ne=[250,2,1,1] bytes=      2000 MiB=    0.00
MEMLEDGER_GRAPH label=(unnamed) total_bytes=2000 total_MiB=0.00 n_tensors=1
MEMLEDGER_GRAPH_TOP label=(unnamed) rank=0 name=leaf_0 (view) (cont)                     type=f32      ne=[250,2,1,1] bytes=      2000 MiB=    0.00
MEMLEDGER_GRAPH label=(unnamed) total_bytes=2000 total_MiB=0.00 n_tensors=1
MEMLEDGER_GRAPH_TOP label=(unnamed) rank=0 name=leaf_0 (view) (cont)                     type=f32      ne=[250,2,1,1] bytes=      2000 MiB=    0.00
MEMLEDGER_GRAPH label=(unnamed) total_bytes=2000 total_MiB=0.00 n_tensors=1
MEMLEDGER_GRAPH_TOP label=(unnamed) rank=0 name=leaf_0 (view) (cont)                     type=f32      ne=[250,2,1,1] bytes=      2000 MiB=    0.00
MEMLEDGER_GRAPH label=(unnamed) total_bytes=2000 total_MiB=0.00 n_tensors=1
MEMLEDGER_GRAPH_TOP label=(unnamed) rank=0 name=leaf_0 (view) (cont)                     type=f32      ne=[250,2,1,1] bytes=      2000 MiB=    0.00
MEMLEDGER_GRAPH label=(unnamed) total_bytes=2000 total_MiB=0.00 n_tensors=1
MEMLEDGER_GRAPH_TOP label=(unnamed) rank=0 name=leaf_0 (view) (cont)                     type=f32      ne=[250,2,1,1] bytes=      2000 MiB=    0.00
MEMLEDGER_GRAPH label=(unnamed) total_bytes=2000 total_MiB=0.00 n_tensors=1
MEMLEDGER_GRAPH_TOP label=(unnamed) rank=0 name=leaf_0 (view) (cont)                     type=f32      ne=[250,2,1,1] bytes=      2000 MiB=    0.00
MEMLEDGER_GRAPH label=(unnamed) total_bytes=2000 total_MiB=0.00 n_tensors=1
MEMLEDGER_GRAPH_TOP label=(unnamed) rank=0 name=leaf_0 (view) (cont)                     type=f32      ne=[250,2,1,1] bytes=      2000 MiB=    0.00
MEMLEDGER_GRAPH label=(unnamed) total_bytes=2000 total_MiB=0.00 n_tensors=1
MEMLEDGER_GRAPH_TOP label=(unnamed) rank=0 name=leaf_0 (view) (cont)                     type=f32      ne=[250,2,1,1] bytes=      2000 MiB=    0.00
MEMLEDGER_GRAPH label=(unnamed) total_bytes=2000 total_MiB=0.00 n_tensors=1
MEMLEDGER_GRAPH_TOP label=(unnamed) rank=0 name=leaf_0 (view) (cont)                     type=f32      ne=[250,2,1,1] bytes=      2000 MiB=    0.00
MEMLEDGER_GRAPH label=(unnamed) total_bytes=2000 total_MiB=0.00 n_tensors=1
MEMLEDGER_GRAPH_TOP label=(unnamed) rank=0 name=leaf_0 (view) (cont)                     type=f32      ne=[250,2,1,1] bytes=      2000 MiB=    0.00
MEMLEDGER_GRAPH label=(unnamed) total_bytes=2000 total_MiB=0.00 n_tensors=1
MEMLEDGER_GRAPH_TOP label=(unnamed) rank=0 name=leaf_0 (view) (cont)                     type=f32      ne=[250,2,1,1] bytes=      2000 MiB=    0.00
MEMLEDGER_GRAPH label=(unnamed) total_bytes=2000 total_MiB=0.00 n_tensors=1
MEMLEDGER_GRAPH_TOP label=(unnamed) rank=0 name=leaf_0 (view) (cont)                     type=f32      ne=[250,2,1,1] bytes=      2000 MiB=    0.00
MEMLEDGER_GRAPH label=(unnamed) total_bytes=2000 total_MiB=0.00 n_tensors=1
MEMLEDGER_GRAPH_TOP label=(unnamed) rank=0 name=leaf_0 (view) (cont)                     type=f32      ne=[250,2,1,1] bytes=      2000 MiB=    0.00
MEMLEDGER_GRAPH label=(unnamed) total_bytes=2000 total_MiB=0.00 n_tensors=1
MEMLEDGER_GRAPH_TOP label=(unnamed) rank=0 name=leaf_0 (view) (cont)                     type=f32      ne=[250,2,1,1] bytes=      2000 MiB=    0.00
MEMLEDGER_GRAPH label=(unnamed) total_bytes=2000 total_MiB=0.00 n_tensors=1
MEMLEDGER_GRAPH_TOP label=(unnamed) rank=0 name=leaf_0 (view) (cont)                     type=f32      ne=[250,2,1,1] bytes=      2000 MiB=    0.00
MEMLEDGER_GRAPH label=(unnamed) total_bytes=2000 total_MiB=0.00 n_tensors=1
MEMLEDGER_GRAPH_TOP label=(unnamed) rank=0 name=leaf_0 (view) (cont)                     type=f32      ne=[250,2,1,1] bytes=      2000 MiB=    0.00
MEMLEDGER_GRAPH label=(unnamed) total_bytes=2000 total_MiB=0.00 n_tensors=1
MEMLEDGER_GRAPH_TOP label=(unnamed) rank=0 name=leaf_0 (view) (cont)                     type=f32      ne=[250,2,1,1] bytes=      2000 MiB=    0.00
MEMLEDGER_GRAPH label=(unnamed) total_bytes=2000 total_MiB=0.00 n_tensors=1
MEMLEDGER_GRAPH_TOP label=(unnamed) rank=0 name=leaf_0 (view) (cont)                     type=f32      ne=[250,2,1,1] bytes=      2000 MiB=    0.00
MEMLEDGER_GRAPH label=(unnamed) total_bytes=2000 total_MiB=0.00 n_tensors=1
MEMLEDGER_GRAPH_TOP label=(unnamed) rank=0 name=leaf_0 (view) (cont)                     type=f32      ne=[250,2,1,1] bytes=      2000 MiB=    0.00
MEMLEDGER_GRAPH label=(unnamed) total_bytes=2000 total_MiB=0.00 n_tensors=1
MEMLEDGER_GRAPH_TOP label=(unnamed) rank=0 name=leaf_0 (view) (cont)                     type=f32      ne=[250,2,1,1] bytes=      2000 MiB=    0.00
MEMLEDGER_GRAPH label=(unnamed) total_bytes=2000 total_MiB=0.00 n_tensors=1
MEMLEDGER_GRAPH_TOP label=(unnamed) rank=0 name=leaf_0 (view) (cont)                     type=f32      ne=[250,2,1,1] bytes=      2000 MiB=    0.00
MEMLEDGER_GRAPH label=(unnamed) total_bytes=2000 total_MiB=0.00 n_tensors=1
MEMLEDGER_GRAPH_TOP label=(unnamed) rank=0 name=leaf_0 (view) (cont)                     type=f32      ne=[250,2,1,1] bytes=      2000 MiB=    0.00
MEMLEDGER_GRAPH label=(unnamed) total_bytes=2000 total_MiB=0.00 n_tensors=1
MEMLEDGER_GRAPH_TOP label=(unnamed) rank=0 name=leaf_0 (view) (cont)                     type=f32      ne=[250,2,1,1] bytes=      2000 MiB=    0.00
MEMLEDGER_GRAPH label=(unnamed) total_bytes=2000 total_MiB=0.00 n_tensors=1
MEMLEDGER_GRAPH_TOP label=(unnamed) rank=0 name=leaf_0 (view) (cont)                     type=f32      ne=[250,2,1,1] bytes=      2000 MiB=    0.00
MEMLEDGER_GRAPH label=(unnamed) total_bytes=2000 total_MiB=0.00 n_tensors=1
MEMLEDGER_GRAPH_TOP label=(unnamed) rank=0 name=leaf_0 (view) (cont)                     type=f32      ne=[250,2,1,1] bytes=      2000 MiB=    0.00
MEMLEDGER_GRAPH label=(unnamed) total_bytes=2000 total_MiB=0.00 n_tensors=1
MEMLEDGER_GRAPH_TOP label=(unnamed) rank=0 name=leaf_0 (view) (cont)                     type=f32      ne=[250,2,1,1] bytes=      2000 MiB=    0.00
MEMLEDGER_GRAPH label=(unnamed) total_bytes=2000 total_MiB=0.00 n_tensors=1
MEMLEDGER_GRAPH_TOP label=(unnamed) rank=0 name=leaf_0 (view) (cont)                     type=f32      ne=[250,2,1,1] bytes=      2000 MiB=    0.00
MEMLEDGER_GRAPH label=(unnamed) total_bytes=2000 total_MiB=0.00 n_tensors=1
MEMLEDGER_GRAPH_TOP label=(unnamed) rank=0 name=leaf_0 (view) (cont)                     type=f32      ne=[250,2,1,1] bytes=      2000 MiB=    0.00
MEMLEDGER_GRAPH label=(unnamed) total_bytes=2000 total_MiB=0.00 n_tensors=1
MEMLEDGER_GRAPH_TOP label=(unnamed) rank=0 name=leaf_0 (view) (cont)                     type=f32      ne=[250,2,1,1] bytes=      2000 MiB=    0.00
MEMLEDGER_GRAPH label=(unnamed) total_bytes=2000 total_MiB=0.00 n_tensors=1
MEMLEDGER_GRAPH_TOP label=(unnamed) rank=0 name=leaf_0 (view) (cont)                     type=f32      ne=[250,2,1,1] bytes=      2000 MiB=    0.00
MEMLEDGER_GRAPH label=(unnamed) total_bytes=2000 total_MiB=0.00 n_tensors=1
MEMLEDGER_GRAPH_TOP label=(unnamed) rank=0 name=leaf_0 (view) (cont)                     type=f32      ne=[250,2,1,1] bytes=      2000 MiB=    0.00
MEMLEDGER_GRAPH label=(unnamed) total_bytes=2000 total_MiB=0.00 n_tensors=1
MEMLEDGER_GRAPH_TOP label=(unnamed) rank=0 name=leaf_0 (view) (cont)                     type=f32      ne=[250,2,1,1] bytes=      2000 MiB=    0.00
MEMLEDGER_GRAPH label=(unnamed) total_bytes=2000 total_MiB=0.00 n_tensors=1
MEMLEDGER_GRAPH_TOP label=(unnamed) rank=0 name=leaf_0 (view) (cont)                     type=f32      ne=[250,2,1,1] bytes=      2000 MiB=    0.00
MEMLEDGER_GRAPH label=(unnamed) total_bytes=2000 total_MiB=0.00 n_tensors=1
MEMLEDGER_GRAPH_TOP label=(unnamed) rank=0 name=leaf_0 (view) (cont)                     type=f32      ne=[250,2,1,1] bytes=      2000 MiB=    0.00
MEMLEDGER event=after_kv_cache       name=(state_ctx_alloc_init_done)                                  type=-          payload_B=         0 alloc_B=  40035328 nbytes_B=         0 cuda_free_MiB=  44823 rss_MiB=    476
MEMLEDGER_GRAPH label=text_graph_onetime_full_forward_pass total_bytes=296668208 total_MiB=282.92 n_tensors=1607
MEMLEDGER_GRAPH_TOP label=text_graph_onetime_full_forward_pass rank=0 name= (view) (copy) (transposed) (cont)       type=f32      ne=[256,128,32,1] bytes=   4194304 MiB=    4.00
MEMLEDGER_GRAPH_TOP label=text_graph_onetime_full_forward_pass rank=1 name= (view) (copy)                           type=f32      ne=[128,256,32,1] bytes=   4194304 MiB=    4.00
MEMLEDGER_GRAPH_TOP label=text_graph_onetime_full_forward_pass rank=2 name= (view) (copy) (transposed) (cont)       type=f32      ne=[256,128,32,1] bytes=   4194304 MiB=    4.00
MEMLEDGER_GRAPH_TOP label=text_graph_onetime_full_forward_pass rank=3 name= (view) (copy) (transposed) (cont)       type=f32      ne=[256,128,32,1] bytes=   4194304 MiB=    4.00
MEMLEDGER_GRAPH_TOP label=text_graph_onetime_full_forward_pass rank=4 name= (view) (copy)                           type=f32      ne=[128,256,32,1] bytes=   4194304 MiB=    4.00
MEMLEDGER_GRAPH_TOP label=text_graph_onetime_full_forward_pass rank=5 name= (view) (copy) (transposed) (cont)       type=f32      ne=[256,128,32,1] bytes=   4194304 MiB=    4.00
MEMLEDGER_GRAPH_TOP label=text_graph_onetime_full_forward_pass rank=6 name= (view) (copy)                           type=f32      ne=[128,256,32,1] bytes=   4194304 MiB=    4.00
MEMLEDGER_GRAPH_TOP label=text_graph_onetime_full_forward_pass rank=7 name= (view) (copy) (transposed) (cont)       type=f32      ne=[256,128,32,1] bytes=   4194304 MiB=    4.00
MEMLEDGER_GRAPH_TOP label=text_graph_onetime_full_forward_pass rank=8 name= (view) (copy) (transposed) (cont)       type=f32      ne=[256,128,32,1] bytes=   4194304 MiB=    4.00
MEMLEDGER_GRAPH_TOP label=text_graph_onetime_full_forward_pass rank=9 name= (view) (copy)                           type=f32      ne=[128,256,32,1] bytes=   4194304 MiB=    4.00
MEMLEDGER_GRAPH label=text total_bytes=1024 total_MiB=0.00 n_tensors=1
MEMLEDGER_GRAPH_TOP label=text rank=0 name= (view) (cont)                           type=f32      ne=[256,1,1,1] bytes=      1024 MiB=    0.00
MEMLEDGER_GRAPH label=(unnamed) total_bytes=21138696 total_MiB=20.16 n_tensors=3060
MEMLEDGER_GRAPH_TOP label=(unnamed) rank=0 name=leaf_28 (view) (copy) (transposed) (cont) type=f32      ne=[8,64,16,1] bytes=     32768 MiB=    0.03
MEMLEDGER_GRAPH_TOP label=(unnamed) rank=1 name=leaf_28 (view) (copy)                    type=f32      ne=[64,8,16,1] bytes=     32768 MiB=    0.03
MEMLEDGER_GRAPH_TOP label=(unnamed) rank=2 name=leaf_52 (view) (copy) (transposed) (cont) type=f32      ne=[8,64,16,1] bytes=     32768 MiB=    0.03
MEMLEDGER_GRAPH_TOP label=(unnamed) rank=3 name= (view) (copy)                           type=f32      ne=[64,8,16,1] bytes=     32768 MiB=    0.03
MEMLEDGER_GRAPH_TOP label=(unnamed) rank=4 name=leaf_52 (view) (copy) (transposed) (cont) type=f32      ne=[8,64,16,1] bytes=     32768 MiB=    0.03
MEMLEDGER_GRAPH_TOP label=(unnamed) rank=5 name= (view) (copy) (transposed) (cont)       type=f32      ne=[8,64,16,1] bytes=     32768 MiB=    0.03
MEMLEDGER_GRAPH_TOP label=(unnamed) rank=6 name=leaf_52 (view) (copy)                    type=f32      ne=[64,8,16,1] bytes=     32768 MiB=    0.03
MEMLEDGER_GRAPH_TOP label=(unnamed) rank=7 name=leaf_44 (view) (copy) (transposed) (cont) type=f32      ne=[8,64,16,1] bytes=     32768 MiB=    0.03
MEMLEDGER_GRAPH_TOP label=(unnamed) rank=8 name=leaf_44 (view) (copy)                    type=f32      ne=[64,8,16,1] bytes=     32768 MiB=    0.03
MEMLEDGER_GRAPH_TOP label=(unnamed) rank=9 name=leaf_11 (view) (copy)                    type=f32      ne=[64,8,16,1] bytes=     32768 MiB=    0.03
MEMLEDGER_GRAPH label=(unnamed) total_bytes=1024 total_MiB=0.00 n_tensors=1
MEMLEDGER_GRAPH_TOP label=(unnamed) rank=0 name=leaf_0 (view) (cont)                     type=f32      ne=[256,1,1,1] bytes=      1024 MiB=    0.00
MEMLEDGER_GRAPH label=(unnamed) total_bytes=1024 total_MiB=0.00 n_tensors=1
MEMLEDGER_GRAPH_TOP label=(unnamed) rank=0 name=leaf_0 (view) (cont)                     type=f32      ne=[256,1,1,1] bytes=      1024 MiB=    0.00
MEMLEDGER_GRAPH label=(unnamed) total_bytes=1024 total_MiB=0.00 n_tensors=1
MEMLEDGER_GRAPH_TOP label=(unnamed) rank=0 name=leaf_0 (view) (cont)                     type=f32      ne=[256,1,1,1] bytes=      1024 MiB=    0.00
MEMLEDGER_GRAPH label=(unnamed) total_bytes=1024 total_MiB=0.00 n_tensors=1
MEMLEDGER_GRAPH_TOP label=(unnamed) rank=0 name=leaf_0 (view) (cont)                     type=f32      ne=[256,1,1,1] bytes=      1024 MiB=    0.00
MEMLEDGER_GRAPH label=(unnamed) total_bytes=1024 total_MiB=0.00 n_tensors=1
MEMLEDGER_GRAPH_TOP label=(unnamed) rank=0 name=leaf_0 (view) (cont)                     type=f32      ne=[256,1,1,1] bytes=      1024 MiB=    0.00
MEMLEDGER_GRAPH label=(unnamed) total_bytes=1024 total_MiB=0.00 n_tensors=1
MEMLEDGER_GRAPH_TOP label=(unnamed) rank=0 name=leaf_0 (view) (cont)                     type=f32      ne=[256,1,1,1] bytes=      1024 MiB=    0.00
MEMLEDGER_GRAPH label=(unnamed) total_bytes=1024 total_MiB=0.00 n_tensors=1
MEMLEDGER_GRAPH_TOP label=(unnamed) rank=0 name=leaf_0 (view) (cont)                     type=f32      ne=[256,1,1,1] bytes=      1024 MiB=    0.00
MEMLEDGER_GRAPH label=(unnamed) total_bytes=1024 total_MiB=0.00 n_tensors=1
MEMLEDGER_GRAPH_TOP label=(unnamed) rank=0 name=leaf_0 (view) (cont)                     type=f32      ne=[256,1,1,1] bytes=      1024 MiB=    0.00
MEMLEDGER_GRAPH label=(unnamed) total_bytes=1024 total_MiB=0.00 n_tensors=1
MEMLEDGER_GRAPH_TOP label=(unnamed) rank=0 name=leaf_0 (view) (cont)                     type=f32      ne=[256,1,1,1] bytes=      1024 MiB=    0.00
MEMLEDGER_GRAPH label=(unnamed) total_bytes=1024 total_MiB=0.00 n_tensors=1
MEMLEDGER_GRAPH_TOP label=(unnamed) rank=0 name=leaf_0 (view) (cont)                     type=f32      ne=[256,1,1,1] bytes=      1024 MiB=    0.00
MEMLEDGER_GRAPH label=(unnamed) total_bytes=1024 total_MiB=0.00 n_tensors=1
MEMLEDGER_GRAPH_TOP label=(unnamed) rank=0 name=leaf_0 (view) (cont)                     type=f32      ne=[256,1,1,1] bytes=      1024 MiB=    0.00
MEMLEDGER_GRAPH label=(unnamed) total_bytes=1024 total_MiB=0.00 n_tensors=1
MEMLEDGER_GRAPH_TOP label=(unnamed) rank=0 name=leaf_0 (view) (cont)                     type=f32      ne=[256,1,1,1] bytes=      1024 MiB=    0.00
MEMLEDGER_GRAPH label=(unnamed) total_bytes=1024 total_MiB=0.00 n_tensors=1
MEMLEDGER_GRAPH_TOP label=(unnamed) rank=0 name=leaf_0 (view) (cont)                     type=f32      ne=[256,1,1,1] bytes=      1024 MiB=    0.00
MEMLEDGER_GRAPH label=(unnamed) total_bytes=1024 total_MiB=0.00 n_tensors=1
MEMLEDGER_GRAPH_TOP label=(unnamed) rank=0 name=leaf_0 (view) (cont)                     type=f32      ne=[256,1,1,1] bytes=      1024 MiB=    0.00
MEMLEDGER_GRAPH label=(unnamed) total_bytes=1024 total_MiB=0.00 n_tensors=1
MEMLEDGER_GRAPH_TOP label=(unnamed) rank=0 name=leaf_0 (view) (cont)                     type=f32      ne=[256,1,1,1] bytes=      1024 MiB=    0.00
MEMLEDGER_GRAPH label=(unnamed) total_bytes=1024 total_MiB=0.00 n_tensors=1
MEMLEDGER_GRAPH_TOP label=(unnamed) rank=0 name=leaf_0 (view) (cont)                     type=f32      ne=[256,1,1,1] bytes=      1024 MiB=    0.00
MEMLEDGER_GRAPH label=(unnamed) total_bytes=1024 total_MiB=0.00 n_tensors=1
MEMLEDGER_GRAPH_TOP label=(unnamed) rank=0 name=leaf_0 (view) (cont)                     type=f32      ne=[256,1,1,1] bytes=      1024 MiB=    0.00
MEMLEDGER_GRAPH label=(unnamed) total_bytes=1024 total_MiB=0.00 n_tensors=1
MEMLEDGER_GRAPH_TOP label=(unnamed) rank=0 name=leaf_0 (view) (cont)                     type=f32      ne=[256,1,1,1] bytes=      1024 MiB=    0.00
MEMLEDGER_GRAPH label=(unnamed) total_bytes=1024 total_MiB=0.00 n_tensors=1
MEMLEDGER_GRAPH_TOP label=(unnamed) rank=0 name=leaf_0 (view) (cont)                     type=f32      ne=[256,1,1,1] bytes=      1024 MiB=    0.00
MEMLEDGER_GRAPH label=(unnamed) total_bytes=1024 total_MiB=0.00 n_tensors=1
MEMLEDGER_GRAPH_TOP label=(unnamed) rank=0 name=leaf_0 (view) (cont)                     type=f32      ne=[256,1,1,1] bytes=      1024 MiB=    0.00
MEMLEDGER_GRAPH label=(unnamed) total_bytes=1024 total_MiB=0.00 n_tensors=1
MEMLEDGER_GRAPH_TOP label=(unnamed) rank=0 name=leaf_0 (view) (cont)                     type=f32      ne=[256,1,1,1] bytes=      1024 MiB=    0.00
MEMLEDGER_GRAPH label=(unnamed) total_bytes=1024 total_MiB=0.00 n_tensors=1
MEMLEDGER_GRAPH_TOP label=(unnamed) rank=0 name=leaf_0 (view) (cont)                     type=f32      ne=[256,1,1,1] bytes=      1024 MiB=    0.00
MEMLEDGER_GRAPH label=(unnamed) total_bytes=1024 total_MiB=0.00 n_tensors=1
MEMLEDGER_GRAPH_TOP label=(unnamed) rank=0 name=leaf_0 (view) (cont)                     type=f32      ne=[256,1,1,1] bytes=      1024 MiB=    0.00
MEMLEDGER_GRAPH label=(unnamed) total_bytes=1024 total_MiB=0.00 n_tensors=1
MEMLEDGER_GRAPH_TOP label=(unnamed) rank=0 name=leaf_0 (view) (cont)                     type=f32      ne=[256,1,1,1] bytes=      1024 MiB=    0.00
MEMLEDGER_GRAPH label=(unnamed) total_bytes=1024 total_MiB=0.00 n_tensors=1
MEMLEDGER_GRAPH_TOP label=(unnamed) rank=0 name=leaf_0 (view) (cont)                     type=f32      ne=[256,1,1,1] bytes=      1024 MiB=    0.00
MEMLEDGER_GRAPH label=(unnamed) total_bytes=1024 total_MiB=0.00 n_tensors=1
MEMLEDGER_GRAPH_TOP label=(unnamed) rank=0 name=leaf_0 (view) (cont)                     type=f32      ne=[256,1,1,1] bytes=      1024 MiB=    0.00
MEMLEDGER_GRAPH label=(unnamed) total_bytes=1024 total_MiB=0.00 n_tensors=1
MEMLEDGER_GRAPH_TOP label=(unnamed) rank=0 name=leaf_0 (view) (cont)                     type=f32      ne=[256,1,1,1] bytes=      1024 MiB=    0.00
MEMLEDGER_GRAPH label=(unnamed) total_bytes=1024 total_MiB=0.00 n_tensors=1
MEMLEDGER_GRAPH_TOP label=(unnamed) rank=0 name=leaf_0 (view) (cont)                     type=f32      ne=[256,1,1,1] bytes=      1024 MiB=    0.00
MEMLEDGER_GRAPH label=(unnamed) total_bytes=1024 total_MiB=0.00 n_tensors=1
MEMLEDGER_GRAPH_TOP label=(unnamed) rank=0 name=leaf_0 (view) (cont)                     type=f32      ne=[256,1,1,1] bytes=      1024 MiB=    0.00
MEMLEDGER_GRAPH label=(unnamed) total_bytes=1024 total_MiB=0.00 n_tensors=1
MEMLEDGER_GRAPH_TOP label=(unnamed) rank=0 name=leaf_0 (view) (cont)                     type=f32      ne=[256,1,1,1] bytes=      1024 MiB=    0.00
MEMLEDGER_GRAPH label=(unnamed) total_bytes=1024 total_MiB=0.00 n_tensors=1
MEMLEDGER_GRAPH_TOP label=(unnamed) rank=0 name=leaf_0 (view) (cont)                     type=f32      ne=[256,1,1,1] bytes=      1024 MiB=    0.00
MEMLEDGER_GRAPH label=text_32 total_bytes=1024 total_MiB=0.00 n_tensors=1
MEMLEDGER_GRAPH_TOP label=text_32 rank=0 name=leaf_0 (view) (cont)                     type=f32      ne=[256,1,1,1] bytes=      1024 MiB=    0.00
MEMLEDGER_GRAPH label=(unnamed) total_bytes=1024 total_MiB=0.00 n_tensors=1
MEMLEDGER_GRAPH_TOP label=(unnamed) rank=0 name=leaf_0 (view) (cont)                     type=f32      ne=[256,1,1,1] bytes=      1024 MiB=    0.00
MEMLEDGER_GRAPH label=(unnamed) total_bytes=1024 total_MiB=0.00 n_tensors=1
MEMLEDGER_GRAPH_TOP label=(unnamed) rank=0 name=leaf_0 (view) (cont)                     type=f32      ne=[256,1,1,1] bytes=      1024 MiB=    0.00
MEMLEDGER_GRAPH label=(unnamed) total_bytes=1024 total_MiB=0.00 n_tensors=1
MEMLEDGER_GRAPH_TOP label=(unnamed) rank=0 name=leaf_0 (view) (cont)                     type=f32      ne=[256,1,1,1] bytes=      1024 MiB=    0.00
MEMLEDGER_GRAPH label=(unnamed) total_bytes=1024 total_MiB=0.00 n_tensors=1
MEMLEDGER_GRAPH_TOP label=(unnamed) rank=0 name=leaf_0 (view) (cont)                     type=f32      ne=[256,1,1,1] bytes=      1024 MiB=    0.00
MEMLEDGER_GRAPH label=(unnamed) total_bytes=1024 total_MiB=0.00 n_tensors=1
MEMLEDGER_GRAPH_TOP label=(unnamed) rank=0 name=leaf_0 (view) (cont)                     type=f32      ne=[256,1,1,1] bytes=      1024 MiB=    0.00
MEMLEDGER_GRAPH label=(unnamed) total_bytes=1024 total_MiB=0.00 n_tensors=1
MEMLEDGER_GRAPH_TOP label=(unnamed) rank=0 name=leaf_0 (view) (cont)                     type=f32      ne=[256,1,1,1] bytes=      1024 MiB=    0.00
MEMLEDGER_GRAPH label=(unnamed) total_bytes=1024 total_MiB=0.00 n_tensors=1
MEMLEDGER_GRAPH_TOP label=(unnamed) rank=0 name=leaf_0 (view) (cont)                     type=f32      ne=[256,1,1,1] bytes=      1024 MiB=    0.00
MEMLEDGER_GRAPH label=(unnamed) total_bytes=1024 total_MiB=0.00 n_tensors=1
MEMLEDGER_GRAPH_TOP label=(unnamed) rank=0 name=leaf_0 (view) (cont)                     type=f32      ne=[256,1,1,1] bytes=      1024 MiB=    0.00
MEMLEDGER_GRAPH label=(unnamed) total_bytes=1024 total_MiB=0.00 n_tensors=1
MEMLEDGER_GRAPH_TOP label=(unnamed) rank=0 name=leaf_0 (view) (cont)                     type=f32      ne=[256,1,1,1] bytes=      1024 MiB=    0.00
MEMLEDGER_GRAPH label=(unnamed) total_bytes=1024 total_MiB=0.00 n_tensors=1
MEMLEDGER_GRAPH_TOP label=(unnamed) rank=0 name=leaf_0 (view) (cont)                     type=f32      ne=[256,1,1,1] bytes=      1024 MiB=    0.00
MEMLEDGER_GRAPH label=(unnamed) total_bytes=1024 total_MiB=0.00 n_tensors=1
MEMLEDGER_GRAPH_TOP label=(unnamed) rank=0 name=leaf_0 (view) (cont)                     type=f32      ne=[256,1,1,1] bytes=      1024 MiB=    0.00
MEMLEDGER_GRAPH label=(unnamed) total_bytes=1024 total_MiB=0.00 n_tensors=1
MEMLEDGER_GRAPH_TOP label=(unnamed) rank=0 name=leaf_0 (view) (cont)                     type=f32      ne=[256,1,1,1] bytes=      1024 MiB=    0.00
MEMLEDGER_GRAPH label=(unnamed) total_bytes=1024 total_MiB=0.00 n_tensors=1
MEMLEDGER_GRAPH_TOP label=(unnamed) rank=0 name=leaf_0 (view) (cont)                     type=f32      ne=[256,1,1,1] bytes=      1024 MiB=    0.00
MEMLEDGER_GRAPH label=(unnamed) total_bytes=1024 total_MiB=0.00 n_tensors=1
MEMLEDGER_GRAPH_TOP label=(unnamed) rank=0 name=leaf_0 (view) (cont)                     type=f32      ne=[256,1,1,1] bytes=      1024 MiB=    0.00
MEMLEDGER_GRAPH label=(unnamed) total_bytes=1024 total_MiB=0.00 n_tensors=1
MEMLEDGER_GRAPH_TOP label=(unnamed) rank=0 name=leaf_0 (view) (cont)                     type=f32      ne=[256,1,1,1] bytes=      1024 MiB=    0.00
MEMLEDGER_GRAPH label=(unnamed) total_bytes=1024 total_MiB=0.00 n_tensors=1
MEMLEDGER_GRAPH_TOP label=(unnamed) rank=0 name=leaf_0 (view) (cont)                     type=f32      ne=[256,1,1,1] bytes=      1024 MiB=    0.00
MEMLEDGER_GRAPH label=(unnamed) total_bytes=1024 total_MiB=0.00 n_tensors=1
MEMLEDGER_GRAPH_TOP label=(unnamed) rank=0 name=leaf_0 (view) (cont)                     type=f32      ne=[256,1,1,1] bytes=      1024 MiB=    0.00
MEMLEDGER_GRAPH label=(unnamed) total_bytes=1024 total_MiB=0.00 n_tensors=1
MEMLEDGER_GRAPH_TOP label=(unnamed) rank=0 name=leaf_0 (view) (cont)                     type=f32      ne=[256,1,1,1] bytes=      1024 MiB=    0.00
MEMLEDGER_GRAPH label=(unnamed) total_bytes=1024 total_MiB=0.00 n_tensors=1
MEMLEDGER_GRAPH_TOP label=(unnamed) rank=0 name=leaf_0 (view) (cont)                     type=f32      ne=[256,1,1,1] bytes=      1024 MiB=    0.00
MEMLEDGER_GRAPH label=(unnamed) total_bytes=1024 total_MiB=0.00 n_tensors=1
MEMLEDGER_GRAPH_TOP label=(unnamed) rank=0 name=leaf_0 (view) (cont)                     type=f32      ne=[256,1,1,1] bytes=      1024 MiB=    0.00
MEMLEDGER_GRAPH label=(unnamed) total_bytes=1024 total_MiB=0.00 n_tensors=1
MEMLEDGER_GRAPH_TOP label=(unnamed) rank=0 name=leaf_0 (view) (cont)                     type=f32      ne=[256,1,1,1] bytes=      1024 MiB=    0.00
MEMLEDGER_GRAPH label=(unnamed) total_bytes=1024 total_MiB=0.00 n_tensors=1
MEMLEDGER_GRAPH_TOP label=(unnamed) rank=0 name=leaf_0 (view) (cont)                     type=f32      ne=[256,1,1,1] bytes=      1024 MiB=    0.00
MEMLEDGER_GRAPH label=(unnamed) total_bytes=1024 total_MiB=0.00 n_tensors=1
MEMLEDGER_GRAPH_TOP label=(unnamed) rank=0 name=leaf_0 (view) (cont)                     type=f32      ne=[256,1,1,1] bytes=      1024 MiB=    0.00
MEMLEDGER_GRAPH label=(unnamed) total_bytes=1024 total_MiB=0.00 n_tensors=1
MEMLEDGER_GRAPH_TOP label=(unnamed) rank=0 name=leaf_0 (view) (cont)                     type=f32      ne=[256,1,1,1] bytes=      1024 MiB=    0.00
MEMLEDGER_GRAPH label=(unnamed) total_bytes=1024 total_MiB=0.00 n_tensors=1
MEMLEDGER_GRAPH_TOP label=(unnamed) rank=0 name=leaf_0 (view) (cont)                     type=f32      ne=[256,1,1,1] bytes=      1024 MiB=    0.00
MEMLEDGER_GRAPH label=(unnamed) total_bytes=1024 total_MiB=0.00 n_tensors=1
MEMLEDGER_GRAPH_TOP label=(unnamed) rank=0 name=leaf_0 (view) (cont)                     type=f32      ne=[256,1,1,1] bytes=      1024 MiB=    0.00
MEMLEDGER_GRAPH label=(unnamed) total_bytes=1024 total_MiB=0.00 n_tensors=1
MEMLEDGER_GRAPH_TOP label=(unnamed) rank=0 name=leaf_0 (view) (cont)                     type=f32      ne=[256,1,1,1] bytes=      1024 MiB=    0.00
MEMLEDGER_GRAPH label=(unnamed) total_bytes=1024 total_MiB=0.00 n_tensors=1
MEMLEDGER_GRAPH_TOP label=(unnamed) rank=0 name=leaf_0 (view) (cont)                     type=f32      ne=[256,1,1,1] bytes=      1024 MiB=    0.00
MEMLEDGER_GRAPH label=(unnamed) total_bytes=1024 total_MiB=0.00 n_tensors=1
MEMLEDGER_GRAPH_TOP label=(unnamed) rank=0 name=leaf_0 (view) (cont)                     type=f32      ne=[256,1,1,1] bytes=      1024 MiB=    0.00
MEMLEDGER_GRAPH label=(unnamed) total_bytes=1024 total_MiB=0.00 n_tensors=1
MEMLEDGER_GRAPH_TOP label=(unnamed) rank=0 name=leaf_0 (view) (cont)                     type=f32      ne=[256,1,1,1] bytes=      1024 MiB=    0.00
MEMLEDGER_GRAPH label=(unnamed) total_bytes=1024 total_MiB=0.00 n_tensors=1
MEMLEDGER_GRAPH_TOP label=(unnamed) rank=0 name=leaf_0 (view) (cont)                     type=f32      ne=[256,1,1,1] bytes=      1024 MiB=    0.00
MEMLEDGER_GRAPH label=(unnamed) total_bytes=1024 total_MiB=0.00 n_tensors=1
MEMLEDGER_GRAPH_TOP label=(unnamed) rank=0 name=leaf_0 (view) (cont)                     type=f32      ne=[256,1,1,1] bytes=      1024 MiB=    0.00
MEMLEDGER_GRAPH label=(unnamed) total_bytes=1024 total_MiB=0.00 n_tensors=1
MEMLEDGER_GRAPH_TOP label=(unnamed) rank=0 name=leaf_0 (view) (cont)                     type=f32      ne=[256,1,1,1] bytes=      1024 MiB=    0.00
MEMLEDGER_GRAPH label=(unnamed) total_bytes=1024 total_MiB=0.00 n_tensors=1
MEMLEDGER_GRAPH_TOP label=(unnamed) rank=0 name=leaf_0 (view) (cont)                     type=f32      ne=[256,1,1,1] bytes=      1024 MiB=    0.00
MEMLEDGER_GRAPH label=(unnamed) total_bytes=1024 total_MiB=0.00 n_tensors=1
MEMLEDGER_GRAPH_TOP label=(unnamed) rank=0 name=leaf_0 (view) (cont)                     type=f32      ne=[256,1,1,1] bytes=      1024 MiB=    0.00
MEMLEDGER_GRAPH label=(unnamed) total_bytes=1024 total_MiB=0.00 n_tensors=1
MEMLEDGER_GRAPH_TOP label=(unnamed) rank=0 name=leaf_0 (view) (cont)                     type=f32      ne=[256,1,1,1] bytes=      1024 MiB=    0.00
MEMLEDGER_GRAPH label=(unnamed) total_bytes=1024 total_MiB=0.00 n_tensors=1
MEMLEDGER_GRAPH_TOP label=(unnamed) rank=0 name=leaf_0 (view) (cont)                     type=f32      ne=[256,1,1,1] bytes=      1024 MiB=    0.00
MEMLEDGER_GRAPH label=(unnamed) total_bytes=1024 total_MiB=0.00 n_tensors=1
MEMLEDGER_GRAPH_TOP label=(unnamed) rank=0 name=leaf_0 (view) (cont)                     type=f32      ne=[256,1,1,1] bytes=      1024 MiB=    0.00
MEMLEDGER_GRAPH label=(unnamed) total_bytes=1024 total_MiB=0.00 n_tensors=1
MEMLEDGER_GRAPH_TOP label=(unnamed) rank=0 name=leaf_0 (view) (cont)                     type=f32      ne=[256,1,1,1] bytes=      1024 MiB=    0.00
MEMLEDGER_GRAPH label=(unnamed) total_bytes=1024 total_MiB=0.00 n_tensors=1
MEMLEDGER_GRAPH_TOP label=(unnamed) rank=0 name=leaf_0 (view) (cont)                     type=f32      ne=[256,1,1,1] bytes=      1024 MiB=    0.00
MEMLEDGER_GRAPH label=(unnamed) total_bytes=1024 total_MiB=0.00 n_tensors=1
MEMLEDGER_GRAPH_TOP label=(unnamed) rank=0 name=leaf_0 (view) (cont)                     type=f32      ne=[256,1,1,1] bytes=      1024 MiB=    0.00
MEMLEDGER_GRAPH label=(unnamed) total_bytes=1024 total_MiB=0.00 n_tensors=1
MEMLEDGER_GRAPH_TOP label=(unnamed) rank=0 name=leaf_0 (view) (cont)                     type=f32      ne=[256,1,1,1] bytes=      1024 MiB=    0.00
MEMLEDGER_GRAPH label=(unnamed) total_bytes=1024 total_MiB=0.00 n_tensors=1
MEMLEDGER_GRAPH_TOP label=(unnamed) rank=0 name=leaf_0 (view) (cont)                     type=f32      ne=[256,1,1,1] bytes=      1024 MiB=    0.00
MEMLEDGER_GRAPH label=(unnamed) total_bytes=1024 total_MiB=0.00 n_tensors=1
MEMLEDGER_GRAPH_TOP label=(unnamed) rank=0 name=leaf_0 (view) (cont)                     type=f32      ne=[256,1,1,1] bytes=      1024 MiB=    0.00
MEMLEDGER_GRAPH label=(unnamed) total_bytes=1024 total_MiB=0.00 n_tensors=1
MEMLEDGER_GRAPH_TOP label=(unnamed) rank=0 name=leaf_0 (view) (cont)                     type=f32      ne=[256,1,1,1] bytes=      1024 MiB=    0.00
MEMLEDGER_GRAPH label=(unnamed) total_bytes=1024 total_MiB=0.00 n_tensors=1
MEMLEDGER_GRAPH_TOP label=(unnamed) rank=0 name=leaf_0 (view) (cont)                     type=f32      ne=[256,1,1,1] bytes=      1024 MiB=    0.00
MEMLEDGER_GRAPH label=(unnamed) total_bytes=1024 total_MiB=0.00 n_tensors=1
MEMLEDGER_GRAPH_TOP label=(unnamed) rank=0 name=leaf_0 (view) (cont)                     type=f32      ne=[256,1,1,1] bytes=      1024 MiB=    0.00
MEMLEDGER_GRAPH label=(unnamed) total_bytes=1024 total_MiB=0.00 n_tensors=1
MEMLEDGER_GRAPH_TOP label=(unnamed) rank=0 name=leaf_0 (view) (cont)                     type=f32      ne=[256,1,1,1] bytes=      1024 MiB=    0.00
MEMLEDGER_GRAPH label=(unnamed) total_bytes=1024 total_MiB=0.00 n_tensors=1
MEMLEDGER_GRAPH_TOP label=(unnamed) rank=0 name=leaf_0 (view) (cont)                     type=f32      ne=[256,1,1,1] bytes=      1024 MiB=    0.00
MEMLEDGER_GRAPH label=(unnamed) total_bytes=1024 total_MiB=0.00 n_tensors=1
MEMLEDGER_GRAPH_TOP label=(unnamed) rank=0 name=leaf_0 (view) (cont)                     type=f32      ne=[256,1,1,1] bytes=      1024 MiB=    0.00
MEMLEDGER_GRAPH label=(unnamed) total_bytes=1024 total_MiB=0.00 n_tensors=1
MEMLEDGER_GRAPH_TOP label=(unnamed) rank=0 name=leaf_0 (view) (cont)                     type=f32      ne=[256,1,1,1] bytes=      1024 MiB=    0.00
MEMLEDGER_GRAPH label=(unnamed) total_bytes=1024 total_MiB=0.00 n_tensors=1
MEMLEDGER_GRAPH_TOP label=(unnamed) rank=0 name=leaf_0 (view) (cont)                     type=f32      ne=[256,1,1,1] bytes=      1024 MiB=    0.00
MEMLEDGER_GRAPH label=(unnamed) total_bytes=1024 total_MiB=0.00 n_tensors=1
MEMLEDGER_GRAPH_TOP label=(unnamed) rank=0 name=leaf_0 (view) (cont)                     type=f32      ne=[256,1,1,1] bytes=      1024 MiB=    0.00
MEMLEDGER_GRAPH label=(unnamed) total_bytes=1024 total_MiB=0.00 n_tensors=1
MEMLEDGER_GRAPH_TOP label=(unnamed) rank=0 name=leaf_0 (view) (cont)                     type=f32      ne=[256,1,1,1] bytes=      1024 MiB=    0.00
MEMLEDGER_GRAPH label=(unnamed) total_bytes=1024 total_MiB=0.00 n_tensors=1
MEMLEDGER_GRAPH_TOP label=(unnamed) rank=0 name=leaf_0 (view) (cont)                     type=f32      ne=[256,1,1,1] bytes=      1024 MiB=    0.00
MEMLEDGER_GRAPH label=(unnamed) total_bytes=1024 total_MiB=0.00 n_tensors=1
MEMLEDGER_GRAPH_TOP label=(unnamed) rank=0 name=leaf_0 (view) (cont)                     type=f32      ne=[256,1,1,1] bytes=      1024 MiB=    0.00
MEMLEDGER_GRAPH label=(unnamed) total_bytes=1024 total_MiB=0.00 n_tensors=1
MEMLEDGER_GRAPH_TOP label=(unnamed) rank=0 name=leaf_0 (view) (cont)                     type=f32      ne=[256,1,1,1] bytes=      1024 MiB=    0.00
MEMLEDGER_GRAPH label=(unnamed) total_bytes=1024 total_MiB=0.00 n_tensors=1
MEMLEDGER_GRAPH_TOP label=(unnamed) rank=0 name=leaf_0 (view) (cont)                     type=f32      ne=[256,1,1,1] bytes=      1024 MiB=    0.00
MEMLEDGER_GRAPH label=(unnamed) total_bytes=1024 total_MiB=0.00 n_tensors=1
MEMLEDGER_GRAPH_TOP label=(unnamed) rank=0 name=leaf_0 (view) (cont)                     type=f32      ne=[256,1,1,1] bytes=      1024 MiB=    0.00
MEMLEDGER_GRAPH label=(unnamed) total_bytes=1024 total_MiB=0.00 n_tensors=1
MEMLEDGER_GRAPH_TOP label=(unnamed) rank=0 name=leaf_0 (view) (cont)                     type=f32      ne=[256,1,1,1] bytes=      1024 MiB=    0.00
MEMLEDGER_GRAPH label=(unnamed) total_bytes=1024 total_MiB=0.00 n_tensors=1
MEMLEDGER_GRAPH_TOP label=(unnamed) rank=0 name=leaf_0 (view) (cont)                     type=f32      ne=[256,1,1,1] bytes=      1024 MiB=    0.00
MEMLEDGER_GRAPH label=(unnamed) total_bytes=1024 total_MiB=0.00 n_tensors=1
MEMLEDGER_GRAPH_TOP label=(unnamed) rank=0 name=leaf_0 (view) (cont)                     type=f32      ne=[256,1,1,1] bytes=      1024 MiB=    0.00
MEMLEDGER_GRAPH label=(unnamed) total_bytes=1024 total_MiB=0.00 n_tensors=1
MEMLEDGER_GRAPH_TOP label=(unnamed) rank=0 name=leaf_0 (view) (cont)                     type=f32      ne=[256,1,1,1] bytes=      1024 MiB=    0.00
MEMLEDGER_GRAPH label=(unnamed) total_bytes=1024 total_MiB=0.00 n_tensors=1
MEMLEDGER_GRAPH_TOP label=(unnamed) rank=0 name=leaf_0 (view) (cont)                     type=f32      ne=[256,1,1,1] bytes=      1024 MiB=    0.00
MEMLEDGER_GRAPH label=(unnamed) total_bytes=1024 total_MiB=0.00 n_tensors=1
MEMLEDGER_GRAPH_TOP label=(unnamed) rank=0 name=leaf_0 (view) (cont)                     type=f32      ne=[256,1,1,1] bytes=      1024 MiB=    0.00
MEMLEDGER_GRAPH label=(unnamed) total_bytes=1024 total_MiB=0.00 n_tensors=1
MEMLEDGER_GRAPH_TOP label=(unnamed) rank=0 name=leaf_0 (view) (cont)                     type=f32      ne=[256,1,1,1] bytes=      1024 MiB=    0.00
MEMLEDGER_GRAPH label=(unnamed) total_bytes=1024 total_MiB=0.00 n_tensors=1
MEMLEDGER_GRAPH_TOP label=(unnamed) rank=0 name=leaf_0 (view) (cont)                     type=f32      ne=[256,1,1,1] bytes=      1024 MiB=    0.00
MEMLEDGER_GRAPH label=(unnamed) total_bytes=1024 total_MiB=0.00 n_tensors=1
MEMLEDGER_GRAPH_TOP label=(unnamed) rank=0 name=leaf_0 (view) (cont)                     type=f32      ne=[256,1,1,1] bytes=      1024 MiB=    0.00
MEMLEDGER_GRAPH label=(unnamed) total_bytes=1024 total_MiB=0.00 n_tensors=1
MEMLEDGER_GRAPH_TOP label=(unnamed) rank=0 name=leaf_0 (view) (cont)                     type=f32      ne=[256,1,1,1] bytes=      1024 MiB=    0.00
MEMLEDGER_GRAPH label=(unnamed) total_bytes=1024 total_MiB=0.00 n_tensors=1
MEMLEDGER_GRAPH_TOP label=(unnamed) rank=0 name=leaf_0 (view) (cont)                     type=f32      ne=[256,1,1,1] bytes=      1024 MiB=    0.00
MEMLEDGER_GRAPH label=(unnamed) total_bytes=1024 total_MiB=0.00 n_tensors=1
MEMLEDGER_GRAPH_TOP label=(unnamed) rank=0 name=leaf_0 (view) (cont)                     type=f32      ne=[256,1,1,1] bytes=      1024 MiB=    0.00
MEMLEDGER_GRAPH label=(unnamed) total_bytes=1024 total_MiB=0.00 n_tensors=1
MEMLEDGER_GRAPH_TOP label=(unnamed) rank=0 name=leaf_0 (view) (cont)                     type=f32      ne=[256,1,1,1] bytes=      1024 MiB=    0.00
MEMLEDGER_GRAPH label=(unnamed) total_bytes=1024 total_MiB=0.00 n_tensors=1
MEMLEDGER_GRAPH_TOP label=(unnamed) rank=0 name=leaf_0 (view) (cont)                     type=f32      ne=[256,1,1,1] bytes=      1024 MiB=    0.00
MEMLEDGER_GRAPH label=(unnamed) total_bytes=1024 total_MiB=0.00 n_tensors=1
MEMLEDGER_GRAPH_TOP label=(unnamed) rank=0 name=leaf_0 (view) (cont)                     type=f32      ne=[256,1,1,1] bytes=      1024 MiB=    0.00
MEMLEDGER_GRAPH label=(unnamed) total_bytes=1024 total_MiB=0.00 n_tensors=1
MEMLEDGER_GRAPH_TOP label=(unnamed) rank=0 name=leaf_0 (view) (cont)                     type=f32      ne=[256,1,1,1] bytes=      1024 MiB=    0.00
MEMLEDGER_GRAPH label=(unnamed) total_bytes=1024 total_MiB=0.00 n_tensors=1
MEMLEDGER_GRAPH_TOP label=(unnamed) rank=0 name=leaf_0 (view) (cont)                     type=f32      ne=[256,1,1,1] bytes=      1024 MiB=    0.00
MEMLEDGER_GRAPH label=(unnamed) total_bytes=1024 total_MiB=0.00 n_tensors=1
MEMLEDGER_GRAPH_TOP label=(unnamed) rank=0 name=leaf_0 (view) (cont)                     type=f32      ne=[256,1,1,1] bytes=      1024 MiB=    0.00
MEMLEDGER_GRAPH label=(unnamed) total_bytes=1024 total_MiB=0.00 n_tensors=1
MEMLEDGER_GRAPH_TOP label=(unnamed) rank=0 name=leaf_0 (view) (cont)                     type=f32      ne=[256,1,1,1] bytes=      1024 MiB=    0.00
MEMLEDGER_GRAPH label=(unnamed) total_bytes=1024 total_MiB=0.00 n_tensors=1
MEMLEDGER_GRAPH_TOP label=(unnamed) rank=0 name=leaf_0 (view) (cont)                     type=f32      ne=[256,1,1,1] bytes=      1024 MiB=    0.00
MEMLEDGER_GRAPH label=(unnamed) total_bytes=1024 total_MiB=0.00 n_tensors=1
MEMLEDGER_GRAPH_TOP label=(unnamed) rank=0 name=leaf_0 (view) (cont)                     type=f32      ne=[256,1,1,1] bytes=      1024 MiB=    0.00
MEMLEDGER_GRAPH label=(unnamed) total_bytes=1024 total_MiB=0.00 n_tensors=1
MEMLEDGER_GRAPH_TOP label=(unnamed) rank=0 name=leaf_0 (view) (cont)                     type=f32      ne=[256,1,1,1] bytes=      1024 MiB=    0.00
MEMLEDGER_GRAPH label=(unnamed) total_bytes=1024 total_MiB=0.00 n_tensors=1
MEMLEDGER_GRAPH_TOP label=(unnamed) rank=0 name=leaf_0 (view) (cont)                     type=f32      ne=[256,1,1,1] bytes=      1024 MiB=    0.00
MEMLEDGER_GRAPH label=(unnamed) total_bytes=1024 total_MiB=0.00 n_tensors=1
MEMLEDGER_GRAPH_TOP label=(unnamed) rank=0 name=leaf_0 (view) (cont)                     type=f32      ne=[256,1,1,1] bytes=      1024 MiB=    0.00
MEMLEDGER_GRAPH label=(unnamed) total_bytes=1024 total_MiB=0.00 n_tensors=1
MEMLEDGER_GRAPH_TOP label=(unnamed) rank=0 name=leaf_0 (view) (cont)                     type=f32      ne=[256,1,1,1] bytes=      1024 MiB=    0.00
MEMLEDGER_GRAPH label=(unnamed) total_bytes=1024 total_MiB=0.00 n_tensors=1
MEMLEDGER_GRAPH_TOP label=(unnamed) rank=0 name=leaf_0 (view) (cont)                     type=f32      ne=[256,1,1,1] bytes=      1024 MiB=    0.00
MEMLEDGER_GRAPH label=(unnamed) total_bytes=1024 total_MiB=0.00 n_tensors=1
MEMLEDGER_GRAPH_TOP label=(unnamed) rank=0 name=leaf_0 (view) (cont)                     type=f32      ne=[256,1,1,1] bytes=      1024 MiB=    0.00
MEMLEDGER_GRAPH label=(unnamed) total_bytes=1024 total_MiB=0.00 n_tensors=1
MEMLEDGER_GRAPH_TOP label=(unnamed) rank=0 name=leaf_0 (view) (cont)                     type=f32      ne=[256,1,1,1] bytes=      1024 MiB=    0.00
MEMLEDGER_GRAPH label=(unnamed) total_bytes=1024 total_MiB=0.00 n_tensors=1
MEMLEDGER_GRAPH_TOP label=(unnamed) rank=0 name=leaf_0 (view) (cont)                     type=f32      ne=[256,1,1,1] bytes=      1024 MiB=    0.00
MEMLEDGER_GRAPH label=(unnamed) total_bytes=1024 total_MiB=0.00 n_tensors=1
MEMLEDGER_GRAPH_TOP label=(unnamed) rank=0 name=leaf_0 (view) (cont)                     type=f32      ne=[256,1,1,1] bytes=      1024 MiB=    0.00
MEMLEDGER_GRAPH label=(unnamed) total_bytes=1024 total_MiB=0.00 n_tensors=1
MEMLEDGER_GRAPH_TOP label=(unnamed) rank=0 name=leaf_0 (view) (cont)                     type=f32      ne=[256,1,1,1] bytes=      1024 MiB=    0.00
MEMLEDGER_GRAPH label=(unnamed) total_bytes=1024 total_MiB=0.00 n_tensors=1
MEMLEDGER_GRAPH_TOP label=(unnamed) rank=0 name=leaf_0 (view) (cont)                     type=f32      ne=[256,1,1,1] bytes=      1024 MiB=    0.00
MEMLEDGER_GRAPH label=(unnamed) total_bytes=1024 total_MiB=0.00 n_tensors=1
MEMLEDGER_GRAPH_TOP label=(unnamed) rank=0 name=leaf_0 (view) (cont)                     type=f32      ne=[256,1,1,1] bytes=      1024 MiB=    0.00
MEMLEDGER_GRAPH label=(unnamed) total_bytes=1024 total_MiB=0.00 n_tensors=1
MEMLEDGER_GRAPH_TOP label=(unnamed) rank=0 name=leaf_0 (view) (cont)                     type=f32      ne=[256,1,1,1] bytes=      1024 MiB=    0.00
MEMLEDGER_GRAPH label=(unnamed) total_bytes=1024 total_MiB=0.00 n_tensors=1
MEMLEDGER_GRAPH_TOP label=(unnamed) rank=0 name=leaf_0 (view) (cont)                     type=f32      ne=[256,1,1,1] bytes=      1024 MiB=    0.00
MEMLEDGER_GRAPH label=(unnamed) total_bytes=1024 total_MiB=0.00 n_tensors=1
MEMLEDGER_GRAPH_TOP label=(unnamed) rank=0 name=leaf_0 (view) (cont)                     type=f32      ne=[256,1,1,1] bytes=      1024 MiB=    0.00
MEMLEDGER_GRAPH label=(unnamed) total_bytes=1024 total_MiB=0.00 n_tensors=1
MEMLEDGER_GRAPH_TOP label=(unnamed) rank=0 name=leaf_0 (view) (cont)                     type=f32      ne=[256,1,1,1] bytes=      1024 MiB=    0.00
MEMLEDGER_GRAPH label=(unnamed) total_bytes=1024 total_MiB=0.00 n_tensors=1
MEMLEDGER_GRAPH_TOP label=(unnamed) rank=0 name=leaf_0 (view) (cont)                     type=f32      ne=[256,1,1,1] bytes=      1024 MiB=    0.00
MEMLEDGER_GRAPH label=(unnamed) total_bytes=1024 total_MiB=0.00 n_tensors=1
MEMLEDGER_GRAPH_TOP label=(unnamed) rank=0 name=leaf_0 (view) (cont)                     type=f32      ne=[256,1,1,1] bytes=      1024 MiB=    0.00
MEMLEDGER_GRAPH label=(unnamed) total_bytes=1024 total_MiB=0.00 n_tensors=1
MEMLEDGER_GRAPH_TOP label=(unnamed) rank=0 name=leaf_0 (view) (cont)                     type=f32      ne=[256,1,1,1] bytes=      1024 MiB=    0.00
MEMLEDGER_GRAPH label=(unnamed) total_bytes=1024 total_MiB=0.00 n_tensors=1
MEMLEDGER_GRAPH_TOP label=(unnamed) rank=0 name=leaf_0 (view) (cont)                     type=f32      ne=[256,1,1,1] bytes=      1024 MiB=    0.00
MEMLEDGER_GRAPH label=(unnamed) total_bytes=1024 total_MiB=0.00 n_tensors=1
MEMLEDGER_GRAPH_TOP label=(unnamed) rank=0 name=leaf_0 (view) (cont)                     type=f32      ne=[256,1,1,1] bytes=      1024 MiB=    0.00
MEMLEDGER_GRAPH label=(unnamed) total_bytes=1024 total_MiB=0.00 n_tensors=1
MEMLEDGER_GRAPH_TOP label=(unnamed) rank=0 name=leaf_0 (view) (cont)                     type=f32      ne=[256,1,1,1] bytes=      1024 MiB=    0.00
MEMLEDGER_GRAPH label=(unnamed) total_bytes=1024 total_MiB=0.00 n_tensors=1
MEMLEDGER_GRAPH_TOP label=(unnamed) rank=0 name=leaf_0 (view) (cont)                     type=f32      ne=[256,1,1,1] bytes=      1024 MiB=    0.00
MEMLEDGER_GRAPH label=(unnamed) total_bytes=1024 total_MiB=0.00 n_tensors=1
MEMLEDGER_GRAPH_TOP label=(unnamed) rank=0 name=leaf_0 (view) (cont)                     type=f32      ne=[256,1,1,1] bytes=      1024 MiB=    0.00
MEMLEDGER_GRAPH label=(unnamed) total_bytes=1024 total_MiB=0.00 n_tensors=1
MEMLEDGER_GRAPH_TOP label=(unnamed) rank=0 name=leaf_0 (view) (cont)                     type=f32      ne=[256,1,1,1] bytes=      1024 MiB=    0.00
MEMLEDGER_GRAPH label=(unnamed) total_bytes=1024 total_MiB=0.00 n_tensors=1
MEMLEDGER_GRAPH_TOP label=(unnamed) rank=0 name=leaf_0 (view) (cont)                     type=f32      ne=[256,1,1,1] bytes=      1024 MiB=    0.00
MEMLEDGER_GRAPH label=(unnamed) total_bytes=1024 total_MiB=0.00 n_tensors=1
MEMLEDGER_GRAPH_TOP label=(unnamed) rank=0 name=leaf_0 (view) (cont)                     type=f32      ne=[256,1,1,1] bytes=      1024 MiB=    0.00
MEMLEDGER_GRAPH label=(unnamed) total_bytes=1024 total_MiB=0.00 n_tensors=1
MEMLEDGER_GRAPH_TOP label=(unnamed) rank=0 name=leaf_0 (view) (cont)                     type=f32      ne=[256,1,1,1] bytes=      1024 MiB=    0.00
MEMLEDGER_GRAPH label=(unnamed) total_bytes=1024 total_MiB=0.00 n_tensors=1
MEMLEDGER_GRAPH_TOP label=(unnamed) rank=0 name=leaf_0 (view) (cont)                     type=f32      ne=[256,1,1,1] bytes=      1024 MiB=    0.00
MEMLEDGER_GRAPH label=(unnamed) total_bytes=1024 total_MiB=0.00 n_tensors=1
MEMLEDGER_GRAPH_TOP label=(unnamed) rank=0 name=leaf_0 (view) (cont)                     type=f32      ne=[256,1,1,1] bytes=      1024 MiB=    0.00
MEMLEDGER_GRAPH label=(unnamed) total_bytes=1024 total_MiB=0.00 n_tensors=1
MEMLEDGER_GRAPH_TOP label=(unnamed) rank=0 name=leaf_0 (view) (cont)                     type=f32      ne=[256,1,1,1] bytes=      1024 MiB=    0.00
MEMLEDGER_GRAPH label=(unnamed) total_bytes=1024 total_MiB=0.00 n_tensors=1
MEMLEDGER_GRAPH_TOP label=(unnamed) rank=0 name=leaf_0 (view) (cont)                     type=f32      ne=[256,1,1,1] bytes=      1024 MiB=    0.00
MEMLEDGER_GRAPH label=(unnamed) total_bytes=1024 total_MiB=0.00 n_tensors=1
MEMLEDGER_GRAPH_TOP label=(unnamed) rank=0 name=leaf_0 (view) (cont)                     type=f32      ne=[256,1,1,1] bytes=      1024 MiB=    0.00
MEMLEDGER_GRAPH label=(unnamed) total_bytes=1024 total_MiB=0.00 n_tensors=1
MEMLEDGER_GRAPH_TOP label=(unnamed) rank=0 name=leaf_0 (view) (cont)                     type=f32      ne=[256,1,1,1] bytes=      1024 MiB=    0.00
MEMLEDGER_GRAPH label=(unnamed) total_bytes=1024 total_MiB=0.00 n_tensors=1
MEMLEDGER_GRAPH_TOP label=(unnamed) rank=0 name=leaf_0 (view) (cont)                     type=f32      ne=[256,1,1,1] bytes=      1024 MiB=    0.00
MEMLEDGER_GRAPH label=(unnamed) total_bytes=1024 total_MiB=0.00 n_tensors=1
MEMLEDGER_GRAPH_TOP label=(unnamed) rank=0 name=leaf_0 (view) (cont)                     type=f32      ne=[256,1,1,1] bytes=      1024 MiB=    0.00
MEMLEDGER_GRAPH label=(unnamed) total_bytes=1024 total_MiB=0.00 n_tensors=1
MEMLEDGER_GRAPH_TOP label=(unnamed) rank=0 name=leaf_0 (view) (cont)                     type=f32      ne=[256,1,1,1] bytes=      1024 MiB=    0.00
MEMLEDGER_GRAPH label=(unnamed) total_bytes=1024 total_MiB=0.00 n_tensors=1
MEMLEDGER_GRAPH_TOP label=(unnamed) rank=0 name=leaf_0 (view) (cont)                     type=f32      ne=[256,1,1,1] bytes=      1024 MiB=    0.00
MEMLEDGER_GRAPH label=(unnamed) total_bytes=1024 total_MiB=0.00 n_tensors=1
MEMLEDGER_GRAPH_TOP label=(unnamed) rank=0 name=leaf_0 (view) (cont)                     type=f32      ne=[256,1,1,1] bytes=      1024 MiB=    0.00
MEMLEDGER_GRAPH label=(unnamed) total_bytes=1024 total_MiB=0.00 n_tensors=1
MEMLEDGER_GRAPH_TOP label=(unnamed) rank=0 name=leaf_0 (view) (cont)                     type=f32      ne=[256,1,1,1] bytes=      1024 MiB=    0.00
MEMLEDGER_GRAPH label=(unnamed) total_bytes=1024 total_MiB=0.00 n_tensors=1
MEMLEDGER_GRAPH_TOP label=(unnamed) rank=0 name=leaf_0 (view) (cont)                     type=f32      ne=[256,1,1,1] bytes=      1024 MiB=    0.00
MEMLEDGER_GRAPH label=(unnamed) total_bytes=1024 total_MiB=0.00 n_tensors=1
MEMLEDGER_GRAPH_TOP label=(unnamed) rank=0 name=leaf_0 (view) (cont)                     type=f32      ne=[256,1,1,1] bytes=      1024 MiB=    0.00
MEMLEDGER_GRAPH label=(unnamed) total_bytes=1024 total_MiB=0.00 n_tensors=1
MEMLEDGER_GRAPH_TOP label=(unnamed) rank=0 name=leaf_0 (view) (cont)                     type=f32      ne=[256,1,1,1] bytes=      1024 MiB=    0.00
MEMLEDGER_GRAPH label=(unnamed) total_bytes=1024 total_MiB=0.00 n_tensors=1
MEMLEDGER_GRAPH_TOP label=(unnamed) rank=0 name=leaf_0 (view) (cont)                     type=f32      ne=[256,1,1,1] bytes=      1024 MiB=    0.00
MEMLEDGER_GRAPH label=(unnamed) total_bytes=1024 total_MiB=0.00 n_tensors=1
MEMLEDGER_GRAPH_TOP label=(unnamed) rank=0 name=leaf_0 (view) (cont)                     type=f32      ne=[256,1,1,1] bytes=      1024 MiB=    0.00
MEMLEDGER_GRAPH label=(unnamed) total_bytes=1024 total_MiB=0.00 n_tensors=1
MEMLEDGER_GRAPH_TOP label=(unnamed) rank=0 name=leaf_0 (view) (cont)                     type=f32      ne=[256,1,1,1] bytes=      1024 MiB=    0.00
MEMLEDGER_GRAPH label=(unnamed) total_bytes=1024 total_MiB=0.00 n_tensors=1
MEMLEDGER_GRAPH_TOP label=(unnamed) rank=0 name=leaf_0 (view) (cont)                     type=f32      ne=[256,1,1,1] bytes=      1024 MiB=    0.00
MEMLEDGER_GRAPH label=(unnamed) total_bytes=1024 total_MiB=0.00 n_tensors=1
MEMLEDGER_GRAPH_TOP label=(unnamed) rank=0 name=leaf_0 (view) (cont)                     type=f32      ne=[256,1,1,1] bytes=      1024 MiB=    0.00
MEMLEDGER_GRAPH label=(unnamed) total_bytes=1024 total_MiB=0.00 n_tensors=1
MEMLEDGER_GRAPH_TOP label=(unnamed) rank=0 name=leaf_0 (view) (cont)                     type=f32      ne=[256,1,1,1] bytes=      1024 MiB=    0.00
MEMLEDGER_GRAPH label=(unnamed) total_bytes=1024 total_MiB=0.00 n_tensors=1
MEMLEDGER_GRAPH_TOP label=(unnamed) rank=0 name=leaf_0 (view) (cont)                     type=f32      ne=[256,1,1,1] bytes=      1024 MiB=    0.00
MEMLEDGER_GRAPH label=(unnamed) total_bytes=1024 total_MiB=0.00 n_tensors=1
MEMLEDGER_GRAPH_TOP label=(unnamed) rank=0 name=leaf_0 (view) (cont)                     type=f32      ne=[256,1,1,1] bytes=      1024 MiB=    0.00
MEMLEDGER_GRAPH label=(unnamed) total_bytes=1024 total_MiB=0.00 n_tensors=1
MEMLEDGER_GRAPH_TOP label=(unnamed) rank=0 name=leaf_0 (view) (cont)                     type=f32      ne=[256,1,1,1] bytes=      1024 MiB=    0.00
MEMLEDGER_GRAPH label=(unnamed) total_bytes=1024 total_MiB=0.00 n_tensors=1
MEMLEDGER_GRAPH_TOP label=(unnamed) rank=0 name=leaf_0 (view) (cont)                     type=f32      ne=[256,1,1,1] bytes=      1024 MiB=    0.00
MEMLEDGER_GRAPH label=(unnamed) total_bytes=1024 total_MiB=0.00 n_tensors=1
MEMLEDGER_GRAPH_TOP label=(unnamed) rank=0 name=leaf_0 (view) (cont)                     type=f32      ne=[256,1,1,1] bytes=      1024 MiB=    0.00
MEMLEDGER_GRAPH label=(unnamed) total_bytes=1024 total_MiB=0.00 n_tensors=1
MEMLEDGER_GRAPH_TOP label=(unnamed) rank=0 name=leaf_0 (view) (cont)                     type=f32      ne=[256,1,1,1] bytes=      1024 MiB=    0.00
MEMLEDGER_GRAPH label=(unnamed) total_bytes=1024 total_MiB=0.00 n_tensors=1
MEMLEDGER_GRAPH_TOP label=(unnamed) rank=0 name=leaf_0 (view) (cont)                     type=f32      ne=[256,1,1,1] bytes=      1024 MiB=    0.00
MEMLEDGER_GRAPH label=(unnamed) total_bytes=1024 total_MiB=0.00 n_tensors=1
MEMLEDGER_GRAPH_TOP label=(unnamed) rank=0 name=leaf_0 (view) (cont)                     type=f32      ne=[256,1,1,1] bytes=      1024 MiB=    0.00
MEMLEDGER_GRAPH label=(unnamed) total_bytes=1024 total_MiB=0.00 n_tensors=1
MEMLEDGER_GRAPH_TOP label=(unnamed) rank=0 name=leaf_0 (view) (cont)                     type=f32      ne=[256,1,1,1] bytes=      1024 MiB=    0.00
MEMLEDGER_GRAPH label=(unnamed) total_bytes=1024 total_MiB=0.00 n_tensors=1
MEMLEDGER_GRAPH_TOP label=(unnamed) rank=0 name=leaf_0 (view) (cont)                     type=f32      ne=[256,1,1,1] bytes=      1024 MiB=    0.00
MEMLEDGER_GRAPH label=(unnamed) total_bytes=1024 total_MiB=0.00 n_tensors=1
MEMLEDGER_GRAPH_TOP label=(unnamed) rank=0 name=leaf_0 (view) (cont)                     type=f32      ne=[256,1,1,1] bytes=      1024 MiB=    0.00
MEMLEDGER_GRAPH label=(unnamed) total_bytes=1024 total_MiB=0.00 n_tensors=1
MEMLEDGER_GRAPH_TOP label=(unnamed) rank=0 name=leaf_0 (view) (cont)                     type=f32      ne=[256,1,1,1] bytes=      1024 MiB=    0.00
MEMLEDGER_GRAPH label=(unnamed) total_bytes=1024 total_MiB=0.00 n_tensors=1
MEMLEDGER_GRAPH_TOP label=(unnamed) rank=0 name=leaf_0 (view) (cont)                     type=f32      ne=[256,1,1,1] bytes=      1024 MiB=    0.00
MEMLEDGER_GRAPH label=(unnamed) total_bytes=1024 total_MiB=0.00 n_tensors=1
MEMLEDGER_GRAPH_TOP label=(unnamed) rank=0 name=leaf_0 (view) (cont)                     type=f32      ne=[256,1,1,1] bytes=      1024 MiB=    0.00
MEMLEDGER_GRAPH label=(unnamed) total_bytes=1024 total_MiB=0.00 n_tensors=1
MEMLEDGER_GRAPH_TOP label=(unnamed) rank=0 name=leaf_0 (view) (cont)                     type=f32      ne=[256,1,1,1] bytes=      1024 MiB=    0.00
MEMLEDGER_GRAPH label=(unnamed) total_bytes=1024 total_MiB=0.00 n_tensors=1
MEMLEDGER_GRAPH_TOP label=(unnamed) rank=0 name=leaf_0 (view) (cont)                     type=f32      ne=[256,1,1,1] bytes=      1024 MiB=    0.00
MEMLEDGER_GRAPH label=(unnamed) total_bytes=1024 total_MiB=0.00 n_tensors=1
MEMLEDGER_GRAPH_TOP label=(unnamed) rank=0 name=leaf_0 (view) (cont)                     type=f32      ne=[256,1,1,1] bytes=      1024 MiB=    0.00
MEMLEDGER_GRAPH label=(unnamed) total_bytes=1024 total_MiB=0.00 n_tensors=1
MEMLEDGER_GRAPH_TOP label=(unnamed) rank=0 name=leaf_0 (view) (cont)                     type=f32      ne=[256,1,1,1] bytes=      1024 MiB=    0.00
MEMLEDGER_GRAPH label=(unnamed) total_bytes=1024 total_MiB=0.00 n_tensors=1
MEMLEDGER_GRAPH_TOP label=(unnamed) rank=0 name=leaf_0 (view) (cont)                     type=f32      ne=[256,1,1,1] bytes=      1024 MiB=    0.00
MEMLEDGER_GRAPH label=(unnamed) total_bytes=1024 total_MiB=0.00 n_tensors=1
MEMLEDGER_GRAPH_TOP label=(unnamed) rank=0 name=leaf_0 (view) (cont)                     type=f32      ne=[256,1,1,1] bytes=      1024 MiB=    0.00
MEMLEDGER_GRAPH label=(unnamed) total_bytes=1024 total_MiB=0.00 n_tensors=1
MEMLEDGER_GRAPH_TOP label=(unnamed) rank=0 name=leaf_0 (view) (cont)                     type=f32      ne=[256,1,1,1] bytes=      1024 MiB=    0.00
MEMLEDGER_GRAPH label=(unnamed) total_bytes=1024 total_MiB=0.00 n_tensors=1
MEMLEDGER_GRAPH_TOP label=(unnamed) rank=0 name=leaf_0 (view) (cont)                     type=f32      ne=[256,1,1,1] bytes=      1024 MiB=    0.00
MEMLEDGER_GRAPH label=(unnamed) total_bytes=1024 total_MiB=0.00 n_tensors=1
MEMLEDGER_GRAPH_TOP label=(unnamed) rank=0 name=leaf_0 (view) (cont)                     type=f32      ne=[256,1,1,1] bytes=      1024 MiB=    0.00
MEMLEDGER_GRAPH label=(unnamed) total_bytes=1024 total_MiB=0.00 n_tensors=1
MEMLEDGER_GRAPH_TOP label=(unnamed) rank=0 name=leaf_0 (view) (cont)                     type=f32      ne=[256,1,1,1] bytes=      1024 MiB=    0.00
MEMLEDGER_GRAPH label=(unnamed) total_bytes=1024 total_MiB=0.00 n_tensors=1
MEMLEDGER_GRAPH_TOP label=(unnamed) rank=0 name=leaf_0 (view) (cont)                     type=f32      ne=[256,1,1,1] bytes=      1024 MiB=    0.00
MEMLEDGER_GRAPH label=(unnamed) total_bytes=1024 total_MiB=0.00 n_tensors=1
MEMLEDGER_GRAPH_TOP label=(unnamed) rank=0 name=leaf_0 (view) (cont)                     type=f32      ne=[256,1,1,1] bytes=      1024 MiB=    0.00
MEMLEDGER_GRAPH label=(unnamed) total_bytes=1024 total_MiB=0.00 n_tensors=1
MEMLEDGER_GRAPH_TOP label=(unnamed) rank=0 name=leaf_0 (view) (cont)                     type=f32      ne=[256,1,1,1] bytes=      1024 MiB=    0.00
MEMLEDGER_GRAPH label=(unnamed) total_bytes=1024 total_MiB=0.00 n_tensors=1
MEMLEDGER_GRAPH_TOP label=(unnamed) rank=0 name=leaf_0 (view) (cont)                     type=f32      ne=[256,1,1,1] bytes=      1024 MiB=    0.00
MEMLEDGER_GRAPH label=(unnamed) total_bytes=1024 total_MiB=0.00 n_tensors=1
MEMLEDGER_GRAPH_TOP label=(unnamed) rank=0 name=leaf_0 (view) (cont)                     type=f32      ne=[256,1,1,1] bytes=      1024 MiB=    0.00
MEMLEDGER_GRAPH label=(unnamed) total_bytes=1024 total_MiB=0.00 n_tensors=1
MEMLEDGER_GRAPH_TOP label=(unnamed) rank=0 name=leaf_0 (view) (cont)                     type=f32      ne=[256,1,1,1] bytes=      1024 MiB=    0.00
MEMLEDGER_GRAPH label=(unnamed) total_bytes=1024 total_MiB=0.00 n_tensors=1
MEMLEDGER_GRAPH_TOP label=(unnamed) rank=0 name=leaf_0 (view) (cont)                     type=f32      ne=[256,1,1,1] bytes=      1024 MiB=    0.00
MEMLEDGER_GRAPH label=(unnamed) total_bytes=1024 total_MiB=0.00 n_tensors=1
MEMLEDGER_GRAPH_TOP label=(unnamed) rank=0 name=leaf_0 (view) (cont)                     type=f32      ne=[256,1,1,1] bytes=      1024 MiB=    0.00
MEMLEDGER_GRAPH label=(unnamed) total_bytes=1024 total_MiB=0.00 n_tensors=1
MEMLEDGER_GRAPH_TOP label=(unnamed) rank=0 name=leaf_0 (view) (cont)                     type=f32      ne=[256,1,1,1] bytes=      1024 MiB=    0.00
MEMLEDGER_GRAPH label=(unnamed) total_bytes=1024 total_MiB=0.00 n_tensors=1
MEMLEDGER_GRAPH_TOP label=(unnamed) rank=0 name=leaf_0 (view) (cont)                     type=f32      ne=[256,1,1,1] bytes=      1024 MiB=    0.00
MEMLEDGER_GRAPH label=(unnamed) total_bytes=1024 total_MiB=0.00 n_tensors=1
MEMLEDGER_GRAPH_TOP label=(unnamed) rank=0 name=leaf_0 (view) (cont)                     type=f32      ne=[256,1,1,1] bytes=      1024 MiB=    0.00
MEMLEDGER_GRAPH label=(unnamed) total_bytes=1024 total_MiB=0.00 n_tensors=1
MEMLEDGER_GRAPH_TOP label=(unnamed) rank=0 name=leaf_0 (view) (cont)                     type=f32      ne=[256,1,1,1] bytes=      1024 MiB=    0.00
MEMLEDGER_GRAPH label=(unnamed) total_bytes=1024 total_MiB=0.00 n_tensors=1
MEMLEDGER_GRAPH_TOP label=(unnamed) rank=0 name=leaf_0 (view) (cont)                     type=f32      ne=[256,1,1,1] bytes=      1024 MiB=    0.00
MEMLEDGER_GRAPH label=(unnamed) total_bytes=1024 total_MiB=0.00 n_tensors=1
MEMLEDGER_GRAPH_TOP label=(unnamed) rank=0 name=leaf_0 (view) (cont)                     type=f32      ne=[256,1,1,1] bytes=      1024 MiB=    0.00
MEMLEDGER_GRAPH label=(unnamed) total_bytes=1024 total_MiB=0.00 n_tensors=1
MEMLEDGER_GRAPH_TOP label=(unnamed) rank=0 name=leaf_0 (view) (cont)                     type=f32      ne=[256,1,1,1] bytes=      1024 MiB=    0.00
MEMLEDGER_GRAPH label=(unnamed) total_bytes=1024 total_MiB=0.00 n_tensors=1
MEMLEDGER_GRAPH_TOP label=(unnamed) rank=0 name=leaf_0 (view) (cont)                     type=f32      ne=[256,1,1,1] bytes=      1024 MiB=    0.00
MEMLEDGER_GRAPH label=(unnamed) total_bytes=1024 total_MiB=0.00 n_tensors=1
MEMLEDGER_GRAPH_TOP label=(unnamed) rank=0 name=leaf_0 (view) (cont)                     type=f32      ne=[256,1,1,1] bytes=      1024 MiB=    0.00
MEMLEDGER_GRAPH label=(unnamed) total_bytes=1024 total_MiB=0.00 n_tensors=1
MEMLEDGER_GRAPH_TOP label=(unnamed) rank=0 name=leaf_0 (view) (cont)                     type=f32      ne=[256,1,1,1] bytes=      1024 MiB=    0.00
MEMLEDGER_GRAPH label=(unnamed) total_bytes=1024 total_MiB=0.00 n_tensors=1
MEMLEDGER_GRAPH_TOP label=(unnamed) rank=0 name=leaf_0 (view) (cont)                     type=f32      ne=[256,1,1,1] bytes=      1024 MiB=    0.00
MEMLEDGER_GRAPH label=(unnamed) total_bytes=1024 total_MiB=0.00 n_tensors=1
MEMLEDGER_GRAPH_TOP label=(unnamed) rank=0 name=leaf_0 (view) (cont)                     type=f32      ne=[256,1,1,1] bytes=      1024 MiB=    0.00
MEMLEDGER_GRAPH label=(unnamed) total_bytes=1024 total_MiB=0.00 n_tensors=1
MEMLEDGER_GRAPH_TOP label=(unnamed) rank=0 name=leaf_0 (view) (cont)                     type=f32      ne=[256,1,1,1] bytes=      1024 MiB=    0.00
MEMLEDGER_GRAPH label=(unnamed) total_bytes=1024 total_MiB=0.00 n_tensors=1
MEMLEDGER_GRAPH_TOP label=(unnamed) rank=0 name=leaf_0 (view) (cont)                     type=f32      ne=[256,1,1,1] bytes=      1024 MiB=    0.00
MEMLEDGER_GRAPH label=(unnamed) total_bytes=1024 total_MiB=0.00 n_tensors=1
MEMLEDGER_GRAPH_TOP label=(unnamed) rank=0 name=leaf_0 (view) (cont)                     type=f32      ne=[256,1,1,1] bytes=      1024 MiB=    0.00
MEMLEDGER_GRAPH label=(unnamed) total_bytes=1024 total_MiB=0.00 n_tensors=1
MEMLEDGER_GRAPH_TOP label=(unnamed) rank=0 name=leaf_0 (view) (cont)                     type=f32      ne=[256,1,1,1] bytes=      1024 MiB=    0.00
MEMLEDGER_GRAPH label=(unnamed) total_bytes=1024 total_MiB=0.00 n_tensors=1
MEMLEDGER_GRAPH_TOP label=(unnamed) rank=0 name=leaf_0 (view) (cont)                     type=f32      ne=[256,1,1,1] bytes=      1024 MiB=    0.00
MEMLEDGER_GRAPH label=(unnamed) total_bytes=1024 total_MiB=0.00 n_tensors=1
MEMLEDGER_GRAPH_TOP label=(unnamed) rank=0 name=leaf_0 (view) (cont)                     type=f32      ne=[256,1,1,1] bytes=      1024 MiB=    0.00
MEMLEDGER_GRAPH label=(unnamed) total_bytes=1024 total_MiB=0.00 n_tensors=1
MEMLEDGER_GRAPH_TOP label=(unnamed) rank=0 name=leaf_0 (view) (cont)                     type=f32      ne=[256,1,1,1] bytes=      1024 MiB=    0.00
MEMLEDGER_GRAPH label=(unnamed) total_bytes=1024 total_MiB=0.00 n_tensors=1
MEMLEDGER_GRAPH_TOP label=(unnamed) rank=0 name=leaf_0 (view) (cont)                     type=f32      ne=[256,1,1,1] bytes=      1024 MiB=    0.00
MEMLEDGER_GRAPH label=(unnamed) total_bytes=1024 total_MiB=0.00 n_tensors=1
MEMLEDGER_GRAPH_TOP label=(unnamed) rank=0 name=leaf_0 (view) (cont)                     type=f32      ne=[256,1,1,1] bytes=      1024 MiB=    0.00
MEMLEDGER_GRAPH label=(unnamed) total_bytes=1024 total_MiB=0.00 n_tensors=1
MEMLEDGER_GRAPH_TOP label=(unnamed) rank=0 name=leaf_0 (view) (cont)                     type=f32      ne=[256,1,1,1] bytes=      1024 MiB=    0.00
MEMLEDGER_GRAPH label=(unnamed) total_bytes=1024 total_MiB=0.00 n_tensors=1
MEMLEDGER_GRAPH_TOP label=(unnamed) rank=0 name=leaf_0 (view) (cont)                     type=f32      ne=[256,1,1,1] bytes=      1024 MiB=    0.00
MEMLEDGER_GRAPH label=(unnamed) total_bytes=1024 total_MiB=0.00 n_tensors=1
MEMLEDGER_GRAPH_TOP label=(unnamed) rank=0 name=leaf_0 (view) (cont)                     type=f32      ne=[256,1,1,1] bytes=      1024 MiB=    0.00
MEMLEDGER_GRAPH label=(unnamed) total_bytes=1024 total_MiB=0.00 n_tensors=1
MEMLEDGER_GRAPH_TOP label=(unnamed) rank=0 name=leaf_0 (view) (cont)                     type=f32      ne=[256,1,1,1] bytes=      1024 MiB=    0.00
MEMLEDGER_GRAPH label=(unnamed) total_bytes=1024 total_MiB=0.00 n_tensors=1
MEMLEDGER_GRAPH_TOP label=(unnamed) rank=0 name=leaf_0 (view) (cont)                     type=f32      ne=[256,1,1,1] bytes=      1024 MiB=    0.00
MEMLEDGER_GRAPH label=(unnamed) total_bytes=1024 total_MiB=0.00 n_tensors=1
MEMLEDGER_GRAPH_TOP label=(unnamed) rank=0 name=leaf_0 (view) (cont)                     type=f32      ne=[256,1,1,1] bytes=      1024 MiB=    0.00
MEMLEDGER_GRAPH label=(unnamed) total_bytes=1024 total_MiB=0.00 n_tensors=1
MEMLEDGER_GRAPH_TOP label=(unnamed) rank=0 name=leaf_0 (view) (cont)                     type=f32      ne=[256,1,1,1] bytes=      1024 MiB=    0.00
MEMLEDGER_GRAPH label=(unnamed) total_bytes=1024 total_MiB=0.00 n_tensors=1
MEMLEDGER_GRAPH_TOP label=(unnamed) rank=0 name=leaf_0 (view) (cont)                     type=f32      ne=[256,1,1,1] bytes=      1024 MiB=    0.00
MEMLEDGER_GRAPH label=(unnamed) total_bytes=1024 total_MiB=0.00 n_tensors=1
MEMLEDGER_GRAPH_TOP label=(unnamed) rank=0 name=leaf_0 (view) (cont)                     type=f32      ne=[256,1,1,1] bytes=      1024 MiB=    0.00
MEMLEDGER_GRAPH label=(unnamed) total_bytes=1024 total_MiB=0.00 n_tensors=1
MEMLEDGER_GRAPH_TOP label=(unnamed) rank=0 name=leaf_0 (view) (cont)                     type=f32      ne=[256,1,1,1] bytes=      1024 MiB=    0.00
MEMLEDGER_GRAPH label=(unnamed) total_bytes=1024 total_MiB=0.00 n_tensors=1
MEMLEDGER_GRAPH_TOP label=(unnamed) rank=0 name=leaf_0 (view) (cont)                     type=f32      ne=[256,1,1,1] bytes=      1024 MiB=    0.00
MEMLEDGER_GRAPH label=(unnamed) total_bytes=1024 total_MiB=0.00 n_tensors=1
MEMLEDGER_GRAPH_TOP label=(unnamed) rank=0 name=leaf_0 (view) (cont)                     type=f32      ne=[256,1,1,1] bytes=      1024 MiB=    0.00
MEMLEDGER_GRAPH label=(unnamed) total_bytes=1024 total_MiB=0.00 n_tensors=1
MEMLEDGER_GRAPH_TOP label=(unnamed) rank=0 name=leaf_0 (view) (cont)                     type=f32      ne=[256,1,1,1] bytes=      1024 MiB=    0.00
MEMLEDGER_GRAPH label=(unnamed) total_bytes=1024 total_MiB=0.00 n_tensors=1
MEMLEDGER_GRAPH_TOP label=(unnamed) rank=0 name=leaf_0 (view) (cont)                     type=f32      ne=[256,1,1,1] bytes=      1024 MiB=    0.00
MEMLEDGER_GRAPH label=(unnamed) total_bytes=1024 total_MiB=0.00 n_tensors=1
MEMLEDGER_GRAPH_TOP label=(unnamed) rank=0 name=leaf_0 (view) (cont)                     type=f32      ne=[256,1,1,1] bytes=      1024 MiB=    0.00
MEMLEDGER_GRAPH label=(unnamed) total_bytes=1024 total_MiB=0.00 n_tensors=1
MEMLEDGER_GRAPH_TOP label=(unnamed) rank=0 name=leaf_0 (view) (cont)                     type=f32      ne=[256,1,1,1] bytes=      1024 MiB=    0.00
MEMLEDGER_GRAPH label=(unnamed) total_bytes=1024 total_MiB=0.00 n_tensors=1
MEMLEDGER_GRAPH_TOP label=(unnamed) rank=0 name=leaf_0 (view) (cont)                     type=f32      ne=[256,1,1,1] bytes=      1024 MiB=    0.00
MEMLEDGER_GRAPH label=(unnamed) total_bytes=1024 total_MiB=0.00 n_tensors=1
MEMLEDGER_GRAPH_TOP label=(unnamed) rank=0 name=leaf_0 (view) (cont)                     type=f32      ne=[256,1,1,1] bytes=      1024 MiB=    0.00
MEMLEDGER_GRAPH label=(unnamed) total_bytes=1024 total_MiB=0.00 n_tensors=1
MEMLEDGER_GRAPH_TOP label=(unnamed) rank=0 name=leaf_0 (view) (cont)                     type=f32      ne=[256,1,1,1] bytes=      1024 MiB=    0.00
MEMLEDGER_GRAPH label=(unnamed) total_bytes=1024 total_MiB=0.00 n_tensors=1
MEMLEDGER_GRAPH_TOP label=(unnamed) rank=0 name=leaf_0 (view) (cont)                     type=f32      ne=[256,1,1,1] bytes=      1024 MiB=    0.00
MEMLEDGER_GRAPH label=(unnamed) total_bytes=1024 total_MiB=0.00 n_tensors=1
MEMLEDGER_GRAPH_TOP label=(unnamed) rank=0 name=leaf_0 (view) (cont)                     type=f32      ne=[256,1,1,1] bytes=      1024 MiB=    0.00
MEMLEDGER_GRAPH label=(unnamed) total_bytes=1024 total_MiB=0.00 n_tensors=1
MEMLEDGER_GRAPH_TOP label=(unnamed) rank=0 name=leaf_0 (view) (cont)                     type=f32      ne=[256,1,1,1] bytes=      1024 MiB=    0.00
MEMLEDGER_GRAPH label=(unnamed) total_bytes=1024 total_MiB=0.00 n_tensors=1
MEMLEDGER_GRAPH_TOP label=(unnamed) rank=0 name=leaf_0 (view) (cont)                     type=f32      ne=[256,1,1,1] bytes=      1024 MiB=    0.00
MEMLEDGER event=after_first_prefill_step name=(system_prompts_processed)                                   type=-          payload_B=         0 alloc_B=         0 nbytes_B=         0 cuda_free_MiB=  44515 rss_MiB=    498
MEMLEDGER event=after_lm_start       name=(moshi_lm_start_returning)                                   type=-          payload_B=         0 alloc_B=         0 nbytes_B=         0 cuda_free_MiB=  44515 rss_MiB=    498
MEMLEDGER_GRAPH label=(unnamed) total_bytes=2000 total_MiB=0.00 n_tensors=1
MEMLEDGER_GRAPH_TOP label=(unnamed) rank=0 name=leaf_0 (view) (cont)                     type=f32      ne=[250,2,1,1] bytes=      2000 MiB=    0.00
MEMLEDGER_GRAPH label=(unnamed) total_bytes=1024 total_MiB=0.00 n_tensors=1
MEMLEDGER_GRAPH_TOP label=(unnamed) rank=0 name=leaf_0 (view) (cont)                     type=f32      ne=[256,1,1,1] bytes=      1024 MiB=    0.00
MEMLEDGER_GRAPH label=(unnamed) total_bytes=25919020 total_MiB=24.72 n_tensors=460
MEMLEDGER_GRAPH_TOP label=(unnamed) rank=0 name=node_763                                 type=f16      ne=[192,1920,1,1] bytes=    737280 MiB=    0.70
MEMLEDGER_GRAPH_TOP label=(unnamed) rank=1 name=node_745                                 type=f16      ne=[192,1920,1,1] bytes=    737280 MiB=    0.70
MEMLEDGER_GRAPH_TOP label=(unnamed) rank=2 name= (view) (copy)                           type=f32      ne=[64,250,8,1] bytes=    512000 MiB=    0.49
MEMLEDGER_GRAPH_TOP label=(unnamed) rank=3 name= (view) (copy)                           type=f32      ne=[64,250,8,1] bytes=    512000 MiB=    0.49
MEMLEDGER_GRAPH_TOP label=(unnamed) rank=4 name= (view) (copy) (transposed) (cont)       type=f32      ne=[250,64,8,1] bytes=    512000 MiB=    0.49
MEMLEDGER_GRAPH_TOP label=(unnamed) rank=5 name= (view) (copy)                           type=f32      ne=[64,250,8,1] bytes=    512000 MiB=    0.49
MEMLEDGER_GRAPH_TOP label=(unnamed) rank=6 name= (view) (copy)                           type=f32      ne=[64,250,8,1] bytes=    512000 MiB=    0.49
MEMLEDGER_GRAPH_TOP label=(unnamed) rank=7 name= (view) (copy)                           type=f32      ne=[64,250,8,1] bytes=    512000 MiB=    0.49
MEMLEDGER_GRAPH_TOP label=(unnamed) rank=8 name= (view) (copy) (transposed) (cont)       type=f32      ne=[250,64,8,1] bytes=    512000 MiB=    0.49
MEMLEDGER_GRAPH_TOP label=(unnamed) rank=9 name= (view) (copy)                           type=f32      ne=[64,250,8,1] bytes=    512000 MiB=    0.49
MEMLEDGER_GRAPH label=(unnamed) total_bytes=2000 total_MiB=0.00 n_tensors=1
MEMLEDGER_GRAPH_TOP label=(unnamed) rank=0 name= (view) (cont)                           type=f32      ne=[250,2,1,1] bytes=      2000 MiB=    0.00
MEMLEDGER event=after_first_decode_frame name=-                                                            type=-          payload_B=         0 alloc_B=         0 nbytes_B=         0 cuda_free_MiB=  44489 rss_MiB=    498
MEMLEDGER_GRAPH label=(unnamed) total_bytes=2000 total_MiB=0.00 n_tensors=1
MEMLEDGER_GRAPH_TOP label=(unnamed) rank=0 name=leaf_0 (view) (cont)                     type=f32      ne=[250,2,1,1] bytes=      2000 MiB=    0.00
MEMLEDGER_GRAPH label=(unnamed) total_bytes=1024 total_MiB=0.00 n_tensors=1
MEMLEDGER_GRAPH_TOP label=(unnamed) rank=0 name=leaf_0 (view) (cont)                     type=f32      ne=[256,1,1,1] bytes=      1024 MiB=    0.00
MEMLEDGER_GRAPH label=(unnamed) total_bytes=2000 total_MiB=0.00 n_tensors=1
MEMLEDGER_GRAPH_TOP label=(unnamed) rank=0 name=leaf_0 (view) (cont)                     type=f32      ne=[250,2,1,1] bytes=      2000 MiB=    0.00
MEMLEDGER_GRAPH label=(unnamed) total_bytes=2000 total_MiB=0.00 n_tensors=1
MEMLEDGER_GRAPH_TOP label=(unnamed) rank=0 name=leaf_0 (view) (cont)                     type=f32      ne=[250,2,1,1] bytes=      2000 MiB=    0.00
MEMLEDGER_GRAPH label=(unnamed) total_bytes=1024 total_MiB=0.00 n_tensors=1
MEMLEDGER_GRAPH_TOP label=(unnamed) rank=0 name=leaf_0 (view) (cont)                     type=f32      ne=[256,1,1,1] bytes=      1024 MiB=    0.00
MEMLEDGER_GRAPH label=(unnamed) total_bytes=2000 total_MiB=0.00 n_tensors=1
MEMLEDGER_GRAPH_TOP label=(unnamed) rank=0 name=leaf_0 (view) (cont)                     type=f32      ne=[250,2,1,1] bytes=      2000 MiB=    0.00
MEMLEDGER_GRAPH label=(unnamed) total_bytes=2000 total_MiB=0.00 n_tensors=1
MEMLEDGER_GRAPH_TOP label=(unnamed) rank=0 name=leaf_0 (view) (cont)                     type=f32      ne=[250,2,1,1] bytes=      2000 MiB=    0.00
MEMLEDGER_GRAPH label=(unnamed) total_bytes=1024 total_MiB=0.00 n_tensors=1
MEMLEDGER_GRAPH_TOP label=(unnamed) rank=0 name=leaf_0 (view) (cont)                     type=f32      ne=[256,1,1,1] bytes=      1024 MiB=    0.00
MEMLEDGER_GRAPH label=(unnamed) total_bytes=2000 total_MiB=0.00 n_tensors=1
MEMLEDGER_GRAPH_TOP label=(unnamed) rank=0 name=leaf_0 (view) (cont)                     type=f32      ne=[250,2,1,1] bytes=      2000 MiB=    0.00
MEMLEDGER_GRAPH label=(unnamed) total_bytes=2000 total_MiB=0.00 n_tensors=1
MEMLEDGER_GRAPH_TOP label=(unnamed) rank=0 name=leaf_0 (view) (cont)                     type=f32      ne=[250,2,1,1] bytes=      2000 MiB=    0.00
MEMLEDGER_GRAPH label=(unnamed) total_bytes=1024 total_MiB=0.00 n_tensors=1
MEMLEDGER_GRAPH_TOP label=(unnamed) rank=0 name=leaf_0 (view) (cont)                     type=f32      ne=[256,1,1,1] bytes=      1024 MiB=    0.00
MEMLEDGER_GRAPH label=(unnamed) total_bytes=2000 total_MiB=0.00 n_tensors=1
MEMLEDGER_GRAPH_TOP label=(unnamed) rank=0 name=leaf_0 (view) (cont)                     type=f32      ne=[250,2,1,1] bytes=      2000 MiB=    0.00
MEMLEDGER_GRAPH label=(unnamed) total_bytes=2000 total_MiB=0.00 n_tensors=1
MEMLEDGER_GRAPH_TOP label=(unnamed) rank=0 name=leaf_0 (view) (cont)                     type=f32      ne=[250,2,1,1] bytes=      2000 MiB=    0.00
MEMLEDGER_GRAPH label=(unnamed) total_bytes=1024 total_MiB=0.00 n_tensors=1
MEMLEDGER_GRAPH_TOP label=(unnamed) rank=0 name=leaf_0 (view) (cont)                     type=f32      ne=[256,1,1,1] bytes=      1024 MiB=    0.00
MEMLEDGER_GRAPH label=(unnamed) total_bytes=2000 total_MiB=0.00 n_tensors=1
MEMLEDGER_GRAPH_TOP label=(unnamed) rank=0 name=leaf_0 (view) (cont)                     type=f32      ne=[250,2,1,1] bytes=      2000 MiB=    0.00
MEMLEDGER_GRAPH label=(unnamed) total_bytes=2000 total_MiB=0.00 n_tensors=1
MEMLEDGER_GRAPH_TOP label=(unnamed) rank=0 name=leaf_0 (view) (cont)                     type=f32      ne=[250,2,1,1] bytes=      2000 MiB=    0.00
MEMLEDGER_GRAPH label=(unnamed) total_bytes=1024 total_MiB=0.00 n_tensors=1
MEMLEDGER_GRAPH_TOP label=(unnamed) rank=0 name=leaf_0 (view) (cont)                     type=f32      ne=[256,1,1,1] bytes=      1024 MiB=    0.00
MEMLEDGER_GRAPH label=(unnamed) total_bytes=2000 total_MiB=0.00 n_tensors=1
MEMLEDGER_GRAPH_TOP label=(unnamed) rank=0 name=leaf_0 (view) (cont)                     type=f32      ne=[250,2,1,1] bytes=      2000 MiB=    0.00
MEMLEDGER_GRAPH label=(unnamed) total_bytes=2000 total_MiB=0.00 n_tensors=1
MEMLEDGER_GRAPH_TOP label=(unnamed) rank=0 name=leaf_0 (view) (cont)                     type=f32      ne=[250,2,1,1] bytes=      2000 MiB=    0.00
MEMLEDGER_GRAPH label=(unnamed) total_bytes=1024 total_MiB=0.00 n_tensors=1
MEMLEDGER_GRAPH_TOP label=(unnamed) rank=0 name=leaf_0 (view) (cont)                     type=f32      ne=[256,1,1,1] bytes=      1024 MiB=    0.00
MEMLEDGER_GRAPH label=(unnamed) total_bytes=2000 total_MiB=0.00 n_tensors=1
MEMLEDGER_GRAPH_TOP label=(unnamed) rank=0 name=leaf_0 (view) (cont)                     type=f32      ne=[250,2,1,1] bytes=      2000 MiB=    0.00
MEMLEDGER_GRAPH label=(unnamed) total_bytes=2000 total_MiB=0.00 n_tensors=1
MEMLEDGER_GRAPH_TOP label=(unnamed) rank=0 name=leaf_0 (view) (cont)                     type=f32      ne=[250,2,1,1] bytes=      2000 MiB=    0.00
MEMLEDGER_GRAPH label=(unnamed) total_bytes=1024 total_MiB=0.00 n_tensors=1
MEMLEDGER_GRAPH_TOP label=(unnamed) rank=0 name=leaf_0 (view) (cont)                     type=f32      ne=[256,1,1,1] bytes=      1024 MiB=    0.00
MEMLEDGER_GRAPH label=(unnamed) total_bytes=2000 total_MiB=0.00 n_tensors=1
MEMLEDGER_GRAPH_TOP label=(unnamed) rank=0 name=leaf_0 (view) (cont)                     type=f32      ne=[250,2,1,1] bytes=      2000 MiB=    0.00
MEMLEDGER_GRAPH label=(unnamed) total_bytes=2000 total_MiB=0.00 n_tensors=1
MEMLEDGER_GRAPH_TOP label=(unnamed) rank=0 name=leaf_0 (view) (cont)                     type=f32      ne=[250,2,1,1] bytes=      2000 MiB=    0.00
MEMLEDGER_GRAPH label=(unnamed) total_bytes=1024 total_MiB=0.00 n_tensors=1
MEMLEDGER_GRAPH_TOP label=(unnamed) rank=0 name=leaf_0 (view) (cont)                     type=f32      ne=[256,1,1,1] bytes=      1024 MiB=    0.00
MEMLEDGER_GRAPH label=(unnamed) total_bytes=2000 total_MiB=0.00 n_tensors=1
MEMLEDGER_GRAPH_TOP label=(unnamed) rank=0 name=leaf_0 (view) (cont)                     type=f32      ne=[250,2,1,1] bytes=      2000 MiB=    0.00
MEMLEDGER_GRAPH label=(unnamed) total_bytes=2000 total_MiB=0.00 n_tensors=1
MEMLEDGER_GRAPH_TOP label=(unnamed) rank=0 name=leaf_0 (view) (cont)                     type=f32      ne=[250,2,1,1] bytes=      2000 MiB=    0.00
MEMLEDGER_GRAPH label=(unnamed) total_bytes=1024 total_MiB=0.00 n_tensors=1
MEMLEDGER_GRAPH_TOP label=(unnamed) rank=0 name=leaf_0 (view) (cont)                     type=f32      ne=[256,1,1,1] bytes=      1024 MiB=    0.00
MEMLEDGER_GRAPH label=(unnamed) total_bytes=2000 total_MiB=0.00 n_tensors=1
MEMLEDGER_GRAPH_TOP label=(unnamed) rank=0 name=leaf_0 (view) (cont)                     type=f32      ne=[250,2,1,1] bytes=      2000 MiB=    0.00
MEMLEDGER_GRAPH label=(unnamed) total_bytes=2000 total_MiB=0.00 n_tensors=1
MEMLEDGER_GRAPH_TOP label=(unnamed) rank=0 name=leaf_0 (view) (cont)                     type=f32      ne=[250,2,1,1] bytes=      2000 MiB=    0.00
MEMLEDGER_GRAPH label=(unnamed) total_bytes=1024 total_MiB=0.00 n_tensors=1
MEMLEDGER_GRAPH_TOP label=(unnamed) rank=0 name=leaf_0 (view) (cont)                     type=f32      ne=[256,1,1,1] bytes=      1024 MiB=    0.00
MEMLEDGER_GRAPH label=(unnamed) total_bytes=2000 total_MiB=0.00 n_tensors=1
MEMLEDGER_GRAPH_TOP label=(unnamed) rank=0 name=leaf_0 (view) (cont)                     type=f32      ne=[250,2,1,1] bytes=      2000 MiB=    0.00
MEMLEDGER_GRAPH label=(unnamed) total_bytes=2000 total_MiB=0.00 n_tensors=1
MEMLEDGER_GRAPH_TOP label=(unnamed) rank=0 name=leaf_0 (view) (cont)                     type=f32      ne=[250,2,1,1] bytes=      2000 MiB=    0.00
MEMLEDGER_GRAPH label=(unnamed) total_bytes=1024 total_MiB=0.00 n_tensors=1
MEMLEDGER_GRAPH_TOP label=(unnamed) rank=0 name=leaf_0 (view) (cont)                     type=f32      ne=[256,1,1,1] bytes=      1024 MiB=    0.00
MEMLEDGER_GRAPH label=(unnamed) total_bytes=2000 total_MiB=0.00 n_tensors=1
MEMLEDGER_GRAPH_TOP label=(unnamed) rank=0 name=leaf_0 (view) (cont)                     type=f32      ne=[250,2,1,1] bytes=      2000 MiB=    0.00
MEMLEDGER_GRAPH label=(unnamed) total_bytes=2000 total_MiB=0.00 n_tensors=1
MEMLEDGER_GRAPH_TOP label=(unnamed) rank=0 name=leaf_0 (view) (cont)                     type=f32      ne=[250,2,1,1] bytes=      2000 MiB=    0.00
MEMLEDGER_GRAPH label=(unnamed) total_bytes=1024 total_MiB=0.00 n_tensors=1
MEMLEDGER_GRAPH_TOP label=(unnamed) rank=0 name=leaf_0 (view) (cont)                     type=f32      ne=[256,1,1,1] bytes=      1024 MiB=    0.00
MEMLEDGER_GRAPH label=(unnamed) total_bytes=2000 total_MiB=0.00 n_tensors=1
MEMLEDGER_GRAPH_TOP label=(unnamed) rank=0 name=leaf_0 (view) (cont)                     type=f32      ne=[250,2,1,1] bytes=      2000 MiB=    0.00
MEMLEDGER_GRAPH label=(unnamed) total_bytes=2000 total_MiB=0.00 n_tensors=1
MEMLEDGER_GRAPH_TOP label=(unnamed) rank=0 name=leaf_0 (view) (cont)                     type=f32      ne=[250,2,1,1] bytes=      2000 MiB=    0.00
MEMLEDGER_GRAPH label=(unnamed) total_bytes=1024 total_MiB=0.00 n_tensors=1
MEMLEDGER_GRAPH_TOP label=(unnamed) rank=0 name=leaf_0 (view) (cont)                     type=f32      ne=[256,1,1,1] bytes=      1024 MiB=    0.00
MEMLEDGER_GRAPH label=(unnamed) total_bytes=2000 total_MiB=0.00 n_tensors=1
MEMLEDGER_GRAPH_TOP label=(unnamed) rank=0 name=leaf_0 (view) (cont)                     type=f32      ne=[250,2,1,1] bytes=      2000 MiB=    0.00
MEMLEDGER_GRAPH label=(unnamed) total_bytes=2000 total_MiB=0.00 n_tensors=1
MEMLEDGER_GRAPH_TOP label=(unnamed) rank=0 name=leaf_0 (view) (cont)                     type=f32      ne=[250,2,1,1] bytes=      2000 MiB=    0.00
MEMLEDGER_GRAPH label=(unnamed) total_bytes=1024 total_MiB=0.00 n_tensors=1
MEMLEDGER_GRAPH_TOP label=(unnamed) rank=0 name=leaf_0 (view) (cont)                     type=f32      ne=[256,1,1,1] bytes=      1024 MiB=    0.00
MEMLEDGER_GRAPH label=(unnamed) total_bytes=2000 total_MiB=0.00 n_tensors=1
MEMLEDGER_GRAPH_TOP label=(unnamed) rank=0 name=leaf_0 (view) (cont)                     type=f32      ne=[250,2,1,1] bytes=      2000 MiB=    0.00
MEMLEDGER_GRAPH label=(unnamed) total_bytes=2000 total_MiB=0.00 n_tensors=1
MEMLEDGER_GRAPH_TOP label=(unnamed) rank=0 name=leaf_0 (view) (cont)                     type=f32      ne=[250,2,1,1] bytes=      2000 MiB=    0.00
MEMLEDGER_GRAPH label=(unnamed) total_bytes=1024 total_MiB=0.00 n_tensors=1
MEMLEDGER_GRAPH_TOP label=(unnamed) rank=0 name=leaf_0 (view) (cont)                     type=f32      ne=[256,1,1,1] bytes=      1024 MiB=    0.00
MEMLEDGER_GRAPH label=(unnamed) total_bytes=2000 total_MiB=0.00 n_tensors=1
MEMLEDGER_GRAPH_TOP label=(unnamed) rank=0 name=leaf_0 (view) (cont)                     type=f32      ne=[250,2,1,1] bytes=      2000 MiB=    0.00
MEMLEDGER_GRAPH label=(unnamed) total_bytes=2000 total_MiB=0.00 n_tensors=1
MEMLEDGER_GRAPH_TOP label=(unnamed) rank=0 name=leaf_0 (view) (cont)                     type=f32      ne=[250,2,1,1] bytes=      2000 MiB=    0.00
MEMLEDGER_GRAPH label=(unnamed) total_bytes=1024 total_MiB=0.00 n_tensors=1
MEMLEDGER_GRAPH_TOP label=(unnamed) rank=0 name=leaf_0 (view) (cont)                     type=f32      ne=[256,1,1,1] bytes=      1024 MiB=    0.00
MEMLEDGER_GRAPH label=(unnamed) total_bytes=2000 total_MiB=0.00 n_tensors=1
MEMLEDGER_GRAPH_TOP label=(unnamed) rank=0 name=leaf_0 (view) (cont)                     type=f32      ne=[250,2,1,1] bytes=      2000 MiB=    0.00
MEMLEDGER_GRAPH label=(unnamed) total_bytes=2000 total_MiB=0.00 n_tensors=1
MEMLEDGER_GRAPH_TOP label=(unnamed) rank=0 name=leaf_0 (view) (cont)                     type=f32      ne=[250,2,1,1] bytes=      2000 MiB=    0.00
MEMLEDGER_GRAPH label=(unnamed) total_bytes=1024 total_MiB=0.00 n_tensors=1
MEMLEDGER_GRAPH_TOP label=(unnamed) rank=0 name=leaf_0 (view) (cont)                     type=f32      ne=[256,1,1,1] bytes=      1024 MiB=    0.00
MEMLEDGER_GRAPH label=(unnamed) total_bytes=2000 total_MiB=0.00 n_tensors=1
MEMLEDGER_GRAPH_TOP label=(unnamed) rank=0 name=leaf_0 (view) (cont)                     type=f32      ne=[250,2,1,1] bytes=      2000 MiB=    0.00
MEMLEDGER_GRAPH label=(unnamed) total_bytes=2000 total_MiB=0.00 n_tensors=1
MEMLEDGER_GRAPH_TOP label=(unnamed) rank=0 name=leaf_0 (view) (cont)                     type=f32      ne=[250,2,1,1] bytes=      2000 MiB=    0.00
MEMLEDGER_GRAPH label=(unnamed) total_bytes=1024 total_MiB=0.00 n_tensors=1
MEMLEDGER_GRAPH_TOP label=(unnamed) rank=0 name=leaf_0 (view) (cont)                     type=f32      ne=[256,1,1,1] bytes=      1024 MiB=    0.00
MEMLEDGER_GRAPH label=(unnamed) total_bytes=2000 total_MiB=0.00 n_tensors=1
MEMLEDGER_GRAPH_TOP label=(unnamed) rank=0 name=leaf_0 (view) (cont)                     type=f32      ne=[250,2,1,1] bytes=      2000 MiB=    0.00
MEMLEDGER_GRAPH label=(unnamed) total_bytes=2000 total_MiB=0.00 n_tensors=1
MEMLEDGER_GRAPH_TOP label=(unnamed) rank=0 name=leaf_0 (view) (cont)                     type=f32      ne=[250,2,1,1] bytes=      2000 MiB=    0.00
MEMLEDGER_GRAPH label=(unnamed) total_bytes=1024 total_MiB=0.00 n_tensors=1
MEMLEDGER_GRAPH_TOP label=(unnamed) rank=0 name=leaf_0 (view) (cont)                     type=f32      ne=[256,1,1,1] bytes=      1024 MiB=    0.00
MEMLEDGER_GRAPH label=(unnamed) total_bytes=2000 total_MiB=0.00 n_tensors=1
MEMLEDGER_GRAPH_TOP label=(unnamed) rank=0 name=leaf_0 (view) (cont)                     type=f32      ne=[250,2,1,1] bytes=      2000 MiB=    0.00
MEMLEDGER_GRAPH label=(unnamed) total_bytes=2000 total_MiB=0.00 n_tensors=1
MEMLEDGER_GRAPH_TOP label=(unnamed) rank=0 name=leaf_0 (view) (cont)                     type=f32      ne=[250,2,1,1] bytes=      2000 MiB=    0.00
MEMLEDGER_GRAPH label=(unnamed) total_bytes=1024 total_MiB=0.00 n_tensors=1
MEMLEDGER_GRAPH_TOP label=(unnamed) rank=0 name=leaf_0 (view) (cont)                     type=f32      ne=[256,1,1,1] bytes=      1024 MiB=    0.00
MEMLEDGER_GRAPH label=(unnamed) total_bytes=2000 total_MiB=0.00 n_tensors=1
MEMLEDGER_GRAPH_TOP label=(unnamed) rank=0 name=leaf_0 (view) (cont)                     type=f32      ne=[250,2,1,1] bytes=      2000 MiB=    0.00
MEMLEDGER_GRAPH label=(unnamed) total_bytes=2000 total_MiB=0.00 n_tensors=1
MEMLEDGER_GRAPH_TOP label=(unnamed) rank=0 name=leaf_0 (view) (cont)                     type=f32      ne=[250,2,1,1] bytes=      2000 MiB=    0.00
MEMLEDGER_GRAPH label=(unnamed) total_bytes=1024 total_MiB=0.00 n_tensors=1
MEMLEDGER_GRAPH_TOP label=(unnamed) rank=0 name=leaf_0 (view) (cont)                     type=f32      ne=[256,1,1,1] bytes=      1024 MiB=    0.00
MEMLEDGER_GRAPH label=(unnamed) total_bytes=2000 total_MiB=0.00 n_tensors=1
MEMLEDGER_GRAPH_TOP label=(unnamed) rank=0 name=leaf_0 (view) (cont)                     type=f32      ne=[250,2,1,1] bytes=      2000 MiB=    0.00
MEMLEDGER_GRAPH label=(unnamed) total_bytes=2000 total_MiB=0.00 n_tensors=1
MEMLEDGER_GRAPH_TOP label=(unnamed) rank=0 name=leaf_0 (view) (cont)                     type=f32      ne=[250,2,1,1] bytes=      2000 MiB=    0.00
MEMLEDGER_GRAPH label=(unnamed) total_bytes=1024 total_MiB=0.00 n_tensors=1
MEMLEDGER_GRAPH_TOP label=(unnamed) rank=0 name=leaf_0 (view) (cont)                     type=f32      ne=[256,1,1,1] bytes=      1024 MiB=    0.00
MEMLEDGER_GRAPH label=(unnamed) total_bytes=2000 total_MiB=0.00 n_tensors=1
MEMLEDGER_GRAPH_TOP label=(unnamed) rank=0 name=leaf_0 (view) (cont)                     type=f32      ne=[250,2,1,1] bytes=      2000 MiB=    0.00
MEMLEDGER_GRAPH label=(unnamed) total_bytes=2000 total_MiB=0.00 n_tensors=1
MEMLEDGER_GRAPH_TOP label=(unnamed) rank=0 name=leaf_0 (view) (cont)                     type=f32      ne=[250,2,1,1] bytes=      2000 MiB=    0.00
MEMLEDGER_GRAPH label=(unnamed) total_bytes=1024 total_MiB=0.00 n_tensors=1
MEMLEDGER_GRAPH_TOP label=(unnamed) rank=0 name=leaf_0 (view) (cont)                     type=f32      ne=[256,1,1,1] bytes=      1024 MiB=    0.00
MEMLEDGER_GRAPH label=(unnamed) total_bytes=2000 total_MiB=0.00 n_tensors=1
MEMLEDGER_GRAPH_TOP label=(unnamed) rank=0 name=leaf_0 (view) (cont)                     type=f32      ne=[250,2,1,1] bytes=      2000 MiB=    0.00
MEMLEDGER_GRAPH label=(unnamed) total_bytes=2000 total_MiB=0.00 n_tensors=1
MEMLEDGER_GRAPH_TOP label=(unnamed) rank=0 name=leaf_0 (view) (cont)                     type=f32      ne=[250,2,1,1] bytes=      2000 MiB=    0.00
MEMLEDGER_GRAPH label=(unnamed) total_bytes=1024 total_MiB=0.00 n_tensors=1
MEMLEDGER_GRAPH_TOP label=(unnamed) rank=0 name=leaf_0 (view) (cont)                     type=f32      ne=[256,1,1,1] bytes=      1024 MiB=    0.00
MEMLEDGER_GRAPH label=(unnamed) total_bytes=2000 total_MiB=0.00 n_tensors=1
MEMLEDGER_GRAPH_TOP label=(unnamed) rank=0 name=leaf_0 (view) (cont)                     type=f32      ne=[250,2,1,1] bytes=      2000 MiB=    0.00
MEMLEDGER_GRAPH label=(unnamed) total_bytes=2000 total_MiB=0.00 n_tensors=1
MEMLEDGER_GRAPH_TOP label=(unnamed) rank=0 name=leaf_0 (view) (cont)                     type=f32      ne=[250,2,1,1] bytes=      2000 MiB=    0.00
MEMLEDGER_GRAPH label=(unnamed) total_bytes=1024 total_MiB=0.00 n_tensors=1
MEMLEDGER_GRAPH_TOP label=(unnamed) rank=0 name=leaf_0 (view) (cont)                     type=f32      ne=[256,1,1,1] bytes=      1024 MiB=    0.00
MEMLEDGER_GRAPH label=(unnamed) total_bytes=2000 total_MiB=0.00 n_tensors=1
MEMLEDGER_GRAPH_TOP label=(unnamed) rank=0 name=leaf_0 (view) (cont)                     type=f32      ne=[250,2,1,1] bytes=      2000 MiB=    0.00
MEMLEDGER_GRAPH label=(unnamed) total_bytes=2000 total_MiB=0.00 n_tensors=1
MEMLEDGER_GRAPH_TOP label=(unnamed) rank=0 name=leaf_0 (view) (cont)                     type=f32      ne=[250,2,1,1] bytes=      2000 MiB=    0.00
MEMLEDGER_GRAPH label=(unnamed) total_bytes=1024 total_MiB=0.00 n_tensors=1
MEMLEDGER_GRAPH_TOP label=(unnamed) rank=0 name=leaf_0 (view) (cont)                     type=f32      ne=[256,1,1,1] bytes=      1024 MiB=    0.00
MEMLEDGER_GRAPH label=(unnamed) total_bytes=2000 total_MiB=0.00 n_tensors=1
MEMLEDGER_GRAPH_TOP label=(unnamed) rank=0 name=leaf_0 (view) (cont)                     type=f32      ne=[250,2,1,1] bytes=      2000 MiB=    0.00
MEMLEDGER_GRAPH label=(unnamed) total_bytes=2000 total_MiB=0.00 n_tensors=1
MEMLEDGER_GRAPH_TOP label=(unnamed) rank=0 name=leaf_0 (view) (cont)                     type=f32      ne=[250,2,1,1] bytes=      2000 MiB=    0.00
MEMLEDGER_GRAPH label=(unnamed) total_bytes=1024 total_MiB=0.00 n_tensors=1
MEMLEDGER_GRAPH_TOP label=(unnamed) rank=0 name=leaf_0 (view) (cont)                     type=f32      ne=[256,1,1,1] bytes=      1024 MiB=    0.00
MEMLEDGER_GRAPH label=(unnamed) total_bytes=2000 total_MiB=0.00 n_tensors=1
MEMLEDGER_GRAPH_TOP label=(unnamed) rank=0 name=leaf_0 (view) (cont)                     type=f32      ne=[250,2,1,1] bytes=      2000 MiB=    0.00
MEMLEDGER_GRAPH label=(unnamed) total_bytes=2000 total_MiB=0.00 n_tensors=1
MEMLEDGER_GRAPH_TOP label=(unnamed) rank=0 name=leaf_0 (view) (cont)                     type=f32      ne=[250,2,1,1] bytes=      2000 MiB=    0.00
MEMLEDGER_GRAPH label=(unnamed) total_bytes=1024 total_MiB=0.00 n_tensors=1
MEMLEDGER_GRAPH_TOP label=(unnamed) rank=0 name=leaf_0 (view) (cont)                     type=f32      ne=[256,1,1,1] bytes=      1024 MiB=    0.00
MEMLEDGER_GRAPH label=(unnamed) total_bytes=2000 total_MiB=0.00 n_tensors=1
MEMLEDGER_GRAPH_TOP label=(unnamed) rank=0 name=leaf_0 (view) (cont)                     type=f32      ne=[250,2,1,1] bytes=      2000 MiB=    0.00
MEMLEDGER_GRAPH label=(unnamed) total_bytes=2000 total_MiB=0.00 n_tensors=1
MEMLEDGER_GRAPH_TOP label=(unnamed) rank=0 name=leaf_0 (view) (cont)                     type=f32      ne=[250,2,1,1] bytes=      2000 MiB=    0.00
MEMLEDGER_GRAPH label=(unnamed) total_bytes=1024 total_MiB=0.00 n_tensors=1
MEMLEDGER_GRAPH_TOP label=(unnamed) rank=0 name=leaf_0 (view) (cont)                     type=f32      ne=[256,1,1,1] bytes=      1024 MiB=    0.00
MEMLEDGER_GRAPH label=(unnamed) total_bytes=2000 total_MiB=0.00 n_tensors=1
MEMLEDGER_GRAPH_TOP label=(unnamed) rank=0 name=leaf_0 (view) (cont)                     type=f32      ne=[250,2,1,1] bytes=      2000 MiB=    0.00
MEMLEDGER_GRAPH label=(unnamed) total_bytes=2000 total_MiB=0.00 n_tensors=1
MEMLEDGER_GRAPH_TOP label=(unnamed) rank=0 name=leaf_0 (view) (cont)                     type=f32      ne=[250,2,1,1] bytes=      2000 MiB=    0.00
MEMLEDGER_GRAPH label=(unnamed) total_bytes=1024 total_MiB=0.00 n_tensors=1
MEMLEDGER_GRAPH_TOP label=(unnamed) rank=0 name=leaf_0 (view) (cont)                     type=f32      ne=[256,1,1,1] bytes=      1024 MiB=    0.00
MEMLEDGER_GRAPH label=(unnamed) total_bytes=2000 total_MiB=0.00 n_tensors=1
MEMLEDGER_GRAPH_TOP label=(unnamed) rank=0 name=leaf_0 (view) (cont)                     type=f32      ne=[250,2,1,1] bytes=      2000 MiB=    0.00
MEMLEDGER_GRAPH label=(unnamed) total_bytes=2000 total_MiB=0.00 n_tensors=1
MEMLEDGER_GRAPH_TOP label=(unnamed) rank=0 name=leaf_0 (view) (cont)                     type=f32      ne=[250,2,1,1] bytes=      2000 MiB=    0.00
MEMLEDGER_GRAPH label=(unnamed) total_bytes=1024 total_MiB=0.00 n_tensors=1
MEMLEDGER_GRAPH_TOP label=(unnamed) rank=0 name=leaf_0 (view) (cont)                     type=f32      ne=[256,1,1,1] bytes=      1024 MiB=    0.00
MEMLEDGER_GRAPH label=(unnamed) total_bytes=2000 total_MiB=0.00 n_tensors=1
MEMLEDGER_GRAPH_TOP label=(unnamed) rank=0 name=leaf_0 (view) (cont)                     type=f32      ne=[250,2,1,1] bytes=      2000 MiB=    0.00
MEMLEDGER_GRAPH label=(unnamed) total_bytes=2000 total_MiB=0.00 n_tensors=1
MEMLEDGER_GRAPH_TOP label=(unnamed) rank=0 name=leaf_0 (view) (cont)                     type=f32      ne=[250,2,1,1] bytes=      2000 MiB=    0.00
MEMLEDGER_GRAPH label=(unnamed) total_bytes=1024 total_MiB=0.00 n_tensors=1
MEMLEDGER_GRAPH_TOP label=(unnamed) rank=0 name=leaf_0 (view) (cont)                     type=f32      ne=[256,1,1,1] bytes=      1024 MiB=    0.00
MEMLEDGER_GRAPH label=(unnamed) total_bytes=2000 total_MiB=0.00 n_tensors=1
MEMLEDGER_GRAPH_TOP label=(unnamed) rank=0 name=leaf_0 (view) (cont)                     type=f32      ne=[250,2,1,1] bytes=      2000 MiB=    0.00
MEMLEDGER_GRAPH label=(unnamed) total_bytes=2000 total_MiB=0.00 n_tensors=1
MEMLEDGER_GRAPH_TOP label=(unnamed) rank=0 name=leaf_0 (view) (cont)                     type=f32      ne=[250,2,1,1] bytes=      2000 MiB=    0.00
MEMLEDGER_GRAPH label=(unnamed) total_bytes=1024 total_MiB=0.00 n_tensors=1
MEMLEDGER_GRAPH_TOP label=(unnamed) rank=0 name=leaf_0 (view) (cont)                     type=f32      ne=[256,1,1,1] bytes=      1024 MiB=    0.00
MEMLEDGER_GRAPH label=(unnamed) total_bytes=2000 total_MiB=0.00 n_tensors=1
MEMLEDGER_GRAPH_TOP label=(unnamed) rank=0 name=leaf_0 (view) (cont)                     type=f32      ne=[250,2,1,1] bytes=      2000 MiB=    0.00
MEMLEDGER_GRAPH label=(unnamed) total_bytes=2000 total_MiB=0.00 n_tensors=1
MEMLEDGER_GRAPH_TOP label=(unnamed) rank=0 name=leaf_0 (view) (cont)                     type=f32      ne=[250,2,1,1] bytes=      2000 MiB=    0.00
MEMLEDGER_GRAPH label=(unnamed) total_bytes=1024 total_MiB=0.00 n_tensors=1
MEMLEDGER_GRAPH_TOP label=(unnamed) rank=0 name=leaf_0 (view) (cont)                     type=f32      ne=[256,1,1,1] bytes=      1024 MiB=    0.00
MEMLEDGER_GRAPH label=(unnamed) total_bytes=2000 total_MiB=0.00 n_tensors=1
MEMLEDGER_GRAPH_TOP label=(unnamed) rank=0 name=leaf_0 (view) (cont)                     type=f32      ne=[250,2,1,1] bytes=      2000 MiB=    0.00
MEMLEDGER_GRAPH label=(unnamed) total_bytes=2000 total_MiB=0.00 n_tensors=1
MEMLEDGER_GRAPH_TOP label=(unnamed) rank=0 name=leaf_0 (view) (cont)                     type=f32      ne=[250,2,1,1] bytes=      2000 MiB=    0.00
MEMLEDGER_GRAPH label=(unnamed) total_bytes=1024 total_MiB=0.00 n_tensors=1
MEMLEDGER_GRAPH_TOP label=(unnamed) rank=0 name=leaf_0 (view) (cont)                     type=f32      ne=[256,1,1,1] bytes=      1024 MiB=    0.00
MEMLEDGER_GRAPH label=(unnamed) total_bytes=2000 total_MiB=0.00 n_tensors=1
MEMLEDGER_GRAPH_TOP label=(unnamed) rank=0 name=leaf_0 (view) (cont)                     type=f32      ne=[250,2,1,1] bytes=      2000 MiB=    0.00
MEMLEDGER_GRAPH label=(unnamed) total_bytes=2000 total_MiB=0.00 n_tensors=1
MEMLEDGER_GRAPH_TOP label=(unnamed) rank=0 name=leaf_0 (view) (cont)                     type=f32      ne=[250,2,1,1] bytes=      2000 MiB=    0.00
MEMLEDGER_GRAPH label=(unnamed) total_bytes=1024 total_MiB=0.00 n_tensors=1
MEMLEDGER_GRAPH_TOP label=(unnamed) rank=0 name=leaf_0 (view) (cont)                     type=f32      ne=[256,1,1,1] bytes=      1024 MiB=    0.00
MEMLEDGER_GRAPH label=(unnamed) total_bytes=2000 total_MiB=0.00 n_tensors=1
MEMLEDGER_GRAPH_TOP label=(unnamed) rank=0 name=leaf_0 (view) (cont)                     type=f32      ne=[250,2,1,1] bytes=      2000 MiB=    0.00
MEMLEDGER_GRAPH label=(unnamed) total_bytes=2000 total_MiB=0.00 n_tensors=1
MEMLEDGER_GRAPH_TOP label=(unnamed) rank=0 name=leaf_0 (view) (cont)                     type=f32      ne=[250,2,1,1] bytes=      2000 MiB=    0.00
MEMLEDGER_GRAPH label=(unnamed) total_bytes=1024 total_MiB=0.00 n_tensors=1
MEMLEDGER_GRAPH_TOP label=(unnamed) rank=0 name=leaf_0 (view) (cont)                     type=f32      ne=[256,1,1,1] bytes=      1024 MiB=    0.00
MEMLEDGER_GRAPH label=(unnamed) total_bytes=2000 total_MiB=0.00 n_tensors=1
MEMLEDGER_GRAPH_TOP label=(unnamed) rank=0 name=leaf_0 (view) (cont)                     type=f32      ne=[250,2,1,1] bytes=      2000 MiB=    0.00
MEMLEDGER_GRAPH label=(unnamed) total_bytes=2000 total_MiB=0.00 n_tensors=1
MEMLEDGER_GRAPH_TOP label=(unnamed) rank=0 name=leaf_0 (view) (cont)                     type=f32      ne=[250,2,1,1] bytes=      2000 MiB=    0.00
MEMLEDGER_GRAPH label=(unnamed) total_bytes=1024 total_MiB=0.00 n_tensors=1
MEMLEDGER_GRAPH_TOP label=(unnamed) rank=0 name=leaf_0 (view) (cont)                     type=f32      ne=[256,1,1,1] bytes=      1024 MiB=    0.00
MEMLEDGER_GRAPH label=(unnamed) total_bytes=2000 total_MiB=0.00 n_tensors=1
MEMLEDGER_GRAPH_TOP label=(unnamed) rank=0 name=leaf_0 (view) (cont)                     type=f32      ne=[250,2,1,1] bytes=      2000 MiB=    0.00
MEMLEDGER_GRAPH label=(unnamed) total_bytes=2000 total_MiB=0.00 n_tensors=1
MEMLEDGER_GRAPH_TOP label=(unnamed) rank=0 name=leaf_0 (view) (cont)                     type=f32      ne=[250,2,1,1] bytes=      2000 MiB=    0.00
MEMLEDGER_GRAPH label=(unnamed) total_bytes=1024 total_MiB=0.00 n_tensors=1
MEMLEDGER_GRAPH_TOP label=(unnamed) rank=0 name=leaf_0 (view) (cont)                     type=f32      ne=[256,1,1,1] bytes=      1024 MiB=    0.00
MEMLEDGER_GRAPH label=(unnamed) total_bytes=2000 total_MiB=0.00 n_tensors=1
MEMLEDGER_GRAPH_TOP label=(unnamed) rank=0 name=leaf_0 (view) (cont)                     type=f32      ne=[250,2,1,1] bytes=      2000 MiB=    0.00
MEMLEDGER_GRAPH label=(unnamed) total_bytes=2000 total_MiB=0.00 n_tensors=1
MEMLEDGER_GRAPH_TOP label=(unnamed) rank=0 name=leaf_0 (view) (cont)                     type=f32      ne=[250,2,1,1] bytes=      2000 MiB=    0.00
MEMLEDGER_GRAPH label=(unnamed) total_bytes=1024 total_MiB=0.00 n_tensors=1
MEMLEDGER_GRAPH_TOP label=(unnamed) rank=0 name=leaf_0 (view) (cont)                     type=f32      ne=[256,1,1,1] bytes=      1024 MiB=    0.00
MEMLEDGER_GRAPH label=(unnamed) total_bytes=2000 total_MiB=0.00 n_tensors=1
MEMLEDGER_GRAPH_TOP label=(unnamed) rank=0 name=leaf_0 (view) (cont)                     type=f32      ne=[250,2,1,1] bytes=      2000 MiB=    0.00
MEMLEDGER_GRAPH label=(unnamed) total_bytes=2000 total_MiB=0.00 n_tensors=1
MEMLEDGER_GRAPH_TOP label=(unnamed) rank=0 name=leaf_0 (view) (cont)                     type=f32      ne=[250,2,1,1] bytes=      2000 MiB=    0.00
MEMLEDGER_GRAPH label=(unnamed) total_bytes=1024 total_MiB=0.00 n_tensors=1
MEMLEDGER_GRAPH_TOP label=(unnamed) rank=0 name=leaf_0 (view) (cont)                     type=f32      ne=[256,1,1,1] bytes=      1024 MiB=    0.00
MEMLEDGER_GRAPH label=(unnamed) total_bytes=2000 total_MiB=0.00 n_tensors=1
MEMLEDGER_GRAPH_TOP label=(unnamed) rank=0 name=leaf_0 (view) (cont)                     type=f32      ne=[250,2,1,1] bytes=      2000 MiB=    0.00
MEMLEDGER_GRAPH label=(unnamed) total_bytes=2000 total_MiB=0.00 n_tensors=1
MEMLEDGER_GRAPH_TOP label=(unnamed) rank=0 name=leaf_0 (view) (cont)                     type=f32      ne=[250,2,1,1] bytes=      2000 MiB=    0.00
MEMLEDGER_GRAPH label=(unnamed) total_bytes=1024 total_MiB=0.00 n_tensors=1
MEMLEDGER_GRAPH_TOP label=(unnamed) rank=0 name=leaf_0 (view) (cont)                     type=f32      ne=[256,1,1,1] bytes=      1024 MiB=    0.00
MEMLEDGER_GRAPH label=(unnamed) total_bytes=2000 total_MiB=0.00 n_tensors=1
MEMLEDGER_GRAPH_TOP label=(unnamed) rank=0 name=leaf_0 (view) (cont)                     type=f32      ne=[250,2,1,1] bytes=      2000 MiB=    0.00
MEMLEDGER_GRAPH label=(unnamed) total_bytes=2000 total_MiB=0.00 n_tensors=1
MEMLEDGER_GRAPH_TOP label=(unnamed) rank=0 name=leaf_0 (view) (cont)                     type=f32      ne=[250,2,1,1] bytes=      2000 MiB=    0.00
MEMLEDGER_GRAPH label=(unnamed) total_bytes=1024 total_MiB=0.00 n_tensors=1
MEMLEDGER_GRAPH_TOP label=(unnamed) rank=0 name=leaf_0 (view) (cont)                     type=f32      ne=[256,1,1,1] bytes=      1024 MiB=    0.00
MEMLEDGER_GRAPH label=(unnamed) total_bytes=2000 total_MiB=0.00 n_tensors=1
MEMLEDGER_GRAPH_TOP label=(unnamed) rank=0 name=leaf_0 (view) (cont)                     type=f32      ne=[250,2,1,1] bytes=      2000 MiB=    0.00
MEMLEDGER_GRAPH label=(unnamed) total_bytes=2000 total_MiB=0.00 n_tensors=1
MEMLEDGER_GRAPH_TOP label=(unnamed) rank=0 name=leaf_0 (view) (cont)                     type=f32      ne=[250,2,1,1] bytes=      2000 MiB=    0.00
MEMLEDGER_GRAPH label=(unnamed) total_bytes=1024 total_MiB=0.00 n_tensors=1
MEMLEDGER_GRAPH_TOP label=(unnamed) rank=0 name=leaf_0 (view) (cont)                     type=f32      ne=[256,1,1,1] bytes=      1024 MiB=    0.00
MEMLEDGER_GRAPH label=(unnamed) total_bytes=2000 total_MiB=0.00 n_tensors=1
MEMLEDGER_GRAPH_TOP label=(unnamed) rank=0 name=leaf_0 (view) (cont)                     type=f32      ne=[250,2,1,1] bytes=      2000 MiB=    0.00
MEMLEDGER_GRAPH label=(unnamed) total_bytes=2000 total_MiB=0.00 n_tensors=1
MEMLEDGER_GRAPH_TOP label=(unnamed) rank=0 name=leaf_0 (view) (cont)                     type=f32      ne=[250,2,1,1] bytes=      2000 MiB=    0.00
MEMLEDGER_GRAPH label=(unnamed) total_bytes=1024 total_MiB=0.00 n_tensors=1
MEMLEDGER_GRAPH_TOP label=(unnamed) rank=0 name=leaf_0 (view) (cont)                     type=f32      ne=[256,1,1,1] bytes=      1024 MiB=    0.00
MEMLEDGER_GRAPH label=(unnamed) total_bytes=2000 total_MiB=0.00 n_tensors=1
MEMLEDGER_GRAPH_TOP label=(unnamed) rank=0 name=leaf_0 (view) (cont)                     type=f32      ne=[250,2,1,1] bytes=      2000 MiB=    0.00
MEMLEDGER_GRAPH label=(unnamed) total_bytes=2000 total_MiB=0.00 n_tensors=1
MEMLEDGER_GRAPH_TOP label=(unnamed) rank=0 name=leaf_0 (view) (cont)                     type=f32      ne=[250,2,1,1] bytes=      2000 MiB=    0.00
MEMLEDGER_GRAPH label=(unnamed) total_bytes=1024 total_MiB=0.00 n_tensors=1
MEMLEDGER_GRAPH_TOP label=(unnamed) rank=0 name=leaf_0 (view) (cont)                     type=f32      ne=[256,1,1,1] bytes=      1024 MiB=    0.00
MEMLEDGER_GRAPH label=(unnamed) total_bytes=2000 total_MiB=0.00 n_tensors=1
MEMLEDGER_GRAPH_TOP label=(unnamed) rank=0 name=leaf_0 (view) (cont)                     type=f32      ne=[250,2,1,1] bytes=      2000 MiB=    0.00
MEMLEDGER_GRAPH label=(unnamed) total_bytes=2000 total_MiB=0.00 n_tensors=1
MEMLEDGER_GRAPH_TOP label=(unnamed) rank=0 name=leaf_0 (view) (cont)                     type=f32      ne=[250,2,1,1] bytes=      2000 MiB=    0.00
MEMLEDGER_GRAPH label=(unnamed) total_bytes=1024 total_MiB=0.00 n_tensors=1
MEMLEDGER_GRAPH_TOP label=(unnamed) rank=0 name=leaf_0 (view) (cont)                     type=f32      ne=[256,1,1,1] bytes=      1024 MiB=    0.00
MEMLEDGER_GRAPH label=(unnamed) total_bytes=2000 total_MiB=0.00 n_tensors=1
MEMLEDGER_GRAPH_TOP label=(unnamed) rank=0 name=leaf_0 (view) (cont)                     type=f32      ne=[250,2,1,1] bytes=      2000 MiB=    0.00
MEMLEDGER_GRAPH label=(unnamed) total_bytes=2000 total_MiB=0.00 n_tensors=1
MEMLEDGER_GRAPH_TOP label=(unnamed) rank=0 name=leaf_0 (view) (cont)                     type=f32      ne=[250,2,1,1] bytes=      2000 MiB=    0.00
MEMLEDGER_GRAPH label=(unnamed) total_bytes=1024 total_MiB=0.00 n_tensors=1
MEMLEDGER_GRAPH_TOP label=(unnamed) rank=0 name=leaf_0 (view) (cont)                     type=f32      ne=[256,1,1,1] bytes=      1024 MiB=    0.00
MEMLEDGER_GRAPH label=(unnamed) total_bytes=2000 total_MiB=0.00 n_tensors=1
MEMLEDGER_GRAPH_TOP label=(unnamed) rank=0 name=leaf_0 (view) (cont)                     type=f32      ne=[250,2,1,1] bytes=      2000 MiB=    0.00
MEMLEDGER_GRAPH label=(unnamed) total_bytes=2000 total_MiB=0.00 n_tensors=1
MEMLEDGER_GRAPH_TOP label=(unnamed) rank=0 name=leaf_0 (view) (cont)                     type=f32      ne=[250,2,1,1] bytes=      2000 MiB=    0.00
MEMLEDGER_GRAPH label=(unnamed) total_bytes=1024 total_MiB=0.00 n_tensors=1
MEMLEDGER_GRAPH_TOP label=(unnamed) rank=0 name=leaf_0 (view) (cont)                     type=f32      ne=[256,1,1,1] bytes=      1024 MiB=    0.00
MEMLEDGER_GRAPH label=(unnamed) total_bytes=2000 total_MiB=0.00 n_tensors=1
MEMLEDGER_GRAPH_TOP label=(unnamed) rank=0 name=leaf_0 (view) (cont)                     type=f32      ne=[250,2,1,1] bytes=      2000 MiB=    0.00
MEMLEDGER_GRAPH label=(unnamed) total_bytes=2000 total_MiB=0.00 n_tensors=1
MEMLEDGER_GRAPH_TOP label=(unnamed) rank=0 name=leaf_0 (view) (cont)                     type=f32      ne=[250,2,1,1] bytes=      2000 MiB=    0.00
MEMLEDGER_GRAPH label=(unnamed) total_bytes=1024 total_MiB=0.00 n_tensors=1
MEMLEDGER_GRAPH_TOP label=(unnamed) rank=0 name=leaf_0 (view) (cont)                     type=f32      ne=[256,1,1,1] bytes=      1024 MiB=    0.00
MEMLEDGER_GRAPH label=(unnamed) total_bytes=2000 total_MiB=0.00 n_tensors=1
MEMLEDGER_GRAPH_TOP label=(unnamed) rank=0 name=leaf_0 (view) (cont)                     type=f32      ne=[250,2,1,1] bytes=      2000 MiB=    0.00
MEMLEDGER_GRAPH label=(unnamed) total_bytes=2000 total_MiB=0.00 n_tensors=1
MEMLEDGER_GRAPH_TOP label=(unnamed) rank=0 name=leaf_0 (view) (cont)                     type=f32      ne=[250,2,1,1] bytes=      2000 MiB=    0.00
MEMLEDGER_GRAPH label=(unnamed) total_bytes=1024 total_MiB=0.00 n_tensors=1
MEMLEDGER_GRAPH_TOP label=(unnamed) rank=0 name=leaf_0 (view) (cont)                     type=f32      ne=[256,1,1,1] bytes=      1024 MiB=    0.00
MEMLEDGER_GRAPH label=(unnamed) total_bytes=2000 total_MiB=0.00 n_tensors=1
MEMLEDGER_GRAPH_TOP label=(unnamed) rank=0 name=leaf_0 (view) (cont)                     type=f32      ne=[250,2,1,1] bytes=      2000 MiB=    0.00
MEMLEDGER_GRAPH label=(unnamed) total_bytes=2000 total_MiB=0.00 n_tensors=1
MEMLEDGER_GRAPH_TOP label=(unnamed) rank=0 name=leaf_0 (view) (cont)                     type=f32      ne=[250,2,1,1] bytes=      2000 MiB=    0.00
MEMLEDGER_GRAPH label=(unnamed) total_bytes=1024 total_MiB=0.00 n_tensors=1
MEMLEDGER_GRAPH_TOP label=(unnamed) rank=0 name=leaf_0 (view) (cont)                     type=f32      ne=[256,1,1,1] bytes=      1024 MiB=    0.00
MEMLEDGER_GRAPH label=(unnamed) total_bytes=2000 total_MiB=0.00 n_tensors=1
MEMLEDGER_GRAPH_TOP label=(unnamed) rank=0 name=leaf_0 (view) (cont)                     type=f32      ne=[250,2,1,1] bytes=      2000 MiB=    0.00
MEMLEDGER_GRAPH label=(unnamed) total_bytes=2000 total_MiB=0.00 n_tensors=1
MEMLEDGER_GRAPH_TOP label=(unnamed) rank=0 name=leaf_0 (view) (cont)                     type=f32      ne=[250,2,1,1] bytes=      2000 MiB=    0.00
MEMLEDGER_GRAPH label=(unnamed) total_bytes=1024 total_MiB=0.00 n_tensors=1
MEMLEDGER_GRAPH_TOP label=(unnamed) rank=0 name=leaf_0 (view) (cont)                     type=f32      ne=[256,1,1,1] bytes=      1024 MiB=    0.00
MEMLEDGER_GRAPH label=(unnamed) total_bytes=2000 total_MiB=0.00 n_tensors=1
MEMLEDGER_GRAPH_TOP label=(unnamed) rank=0 name=leaf_0 (view) (cont)                     type=f32      ne=[250,2,1,1] bytes=      2000 MiB=    0.00
MEMLEDGER_GRAPH label=(unnamed) total_bytes=2000 total_MiB=0.00 n_tensors=1
MEMLEDGER_GRAPH_TOP label=(unnamed) rank=0 name=leaf_0 (view) (cont)                     type=f32      ne=[250,2,1,1] bytes=      2000 MiB=    0.00
MEMLEDGER_GRAPH label=(unnamed) total_bytes=1024 total_MiB=0.00 n_tensors=1
MEMLEDGER_GRAPH_TOP label=(unnamed) rank=0 name=leaf_0 (view) (cont)                     type=f32      ne=[256,1,1,1] bytes=      1024 MiB=    0.00
MEMLEDGER_GRAPH label=(unnamed) total_bytes=2000 total_MiB=0.00 n_tensors=1
MEMLEDGER_GRAPH_TOP label=(unnamed) rank=0 name=leaf_0 (view) (cont)                     type=f32      ne=[250,2,1,1] bytes=      2000 MiB=    0.00
MEMLEDGER_GRAPH label=(unnamed) total_bytes=2000 total_MiB=0.00 n_tensors=1
MEMLEDGER_GRAPH_TOP label=(unnamed) rank=0 name=leaf_0 (view) (cont)                     type=f32      ne=[250,2,1,1] bytes=      2000 MiB=    0.00
MEMLEDGER_GRAPH label=(unnamed) total_bytes=1024 total_MiB=0.00 n_tensors=1
MEMLEDGER_GRAPH_TOP label=(unnamed) rank=0 name=leaf_0 (view) (cont)                     type=f32      ne=[256,1,1,1] bytes=      1024 MiB=    0.00
MEMLEDGER_GRAPH label=(unnamed) total_bytes=2000 total_MiB=0.00 n_tensors=1
MEMLEDGER_GRAPH_TOP label=(unnamed) rank=0 name=leaf_0 (view) (cont)                     type=f32      ne=[250,2,1,1] bytes=      2000 MiB=    0.00
MEMLEDGER_GRAPH label=(unnamed) total_bytes=2000 total_MiB=0.00 n_tensors=1
MEMLEDGER_GRAPH_TOP label=(unnamed) rank=0 name=leaf_0 (view) (cont)                     type=f32      ne=[250,2,1,1] bytes=      2000 MiB=    0.00
MEMLEDGER_GRAPH label=(unnamed) total_bytes=1024 total_MiB=0.00 n_tensors=1
MEMLEDGER_GRAPH_TOP label=(unnamed) rank=0 name=leaf_0 (view) (cont)                     type=f32      ne=[256,1,1,1] bytes=      1024 MiB=    0.00
MEMLEDGER_GRAPH label=(unnamed) total_bytes=2000 total_MiB=0.00 n_tensors=1
MEMLEDGER_GRAPH_TOP label=(unnamed) rank=0 name=leaf_0 (view) (cont)                     type=f32      ne=[250,2,1,1] bytes=      2000 MiB=    0.00
MEMLEDGER_GRAPH label=(unnamed) total_bytes=2000 total_MiB=0.00 n_tensors=1
MEMLEDGER_GRAPH_TOP label=(unnamed) rank=0 name=leaf_0 (view) (cont)                     type=f32      ne=[250,2,1,1] bytes=      2000 MiB=    0.00
MEMLEDGER_GRAPH label=(unnamed) total_bytes=1024 total_MiB=0.00 n_tensors=1
MEMLEDGER_GRAPH_TOP label=(unnamed) rank=0 name=leaf_0 (view) (cont)                     type=f32      ne=[256,1,1,1] bytes=      1024 MiB=    0.00
MEMLEDGER_GRAPH label=(unnamed) total_bytes=2000 total_MiB=0.00 n_tensors=1
MEMLEDGER_GRAPH_TOP label=(unnamed) rank=0 name=leaf_0 (view) (cont)                     type=f32      ne=[250,2,1,1] bytes=      2000 MiB=    0.00
MEMLEDGER_GRAPH label=(unnamed) total_bytes=2000 total_MiB=0.00 n_tensors=1
MEMLEDGER_GRAPH_TOP label=(unnamed) rank=0 name=leaf_0 (view) (cont)                     type=f32      ne=[250,2,1,1] bytes=      2000 MiB=    0.00
MEMLEDGER_GRAPH label=(unnamed) total_bytes=1024 total_MiB=0.00 n_tensors=1
MEMLEDGER_GRAPH_TOP label=(unnamed) rank=0 name=leaf_0 (view) (cont)                     type=f32      ne=[256,1,1,1] bytes=      1024 MiB=    0.00
MEMLEDGER_GRAPH label=(unnamed) total_bytes=2000 total_MiB=0.00 n_tensors=1
MEMLEDGER_GRAPH_TOP label=(unnamed) rank=0 name=leaf_0 (view) (cont)                     type=f32      ne=[250,2,1,1] bytes=      2000 MiB=    0.00
MEMLEDGER_GRAPH label=(unnamed) total_bytes=2000 total_MiB=0.00 n_tensors=1
MEMLEDGER_GRAPH_TOP label=(unnamed) rank=0 name=leaf_0 (view) (cont)                     type=f32      ne=[250,2,1,1] bytes=      2000 MiB=    0.00
MEMLEDGER_GRAPH label=(unnamed) total_bytes=1024 total_MiB=0.00 n_tensors=1
MEMLEDGER_GRAPH_TOP label=(unnamed) rank=0 name=leaf_0 (view) (cont)                     type=f32      ne=[256,1,1,1] bytes=      1024 MiB=    0.00
MEMLEDGER_GRAPH label=(unnamed) total_bytes=2000 total_MiB=0.00 n_tensors=1
MEMLEDGER_GRAPH_TOP label=(unnamed) rank=0 name=leaf_0 (view) (cont)                     type=f32      ne=[250,2,1,1] bytes=      2000 MiB=    0.00
MEMLEDGER_GRAPH label=(unnamed) total_bytes=2000 total_MiB=0.00 n_tensors=1
MEMLEDGER_GRAPH_TOP label=(unnamed) rank=0 name=leaf_0 (view) (cont)                     type=f32      ne=[250,2,1,1] bytes=      2000 MiB=    0.00
MEMLEDGER_GRAPH label=(unnamed) total_bytes=1024 total_MiB=0.00 n_tensors=1
MEMLEDGER_GRAPH_TOP label=(unnamed) rank=0 name=leaf_0 (view) (cont)                     type=f32      ne=[256,1,1,1] bytes=      1024 MiB=    0.00
MEMLEDGER_GRAPH label=(unnamed) total_bytes=2000 total_MiB=0.00 n_tensors=1
MEMLEDGER_GRAPH_TOP label=(unnamed) rank=0 name=leaf_0 (view) (cont)                     type=f32      ne=[250,2,1,1] bytes=      2000 MiB=    0.00
MEMLEDGER_GRAPH label=(unnamed) total_bytes=2000 total_MiB=0.00 n_tensors=1
MEMLEDGER_GRAPH_TOP label=(unnamed) rank=0 name=leaf_0 (view) (cont)                     type=f32      ne=[250,2,1,1] bytes=      2000 MiB=    0.00
MEMLEDGER_GRAPH label=(unnamed) total_bytes=1024 total_MiB=0.00 n_tensors=1
MEMLEDGER_GRAPH_TOP label=(unnamed) rank=0 name=leaf_0 (view) (cont)                     type=f32      ne=[256,1,1,1] bytes=      1024 MiB=    0.00
MEMLEDGER_GRAPH label=(unnamed) total_bytes=2000 total_MiB=0.00 n_tensors=1
MEMLEDGER_GRAPH_TOP label=(unnamed) rank=0 name=leaf_0 (view) (cont)                     type=f32      ne=[250,2,1,1] bytes=      2000 MiB=    0.00
MEMLEDGER_GRAPH label=(unnamed) total_bytes=2000 total_MiB=0.00 n_tensors=1
MEMLEDGER_GRAPH_TOP label=(unnamed) rank=0 name=leaf_0 (view) (cont)                     type=f32      ne=[250,2,1,1] bytes=      2000 MiB=    0.00
MEMLEDGER_GRAPH label=(unnamed) total_bytes=1024 total_MiB=0.00 n_tensors=1
MEMLEDGER_GRAPH_TOP label=(unnamed) rank=0 name=leaf_0 (view) (cont)                     type=f32      ne=[256,1,1,1] bytes=      1024 MiB=    0.00
MEMLEDGER_GRAPH label=(unnamed) total_bytes=2000 total_MiB=0.00 n_tensors=1
MEMLEDGER_GRAPH_TOP label=(unnamed) rank=0 name=leaf_0 (view) (cont)                     type=f32      ne=[250,2,1,1] bytes=      2000 MiB=    0.00
MEMLEDGER_GRAPH label=(unnamed) total_bytes=2000 total_MiB=0.00 n_tensors=1
MEMLEDGER_GRAPH_TOP label=(unnamed) rank=0 name=leaf_0 (view) (cont)                     type=f32      ne=[250,2,1,1] bytes=      2000 MiB=    0.00
MEMLEDGER_GRAPH label=(unnamed) total_bytes=1024 total_MiB=0.00 n_tensors=1
MEMLEDGER_GRAPH_TOP label=(unnamed) rank=0 name=leaf_0 (view) (cont)                     type=f32      ne=[256,1,1,1] bytes=      1024 MiB=    0.00
MEMLEDGER_GRAPH label=(unnamed) total_bytes=2000 total_MiB=0.00 n_tensors=1
MEMLEDGER_GRAPH_TOP label=(unnamed) rank=0 name=leaf_0 (view) (cont)                     type=f32      ne=[250,2,1,1] bytes=      2000 MiB=    0.00
MEMLEDGER_GRAPH label=(unnamed) total_bytes=2000 total_MiB=0.00 n_tensors=1
MEMLEDGER_GRAPH_TOP label=(unnamed) rank=0 name=leaf_0 (view) (cont)                     type=f32      ne=[250,2,1,1] bytes=      2000 MiB=    0.00
MEMLEDGER_GRAPH label=(unnamed) total_bytes=1024 total_MiB=0.00 n_tensors=1
MEMLEDGER_GRAPH_TOP label=(unnamed) rank=0 name=leaf_0 (view) (cont)                     type=f32      ne=[256,1,1,1] bytes=      1024 MiB=    0.00
MEMLEDGER_GRAPH label=(unnamed) total_bytes=2000 total_MiB=0.00 n_tensors=1
MEMLEDGER_GRAPH_TOP label=(unnamed) rank=0 name=leaf_0 (view) (cont)                     type=f32      ne=[250,2,1,1] bytes=      2000 MiB=    0.00
MEMLEDGER_GRAPH label=(unnamed) total_bytes=2000 total_MiB=0.00 n_tensors=1
MEMLEDGER_GRAPH_TOP label=(unnamed) rank=0 name=leaf_0 (view) (cont)                     type=f32      ne=[250,2,1,1] bytes=      2000 MiB=    0.00
MEMLEDGER_GRAPH label=(unnamed) total_bytes=1024 total_MiB=0.00 n_tensors=1
MEMLEDGER_GRAPH_TOP label=(unnamed) rank=0 name=leaf_0 (view) (cont)                     type=f32      ne=[256,1,1,1] bytes=      1024 MiB=    0.00
MEMLEDGER_GRAPH label=(unnamed) total_bytes=2000 total_MiB=0.00 n_tensors=1
MEMLEDGER_GRAPH_TOP label=(unnamed) rank=0 name=leaf_0 (view) (cont)                     type=f32      ne=[250,2,1,1] bytes=      2000 MiB=    0.00
MEMLEDGER_GRAPH label=(unnamed) total_bytes=2000 total_MiB=0.00 n_tensors=1
MEMLEDGER_GRAPH_TOP label=(unnamed) rank=0 name=leaf_0 (view) (cont)                     type=f32      ne=[250,2,1,1] bytes=      2000 MiB=    0.00
MEMLEDGER_GRAPH label=(unnamed) total_bytes=1024 total_MiB=0.00 n_tensors=1
MEMLEDGER_GRAPH_TOP label=(unnamed) rank=0 name=leaf_0 (view) (cont)                     type=f32      ne=[256,1,1,1] bytes=      1024 MiB=    0.00
MEMLEDGER_GRAPH label=(unnamed) total_bytes=2000 total_MiB=0.00 n_tensors=1
MEMLEDGER_GRAPH_TOP label=(unnamed) rank=0 name=leaf_0 (view) (cont)                     type=f32      ne=[250,2,1,1] bytes=      2000 MiB=    0.00
MEMLEDGER_GRAPH label=(unnamed) total_bytes=2000 total_MiB=0.00 n_tensors=1
MEMLEDGER_GRAPH_TOP label=(unnamed) rank=0 name=leaf_0 (view) (cont)                     type=f32      ne=[250,2,1,1] bytes=      2000 MiB=    0.00
MEMLEDGER_GRAPH label=(unnamed) total_bytes=1024 total_MiB=0.00 n_tensors=1
MEMLEDGER_GRAPH_TOP label=(unnamed) rank=0 name=leaf_0 (view) (cont)                     type=f32      ne=[256,1,1,1] bytes=      1024 MiB=    0.00
MEMLEDGER_GRAPH label=(unnamed) total_bytes=2000 total_MiB=0.00 n_tensors=1
MEMLEDGER_GRAPH_TOP label=(unnamed) rank=0 name=leaf_0 (view) (cont)                     type=f32      ne=[250,2,1,1] bytes=      2000 MiB=    0.00
MEMLEDGER_GRAPH label=(unnamed) total_bytes=2000 total_MiB=0.00 n_tensors=1
MEMLEDGER_GRAPH_TOP label=(unnamed) rank=0 name=leaf_0 (view) (cont)                     type=f32      ne=[250,2,1,1] bytes=      2000 MiB=    0.00
MEMLEDGER_GRAPH label=(unnamed) total_bytes=1024 total_MiB=0.00 n_tensors=1
MEMLEDGER_GRAPH_TOP label=(unnamed) rank=0 name=leaf_0 (view) (cont)                     type=f32      ne=[256,1,1,1] bytes=      1024 MiB=    0.00
MEMLEDGER_GRAPH label=(unnamed) total_bytes=2000 total_MiB=0.00 n_tensors=1
MEMLEDGER_GRAPH_TOP label=(unnamed) rank=0 name=leaf_0 (view) (cont)                     type=f32      ne=[250,2,1,1] bytes=      2000 MiB=    0.00
MEMLEDGER_GRAPH label=(unnamed) total_bytes=2000 total_MiB=0.00 n_tensors=1
MEMLEDGER_GRAPH_TOP label=(unnamed) rank=0 name=leaf_0 (view) (cont)                     type=f32      ne=[250,2,1,1] bytes=      2000 MiB=    0.00
MEMLEDGER_GRAPH label=(unnamed) total_bytes=1024 total_MiB=0.00 n_tensors=1
MEMLEDGER_GRAPH_TOP label=(unnamed) rank=0 name=leaf_0 (view) (cont)                     type=f32      ne=[256,1,1,1] bytes=      1024 MiB=    0.00
MEMLEDGER_GRAPH label=(unnamed) total_bytes=2000 total_MiB=0.00 n_tensors=1
MEMLEDGER_GRAPH_TOP label=(unnamed) rank=0 name=leaf_0 (view) (cont)                     type=f32      ne=[250,2,1,1] bytes=      2000 MiB=    0.00
MEMLEDGER_GRAPH label=(unnamed) total_bytes=2000 total_MiB=0.00 n_tensors=1
MEMLEDGER_GRAPH_TOP label=(unnamed) rank=0 name=leaf_0 (view) (cont)                     type=f32      ne=[250,2,1,1] bytes=      2000 MiB=    0.00
MEMLEDGER_GRAPH label=(unnamed) total_bytes=1024 total_MiB=0.00 n_tensors=1
MEMLEDGER_GRAPH_TOP label=(unnamed) rank=0 name=leaf_0 (view) (cont)                     type=f32      ne=[256,1,1,1] bytes=      1024 MiB=    0.00
MEMLEDGER_GRAPH label=(unnamed) total_bytes=2000 total_MiB=0.00 n_tensors=1
MEMLEDGER_GRAPH_TOP label=(unnamed) rank=0 name=leaf_0 (view) (cont)                     type=f32      ne=[250,2,1,1] bytes=      2000 MiB=    0.00
MEMLEDGER_GRAPH label=(unnamed) total_bytes=2000 total_MiB=0.00 n_tensors=1
MEMLEDGER_GRAPH_TOP label=(unnamed) rank=0 name=leaf_0 (view) (cont)                     type=f32      ne=[250,2,1,1] bytes=      2000 MiB=    0.00
MEMLEDGER_GRAPH label=(unnamed) total_bytes=1024 total_MiB=0.00 n_tensors=1
MEMLEDGER_GRAPH_TOP label=(unnamed) rank=0 name=leaf_0 (view) (cont)                     type=f32      ne=[256,1,1,1] bytes=      1024 MiB=    0.00
MEMLEDGER_GRAPH label=(unnamed) total_bytes=2000 total_MiB=0.00 n_tensors=1
MEMLEDGER_GRAPH_TOP label=(unnamed) rank=0 name=leaf_0 (view) (cont)                     type=f32      ne=[250,2,1,1] bytes=      2000 MiB=    0.00
MEMLEDGER_GRAPH label=(unnamed) total_bytes=2000 total_MiB=0.00 n_tensors=1
MEMLEDGER_GRAPH_TOP label=(unnamed) rank=0 name=leaf_0 (view) (cont)                     type=f32      ne=[250,2,1,1] bytes=      2000 MiB=    0.00
MEMLEDGER_GRAPH label=(unnamed) total_bytes=1024 total_MiB=0.00 n_tensors=1
MEMLEDGER_GRAPH_TOP label=(unnamed) rank=0 name=leaf_0 (view) (cont)                     type=f32      ne=[256,1,1,1] bytes=      1024 MiB=    0.00
MEMLEDGER_GRAPH label=(unnamed) total_bytes=2000 total_MiB=0.00 n_tensors=1
MEMLEDGER_GRAPH_TOP label=(unnamed) rank=0 name=leaf_0 (view) (cont)                     type=f32      ne=[250,2,1,1] bytes=      2000 MiB=    0.00
MEMLEDGER_GRAPH label=(unnamed) total_bytes=2000 total_MiB=0.00 n_tensors=1
MEMLEDGER_GRAPH_TOP label=(unnamed) rank=0 name=leaf_0 (view) (cont)                     type=f32      ne=[250,2,1,1] bytes=      2000 MiB=    0.00
MEMLEDGER_GRAPH label=(unnamed) total_bytes=1024 total_MiB=0.00 n_tensors=1
MEMLEDGER_GRAPH_TOP label=(unnamed) rank=0 name=leaf_0 (view) (cont)                     type=f32      ne=[256,1,1,1] bytes=      1024 MiB=    0.00
MEMLEDGER_GRAPH label=(unnamed) total_bytes=2000 total_MiB=0.00 n_tensors=1
MEMLEDGER_GRAPH_TOP label=(unnamed) rank=0 name=leaf_0 (view) (cont)                     type=f32      ne=[250,2,1,1] bytes=      2000 MiB=    0.00
MEMLEDGER_GRAPH label=(unnamed) total_bytes=2000 total_MiB=0.00 n_tensors=1
MEMLEDGER_GRAPH_TOP label=(unnamed) rank=0 name=leaf_0 (view) (cont)                     type=f32      ne=[250,2,1,1] bytes=      2000 MiB=    0.00
MEMLEDGER_GRAPH label=(unnamed) total_bytes=1024 total_MiB=0.00 n_tensors=1
MEMLEDGER_GRAPH_TOP label=(unnamed) rank=0 name=leaf_0 (view) (cont)                     type=f32      ne=[256,1,1,1] bytes=      1024 MiB=    0.00
MEMLEDGER_GRAPH label=(unnamed) total_bytes=2000 total_MiB=0.00 n_tensors=1
MEMLEDGER_GRAPH_TOP label=(unnamed) rank=0 name=leaf_0 (view) (cont)                     type=f32      ne=[250,2,1,1] bytes=      2000 MiB=    0.00
MEMLEDGER_GRAPH label=(unnamed) total_bytes=2000 total_MiB=0.00 n_tensors=1
MEMLEDGER_GRAPH_TOP label=(unnamed) rank=0 name=leaf_0 (view) (cont)                     type=f32      ne=[250,2,1,1] bytes=      2000 MiB=    0.00
MEMLEDGER_GRAPH label=(unnamed) total_bytes=1024 total_MiB=0.00 n_tensors=1
MEMLEDGER_GRAPH_TOP label=(unnamed) rank=0 name=leaf_0 (view) (cont)                     type=f32      ne=[256,1,1,1] bytes=      1024 MiB=    0.00
MEMLEDGER_GRAPH label=(unnamed) total_bytes=2000 total_MiB=0.00 n_tensors=1
MEMLEDGER_GRAPH_TOP label=(unnamed) rank=0 name=leaf_0 (view) (cont)                     type=f32      ne=[250,2,1,1] bytes=      2000 MiB=    0.00
MEMLEDGER_GRAPH label=(unnamed) total_bytes=2000 total_MiB=0.00 n_tensors=1
MEMLEDGER_GRAPH_TOP label=(unnamed) rank=0 name=leaf_0 (view) (cont)                     type=f32      ne=[250,2,1,1] bytes=      2000 MiB=    0.00
MEMLEDGER_GRAPH label=(unnamed) total_bytes=1024 total_MiB=0.00 n_tensors=1
MEMLEDGER_GRAPH_TOP label=(unnamed) rank=0 name=leaf_0 (view) (cont)                     type=f32      ne=[256,1,1,1] bytes=      1024 MiB=    0.00
MEMLEDGER_GRAPH label=(unnamed) total_bytes=2000 total_MiB=0.00 n_tensors=1
MEMLEDGER_GRAPH_TOP label=(unnamed) rank=0 name=leaf_0 (view) (cont)                     type=f32      ne=[250,2,1,1] bytes=      2000 MiB=    0.00
MEMLEDGER_GRAPH label=(unnamed) total_bytes=2000 total_MiB=0.00 n_tensors=1
MEMLEDGER_GRAPH_TOP label=(unnamed) rank=0 name=leaf_0 (view) (cont)                     type=f32      ne=[250,2,1,1] bytes=      2000 MiB=    0.00
MEMLEDGER_GRAPH label=(unnamed) total_bytes=1024 total_MiB=0.00 n_tensors=1
MEMLEDGER_GRAPH_TOP label=(unnamed) rank=0 name=leaf_0 (view) (cont)                     type=f32      ne=[256,1,1,1] bytes=      1024 MiB=    0.00
MEMLEDGER_GRAPH label=(unnamed) total_bytes=2000 total_MiB=0.00 n_tensors=1
MEMLEDGER_GRAPH_TOP label=(unnamed) rank=0 name=leaf_0 (view) (cont)                     type=f32      ne=[250,2,1,1] bytes=      2000 MiB=    0.00
MEMLEDGER_GRAPH label=(unnamed) total_bytes=2000 total_MiB=0.00 n_tensors=1
MEMLEDGER_GRAPH_TOP label=(unnamed) rank=0 name=leaf_0 (view) (cont)                     type=f32      ne=[250,2,1,1] bytes=      2000 MiB=    0.00
MEMLEDGER_GRAPH label=(unnamed) total_bytes=1024 total_MiB=0.00 n_tensors=1
MEMLEDGER_GRAPH_TOP label=(unnamed) rank=0 name=leaf_0 (view) (cont)                     type=f32      ne=[256,1,1,1] bytes=      1024 MiB=    0.00
MEMLEDGER_GRAPH label=(unnamed) total_bytes=2000 total_MiB=0.00 n_tensors=1
MEMLEDGER_GRAPH_TOP label=(unnamed) rank=0 name=leaf_0 (view) (cont)                     type=f32      ne=[250,2,1,1] bytes=      2000 MiB=    0.00
MEMLEDGER_GRAPH label=(unnamed) total_bytes=2000 total_MiB=0.00 n_tensors=1
MEMLEDGER_GRAPH_TOP label=(unnamed) rank=0 name=leaf_0 (view) (cont)                     type=f32      ne=[250,2,1,1] bytes=      2000 MiB=    0.00
MEMLEDGER_GRAPH label=(unnamed) total_bytes=1024 total_MiB=0.00 n_tensors=1
MEMLEDGER_GRAPH_TOP label=(unnamed) rank=0 name=leaf_0 (view) (cont)                     type=f32      ne=[256,1,1,1] bytes=      1024 MiB=    0.00
MEMLEDGER_GRAPH label=(unnamed) total_bytes=2000 total_MiB=0.00 n_tensors=1
MEMLEDGER_GRAPH_TOP label=(unnamed) rank=0 name=leaf_0 (view) (cont)                     type=f32      ne=[250,2,1,1] bytes=      2000 MiB=    0.00
MEMLEDGER_GRAPH label=(unnamed) total_bytes=2000 total_MiB=0.00 n_tensors=1
MEMLEDGER_GRAPH_TOP label=(unnamed) rank=0 name=leaf_0 (view) (cont)                     type=f32      ne=[250,2,1,1] bytes=      2000 MiB=    0.00
MEMLEDGER_GRAPH label=(unnamed) total_bytes=1024 total_MiB=0.00 n_tensors=1
MEMLEDGER_GRAPH_TOP label=(unnamed) rank=0 name=leaf_0 (view) (cont)                     type=f32      ne=[256,1,1,1] bytes=      1024 MiB=    0.00
MEMLEDGER_GRAPH label=(unnamed) total_bytes=2000 total_MiB=0.00 n_tensors=1
MEMLEDGER_GRAPH_TOP label=(unnamed) rank=0 name=leaf_0 (view) (cont)                     type=f32      ne=[250,2,1,1] bytes=      2000 MiB=    0.00
MEMLEDGER_GRAPH label=(unnamed) total_bytes=2000 total_MiB=0.00 n_tensors=1
MEMLEDGER_GRAPH_TOP label=(unnamed) rank=0 name=leaf_0 (view) (cont)                     type=f32      ne=[250,2,1,1] bytes=      2000 MiB=    0.00
MEMLEDGER_GRAPH label=(unnamed) total_bytes=1024 total_MiB=0.00 n_tensors=1
MEMLEDGER_GRAPH_TOP label=(unnamed) rank=0 name=leaf_0 (view) (cont)                     type=f32      ne=[256,1,1,1] bytes=      1024 MiB=    0.00
MEMLEDGER_GRAPH label=(unnamed) total_bytes=2000 total_MiB=0.00 n_tensors=1
MEMLEDGER_GRAPH_TOP label=(unnamed) rank=0 name=leaf_0 (view) (cont)                     type=f32      ne=[250,2,1,1] bytes=      2000 MiB=    0.00
MEMLEDGER_GRAPH label=(unnamed) total_bytes=2000 total_MiB=0.00 n_tensors=1
MEMLEDGER_GRAPH_TOP label=(unnamed) rank=0 name=leaf_0 (view) (cont)                     type=f32      ne=[250,2,1,1] bytes=      2000 MiB=    0.00
MEMLEDGER_GRAPH label=(unnamed) total_bytes=1024 total_MiB=0.00 n_tensors=1
MEMLEDGER_GRAPH_TOP label=(unnamed) rank=0 name=leaf_0 (view) (cont)                     type=f32      ne=[256,1,1,1] bytes=      1024 MiB=    0.00
MEMLEDGER_GRAPH label=(unnamed) total_bytes=2000 total_MiB=0.00 n_tensors=1
MEMLEDGER_GRAPH_TOP label=(unnamed) rank=0 name=leaf_0 (view) (cont)                     type=f32      ne=[250,2,1,1] bytes=      2000 MiB=    0.00
MEMLEDGER_GRAPH label=(unnamed) total_bytes=2000 total_MiB=0.00 n_tensors=1
MEMLEDGER_GRAPH_TOP label=(unnamed) rank=0 name=leaf_0 (view) (cont)                     type=f32      ne=[250,2,1,1] bytes=      2000 MiB=    0.00
MEMLEDGER_GRAPH label=(unnamed) total_bytes=1024 total_MiB=0.00 n_tensors=1
MEMLEDGER_GRAPH_TOP label=(unnamed) rank=0 name=leaf_0 (view) (cont)                     type=f32      ne=[256,1,1,1] bytes=      1024 MiB=    0.00
MEMLEDGER_GRAPH label=(unnamed) total_bytes=2000 total_MiB=0.00 n_tensors=1
MEMLEDGER_GRAPH_TOP label=(unnamed) rank=0 name=leaf_0 (view) (cont)                     type=f32      ne=[250,2,1,1] bytes=      2000 MiB=    0.00
MEMLEDGER_GRAPH label=(unnamed) total_bytes=2000 total_MiB=0.00 n_tensors=1
MEMLEDGER_GRAPH_TOP label=(unnamed) rank=0 name=leaf_0 (view) (cont)                     type=f32      ne=[250,2,1,1] bytes=      2000 MiB=    0.00
MEMLEDGER_GRAPH label=(unnamed) total_bytes=1024 total_MiB=0.00 n_tensors=1
MEMLEDGER_GRAPH_TOP label=(unnamed) rank=0 name=leaf_0 (view) (cont)                     type=f32      ne=[256,1,1,1] bytes=      1024 MiB=    0.00
MEMLEDGER_GRAPH label=(unnamed) total_bytes=2000 total_MiB=0.00 n_tensors=1
MEMLEDGER_GRAPH_TOP label=(unnamed) rank=0 name=leaf_0 (view) (cont)                     type=f32      ne=[250,2,1,1] bytes=      2000 MiB=    0.00
MEMLEDGER_GRAPH label=(unnamed) total_bytes=2000 total_MiB=0.00 n_tensors=1
MEMLEDGER_GRAPH_TOP label=(unnamed) rank=0 name=leaf_0 (view) (cont)                     type=f32      ne=[250,2,1,1] bytes=      2000 MiB=    0.00
MEMLEDGER_GRAPH label=(unnamed) total_bytes=1024 total_MiB=0.00 n_tensors=1
MEMLEDGER_GRAPH_TOP label=(unnamed) rank=0 name=leaf_0 (view) (cont)                     type=f32      ne=[256,1,1,1] bytes=      1024 MiB=    0.00
MEMLEDGER_GRAPH label=(unnamed) total_bytes=2000 total_MiB=0.00 n_tensors=1
MEMLEDGER_GRAPH_TOP label=(unnamed) rank=0 name=leaf_0 (view) (cont)                     type=f32      ne=[250,2,1,1] bytes=      2000 MiB=    0.00
MEMLEDGER_GRAPH label=(unnamed) total_bytes=2000 total_MiB=0.00 n_tensors=1
MEMLEDGER_GRAPH_TOP label=(unnamed) rank=0 name=leaf_0 (view) (cont)                     type=f32      ne=[250,2,1,1] bytes=      2000 MiB=    0.00
MEMLEDGER_GRAPH label=(unnamed) total_bytes=1024 total_MiB=0.00 n_tensors=1
MEMLEDGER_GRAPH_TOP label=(unnamed) rank=0 name=leaf_0 (view) (cont)                     type=f32      ne=[256,1,1,1] bytes=      1024 MiB=    0.00
MEMLEDGER_GRAPH label=(unnamed) total_bytes=2000 total_MiB=0.00 n_tensors=1
MEMLEDGER_GRAPH_TOP label=(unnamed) rank=0 name=leaf_0 (view) (cont)                     type=f32      ne=[250,2,1,1] bytes=      2000 MiB=    0.00
MEMLEDGER_GRAPH label=(unnamed) total_bytes=2000 total_MiB=0.00 n_tensors=1
MEMLEDGER_GRAPH_TOP label=(unnamed) rank=0 name=leaf_0 (view) (cont)                     type=f32      ne=[250,2,1,1] bytes=      2000 MiB=    0.00
MEMLEDGER_GRAPH label=(unnamed) total_bytes=1024 total_MiB=0.00 n_tensors=1
MEMLEDGER_GRAPH_TOP label=(unnamed) rank=0 name=leaf_0 (view) (cont)                     type=f32      ne=[256,1,1,1] bytes=      1024 MiB=    0.00
MEMLEDGER_GRAPH label=(unnamed) total_bytes=2000 total_MiB=0.00 n_tensors=1
MEMLEDGER_GRAPH_TOP label=(unnamed) rank=0 name=leaf_0 (view) (cont)                     type=f32      ne=[250,2,1,1] bytes=      2000 MiB=    0.00
MEMLEDGER_GRAPH label=(unnamed) total_bytes=2000 total_MiB=0.00 n_tensors=1
MEMLEDGER_GRAPH_TOP label=(unnamed) rank=0 name=leaf_0 (view) (cont)                     type=f32      ne=[250,2,1,1] bytes=      2000 MiB=    0.00
MEMLEDGER_GRAPH label=(unnamed) total_bytes=1024 total_MiB=0.00 n_tensors=1
MEMLEDGER_GRAPH_TOP label=(unnamed) rank=0 name=leaf_0 (view) (cont)                     type=f32      ne=[256,1,1,1] bytes=      1024 MiB=    0.00
MEMLEDGER_GRAPH label=(unnamed) total_bytes=2000 total_MiB=0.00 n_tensors=1
MEMLEDGER_GRAPH_TOP label=(unnamed) rank=0 name=leaf_0 (view) (cont)                     type=f32      ne=[250,2,1,1] bytes=      2000 MiB=    0.00
MEMLEDGER_GRAPH label=(unnamed) total_bytes=2000 total_MiB=0.00 n_tensors=1
MEMLEDGER_GRAPH_TOP label=(unnamed) rank=0 name=leaf_0 (view) (cont)                     type=f32      ne=[250,2,1,1] bytes=      2000 MiB=    0.00
MEMLEDGER_GRAPH label=(unnamed) total_bytes=1024 total_MiB=0.00 n_tensors=1
MEMLEDGER_GRAPH_TOP label=(unnamed) rank=0 name=leaf_0 (view) (cont)                     type=f32      ne=[256,1,1,1] bytes=      1024 MiB=    0.00
MEMLEDGER_GRAPH label=(unnamed) total_bytes=2000 total_MiB=0.00 n_tensors=1
MEMLEDGER_GRAPH_TOP label=(unnamed) rank=0 name=leaf_0 (view) (cont)                     type=f32      ne=[250,2,1,1] bytes=      2000 MiB=    0.00
MEMLEDGER_GRAPH label=(unnamed) total_bytes=2000 total_MiB=0.00 n_tensors=1
MEMLEDGER_GRAPH_TOP label=(unnamed) rank=0 name=leaf_0 (view) (cont)                     type=f32      ne=[250,2,1,1] bytes=      2000 MiB=    0.00
MEMLEDGER_GRAPH label=(unnamed) total_bytes=1024 total_MiB=0.00 n_tensors=1
MEMLEDGER_GRAPH_TOP label=(unnamed) rank=0 name=leaf_0 (view) (cont)                     type=f32      ne=[256,1,1,1] bytes=      1024 MiB=    0.00
MEMLEDGER_GRAPH label=(unnamed) total_bytes=2000 total_MiB=0.00 n_tensors=1
MEMLEDGER_GRAPH_TOP label=(unnamed) rank=0 name=leaf_0 (view) (cont)                     type=f32      ne=[250,2,1,1] bytes=      2000 MiB=    0.00
MEMLEDGER_GRAPH label=(unnamed) total_bytes=2000 total_MiB=0.00 n_tensors=1
MEMLEDGER_GRAPH_TOP label=(unnamed) rank=0 name=leaf_0 (view) (cont)                     type=f32      ne=[250,2,1,1] bytes=      2000 MiB=    0.00
MEMLEDGER_GRAPH label=(unnamed) total_bytes=1024 total_MiB=0.00 n_tensors=1
MEMLEDGER_GRAPH_TOP label=(unnamed) rank=0 name=leaf_0 (view) (cont)                     type=f32      ne=[256,1,1,1] bytes=      1024 MiB=    0.00
MEMLEDGER_GRAPH label=(unnamed) total_bytes=2000 total_MiB=0.00 n_tensors=1
MEMLEDGER_GRAPH_TOP label=(unnamed) rank=0 name=leaf_0 (view) (cont)                     type=f32      ne=[250,2,1,1] bytes=      2000 MiB=    0.00
MEMLEDGER_GRAPH label=(unnamed) total_bytes=2000 total_MiB=0.00 n_tensors=1
MEMLEDGER_GRAPH_TOP label=(unnamed) rank=0 name=leaf_0 (view) (cont)                     type=f32      ne=[250,2,1,1] bytes=      2000 MiB=    0.00
MEMLEDGER_GRAPH label=(unnamed) total_bytes=1024 total_MiB=0.00 n_tensors=1
MEMLEDGER_GRAPH_TOP label=(unnamed) rank=0 name=leaf_0 (view) (cont)                     type=f32      ne=[256,1,1,1] bytes=      1024 MiB=    0.00
MEMLEDGER_GRAPH label=(unnamed) total_bytes=2000 total_MiB=0.00 n_tensors=1
MEMLEDGER_GRAPH_TOP label=(unnamed) rank=0 name=leaf_0 (view) (cont)                     type=f32      ne=[250,2,1,1] bytes=      2000 MiB=    0.00
MEMLEDGER_GRAPH label=(unnamed) total_bytes=2000 total_MiB=0.00 n_tensors=1
MEMLEDGER_GRAPH_TOP label=(unnamed) rank=0 name=leaf_0 (view) (cont)                     type=f32      ne=[250,2,1,1] bytes=      2000 MiB=    0.00
MEMLEDGER_GRAPH label=(unnamed) total_bytes=1024 total_MiB=0.00 n_tensors=1
MEMLEDGER_GRAPH_TOP label=(unnamed) rank=0 name=leaf_0 (view) (cont)                     type=f32      ne=[256,1,1,1] bytes=      1024 MiB=    0.00
MEMLEDGER_GRAPH label=(unnamed) total_bytes=2000 total_MiB=0.00 n_tensors=1
MEMLEDGER_GRAPH_TOP label=(unnamed) rank=0 name=leaf_0 (view) (cont)                     type=f32      ne=[250,2,1,1] bytes=      2000 MiB=    0.00
MEMLEDGER_GRAPH label=(unnamed) total_bytes=2000 total_MiB=0.00 n_tensors=1
MEMLEDGER_GRAPH_TOP label=(unnamed) rank=0 name=leaf_0 (view) (cont)                     type=f32      ne=[250,2,1,1] bytes=      2000 MiB=    0.00
MEMLEDGER_GRAPH label=(unnamed) total_bytes=1024 total_MiB=0.00 n_tensors=1
MEMLEDGER_GRAPH_TOP label=(unnamed) rank=0 name=leaf_0 (view) (cont)                     type=f32      ne=[256,1,1,1] bytes=      1024 MiB=    0.00
MEMLEDGER_GRAPH label=(unnamed) total_bytes=2000 total_MiB=0.00 n_tensors=1
MEMLEDGER_GRAPH_TOP label=(unnamed) rank=0 name=leaf_0 (view) (cont)                     type=f32      ne=[250,2,1,1] bytes=      2000 MiB=    0.00
MEMLEDGER_GRAPH label=(unnamed) total_bytes=2000 total_MiB=0.00 n_tensors=1
MEMLEDGER_GRAPH_TOP label=(unnamed) rank=0 name=leaf_0 (view) (cont)                     type=f32      ne=[250,2,1,1] bytes=      2000 MiB=    0.00
MEMLEDGER_GRAPH label=(unnamed) total_bytes=1024 total_MiB=0.00 n_tensors=1
MEMLEDGER_GRAPH_TOP label=(unnamed) rank=0 name=leaf_0 (view) (cont)                     type=f32      ne=[256,1,1,1] bytes=      1024 MiB=    0.00
MEMLEDGER_GRAPH label=(unnamed) total_bytes=2000 total_MiB=0.00 n_tensors=1
MEMLEDGER_GRAPH_TOP label=(unnamed) rank=0 name=leaf_0 (view) (cont)                     type=f32      ne=[250,2,1,1] bytes=      2000 MiB=    0.00
MEMLEDGER_GRAPH label=(unnamed) total_bytes=2000 total_MiB=0.00 n_tensors=1
MEMLEDGER_GRAPH_TOP label=(unnamed) rank=0 name=leaf_0 (view) (cont)                     type=f32      ne=[250,2,1,1] bytes=      2000 MiB=    0.00
MEMLEDGER_GRAPH label=(unnamed) total_bytes=1024 total_MiB=0.00 n_tensors=1
MEMLEDGER_GRAPH_TOP label=(unnamed) rank=0 name=leaf_0 (view) (cont)                     type=f32      ne=[256,1,1,1] bytes=      1024 MiB=    0.00
MEMLEDGER_GRAPH label=(unnamed) total_bytes=2000 total_MiB=0.00 n_tensors=1
MEMLEDGER_GRAPH_TOP label=(unnamed) rank=0 name=leaf_0 (view) (cont)                     type=f32      ne=[250,2,1,1] bytes=      2000 MiB=    0.00
MEMLEDGER_GRAPH label=(unnamed) total_bytes=2000 total_MiB=0.00 n_tensors=1
MEMLEDGER_GRAPH_TOP label=(unnamed) rank=0 name=leaf_0 (view) (cont)                     type=f32      ne=[250,2,1,1] bytes=      2000 MiB=    0.00
MEMLEDGER_GRAPH label=(unnamed) total_bytes=1024 total_MiB=0.00 n_tensors=1
MEMLEDGER_GRAPH_TOP label=(unnamed) rank=0 name=leaf_0 (view) (cont)                     type=f32      ne=[256,1,1,1] bytes=      1024 MiB=    0.00
MEMLEDGER_GRAPH label=(unnamed) total_bytes=2000 total_MiB=0.00 n_tensors=1
MEMLEDGER_GRAPH_TOP label=(unnamed) rank=0 name=leaf_0 (view) (cont)                     type=f32      ne=[250,2,1,1] bytes=      2000 MiB=    0.00
MEMLEDGER_GRAPH label=(unnamed) total_bytes=2000 total_MiB=0.00 n_tensors=1
MEMLEDGER_GRAPH_TOP label=(unnamed) rank=0 name=leaf_0 (view) (cont)                     type=f32      ne=[250,2,1,1] bytes=      2000 MiB=    0.00
MEMLEDGER_GRAPH label=(unnamed) total_bytes=1024 total_MiB=0.00 n_tensors=1
MEMLEDGER_GRAPH_TOP label=(unnamed) rank=0 name=leaf_0 (view) (cont)                     type=f32      ne=[256,1,1,1] bytes=      1024 MiB=    0.00
MEMLEDGER_GRAPH label=(unnamed) total_bytes=2000 total_MiB=0.00 n_tensors=1
MEMLEDGER_GRAPH_TOP label=(unnamed) rank=0 name=leaf_0 (view) (cont)                     type=f32      ne=[250,2,1,1] bytes=      2000 MiB=    0.00
MEMLEDGER_GRAPH label=(unnamed) total_bytes=2000 total_MiB=0.00 n_tensors=1
MEMLEDGER_GRAPH_TOP label=(unnamed) rank=0 name=leaf_0 (view) (cont)                     type=f32      ne=[250,2,1,1] bytes=      2000 MiB=    0.00
MEMLEDGER_GRAPH label=(unnamed) total_bytes=1024 total_MiB=0.00 n_tensors=1
MEMLEDGER_GRAPH_TOP label=(unnamed) rank=0 name=leaf_0 (view) (cont)                     type=f32      ne=[256,1,1,1] bytes=      1024 MiB=    0.00
MEMLEDGER_GRAPH label=(unnamed) total_bytes=2000 total_MiB=0.00 n_tensors=1
MEMLEDGER_GRAPH_TOP label=(unnamed) rank=0 name=leaf_0 (view) (cont)                     type=f32      ne=[250,2,1,1] bytes=      2000 MiB=    0.00
MEMLEDGER_GRAPH label=(unnamed) total_bytes=2000 total_MiB=0.00 n_tensors=1
MEMLEDGER_GRAPH_TOP label=(unnamed) rank=0 name=leaf_0 (view) (cont)                     type=f32      ne=[250,2,1,1] bytes=      2000 MiB=    0.00
MEMLEDGER_GRAPH label=(unnamed) total_bytes=1024 total_MiB=0.00 n_tensors=1
MEMLEDGER_GRAPH_TOP label=(unnamed) rank=0 name=leaf_0 (view) (cont)                     type=f32      ne=[256,1,1,1] bytes=      1024 MiB=    0.00
MEMLEDGER_GRAPH label=(unnamed) total_bytes=2000 total_MiB=0.00 n_tensors=1
MEMLEDGER_GRAPH_TOP label=(unnamed) rank=0 name=leaf_0 (view) (cont)                     type=f32      ne=[250,2,1,1] bytes=      2000 MiB=    0.00
MEMLEDGER_GRAPH label=(unnamed) total_bytes=2000 total_MiB=0.00 n_tensors=1
MEMLEDGER_GRAPH_TOP label=(unnamed) rank=0 name=leaf_0 (view) (cont)                     type=f32      ne=[250,2,1,1] bytes=      2000 MiB=    0.00
MEMLEDGER_GRAPH label=(unnamed) total_bytes=1024 total_MiB=0.00 n_tensors=1
MEMLEDGER_GRAPH_TOP label=(unnamed) rank=0 name=leaf_0 (view) (cont)                     type=f32      ne=[256,1,1,1] bytes=      1024 MiB=    0.00
MEMLEDGER_GRAPH label=(unnamed) total_bytes=2000 total_MiB=0.00 n_tensors=1
MEMLEDGER_GRAPH_TOP label=(unnamed) rank=0 name=leaf_0 (view) (cont)                     type=f32      ne=[250,2,1,1] bytes=      2000 MiB=    0.00
MEMLEDGER_GRAPH label=(unnamed) total_bytes=2000 total_MiB=0.00 n_tensors=1
MEMLEDGER_GRAPH_TOP label=(unnamed) rank=0 name=leaf_0 (view) (cont)                     type=f32      ne=[250,2,1,1] bytes=      2000 MiB=    0.00
MEMLEDGER_GRAPH label=(unnamed) total_bytes=1024 total_MiB=0.00 n_tensors=1
MEMLEDGER_GRAPH_TOP label=(unnamed) rank=0 name=leaf_0 (view) (cont)                     type=f32      ne=[256,1,1,1] bytes=      1024 MiB=    0.00
MEMLEDGER_GRAPH label=(unnamed) total_bytes=2000 total_MiB=0.00 n_tensors=1
MEMLEDGER_GRAPH_TOP label=(unnamed) rank=0 name=leaf_0 (view) (cont)                     type=f32      ne=[250,2,1,1] bytes=      2000 MiB=    0.00
MEMLEDGER_GRAPH label=(unnamed) total_bytes=2000 total_MiB=0.00 n_tensors=1
MEMLEDGER_GRAPH_TOP label=(unnamed) rank=0 name=leaf_0 (view) (cont)                     type=f32      ne=[250,2,1,1] bytes=      2000 MiB=    0.00
MEMLEDGER_GRAPH label=(unnamed) total_bytes=1024 total_MiB=0.00 n_tensors=1
MEMLEDGER_GRAPH_TOP label=(unnamed) rank=0 name=leaf_0 (view) (cont)                     type=f32      ne=[256,1,1,1] bytes=      1024 MiB=    0.00
MEMLEDGER_GRAPH label=(unnamed) total_bytes=2000 total_MiB=0.00 n_tensors=1
MEMLEDGER_GRAPH_TOP label=(unnamed) rank=0 name=leaf_0 (view) (cont)                     type=f32      ne=[250,2,1,1] bytes=      2000 MiB=    0.00
MEMLEDGER_GRAPH label=(unnamed) total_bytes=2000 total_MiB=0.00 n_tensors=1
MEMLEDGER_GRAPH_TOP label=(unnamed) rank=0 name=leaf_0 (view) (cont)                     type=f32      ne=[250,2,1,1] bytes=      2000 MiB=    0.00
MEMLEDGER_GRAPH label=(unnamed) total_bytes=1024 total_MiB=0.00 n_tensors=1
MEMLEDGER_GRAPH_TOP label=(unnamed) rank=0 name=leaf_0 (view) (cont)                     type=f32      ne=[256,1,1,1] bytes=      1024 MiB=    0.00
MEMLEDGER_GRAPH label=(unnamed) total_bytes=2000 total_MiB=0.00 n_tensors=1
MEMLEDGER_GRAPH_TOP label=(unnamed) rank=0 name=leaf_0 (view) (cont)                     type=f32      ne=[250,2,1,1] bytes=      2000 MiB=    0.00
MEMLEDGER_GRAPH label=(unnamed) total_bytes=2000 total_MiB=0.00 n_tensors=1
MEMLEDGER_GRAPH_TOP label=(unnamed) rank=0 name=leaf_0 (view) (cont)                     type=f32      ne=[250,2,1,1] bytes=      2000 MiB=    0.00
MEMLEDGER_GRAPH label=(unnamed) total_bytes=1024 total_MiB=0.00 n_tensors=1
MEMLEDGER_GRAPH_TOP label=(unnamed) rank=0 name=leaf_0 (view) (cont)                     type=f32      ne=[256,1,1,1] bytes=      1024 MiB=    0.00
MEMLEDGER_GRAPH label=(unnamed) total_bytes=2000 total_MiB=0.00 n_tensors=1
MEMLEDGER_GRAPH_TOP label=(unnamed) rank=0 name=leaf_0 (view) (cont)                     type=f32      ne=[250,2,1,1] bytes=      2000 MiB=    0.00
MEMLEDGER_GRAPH label=(unnamed) total_bytes=2000 total_MiB=0.00 n_tensors=1
MEMLEDGER_GRAPH_TOP label=(unnamed) rank=0 name=leaf_0 (view) (cont)                     type=f32      ne=[250,2,1,1] bytes=      2000 MiB=    0.00
MEMLEDGER_GRAPH label=(unnamed) total_bytes=1024 total_MiB=0.00 n_tensors=1
MEMLEDGER_GRAPH_TOP label=(unnamed) rank=0 name=leaf_0 (view) (cont)                     type=f32      ne=[256,1,1,1] bytes=      1024 MiB=    0.00
MEMLEDGER_GRAPH label=(unnamed) total_bytes=2000 total_MiB=0.00 n_tensors=1
MEMLEDGER_GRAPH_TOP label=(unnamed) rank=0 name=leaf_0 (view) (cont)                     type=f32      ne=[250,2,1,1] bytes=      2000 MiB=    0.00
MEMLEDGER_GRAPH label=(unnamed) total_bytes=2000 total_MiB=0.00 n_tensors=1
MEMLEDGER_GRAPH_TOP label=(unnamed) rank=0 name=leaf_0 (view) (cont)                     type=f32      ne=[250,2,1,1] bytes=      2000 MiB=    0.00
MEMLEDGER_GRAPH label=(unnamed) total_bytes=1024 total_MiB=0.00 n_tensors=1
MEMLEDGER_GRAPH_TOP label=(unnamed) rank=0 name=leaf_0 (view) (cont)                     type=f32      ne=[256,1,1,1] bytes=      1024 MiB=    0.00
MEMLEDGER_GRAPH label=(unnamed) total_bytes=2000 total_MiB=0.00 n_tensors=1
MEMLEDGER_GRAPH_TOP label=(unnamed) rank=0 name=leaf_0 (view) (cont)                     type=f32      ne=[250,2,1,1] bytes=      2000 MiB=    0.00
MEMLEDGER_GRAPH label=(unnamed) total_bytes=2000 total_MiB=0.00 n_tensors=1
MEMLEDGER_GRAPH_TOP label=(unnamed) rank=0 name=leaf_0 (view) (cont)                     type=f32      ne=[250,2,1,1] bytes=      2000 MiB=    0.00
MEMLEDGER_GRAPH label=(unnamed) total_bytes=1024 total_MiB=0.00 n_tensors=1
MEMLEDGER_GRAPH_TOP label=(unnamed) rank=0 name=leaf_0 (view) (cont)                     type=f32      ne=[256,1,1,1] bytes=      1024 MiB=    0.00
MEMLEDGER_GRAPH label=(unnamed) total_bytes=2000 total_MiB=0.00 n_tensors=1
MEMLEDGER_GRAPH_TOP label=(unnamed) rank=0 name=leaf_0 (view) (cont)                     type=f32      ne=[250,2,1,1] bytes=      2000 MiB=    0.00
MEMLEDGER_GRAPH label=(unnamed) total_bytes=2000 total_MiB=0.00 n_tensors=1
MEMLEDGER_GRAPH_TOP label=(unnamed) rank=0 name=leaf_0 (view) (cont)                     type=f32      ne=[250,2,1,1] bytes=      2000 MiB=    0.00
MEMLEDGER_GRAPH label=(unnamed) total_bytes=1024 total_MiB=0.00 n_tensors=1
MEMLEDGER_GRAPH_TOP label=(unnamed) rank=0 name=leaf_0 (view) (cont)                     type=f32      ne=[256,1,1,1] bytes=      1024 MiB=    0.00
MEMLEDGER_GRAPH label=(unnamed) total_bytes=2000 total_MiB=0.00 n_tensors=1
MEMLEDGER_GRAPH_TOP label=(unnamed) rank=0 name=leaf_0 (view) (cont)                     type=f32      ne=[250,2,1,1] bytes=      2000 MiB=    0.00
MEMLEDGER_GRAPH label=(unnamed) total_bytes=2000 total_MiB=0.00 n_tensors=1
MEMLEDGER_GRAPH_TOP label=(unnamed) rank=0 name=leaf_0 (view) (cont)                     type=f32      ne=[250,2,1,1] bytes=      2000 MiB=    0.00
MEMLEDGER_GRAPH label=(unnamed) total_bytes=1024 total_MiB=0.00 n_tensors=1
MEMLEDGER_GRAPH_TOP label=(unnamed) rank=0 name=leaf_0 (view) (cont)                     type=f32      ne=[256,1,1,1] bytes=      1024 MiB=    0.00
MEMLEDGER_GRAPH label=(unnamed) total_bytes=2000 total_MiB=0.00 n_tensors=1
MEMLEDGER_GRAPH_TOP label=(unnamed) rank=0 name=leaf_0 (view) (cont)                     type=f32      ne=[250,2,1,1] bytes=      2000 MiB=    0.00
MEMLEDGER_GRAPH label=(unnamed) total_bytes=2000 total_MiB=0.00 n_tensors=1
MEMLEDGER_GRAPH_TOP label=(unnamed) rank=0 name=leaf_0 (view) (cont)                     type=f32      ne=[250,2,1,1] bytes=      2000 MiB=    0.00
MEMLEDGER_GRAPH label=(unnamed) total_bytes=1024 total_MiB=0.00 n_tensors=1
MEMLEDGER_GRAPH_TOP label=(unnamed) rank=0 name=leaf_0 (view) (cont)                     type=f32      ne=[256,1,1,1] bytes=      1024 MiB=    0.00
MEMLEDGER_GRAPH label=(unnamed) total_bytes=2000 total_MiB=0.00 n_tensors=1
MEMLEDGER_GRAPH_TOP label=(unnamed) rank=0 name=leaf_0 (view) (cont)                     type=f32      ne=[250,2,1,1] bytes=      2000 MiB=    0.00
MEMLEDGER_GRAPH label=(unnamed) total_bytes=2000 total_MiB=0.00 n_tensors=1
MEMLEDGER_GRAPH_TOP label=(unnamed) rank=0 name=leaf_0 (view) (cont)                     type=f32      ne=[250,2,1,1] bytes=      2000 MiB=    0.00
MEMLEDGER_GRAPH label=(unnamed) total_bytes=1024 total_MiB=0.00 n_tensors=1
MEMLEDGER_GRAPH_TOP label=(unnamed) rank=0 name=leaf_0 (view) (cont)                     type=f32      ne=[256,1,1,1] bytes=      1024 MiB=    0.00
MEMLEDGER_GRAPH label=(unnamed) total_bytes=2000 total_MiB=0.00 n_tensors=1
MEMLEDGER_GRAPH_TOP label=(unnamed) rank=0 name=leaf_0 (view) (cont)                     type=f32      ne=[250,2,1,1] bytes=      2000 MiB=    0.00
MEMLEDGER_GRAPH label=(unnamed) total_bytes=2000 total_MiB=0.00 n_tensors=1
MEMLEDGER_GRAPH_TOP label=(unnamed) rank=0 name=leaf_0 (view) (cont)                     type=f32      ne=[250,2,1,1] bytes=      2000 MiB=    0.00
MEMLEDGER_GRAPH label=(unnamed) total_bytes=1024 total_MiB=0.00 n_tensors=1
MEMLEDGER_GRAPH_TOP label=(unnamed) rank=0 name=leaf_0 (view) (cont)                     type=f32      ne=[256,1,1,1] bytes=      1024 MiB=    0.00
MEMLEDGER_GRAPH label=(unnamed) total_bytes=2000 total_MiB=0.00 n_tensors=1
MEMLEDGER_GRAPH_TOP label=(unnamed) rank=0 name=leaf_0 (view) (cont)                     type=f32      ne=[250,2,1,1] bytes=      2000 MiB=    0.00
MEMLEDGER_GRAPH label=(unnamed) total_bytes=2000 total_MiB=0.00 n_tensors=1
MEMLEDGER_GRAPH_TOP label=(unnamed) rank=0 name=leaf_0 (view) (cont)                     type=f32      ne=[250,2,1,1] bytes=      2000 MiB=    0.00
MEMLEDGER_GRAPH label=(unnamed) total_bytes=1024 total_MiB=0.00 n_tensors=1
MEMLEDGER_GRAPH_TOP label=(unnamed) rank=0 name=leaf_0 (view) (cont)                     type=f32      ne=[256,1,1,1] bytes=      1024 MiB=    0.00
MEMLEDGER_GRAPH label=(unnamed) total_bytes=2000 total_MiB=0.00 n_tensors=1
MEMLEDGER_GRAPH_TOP label=(unnamed) rank=0 name=leaf_0 (view) (cont)                     type=f32      ne=[250,2,1,1] bytes=      2000 MiB=    0.00
MEMLEDGER_GRAPH label=(unnamed) total_bytes=2000 total_MiB=0.00 n_tensors=1
MEMLEDGER_GRAPH_TOP label=(unnamed) rank=0 name=leaf_0 (view) (cont)                     type=f32      ne=[250,2,1,1] bytes=      2000 MiB=    0.00
MEMLEDGER_GRAPH label=(unnamed) total_bytes=1024 total_MiB=0.00 n_tensors=1
MEMLEDGER_GRAPH_TOP label=(unnamed) rank=0 name=leaf_0 (view) (cont)                     type=f32      ne=[256,1,1,1] bytes=      1024 MiB=    0.00
MEMLEDGER_GRAPH label=(unnamed) total_bytes=2000 total_MiB=0.00 n_tensors=1
MEMLEDGER_GRAPH_TOP label=(unnamed) rank=0 name=leaf_0 (view) (cont)                     type=f32      ne=[250,2,1,1] bytes=      2000 MiB=    0.00
MEMLEDGER_GRAPH label=(unnamed) total_bytes=2000 total_MiB=0.00 n_tensors=1
MEMLEDGER_GRAPH_TOP label=(unnamed) rank=0 name=leaf_0 (view) (cont)                     type=f32      ne=[250,2,1,1] bytes=      2000 MiB=    0.00
MEMLEDGER_GRAPH label=(unnamed) total_bytes=1024 total_MiB=0.00 n_tensors=1
MEMLEDGER_GRAPH_TOP label=(unnamed) rank=0 name=leaf_0 (view) (cont)                     type=f32      ne=[256,1,1,1] bytes=      1024 MiB=    0.00
MEMLEDGER_GRAPH label=(unnamed) total_bytes=2000 total_MiB=0.00 n_tensors=1
MEMLEDGER_GRAPH_TOP label=(unnamed) rank=0 name=leaf_0 (view) (cont)                     type=f32      ne=[250,2,1,1] bytes=      2000 MiB=    0.00
MEMLEDGER_GRAPH label=(unnamed) total_bytes=2000 total_MiB=0.00 n_tensors=1
MEMLEDGER_GRAPH_TOP label=(unnamed) rank=0 name=leaf_0 (view) (cont)                     type=f32      ne=[250,2,1,1] bytes=      2000 MiB=    0.00
MEMLEDGER_GRAPH label=(unnamed) total_bytes=1024 total_MiB=0.00 n_tensors=1
MEMLEDGER_GRAPH_TOP label=(unnamed) rank=0 name=leaf_0 (view) (cont)                     type=f32      ne=[256,1,1,1] bytes=      1024 MiB=    0.00
MEMLEDGER_GRAPH label=(unnamed) total_bytes=2000 total_MiB=0.00 n_tensors=1
MEMLEDGER_GRAPH_TOP label=(unnamed) rank=0 name=leaf_0 (view) (cont)                     type=f32      ne=[250,2,1,1] bytes=      2000 MiB=    0.00
MEMLEDGER_GRAPH label=(unnamed) total_bytes=2000 total_MiB=0.00 n_tensors=1
MEMLEDGER_GRAPH_TOP label=(unnamed) rank=0 name=leaf_0 (view) (cont)                     type=f32      ne=[250,2,1,1] bytes=      2000 MiB=    0.00
MEMLEDGER_GRAPH label=(unnamed) total_bytes=1024 total_MiB=0.00 n_tensors=1
MEMLEDGER_GRAPH_TOP label=(unnamed) rank=0 name=leaf_0 (view) (cont)                     type=f32      ne=[256,1,1,1] bytes=      1024 MiB=    0.00
MEMLEDGER_GRAPH label=(unnamed) total_bytes=2000 total_MiB=0.00 n_tensors=1
MEMLEDGER_GRAPH_TOP label=(unnamed) rank=0 name=leaf_0 (view) (cont)                     type=f32      ne=[250,2,1,1] bytes=      2000 MiB=    0.00
MEMLEDGER_GRAPH label=(unnamed) total_bytes=2000 total_MiB=0.00 n_tensors=1
MEMLEDGER_GRAPH_TOP label=(unnamed) rank=0 name=leaf_0 (view) (cont)                     type=f32      ne=[250,2,1,1] bytes=      2000 MiB=    0.00
MEMLEDGER_GRAPH label=(unnamed) total_bytes=1024 total_MiB=0.00 n_tensors=1
MEMLEDGER_GRAPH_TOP label=(unnamed) rank=0 name=leaf_0 (view) (cont)                     type=f32      ne=[256,1,1,1] bytes=      1024 MiB=    0.00
MEMLEDGER_GRAPH label=(unnamed) total_bytes=2000 total_MiB=0.00 n_tensors=1
MEMLEDGER_GRAPH_TOP label=(unnamed) rank=0 name=leaf_0 (view) (cont)                     type=f32      ne=[250,2,1,1] bytes=      2000 MiB=    0.00
MEMLEDGER_GRAPH label=(unnamed) total_bytes=2000 total_MiB=0.00 n_tensors=1
MEMLEDGER_GRAPH_TOP label=(unnamed) rank=0 name=leaf_0 (view) (cont)                     type=f32      ne=[250,2,1,1] bytes=      2000 MiB=    0.00
MEMLEDGER_GRAPH label=(unnamed) total_bytes=1024 total_MiB=0.00 n_tensors=1
MEMLEDGER_GRAPH_TOP label=(unnamed) rank=0 name=leaf_0 (view) (cont)                     type=f32      ne=[256,1,1,1] bytes=      1024 MiB=    0.00
MEMLEDGER_GRAPH label=(unnamed) total_bytes=2000 total_MiB=0.00 n_tensors=1
MEMLEDGER_GRAPH_TOP label=(unnamed) rank=0 name=leaf_0 (view) (cont)                     type=f32      ne=[250,2,1,1] bytes=      2000 MiB=    0.00
MEMLEDGER_GRAPH label=(unnamed) total_bytes=2000 total_MiB=0.00 n_tensors=1
MEMLEDGER_GRAPH_TOP label=(unnamed) rank=0 name=leaf_0 (view) (cont)                     type=f32      ne=[250,2,1,1] bytes=      2000 MiB=    0.00
MEMLEDGER_GRAPH label=(unnamed) total_bytes=1024 total_MiB=0.00 n_tensors=1
MEMLEDGER_GRAPH_TOP label=(unnamed) rank=0 name=leaf_0 (view) (cont)                     type=f32      ne=[256,1,1,1] bytes=      1024 MiB=    0.00
MEMLEDGER_GRAPH label=(unnamed) total_bytes=2000 total_MiB=0.00 n_tensors=1
MEMLEDGER_GRAPH_TOP label=(unnamed) rank=0 name=leaf_0 (view) (cont)                     type=f32      ne=[250,2,1,1] bytes=      2000 MiB=    0.00
MEMLEDGER_GRAPH label=(unnamed) total_bytes=2000 total_MiB=0.00 n_tensors=1
MEMLEDGER_GRAPH_TOP label=(unnamed) rank=0 name=leaf_0 (view) (cont)                     type=f32      ne=[250,2,1,1] bytes=      2000 MiB=    0.00
MEMLEDGER_GRAPH label=(unnamed) total_bytes=1024 total_MiB=0.00 n_tensors=1
MEMLEDGER_GRAPH_TOP label=(unnamed) rank=0 name=leaf_0 (view) (cont)                     type=f32      ne=[256,1,1,1] bytes=      1024 MiB=    0.00
MEMLEDGER_GRAPH label=(unnamed) total_bytes=2000 total_MiB=0.00 n_tensors=1
MEMLEDGER_GRAPH_TOP label=(unnamed) rank=0 name=leaf_0 (view) (cont)                     type=f32      ne=[250,2,1,1] bytes=      2000 MiB=    0.00
MEMLEDGER_GRAPH label=(unnamed) total_bytes=2000 total_MiB=0.00 n_tensors=1
MEMLEDGER_GRAPH_TOP label=(unnamed) rank=0 name=leaf_0 (view) (cont)                     type=f32      ne=[250,2,1,1] bytes=      2000 MiB=    0.00
MEMLEDGER_GRAPH label=(unnamed) total_bytes=1024 total_MiB=0.00 n_tensors=1
MEMLEDGER_GRAPH_TOP label=(unnamed) rank=0 name=leaf_0 (view) (cont)                     type=f32      ne=[256,1,1,1] bytes=      1024 MiB=    0.00
MEMLEDGER_GRAPH label=(unnamed) total_bytes=2000 total_MiB=0.00 n_tensors=1
MEMLEDGER_GRAPH_TOP label=(unnamed) rank=0 name=leaf_0 (view) (cont)                     type=f32      ne=[250,2,1,1] bytes=      2000 MiB=    0.00
